Pelicula,Director,Duración,Sala,Horario,Fecha,Cine,Tickets_URL,Film_URL,Poster_URL,Idioma_Original,Calificación,Estreno,Intérpretes,Sinopsis
CUMBRES BORRASCOSAS,Emerald Fennell,135,11,16:10,2026-02-27,Renoir Princesa,https://www.pillalas.com/pase/1057019/,https://www.cinesrenoir.com/pelicula/cumbres-borrascosas/,https://media.pillalas.com/imagenes/726afb526abffa83abe8577deb3c0674bd352fd2b0500497b1d5570f2dd570487210fc4e.jpg,Inglés,No recomendada para menores de 16 años,Viernes 13 Febrero 2026,"Margot Robbie, Jacob Elordi, Hong Chau, Alison Oliver, Owen Cooper, Shazad Latif, Martin Clunes, Ewan Mitchell, Amy Morgan, Jessica Knappett, Charlotte Mellington, Vy Nguyen","Adaptada a todo tipo de formatos en multitud de ocasiones, se trata de una trágica historia de pasiones encontradas en la Inglaterra rural más conservadora. Una historia de venganza y odio, de pasiones desatadas y amores desesperados que van más allá de la muerte ambientada en los brumosos y sombríos páramos de Yorkshire, al norte de Inglaterra."
CUMBRES BORRASCOSAS,Emerald Fennell,135,09,18:10,2026-02-27,Renoir Princesa,https://www.pillalas.com/pase/1057020/,https://www.cinesrenoir.com/pelicula/cumbres-borrascosas/,https://media.pillalas.com/imagenes/726afb526abffa83abe8577deb3c0674bd352fd2b0500497b1d5570f2dd570487210fc4e.jpg,Inglés,No recomendada para menores de 16 años,Viernes 13 Febrero 2026,"Margot Robbie, Jacob Elordi, Hong Chau, Alison Oliver, Owen Cooper, Shazad Latif, Martin Clunes, Ewan Mitchell, Amy Morgan, Jessica Knappett, Charlotte Mellington, Vy Nguyen","Adaptada a todo tipo de formatos en multitud de ocasiones, se trata de una trágica historia de pasiones encontradas en la Inglaterra rural más conservadora. Una historia de venganza y odio, de pasiones desatadas y amores desesperados que van más allá de la muerte ambientada en los brumosos y sombríos páramos de Yorkshire, al norte de Inglaterra."
CUMBRES BORRASCOSAS,Emerald Fennell,135,11,19:00,2026-02-27,Renoir Princesa,https://www.pillalas.com/pase/1057022/,https://www.cinesrenoir.com/pelicula/cumbres-borrascosas/,https://media.pillalas.com/imagenes/726afb526abffa83abe8577deb3c0674bd352fd2b0500497b1d5570f2dd570487210fc4e.jpg,Inglés,No recomendada para menores de 16 años,Viernes 13 Febrero 2026,"Margot Robbie, Jacob Elordi, Hong Chau, Alison Oliver, Owen Cooper, Shazad Latif, Martin Clunes, Ewan Mitchell, Amy Morgan, Jessica Knappett, Charlotte Mellington, Vy Nguyen","Adaptada a todo tipo de formatos en multitud de ocasiones, se trata de una trágica historia de pasiones encontradas en la Inglaterra rural más conservadora. Una historia de venganza y odio, de pasiones desatadas y amores desesperados que van más allá de la muerte ambientada en los brumosos y sombríos páramos de Yorkshire, al norte de Inglaterra."
CUMBRES BORRASCOSAS,Emerald Fennell,135,09,20:35,2026-02-27,Renoir Princesa,https://www.pillalas.com/pase/1057023/,https://www.cinesrenoir.com/pelicula/cumbres-borrascosas/,https://media.pillalas.com/imagenes/726afb526abffa83abe8577deb3c0674bd352fd2b0500497b1d5570f2dd570487210fc4e.jpg,Inglés,No recomendada para menores de 16 años,Viernes 13 Febrero 2026,"Margot Robbie, Jacob Elordi, Hong Chau, Alison Oliver, Owen Cooper, Shazad Latif, Martin Clunes, Ewan Mitchell, Amy Morgan, Jessica Knappett, Charlotte Mellington, Vy Nguyen","Adaptada a todo tipo de formatos en multitud de ocasiones, se trata de una trágica historia de pasiones encontradas en la Inglaterra rural más conservadora. Una historia de venganza y odio, de pasiones desatadas y amores desesperados que van más allá de la muerte ambientada en los brumosos y sombríos páramos de Yorkshire, al norte de Inglaterra."
CUMBRES BORRASCOSAS,Emerald Fennell,135,11,21:45,2026-02-27,Renoir Princesa,https://www.pillalas.com/pase/1057025/,https://www.cinesrenoir.com/pelicula/cumbres-borrascosas/,https://media.pillalas.com/imagenes/726afb526abffa83abe8577deb3c0674bd352fd2b0500497b1d5570f2dd570487210fc4e.jpg,Inglés,No recomendada para menores de 16 años,Viernes 13 Febrero 2026,"Margot Robbie, Jacob Elordi, Hong Chau, Alison Oliver, Owen Cooper, Shazad Latif, Martin Clunes, Ewan Mitchell, Amy Morgan, Jessica Knappett, Charlotte Mellington, Vy Nguyen","Adaptada a todo tipo de formatos en multitud de ocasiones, se trata de una trágica historia de pasiones encontradas en la Inglaterra rural más conservadora. Una historia de venganza y odio, de pasiones desatadas y amores desesperados que van más allá de la muerte ambientada en los brumosos y sombríos páramos de Yorkshire, al norte de Inglaterra."
EL AGENTE SECRETO,Kleber Mendonça Filho,160,04,16:00,2026-02-27,Renoir Princesa,https://www.pillalas.com/pase/1056874/,https://www.cinesrenoir.com/pelicula/el-agente-secreto/,https://media.pillalas.com/imagenes/726afb526abffa83bdba0b90e98cf11293bcd8b9c8be1af817aa6c045cd8f479730f7511.jpg,Portugués,No recomendada para menores de 16 años,Viernes 20 Febrero 2026,"Wagner Moura, Gabriel Leone, Udo Kier, Maria Fernanda Cândido","1977. En un Brasil atormentado por la dictadura militar, Marcelo, un cuarentón que huye de un pasado turbulento, llega a la ciudad de Recife, donde espera construir una nueva vida y reencontrarse con su hijo. Todo se complica cuando descubre que las fuerzas gubernamentales le persiguen y las amenazas de muerte se ciernen sobre su cabeza."
EL AGENTE SECRETO,Kleber Mendonça Filho,160,07,17:15,2026-02-27,Renoir Princesa,https://www.pillalas.com/pase/1056875/,https://www.cinesrenoir.com/pelicula/el-agente-secreto/,https://media.pillalas.com/imagenes/726afb526abffa83bdba0b90e98cf11293bcd8b9c8be1af817aa6c045cd8f479730f7511.jpg,Portugués,No recomendada para menores de 16 años,Viernes 20 Febrero 2026,"Wagner Moura, Gabriel Leone, Udo Kier, Maria Fernanda Cândido","1977. En un Brasil atormentado por la dictadura militar, Marcelo, un cuarentón que huye de un pasado turbulento, llega a la ciudad de Recife, donde espera construir una nueva vida y reencontrarse con su hijo. Todo se complica cuando descubre que las fuerzas gubernamentales le persiguen y las amenazas de muerte se ciernen sobre su cabeza."
EL AGENTE SECRETO,Kleber Mendonça Filho,160,04,18:55,2026-02-27,Renoir Princesa,https://www.pillalas.com/pase/1056878/,https://www.cinesrenoir.com/pelicula/el-agente-secreto/,https://media.pillalas.com/imagenes/726afb526abffa83bdba0b90e98cf11293bcd8b9c8be1af817aa6c045cd8f479730f7511.jpg,Portugués,No recomendada para menores de 16 años,Viernes 20 Febrero 2026,"Wagner Moura, Gabriel Leone, Udo Kier, Maria Fernanda Cândido","1977. En un Brasil atormentado por la dictadura militar, Marcelo, un cuarentón que huye de un pasado turbulento, llega a la ciudad de Recife, donde espera construir una nueva vida y reencontrarse con su hijo. Todo se complica cuando descubre que las fuerzas gubernamentales le persiguen y las amenazas de muerte se ciernen sobre su cabeza."
EL AGENTE SECRETO,Kleber Mendonça Filho,160,07,20:15,2026-02-27,Renoir Princesa,https://www.pillalas.com/pase/1056881/,https://www.cinesrenoir.com/pelicula/el-agente-secreto/,https://media.pillalas.com/imagenes/726afb526abffa83bdba0b90e98cf11293bcd8b9c8be1af817aa6c045cd8f479730f7511.jpg,Portugués,No recomendada para menores de 16 años,Viernes 20 Febrero 2026,"Wagner Moura, Gabriel Leone, Udo Kier, Maria Fernanda Cândido","1977. En un Brasil atormentado por la dictadura militar, Marcelo, un cuarentón que huye de un pasado turbulento, llega a la ciudad de Recife, donde espera construir una nueva vida y reencontrarse con su hijo. Todo se complica cuando descubre que las fuerzas gubernamentales le persiguen y las amenazas de muerte se ciernen sobre su cabeza."
EL AGENTE SECRETO,Kleber Mendonça Filho,160,04,21:50,2026-02-27,Renoir Princesa,https://www.pillalas.com/pase/1056883/,https://www.cinesrenoir.com/pelicula/el-agente-secreto/,https://media.pillalas.com/imagenes/726afb526abffa83bdba0b90e98cf11293bcd8b9c8be1af817aa6c045cd8f479730f7511.jpg,Portugués,No recomendada para menores de 16 años,Viernes 20 Febrero 2026,"Wagner Moura, Gabriel Leone, Udo Kier, Maria Fernanda Cândido","1977. En un Brasil atormentado por la dictadura militar, Marcelo, un cuarentón que huye de un pasado turbulento, llega a la ciudad de Recife, donde espera construir una nueva vida y reencontrarse con su hijo. Todo se complica cuando descubre que las fuerzas gubernamentales le persiguen y las amenazas de muerte se ciernen sobre su cabeza."
EPIC: ELVIS PRESLEY IN CONCERT,Baz Luhrmann,96,08,20:30,2026-02-27,Renoir Princesa,https://www.pillalas.com/pase/1056993/,https://www.cinesrenoir.com/pelicula/epic-elvis-presley-in-concert/,https://media.pillalas.com/imagenes/726afb526abffa83b23df871ee842b8c8b276cac972cd20eb99e725caf633250d7ccec9f.jpg,Inglés,Apta para todos los públicos,Viernes 27 Febrero 2026,Elvis Presley,"""EPiC"" presenta imágenes perdidas hace mucho tiempo de la legendaria residencia de Presley en Las Vegas en la década de 1970, entrelazadas con imágenes de 16 mm del 'Elvis on Tour' y valiosas películas de 8 mm del archivo de Graceland, junto con grabaciones redescubiertas de Elvis contando 'su versión de la historia'."
HAMNET,Chloé Zhao,125,03,16:00,2026-02-27,Renoir Princesa,https://www.pillalas.com/pase/1056779/,https://www.cinesrenoir.com/pelicula/hamnet/,https://www.cinesrenoir.com/media/Peliculas/Cartel/HAMNET_Cartel_Digital_8Nominaciones_Oscar_YaEnCines_v2_2.jpg,Inglés,No recomendada para menores de 12 años,Viernes 23 Enero 2026,"Jessie Buckley, Paul Mescal, Joe Alwyn, Emily Watson","Año 1596, Stratford-upon-Avon, Inglaterra. La vida de Agnes transcurre plácidamente junto a su marido y sus tres hijos. Ella cultiva plantas medicinales mientras William trabaja en Londres. El destino, sin embargo, les reservará un duro golpe cuando su hijo Hamnet, de once años, muera repentinamente tras contraer la peste. A raíz de esta tragedia, su padre creará uno de los grandes personajes de la literatura universal, de nombre casi idéntico al de su hijo.


Pero esta película no habla de famosos sucesos sino de algo íntimo y olvidado: La vida de esta familia, y especialmente la de la mujer que la sostenía y que tuvo que cargar con una insoportable pérdida."
HAMNET,Chloé Zhao,125,05,17:40,2026-02-27,Renoir Princesa,https://www.pillalas.com/pase/1056876/,https://www.cinesrenoir.com/pelicula/hamnet/,https://www.cinesrenoir.com/media/Peliculas/Cartel/HAMNET_Cartel_Digital_8Nominaciones_Oscar_YaEnCines_v2_2.jpg,Inglés,No recomendada para menores de 12 años,Viernes 23 Enero 2026,"Jessie Buckley, Paul Mescal, Joe Alwyn, Emily Watson","Año 1596, Stratford-upon-Avon, Inglaterra. La vida de Agnes transcurre plácidamente junto a su marido y sus tres hijos. Ella cultiva plantas medicinales mientras William trabaja en Londres. El destino, sin embargo, les reservará un duro golpe cuando su hijo Hamnet, de once años, muera repentinamente tras contraer la peste. A raíz de esta tragedia, su padre creará uno de los grandes personajes de la literatura universal, de nombre casi idéntico al de su hijo.


Pero esta película no habla de famosos sucesos sino de algo íntimo y olvidado: La vida de esta familia, y especialmente la de la mujer que la sostenía y que tuvo que cargar con una insoportable pérdida."
HAMNET,Chloé Zhao,125,05,20:00,2026-02-27,Renoir Princesa,https://www.pillalas.com/pase/1056879/,https://www.cinesrenoir.com/pelicula/hamnet/,https://www.cinesrenoir.com/media/Peliculas/Cartel/HAMNET_Cartel_Digital_8Nominaciones_Oscar_YaEnCines_v2_2.jpg,Inglés,No recomendada para menores de 12 años,Viernes 23 Enero 2026,"Jessie Buckley, Paul Mescal, Joe Alwyn, Emily Watson","Año 1596, Stratford-upon-Avon, Inglaterra. La vida de Agnes transcurre plácidamente junto a su marido y sus tres hijos. Ella cultiva plantas medicinales mientras William trabaja en Londres. El destino, sin embargo, les reservará un duro golpe cuando su hijo Hamnet, de once años, muera repentinamente tras contraer la peste. A raíz de esta tragedia, su padre creará uno de los grandes personajes de la literatura universal, de nombre casi idéntico al de su hijo.


Pero esta película no habla de famosos sucesos sino de algo íntimo y olvidado: La vida de esta familia, y especialmente la de la mujer que la sostenía y que tuvo que cargar con una insoportable pérdida."
HAMNET,Chloé Zhao,125,05,22:20,2026-02-27,Renoir Princesa,https://www.pillalas.com/pase/1056884/,https://www.cinesrenoir.com/pelicula/hamnet/,https://www.cinesrenoir.com/media/Peliculas/Cartel/HAMNET_Cartel_Digital_8Nominaciones_Oscar_YaEnCines_v2_2.jpg,Inglés,No recomendada para menores de 12 años,Viernes 23 Enero 2026,"Jessie Buckley, Paul Mescal, Joe Alwyn, Emily Watson","Año 1596, Stratford-upon-Avon, Inglaterra. La vida de Agnes transcurre plácidamente junto a su marido y sus tres hijos. Ella cultiva plantas medicinales mientras William trabaja en Londres. El destino, sin embargo, les reservará un duro golpe cuando su hijo Hamnet, de once años, muera repentinamente tras contraer la peste. A raíz de esta tragedia, su padre creará uno de los grandes personajes de la literatura universal, de nombre casi idéntico al de su hijo.


Pero esta película no habla de famosos sucesos sino de algo íntimo y olvidado: La vida de esta familia, y especialmente la de la mujer que la sostenía y que tuvo que cargar con una insoportable pérdida."
LITTLE AMELIE,"Mailys Vallade, Liane-Cho Han Jin Kuang",77,05,16:00,2026-02-27,Renoir Princesa,https://www.pillalas.com/pase/1056873/,https://www.cinesrenoir.com/pelicula/little-amelie/,https://media.pillalas.com/imagenes/726afb526abffa830cf602187f6a0774a2be2cd024be305aa13f298deb2bd3128a88c8e7.jpg,Francés,Apta para todos los públicos y distintivo especialmente recomendada para la infancia,Viernes 20 Febrero 2026,Animación,"Amélie es una niña belga nacida en Japón. Gracias a su amiga y niñera Nishio-san, su vida es una sucesión de aventuras y descubrimientos. Pero el día de su tercer cumpleaños, todo cambia."
LOS DOMINGOS,Alauda Ruiz De Azúa,115,09,16:00,2026-02-27,Renoir Princesa,https://www.pillalas.com/pase/1056991/,https://www.cinesrenoir.com/pelicula/los-domingos/,https://media.pillalas.com/imagenes/726afb526abffa83eb13c84b6e843cdf406388aa12cc57b934b6e5ab1c8e2d84ce9ad1f4.jpg,Castellano,No recomendada para menores de 12 años,Viernes 24 Octubre 2025,"Patricia López Arnaiz, Blanca Soroa, Miguel Garcés, Juan Minujín, Mabel Rivera, Nagore Aramburu","'Los domingos' cuenta la historia de Ainara (Soroa), una joven idealista y brillante de 17 años que ha de decidir qué carrera universitaria estudiará. O, al menos, eso espera su familia que haga. Sin embargo, la joven manifiesta que se siente cada vez más cerca de Dios y que se plantea abrazar la vida de monja de clausura. La noticia pilla por sorpresa a toda la familia provocando un abismo y una prueba de fuego para todos."
LOS DOMINGOS,Alauda Ruiz De Azúa,115,06,18:05,2026-02-27,Renoir Princesa,https://www.pillalas.com/pase/1056877/,https://www.cinesrenoir.com/pelicula/los-domingos/,https://media.pillalas.com/imagenes/726afb526abffa83eb13c84b6e843cdf406388aa12cc57b934b6e5ab1c8e2d84ce9ad1f4.jpg,Castellano,No recomendada para menores de 12 años,Viernes 24 Octubre 2025,"Patricia López Arnaiz, Blanca Soroa, Miguel Garcés, Juan Minujín, Mabel Rivera, Nagore Aramburu","'Los domingos' cuenta la historia de Ainara (Soroa), una joven idealista y brillante de 17 años que ha de decidir qué carrera universitaria estudiará. O, al menos, eso espera su familia que haga. Sin embargo, la joven manifiesta que se siente cada vez más cerca de Dios y que se plantea abrazar la vida de monja de clausura. La noticia pilla por sorpresa a toda la familia provocando un abismo y una prueba de fuego para todos."
LOS DOMINGOS,Alauda Ruiz De Azúa,115,06,20:15,2026-02-27,Renoir Princesa,https://www.pillalas.com/pase/1056880/,https://www.cinesrenoir.com/pelicula/los-domingos/,https://media.pillalas.com/imagenes/726afb526abffa83eb13c84b6e843cdf406388aa12cc57b934b6e5ab1c8e2d84ce9ad1f4.jpg,Castellano,No recomendada para menores de 12 años,Viernes 24 Octubre 2025,"Patricia López Arnaiz, Blanca Soroa, Miguel Garcés, Juan Minujín, Mabel Rivera, Nagore Aramburu","'Los domingos' cuenta la historia de Ainara (Soroa), una joven idealista y brillante de 17 años que ha de decidir qué carrera universitaria estudiará. O, al menos, eso espera su familia que haga. Sin embargo, la joven manifiesta que se siente cada vez más cerca de Dios y que se plantea abrazar la vida de monja de clausura. La noticia pilla por sorpresa a toda la familia provocando un abismo y una prueba de fuego para todos."
LOS DOMINGOS,Alauda Ruiz De Azúa,115,06,22:30,2026-02-27,Renoir Princesa,https://www.pillalas.com/pase/1056885/,https://www.cinesrenoir.com/pelicula/los-domingos/,https://media.pillalas.com/imagenes/726afb526abffa83eb13c84b6e843cdf406388aa12cc57b934b6e5ab1c8e2d84ce9ad1f4.jpg,Castellano,No recomendada para menores de 12 años,Viernes 24 Octubre 2025,"Patricia López Arnaiz, Blanca Soroa, Miguel Garcés, Juan Minujín, Mabel Rivera, Nagore Aramburu","'Los domingos' cuenta la historia de Ainara (Soroa), una joven idealista y brillante de 17 años que ha de decidir qué carrera universitaria estudiará. O, al menos, eso espera su familia que haga. Sin embargo, la joven manifiesta que se siente cada vez más cerca de Dios y que se plantea abrazar la vida de monja de clausura. La noticia pilla por sorpresa a toda la familia provocando un abismo y una prueba de fuego para todos."
MARTY SUPREME,Josh Safdie,149,10,16:00,2026-02-27,Renoir Princesa,https://www.pillalas.com/pase/1057018/,https://www.cinesrenoir.com/pelicula/marty-supreme/,https://media.pillalas.com/imagenes/726afb526abffa83215ea8a89c8894fb1ac44e6c3b86faba19f84e195b42d541304dcb79.jpg,Inglés,No recomendada para menores de 16 años,Viernes 30 Enero 2026,"Timothee Chalamet, Gwyneth Paltrow, Odessa A Zion, Sandra Bernhard, Fran Drescher, Abel Ferrara, Spenser Granese, Tyler The Creator, Penn Jillette, Kevin O Leary","Marty Mauser (Timothée Chalamet), un joven con una ambición desmesurada, está dispuesto a todo para cumplir su sueño. Con ayuda, entre otros, de la estrella de cine Carol Dunne (Gwyneth Paltrow) demostrará al mundo entero su grandeza."
MARTY SUPREME,Josh Safdie,149,10,18:50,2026-02-27,Renoir Princesa,https://www.pillalas.com/pase/1057021/,https://www.cinesrenoir.com/pelicula/marty-supreme/,https://media.pillalas.com/imagenes/726afb526abffa83215ea8a89c8894fb1ac44e6c3b86faba19f84e195b42d541304dcb79.jpg,Inglés,No recomendada para menores de 16 años,Viernes 30 Enero 2026,"Timothee Chalamet, Gwyneth Paltrow, Odessa A Zion, Sandra Bernhard, Fran Drescher, Abel Ferrara, Spenser Granese, Tyler The Creator, Penn Jillette, Kevin O Leary","Marty Mauser (Timothée Chalamet), un joven con una ambición desmesurada, está dispuesto a todo para cumplir su sueño. Con ayuda, entre otros, de la estrella de cine Carol Dunne (Gwyneth Paltrow) demostrará al mundo entero su grandeza."
MARTY SUPREME,Josh Safdie,149,10,21:35,2026-02-27,Renoir Princesa,https://www.pillalas.com/pase/1057024/,https://www.cinesrenoir.com/pelicula/marty-supreme/,https://media.pillalas.com/imagenes/726afb526abffa83215ea8a89c8894fb1ac44e6c3b86faba19f84e195b42d541304dcb79.jpg,Inglés,No recomendada para menores de 16 años,Viernes 30 Enero 2026,"Timothee Chalamet, Gwyneth Paltrow, Odessa A Zion, Sandra Bernhard, Fran Drescher, Abel Ferrara, Spenser Granese, Tyler The Creator, Penn Jillette, Kevin O Leary","Marty Mauser (Timothée Chalamet), un joven con una ambición desmesurada, está dispuesto a todo para cumplir su sueño. Con ayuda, entre otros, de la estrella de cine Carol Dunne (Gwyneth Paltrow) demostrará al mundo entero su grandeza."
RENTAL FAMILY (FAMILIA DE ALQUILER),Mitsuyo Miyazaki,109,06,16:00,2026-02-27,Renoir Princesa,https://www.pillalas.com/pase/1056872/,https://www.cinesrenoir.com/pelicula/rental-family-familia-de-alquiler/,https://media.pillalas.com/imagenes/726afb526abffa8354fd8d551fddc8b6f2c37df750c002f9f65d59d1707b603c58f3211d.jpg,Inglés Y Japonés,No recomendada para menores de 12 años,Viernes 9 Enero 2026,"Brendan Fraser, Mari Yamamoto, Takehiro Hira, Akira Emoto, Shannon Gorman","Comedia dramática sobre un actor estadounidense (Brendan Fraser) que lucha por encontrar un propósito en la vida en el Tokio actual. Hasta que consigue un trabajo inusual, trabajar para una agencia japonesa de ""familias de alquiler"", interpretando papeles de suplente para desconocidos."
RENTAL FAMILY (FAMILIA DE ALQUILER),Mitsuyo Miyazaki,109,03,18:20,2026-02-27,Renoir Princesa,https://www.pillalas.com/pase/1056782/,https://www.cinesrenoir.com/pelicula/rental-family-familia-de-alquiler/,https://media.pillalas.com/imagenes/726afb526abffa8354fd8d551fddc8b6f2c37df750c002f9f65d59d1707b603c58f3211d.jpg,Inglés Y Japonés,No recomendada para menores de 12 años,Viernes 9 Enero 2026,"Brendan Fraser, Mari Yamamoto, Takehiro Hira, Akira Emoto, Shannon Gorman","Comedia dramática sobre un actor estadounidense (Brendan Fraser) que lucha por encontrar un propósito en la vida en el Tokio actual. Hasta que consigue un trabajo inusual, trabajar para una agencia japonesa de ""familias de alquiler"", interpretando papeles de suplente para desconocidos."
SCARLET,Mamoru Hosoda Mamoru Hosoda,111,08,18:20,2026-02-27,Renoir Princesa,https://www.pillalas.com/pase/1056992/,https://www.cinesrenoir.com/pelicula/scarlet/,https://media.pillalas.com/imagenes/726afb526abffa83d4a122cc6de08c8b36937e6d027dcb3465ceb9e1d14ec4e71675cf39.jpg,Japonés,No recomendada para menores de 12 años,Viernes 27 Febrero 2026,Animación,"Una princesa medieval experta en el manejo de la espada se embarca en una peligrosa misión para vengar la muerte de su padre. Tras fracasar en su misión y encontrarse gravemente herida en un «Otromundo», conoce a un joven idealista de nuestro presente que no solo la ayuda a curarse, sino que le muestra la posibilidad de un futuro libre de amargura y rabia. Cuando se enfrenta de nuevo al asesino de su padre, Scarlet se enfrenta a su batalla más difícil: ¿podrá romper el ciclo del odio y encontrar un sentido a la vida más allá de la venganza?"
SCARLET,Mamoru Hosoda Mamoru Hosoda,111,08,22:25,2026-02-27,Renoir Princesa,https://www.pillalas.com/pase/1056994/,https://www.cinesrenoir.com/pelicula/scarlet/,https://media.pillalas.com/imagenes/726afb526abffa83d4a122cc6de08c8b36937e6d027dcb3465ceb9e1d14ec4e71675cf39.jpg,Japonés,No recomendada para menores de 12 años,Viernes 27 Febrero 2026,Animación,"Una princesa medieval experta en el manejo de la espada se embarca en una peligrosa misión para vengar la muerte de su padre. Tras fracasar en su misión y encontrarse gravemente herida en un «Otromundo», conoce a un joven idealista de nuestro presente que no solo la ayuda a curarse, sino que le muestra la posibilidad de un futuro libre de amargura y rabia. Cuando se enfrenta de nuevo al asesino de su padre, Scarlet se enfrenta a su batalla más difícil: ¿podrá romper el ciclo del odio y encontrar un sentido a la vida más allá de la venganza?"
SIN CONEXIÓN,Bradley Cooper Cooper,120,08,16:00,2026-02-27,Renoir Princesa,https://www.pillalas.com/pase/1056871/,https://www.cinesrenoir.com/pelicula/sin-conexion/,https://media.pillalas.com/imagenes/726afb526abffa832172609433a0fdb98ea954f3904a127b5015f2f2335b6b1b2f7219c3.jpg,Inglés,No recomendada para menores de 12 años,Viernes 20 Febrero 2026,"Will Arnett, Laura Dern, Andra Day, Bradley Cooper, Amy Sedaris, Sean Hayes, Christine Ebersole, Ciarán Hinds, Scott Icenogle","Mientras su matrimonio se desmorona silenciosamente, Alex (Will Arnett) se enfrenta a la mediana edad y a un divorcio inminente, buscando un nuevo propósito en el mundo de la comedia neoyorquina, mientras que Tess (Laura Dern) se enfrenta a los sacrificios que ha hecho por su familia, lo que les obliga a lidiar con la crianza compartida, la identidad y si el amor puede adoptar una nueva forma."
SIN CONEXIÓN,Bradley Cooper Cooper,120,01,22:00,2026-02-27,Renoir Princesa,https://www.pillalas.com/pase/1056785/,https://www.cinesrenoir.com/pelicula/sin-conexion/,https://media.pillalas.com/imagenes/726afb526abffa832172609433a0fdb98ea954f3904a127b5015f2f2335b6b1b2f7219c3.jpg,Inglés,No recomendada para menores de 12 años,Viernes 20 Febrero 2026,"Will Arnett, Laura Dern, Andra Day, Bradley Cooper, Amy Sedaris, Sean Hayes, Christine Ebersole, Ciarán Hinds, Scott Icenogle","Mientras su matrimonio se desmorona silenciosamente, Alex (Will Arnett) se enfrenta a la mediana edad y a un divorcio inminente, buscando un nuevo propósito en el mundo de la comedia neoyorquina, mientras que Tess (Laura Dern) se enfrenta a los sacrificios que ha hecho por su familia, lo que les obliga a lidiar con la crianza compartida, la identidad y si el amor puede adoptar una nueva forma."
SIRAT,Óliver Laxe,120,03,20:25,2026-02-27,Renoir Princesa,https://www.pillalas.com/pase/1056882/,https://www.cinesrenoir.com/pelicula/sirat/,https://www.cinesrenoir.com/media/Peliculas/Cartel/SIRAT_ONLINE_GOYAOSCARS.jpg,Castellano Y Otros,No recomendada para menores de 16 años,Viernes 6 Junio 2025,"Sergi López, Bruno Núñez, Stefania Gadda, Joshua Liam Herderson, Tonin Javier, Jade Ouki, Richard Bellamyun","Un hombre (López) y su hijo (Nuñez) llegan a una rave perdida en medio de las áridas y fantasmagóricas montañas del sur de Marruecos. Buscan allí a Mar, su hija y hermana, desaparecida hace meses en una de estas fiestas sin amanecer. Reparten una y otra vez su foto rodeados de música electrónica y de un tipo de libertad que desconocen. Empujados por el destino, y con la esperanza de encontrar ahí a Mar, deciden seguir a un grupo de raveros hacia la última fiesta que se celebrará en el desierto."
SIRAT,Óliver Laxe,120,03,22:35,2026-02-27,Renoir Princesa,https://www.pillalas.com/pase/1056886/,https://www.cinesrenoir.com/pelicula/sirat/,https://www.cinesrenoir.com/media/Peliculas/Cartel/SIRAT_ONLINE_GOYAOSCARS.jpg,Castellano Y Otros,No recomendada para menores de 16 años,Viernes 6 Junio 2025,"Sergi López, Bruno Núñez, Stefania Gadda, Joshua Liam Herderson, Tonin Javier, Jade Ouki, Richard Bellamyun","Un hombre (López) y su hijo (Nuñez) llegan a una rave perdida en medio de las áridas y fantasmagóricas montañas del sur de Marruecos. Buscan allí a Mar, su hija y hermana, desaparecida hace meses en una de estas fiestas sin amanecer. Reparten una y otra vez su foto rodeados de música electrónica y de un tipo de libertad que desconocen. Empujados por el destino, y con la esperanza de encontrar ahí a Mar, deciden seguir a un grupo de raveros hacia la última fiesta que se celebrará en el desierto."
"SORRY, BABY",Eva Victor,102,01,16:00,2026-02-27,Renoir Princesa,https://www.pillalas.com/pase/1056778/,https://www.cinesrenoir.com/pelicula/sorry-baby/,https://media.pillalas.com/imagenes/726afb526abffa837c59681f561d4afba82a26ef8235abdaa380a4c9cf2bacb70dacac1c.jpg,Inglés,No recomendada para menores de 16 años y distintivo especialmente recomendada para el fomento de la igualdad de género,Viernes 27 Febrero 2026,"Eva Victor, Naomi Ackie, Lucas Hedges, John Carroll Lynch, Louis Cancelmi","A Agnes le pasó algo malo. Pero la vida sigue, al menos para todos los que la rodean."
"SORRY, BABY",Eva Victor,102,01,18:00,2026-02-27,Renoir Princesa,https://www.pillalas.com/pase/1056780/,https://www.cinesrenoir.com/pelicula/sorry-baby/,https://media.pillalas.com/imagenes/726afb526abffa837c59681f561d4afba82a26ef8235abdaa380a4c9cf2bacb70dacac1c.jpg,Inglés,No recomendada para menores de 16 años y distintivo especialmente recomendada para el fomento de la igualdad de género,Viernes 27 Febrero 2026,"Eva Victor, Naomi Ackie, Lucas Hedges, John Carroll Lynch, Louis Cancelmi","A Agnes le pasó algo malo. Pero la vida sigue, al menos para todos los que la rodean."
"SORRY, BABY",Eva Victor,102,01,20:00,2026-02-27,Renoir Princesa,https://www.pillalas.com/pase/1056783/,https://www.cinesrenoir.com/pelicula/sorry-baby/,https://media.pillalas.com/imagenes/726afb526abffa837c59681f561d4afba82a26ef8235abdaa380a4c9cf2bacb70dacac1c.jpg,Inglés,No recomendada para menores de 16 años y distintivo especialmente recomendada para el fomento de la igualdad de género,Viernes 27 Febrero 2026,"Eva Victor, Naomi Ackie, Lucas Hedges, John Carroll Lynch, Louis Cancelmi","A Agnes le pasó algo malo. Pero la vida sigue, al menos para todos los que la rodean."
"SORRY, BABY",Eva Victor,102,02,22:45,2026-02-27,Renoir Princesa,https://www.pillalas.com/pase/1056786/,https://www.cinesrenoir.com/pelicula/sorry-baby/,https://media.pillalas.com/imagenes/726afb526abffa837c59681f561d4afba82a26ef8235abdaa380a4c9cf2bacb70dacac1c.jpg,Inglés,No recomendada para menores de 16 años y distintivo especialmente recomendada para el fomento de la igualdad de género,Viernes 27 Febrero 2026,"Eva Victor, Naomi Ackie, Lucas Hedges, John Carroll Lynch, Louis Cancelmi","A Agnes le pasó algo malo. Pero la vida sigue, al menos para todos los que la rodean."
TRES ADIOSES,Isabel Coixet,122,02,16:00,2026-02-27,Renoir Princesa,https://www.pillalas.com/pase/1056777/,https://www.cinesrenoir.com/pelicula/tres-adioses/,https://media.pillalas.com/imagenes/726afb526abffa832ea2a44a189894de905fc7e94534a8bf4ef6bf13e5ccdfe90922c22e.jpg,Italiano,No recomendada para menores de 12 años,Viernes 6 Febrero 2026,"Alba Rohrwacher, Elio Germano, Francesco Carril, Silvia D Amico, Galatea Bellugi, Sarita Choudhury","Tras lo que parecía una discusión sin importancia, Marta (Alba Rohrwacher) y Antonio (Elio Germano) se separan. Él, un chef prometedor, se refugia en sus fogones; ella, en su silencio, empieza a notar algo más que tristeza: ha perdido el apetito… y no solo por desamor. Cuando descubre que detrás hay un problema de salud, todo da un giro inesperado: la comida sabe mejor, la música le llega como nunca y el deseo despierta sus ganas de vivir sin miedo.
Una historia sobre el amor, la vida y esos momentos que lo cambian todo para siempre."
TRES ADIOSES,Isabel Coixet,122,02,18:15,2026-02-27,Renoir Princesa,https://www.pillalas.com/pase/1056781/,https://www.cinesrenoir.com/pelicula/tres-adioses/,https://media.pillalas.com/imagenes/726afb526abffa832ea2a44a189894de905fc7e94534a8bf4ef6bf13e5ccdfe90922c22e.jpg,Italiano,No recomendada para menores de 12 años,Viernes 6 Febrero 2026,"Alba Rohrwacher, Elio Germano, Francesco Carril, Silvia D Amico, Galatea Bellugi, Sarita Choudhury","Tras lo que parecía una discusión sin importancia, Marta (Alba Rohrwacher) y Antonio (Elio Germano) se separan. Él, un chef prometedor, se refugia en sus fogones; ella, en su silencio, empieza a notar algo más que tristeza: ha perdido el apetito… y no solo por desamor. Cuando descubre que detrás hay un problema de salud, todo da un giro inesperado: la comida sabe mejor, la música le llega como nunca y el deseo despierta sus ganas de vivir sin miedo.
Una historia sobre el amor, la vida y esos momentos que lo cambian todo para siempre."
TRES ADIOSES,Isabel Coixet,122,02,20:30,2026-02-27,Renoir Princesa,https://www.pillalas.com/pase/1056784/,https://www.cinesrenoir.com/pelicula/tres-adioses/,https://media.pillalas.com/imagenes/726afb526abffa832ea2a44a189894de905fc7e94534a8bf4ef6bf13e5ccdfe90922c22e.jpg,Italiano,No recomendada para menores de 12 años,Viernes 6 Febrero 2026,"Alba Rohrwacher, Elio Germano, Francesco Carril, Silvia D Amico, Galatea Bellugi, Sarita Choudhury","Tras lo que parecía una discusión sin importancia, Marta (Alba Rohrwacher) y Antonio (Elio Germano) se separan. Él, un chef prometedor, se refugia en sus fogones; ella, en su silencio, empieza a notar algo más que tristeza: ha perdido el apetito… y no solo por desamor. Cuando descubre que detrás hay un problema de salud, todo da un giro inesperado: la comida sabe mejor, la música le llega como nunca y el deseo despierta sus ganas de vivir sin miedo.
Una historia sobre el amor, la vida y esos momentos que lo cambian todo para siempre."
CUMBRES BORRASCOSAS,Emerald Fennell,135,11,16:10,2026-02-28,Renoir Princesa,https://www.pillalas.com/pase/1057027/,https://www.cinesrenoir.com/pelicula/cumbres-borrascosas/,https://media.pillalas.com/imagenes/726afb526abffa83abe8577deb3c0674bd352fd2b0500497b1d5570f2dd570487210fc4e.jpg,Inglés,No recomendada para menores de 16 años,Viernes 13 Febrero 2026,"Margot Robbie, Jacob Elordi, Hong Chau, Alison Oliver, Owen Cooper, Shazad Latif, Martin Clunes, Ewan Mitchell, Amy Morgan, Jessica Knappett, Charlotte Mellington, Vy Nguyen","Adaptada a todo tipo de formatos en multitud de ocasiones, se trata de una trágica historia de pasiones encontradas en la Inglaterra rural más conservadora. Una historia de venganza y odio, de pasiones desatadas y amores desesperados que van más allá de la muerte ambientada en los brumosos y sombríos páramos de Yorkshire, al norte de Inglaterra."
CUMBRES BORRASCOSAS,Emerald Fennell,135,09,18:10,2026-02-28,Renoir Princesa,https://www.pillalas.com/pase/1057028/,https://www.cinesrenoir.com/pelicula/cumbres-borrascosas/,https://media.pillalas.com/imagenes/726afb526abffa83abe8577deb3c0674bd352fd2b0500497b1d5570f2dd570487210fc4e.jpg,Inglés,No recomendada para menores de 16 años,Viernes 13 Febrero 2026,"Margot Robbie, Jacob Elordi, Hong Chau, Alison Oliver, Owen Cooper, Shazad Latif, Martin Clunes, Ewan Mitchell, Amy Morgan, Jessica Knappett, Charlotte Mellington, Vy Nguyen","Adaptada a todo tipo de formatos en multitud de ocasiones, se trata de una trágica historia de pasiones encontradas en la Inglaterra rural más conservadora. Una historia de venganza y odio, de pasiones desatadas y amores desesperados que van más allá de la muerte ambientada en los brumosos y sombríos páramos de Yorkshire, al norte de Inglaterra."
CUMBRES BORRASCOSAS,Emerald Fennell,135,11,19:00,2026-02-28,Renoir Princesa,https://www.pillalas.com/pase/1057030/,https://www.cinesrenoir.com/pelicula/cumbres-borrascosas/,https://media.pillalas.com/imagenes/726afb526abffa83abe8577deb3c0674bd352fd2b0500497b1d5570f2dd570487210fc4e.jpg,Inglés,No recomendada para menores de 16 años,Viernes 13 Febrero 2026,"Margot Robbie, Jacob Elordi, Hong Chau, Alison Oliver, Owen Cooper, Shazad Latif, Martin Clunes, Ewan Mitchell, Amy Morgan, Jessica Knappett, Charlotte Mellington, Vy Nguyen","Adaptada a todo tipo de formatos en multitud de ocasiones, se trata de una trágica historia de pasiones encontradas en la Inglaterra rural más conservadora. Una historia de venganza y odio, de pasiones desatadas y amores desesperados que van más allá de la muerte ambientada en los brumosos y sombríos páramos de Yorkshire, al norte de Inglaterra."
CUMBRES BORRASCOSAS,Emerald Fennell,135,09,20:35,2026-02-28,Renoir Princesa,https://www.pillalas.com/pase/1057031/,https://www.cinesrenoir.com/pelicula/cumbres-borrascosas/,https://media.pillalas.com/imagenes/726afb526abffa83abe8577deb3c0674bd352fd2b0500497b1d5570f2dd570487210fc4e.jpg,Inglés,No recomendada para menores de 16 años,Viernes 13 Febrero 2026,"Margot Robbie, Jacob Elordi, Hong Chau, Alison Oliver, Owen Cooper, Shazad Latif, Martin Clunes, Ewan Mitchell, Amy Morgan, Jessica Knappett, Charlotte Mellington, Vy Nguyen","Adaptada a todo tipo de formatos en multitud de ocasiones, se trata de una trágica historia de pasiones encontradas en la Inglaterra rural más conservadora. Una historia de venganza y odio, de pasiones desatadas y amores desesperados que van más allá de la muerte ambientada en los brumosos y sombríos páramos de Yorkshire, al norte de Inglaterra."
CUMBRES BORRASCOSAS,Emerald Fennell,135,11,21:45,2026-02-28,Renoir Princesa,https://www.pillalas.com/pase/1057033/,https://www.cinesrenoir.com/pelicula/cumbres-borrascosas/,https://media.pillalas.com/imagenes/726afb526abffa83abe8577deb3c0674bd352fd2b0500497b1d5570f2dd570487210fc4e.jpg,Inglés,No recomendada para menores de 16 años,Viernes 13 Febrero 2026,"Margot Robbie, Jacob Elordi, Hong Chau, Alison Oliver, Owen Cooper, Shazad Latif, Martin Clunes, Ewan Mitchell, Amy Morgan, Jessica Knappett, Charlotte Mellington, Vy Nguyen","Adaptada a todo tipo de formatos en multitud de ocasiones, se trata de una trágica historia de pasiones encontradas en la Inglaterra rural más conservadora. Una historia de venganza y odio, de pasiones desatadas y amores desesperados que van más allá de la muerte ambientada en los brumosos y sombríos páramos de Yorkshire, al norte de Inglaterra."
EL AGENTE SECRETO,Kleber Mendonça Filho,160,04,16:00,2026-02-28,Renoir Princesa,https://www.pillalas.com/pase/1056889/,https://www.cinesrenoir.com/pelicula/el-agente-secreto/,https://media.pillalas.com/imagenes/726afb526abffa83bdba0b90e98cf11293bcd8b9c8be1af817aa6c045cd8f479730f7511.jpg,Portugués,No recomendada para menores de 16 años,Viernes 20 Febrero 2026,"Wagner Moura, Gabriel Leone, Udo Kier, Maria Fernanda Cândido","1977. En un Brasil atormentado por la dictadura militar, Marcelo, un cuarentón que huye de un pasado turbulento, llega a la ciudad de Recife, donde espera construir una nueva vida y reencontrarse con su hijo. Todo se complica cuando descubre que las fuerzas gubernamentales le persiguen y las amenazas de muerte se ciernen sobre su cabeza."
EL AGENTE SECRETO,Kleber Mendonça Filho,160,07,17:15,2026-02-28,Renoir Princesa,https://www.pillalas.com/pase/1056891/,https://www.cinesrenoir.com/pelicula/el-agente-secreto/,https://media.pillalas.com/imagenes/726afb526abffa83bdba0b90e98cf11293bcd8b9c8be1af817aa6c045cd8f479730f7511.jpg,Portugués,No recomendada para menores de 16 años,Viernes 20 Febrero 2026,"Wagner Moura, Gabriel Leone, Udo Kier, Maria Fernanda Cândido","1977. En un Brasil atormentado por la dictadura militar, Marcelo, un cuarentón que huye de un pasado turbulento, llega a la ciudad de Recife, donde espera construir una nueva vida y reencontrarse con su hijo. Todo se complica cuando descubre que las fuerzas gubernamentales le persiguen y las amenazas de muerte se ciernen sobre su cabeza."
EL AGENTE SECRETO,Kleber Mendonça Filho,160,04,18:55,2026-02-28,Renoir Princesa,https://www.pillalas.com/pase/1056894/,https://www.cinesrenoir.com/pelicula/el-agente-secreto/,https://media.pillalas.com/imagenes/726afb526abffa83bdba0b90e98cf11293bcd8b9c8be1af817aa6c045cd8f479730f7511.jpg,Portugués,No recomendada para menores de 16 años,Viernes 20 Febrero 2026,"Wagner Moura, Gabriel Leone, Udo Kier, Maria Fernanda Cândido","1977. En un Brasil atormentado por la dictadura militar, Marcelo, un cuarentón que huye de un pasado turbulento, llega a la ciudad de Recife, donde espera construir una nueva vida y reencontrarse con su hijo. Todo se complica cuando descubre que las fuerzas gubernamentales le persiguen y las amenazas de muerte se ciernen sobre su cabeza."
EL AGENTE SECRETO,Kleber Mendonça Filho,160,07,20:15,2026-02-28,Renoir Princesa,https://www.pillalas.com/pase/1056897/,https://www.cinesrenoir.com/pelicula/el-agente-secreto/,https://media.pillalas.com/imagenes/726afb526abffa83bdba0b90e98cf11293bcd8b9c8be1af817aa6c045cd8f479730f7511.jpg,Portugués,No recomendada para menores de 16 años,Viernes 20 Febrero 2026,"Wagner Moura, Gabriel Leone, Udo Kier, Maria Fernanda Cândido","1977. En un Brasil atormentado por la dictadura militar, Marcelo, un cuarentón que huye de un pasado turbulento, llega a la ciudad de Recife, donde espera construir una nueva vida y reencontrarse con su hijo. Todo se complica cuando descubre que las fuerzas gubernamentales le persiguen y las amenazas de muerte se ciernen sobre su cabeza."
EL AGENTE SECRETO,Kleber Mendonça Filho,160,04,21:50,2026-02-28,Renoir Princesa,https://www.pillalas.com/pase/1056899/,https://www.cinesrenoir.com/pelicula/el-agente-secreto/,https://media.pillalas.com/imagenes/726afb526abffa83bdba0b90e98cf11293bcd8b9c8be1af817aa6c045cd8f479730f7511.jpg,Portugués,No recomendada para menores de 16 años,Viernes 20 Febrero 2026,"Wagner Moura, Gabriel Leone, Udo Kier, Maria Fernanda Cândido","1977. En un Brasil atormentado por la dictadura militar, Marcelo, un cuarentón que huye de un pasado turbulento, llega a la ciudad de Recife, donde espera construir una nueva vida y reencontrarse con su hijo. Todo se complica cuando descubre que las fuerzas gubernamentales le persiguen y las amenazas de muerte se ciernen sobre su cabeza."
EPIC: ELVIS PRESLEY IN CONCERT,Baz Luhrmann,96,08,20:30,2026-02-28,Renoir Princesa,https://www.pillalas.com/pase/1056997/,https://www.cinesrenoir.com/pelicula/epic-elvis-presley-in-concert/,https://media.pillalas.com/imagenes/726afb526abffa83b23df871ee842b8c8b276cac972cd20eb99e725caf633250d7ccec9f.jpg,Inglés,Apta para todos los públicos,Viernes 27 Febrero 2026,Elvis Presley,"""EPiC"" presenta imágenes perdidas hace mucho tiempo de la legendaria residencia de Presley en Las Vegas en la década de 1970, entrelazadas con imágenes de 16 mm del 'Elvis on Tour' y valiosas películas de 8 mm del archivo de Graceland, junto con grabaciones redescubiertas de Elvis contando 'su versión de la historia'."
HAMNET,Chloé Zhao,125,03,16:00,2026-02-28,Renoir Princesa,https://www.pillalas.com/pase/1056787/,https://www.cinesrenoir.com/pelicula/hamnet/,https://www.cinesrenoir.com/media/Peliculas/Cartel/HAMNET_Cartel_Digital_8Nominaciones_Oscar_YaEnCines_v2_2.jpg,Inglés,No recomendada para menores de 12 años,Viernes 23 Enero 2026,"Jessie Buckley, Paul Mescal, Joe Alwyn, Emily Watson","Año 1596, Stratford-upon-Avon, Inglaterra. La vida de Agnes transcurre plácidamente junto a su marido y sus tres hijos. Ella cultiva plantas medicinales mientras William trabaja en Londres. El destino, sin embargo, les reservará un duro golpe cuando su hijo Hamnet, de once años, muera repentinamente tras contraer la peste. A raíz de esta tragedia, su padre creará uno de los grandes personajes de la literatura universal, de nombre casi idéntico al de su hijo.


Pero esta película no habla de famosos sucesos sino de algo íntimo y olvidado: La vida de esta familia, y especialmente la de la mujer que la sostenía y que tuvo que cargar con una insoportable pérdida."
HAMNET,Chloé Zhao,125,05,17:40,2026-02-28,Renoir Princesa,https://www.pillalas.com/pase/1056892/,https://www.cinesrenoir.com/pelicula/hamnet/,https://www.cinesrenoir.com/media/Peliculas/Cartel/HAMNET_Cartel_Digital_8Nominaciones_Oscar_YaEnCines_v2_2.jpg,Inglés,No recomendada para menores de 12 años,Viernes 23 Enero 2026,"Jessie Buckley, Paul Mescal, Joe Alwyn, Emily Watson","Año 1596, Stratford-upon-Avon, Inglaterra. La vida de Agnes transcurre plácidamente junto a su marido y sus tres hijos. Ella cultiva plantas medicinales mientras William trabaja en Londres. El destino, sin embargo, les reservará un duro golpe cuando su hijo Hamnet, de once años, muera repentinamente tras contraer la peste. A raíz de esta tragedia, su padre creará uno de los grandes personajes de la literatura universal, de nombre casi idéntico al de su hijo.


Pero esta película no habla de famosos sucesos sino de algo íntimo y olvidado: La vida de esta familia, y especialmente la de la mujer que la sostenía y que tuvo que cargar con una insoportable pérdida."
HAMNET,Chloé Zhao,125,05,20:00,2026-02-28,Renoir Princesa,https://www.pillalas.com/pase/1056895/,https://www.cinesrenoir.com/pelicula/hamnet/,https://www.cinesrenoir.com/media/Peliculas/Cartel/HAMNET_Cartel_Digital_8Nominaciones_Oscar_YaEnCines_v2_2.jpg,Inglés,No recomendada para menores de 12 años,Viernes 23 Enero 2026,"Jessie Buckley, Paul Mescal, Joe Alwyn, Emily Watson","Año 1596, Stratford-upon-Avon, Inglaterra. La vida de Agnes transcurre plácidamente junto a su marido y sus tres hijos. Ella cultiva plantas medicinales mientras William trabaja en Londres. El destino, sin embargo, les reservará un duro golpe cuando su hijo Hamnet, de once años, muera repentinamente tras contraer la peste. A raíz de esta tragedia, su padre creará uno de los grandes personajes de la literatura universal, de nombre casi idéntico al de su hijo.


Pero esta película no habla de famosos sucesos sino de algo íntimo y olvidado: La vida de esta familia, y especialmente la de la mujer que la sostenía y que tuvo que cargar con una insoportable pérdida."
HAMNET,Chloé Zhao,125,05,22:20,2026-02-28,Renoir Princesa,https://www.pillalas.com/pase/1056900/,https://www.cinesrenoir.com/pelicula/hamnet/,https://www.cinesrenoir.com/media/Peliculas/Cartel/HAMNET_Cartel_Digital_8Nominaciones_Oscar_YaEnCines_v2_2.jpg,Inglés,No recomendada para menores de 12 años,Viernes 23 Enero 2026,"Jessie Buckley, Paul Mescal, Joe Alwyn, Emily Watson","Año 1596, Stratford-upon-Avon, Inglaterra. La vida de Agnes transcurre plácidamente junto a su marido y sus tres hijos. Ella cultiva plantas medicinales mientras William trabaja en Londres. El destino, sin embargo, les reservará un duro golpe cuando su hijo Hamnet, de once años, muera repentinamente tras contraer la peste. A raíz de esta tragedia, su padre creará uno de los grandes personajes de la literatura universal, de nombre casi idéntico al de su hijo.


Pero esta película no habla de famosos sucesos sino de algo íntimo y olvidado: La vida de esta familia, y especialmente la de la mujer que la sostenía y que tuvo que cargar con una insoportable pérdida."
LITTLE AMELIE,"Mailys Vallade, Liane-Cho Han Jin Kuang",77,05,16:00,2026-02-28,Renoir Princesa,https://www.pillalas.com/pase/1056888/,https://www.cinesrenoir.com/pelicula/little-amelie/,https://media.pillalas.com/imagenes/726afb526abffa830cf602187f6a0774a2be2cd024be305aa13f298deb2bd3128a88c8e7.jpg,Francés,Apta para todos los públicos y distintivo especialmente recomendada para la infancia,Viernes 20 Febrero 2026,Animación,"Amélie es una niña belga nacida en Japón. Gracias a su amiga y niñera Nishio-san, su vida es una sucesión de aventuras y descubrimientos. Pero el día de su tercer cumpleaños, todo cambia."
LOS DOMINGOS,Alauda Ruiz De Azúa,115,09,16:00,2026-02-28,Renoir Princesa,https://www.pillalas.com/pase/1056995/,https://www.cinesrenoir.com/pelicula/los-domingos/,https://media.pillalas.com/imagenes/726afb526abffa83eb13c84b6e843cdf406388aa12cc57b934b6e5ab1c8e2d84ce9ad1f4.jpg,Castellano,No recomendada para menores de 12 años,Viernes 24 Octubre 2025,"Patricia López Arnaiz, Blanca Soroa, Miguel Garcés, Juan Minujín, Mabel Rivera, Nagore Aramburu","'Los domingos' cuenta la historia de Ainara (Soroa), una joven idealista y brillante de 17 años que ha de decidir qué carrera universitaria estudiará. O, al menos, eso espera su familia que haga. Sin embargo, la joven manifiesta que se siente cada vez más cerca de Dios y que se plantea abrazar la vida de monja de clausura. La noticia pilla por sorpresa a toda la familia provocando un abismo y una prueba de fuego para todos."
LOS DOMINGOS,Alauda Ruiz De Azúa,115,06,18:05,2026-02-28,Renoir Princesa,https://www.pillalas.com/pase/1056893/,https://www.cinesrenoir.com/pelicula/los-domingos/,https://media.pillalas.com/imagenes/726afb526abffa83eb13c84b6e843cdf406388aa12cc57b934b6e5ab1c8e2d84ce9ad1f4.jpg,Castellano,No recomendada para menores de 12 años,Viernes 24 Octubre 2025,"Patricia López Arnaiz, Blanca Soroa, Miguel Garcés, Juan Minujín, Mabel Rivera, Nagore Aramburu","'Los domingos' cuenta la historia de Ainara (Soroa), una joven idealista y brillante de 17 años que ha de decidir qué carrera universitaria estudiará. O, al menos, eso espera su familia que haga. Sin embargo, la joven manifiesta que se siente cada vez más cerca de Dios y que se plantea abrazar la vida de monja de clausura. La noticia pilla por sorpresa a toda la familia provocando un abismo y una prueba de fuego para todos."
LOS DOMINGOS,Alauda Ruiz De Azúa,115,06,20:15,2026-02-28,Renoir Princesa,https://www.pillalas.com/pase/1056896/,https://www.cinesrenoir.com/pelicula/los-domingos/,https://media.pillalas.com/imagenes/726afb526abffa83eb13c84b6e843cdf406388aa12cc57b934b6e5ab1c8e2d84ce9ad1f4.jpg,Castellano,No recomendada para menores de 12 años,Viernes 24 Octubre 2025,"Patricia López Arnaiz, Blanca Soroa, Miguel Garcés, Juan Minujín, Mabel Rivera, Nagore Aramburu","'Los domingos' cuenta la historia de Ainara (Soroa), una joven idealista y brillante de 17 años que ha de decidir qué carrera universitaria estudiará. O, al menos, eso espera su familia que haga. Sin embargo, la joven manifiesta que se siente cada vez más cerca de Dios y que se plantea abrazar la vida de monja de clausura. La noticia pilla por sorpresa a toda la familia provocando un abismo y una prueba de fuego para todos."
LOS DOMINGOS,Alauda Ruiz De Azúa,115,06,22:30,2026-02-28,Renoir Princesa,https://www.pillalas.com/pase/1056901/,https://www.cinesrenoir.com/pelicula/los-domingos/,https://media.pillalas.com/imagenes/726afb526abffa83eb13c84b6e843cdf406388aa12cc57b934b6e5ab1c8e2d84ce9ad1f4.jpg,Castellano,No recomendada para menores de 12 años,Viernes 24 Octubre 2025,"Patricia López Arnaiz, Blanca Soroa, Miguel Garcés, Juan Minujín, Mabel Rivera, Nagore Aramburu","'Los domingos' cuenta la historia de Ainara (Soroa), una joven idealista y brillante de 17 años que ha de decidir qué carrera universitaria estudiará. O, al menos, eso espera su familia que haga. Sin embargo, la joven manifiesta que se siente cada vez más cerca de Dios y que se plantea abrazar la vida de monja de clausura. La noticia pilla por sorpresa a toda la familia provocando un abismo y una prueba de fuego para todos."
MARTY SUPREME,Josh Safdie,149,10,16:00,2026-02-28,Renoir Princesa,https://www.pillalas.com/pase/1057026/,https://www.cinesrenoir.com/pelicula/marty-supreme/,https://media.pillalas.com/imagenes/726afb526abffa83215ea8a89c8894fb1ac44e6c3b86faba19f84e195b42d541304dcb79.jpg,Inglés,No recomendada para menores de 16 años,Viernes 30 Enero 2026,"Timothee Chalamet, Gwyneth Paltrow, Odessa A Zion, Sandra Bernhard, Fran Drescher, Abel Ferrara, Spenser Granese, Tyler The Creator, Penn Jillette, Kevin O Leary","Marty Mauser (Timothée Chalamet), un joven con una ambición desmesurada, está dispuesto a todo para cumplir su sueño. Con ayuda, entre otros, de la estrella de cine Carol Dunne (Gwyneth Paltrow) demostrará al mundo entero su grandeza."
MARTY SUPREME,Josh Safdie,149,10,18:50,2026-02-28,Renoir Princesa,https://www.pillalas.com/pase/1057029/,https://www.cinesrenoir.com/pelicula/marty-supreme/,https://media.pillalas.com/imagenes/726afb526abffa83215ea8a89c8894fb1ac44e6c3b86faba19f84e195b42d541304dcb79.jpg,Inglés,No recomendada para menores de 16 años,Viernes 30 Enero 2026,"Timothee Chalamet, Gwyneth Paltrow, Odessa A Zion, Sandra Bernhard, Fran Drescher, Abel Ferrara, Spenser Granese, Tyler The Creator, Penn Jillette, Kevin O Leary","Marty Mauser (Timothée Chalamet), un joven con una ambición desmesurada, está dispuesto a todo para cumplir su sueño. Con ayuda, entre otros, de la estrella de cine Carol Dunne (Gwyneth Paltrow) demostrará al mundo entero su grandeza."
MARTY SUPREME,Josh Safdie,149,10,21:35,2026-02-28,Renoir Princesa,https://www.pillalas.com/pase/1057032/,https://www.cinesrenoir.com/pelicula/marty-supreme/,https://media.pillalas.com/imagenes/726afb526abffa83215ea8a89c8894fb1ac44e6c3b86faba19f84e195b42d541304dcb79.jpg,Inglés,No recomendada para menores de 16 años,Viernes 30 Enero 2026,"Timothee Chalamet, Gwyneth Paltrow, Odessa A Zion, Sandra Bernhard, Fran Drescher, Abel Ferrara, Spenser Granese, Tyler The Creator, Penn Jillette, Kevin O Leary","Marty Mauser (Timothée Chalamet), un joven con una ambición desmesurada, está dispuesto a todo para cumplir su sueño. Con ayuda, entre otros, de la estrella de cine Carol Dunne (Gwyneth Paltrow) demostrará al mundo entero su grandeza."
RENTAL FAMILY (FAMILIA DE ALQUILER),Mitsuyo Miyazaki,109,06,16:00,2026-02-28,Renoir Princesa,https://www.pillalas.com/pase/1056887/,https://www.cinesrenoir.com/pelicula/rental-family-familia-de-alquiler/,https://media.pillalas.com/imagenes/726afb526abffa8354fd8d551fddc8b6f2c37df750c002f9f65d59d1707b603c58f3211d.jpg,Inglés Y Japonés,No recomendada para menores de 12 años,Viernes 9 Enero 2026,"Brendan Fraser, Mari Yamamoto, Takehiro Hira, Akira Emoto, Shannon Gorman","Comedia dramática sobre un actor estadounidense (Brendan Fraser) que lucha por encontrar un propósito en la vida en el Tokio actual. Hasta que consigue un trabajo inusual, trabajar para una agencia japonesa de ""familias de alquiler"", interpretando papeles de suplente para desconocidos."
RENTAL FAMILY (FAMILIA DE ALQUILER),Mitsuyo Miyazaki,109,03,18:20,2026-02-28,Renoir Princesa,https://www.pillalas.com/pase/1056792/,https://www.cinesrenoir.com/pelicula/rental-family-familia-de-alquiler/,https://media.pillalas.com/imagenes/726afb526abffa8354fd8d551fddc8b6f2c37df750c002f9f65d59d1707b603c58f3211d.jpg,Inglés Y Japonés,No recomendada para menores de 12 años,Viernes 9 Enero 2026,"Brendan Fraser, Mari Yamamoto, Takehiro Hira, Akira Emoto, Shannon Gorman","Comedia dramática sobre un actor estadounidense (Brendan Fraser) que lucha por encontrar un propósito en la vida en el Tokio actual. Hasta que consigue un trabajo inusual, trabajar para una agencia japonesa de ""familias de alquiler"", interpretando papeles de suplente para desconocidos."
SCARLET,Mamoru Hosoda Mamoru Hosoda,111,08,18:20,2026-02-28,Renoir Princesa,https://www.pillalas.com/pase/1056996/,https://www.cinesrenoir.com/pelicula/scarlet/,https://media.pillalas.com/imagenes/726afb526abffa83d4a122cc6de08c8b36937e6d027dcb3465ceb9e1d14ec4e71675cf39.jpg,Japonés,No recomendada para menores de 12 años,Viernes 27 Febrero 2026,Animación,"Una princesa medieval experta en el manejo de la espada se embarca en una peligrosa misión para vengar la muerte de su padre. Tras fracasar en su misión y encontrarse gravemente herida en un «Otromundo», conoce a un joven idealista de nuestro presente que no solo la ayuda a curarse, sino que le muestra la posibilidad de un futuro libre de amargura y rabia. Cuando se enfrenta de nuevo al asesino de su padre, Scarlet se enfrenta a su batalla más difícil: ¿podrá romper el ciclo del odio y encontrar un sentido a la vida más allá de la venganza?"
SCARLET,Mamoru Hosoda Mamoru Hosoda,111,08,22:25,2026-02-28,Renoir Princesa,https://www.pillalas.com/pase/1056998/,https://www.cinesrenoir.com/pelicula/scarlet/,https://media.pillalas.com/imagenes/726afb526abffa83d4a122cc6de08c8b36937e6d027dcb3465ceb9e1d14ec4e71675cf39.jpg,Japonés,No recomendada para menores de 12 años,Viernes 27 Febrero 2026,Animación,"Una princesa medieval experta en el manejo de la espada se embarca en una peligrosa misión para vengar la muerte de su padre. Tras fracasar en su misión y encontrarse gravemente herida en un «Otromundo», conoce a un joven idealista de nuestro presente que no solo la ayuda a curarse, sino que le muestra la posibilidad de un futuro libre de amargura y rabia. Cuando se enfrenta de nuevo al asesino de su padre, Scarlet se enfrenta a su batalla más difícil: ¿podrá romper el ciclo del odio y encontrar un sentido a la vida más allá de la venganza?"
SIN CONEXIÓN,Bradley Cooper Cooper,120,08,16:00,2026-02-28,Renoir Princesa,https://www.pillalas.com/pase/1056890/,https://www.cinesrenoir.com/pelicula/sin-conexion/,https://media.pillalas.com/imagenes/726afb526abffa832172609433a0fdb98ea954f3904a127b5015f2f2335b6b1b2f7219c3.jpg,Inglés,No recomendada para menores de 12 años,Viernes 20 Febrero 2026,"Will Arnett, Laura Dern, Andra Day, Bradley Cooper, Amy Sedaris, Sean Hayes, Christine Ebersole, Ciarán Hinds, Scott Icenogle","Mientras su matrimonio se desmorona silenciosamente, Alex (Will Arnett) se enfrenta a la mediana edad y a un divorcio inminente, buscando un nuevo propósito en el mundo de la comedia neoyorquina, mientras que Tess (Laura Dern) se enfrenta a los sacrificios que ha hecho por su familia, lo que les obliga a lidiar con la crianza compartida, la identidad y si el amor puede adoptar una nueva forma."
SIN CONEXIÓN,Bradley Cooper Cooper,120,01,22:00,2026-02-28,Renoir Princesa,https://www.pillalas.com/pase/1056795/,https://www.cinesrenoir.com/pelicula/sin-conexion/,https://media.pillalas.com/imagenes/726afb526abffa832172609433a0fdb98ea954f3904a127b5015f2f2335b6b1b2f7219c3.jpg,Inglés,No recomendada para menores de 12 años,Viernes 20 Febrero 2026,"Will Arnett, Laura Dern, Andra Day, Bradley Cooper, Amy Sedaris, Sean Hayes, Christine Ebersole, Ciarán Hinds, Scott Icenogle","Mientras su matrimonio se desmorona silenciosamente, Alex (Will Arnett) se enfrenta a la mediana edad y a un divorcio inminente, buscando un nuevo propósito en el mundo de la comedia neoyorquina, mientras que Tess (Laura Dern) se enfrenta a los sacrificios que ha hecho por su familia, lo que les obliga a lidiar con la crianza compartida, la identidad y si el amor puede adoptar una nueva forma."
SIRAT,Óliver Laxe,120,03,20:25,2026-02-28,Renoir Princesa,https://www.pillalas.com/pase/1056898/,https://www.cinesrenoir.com/pelicula/sirat/,https://www.cinesrenoir.com/media/Peliculas/Cartel/SIRAT_ONLINE_GOYAOSCARS.jpg,Castellano Y Otros,No recomendada para menores de 16 años,Viernes 6 Junio 2025,"Sergi López, Bruno Núñez, Stefania Gadda, Joshua Liam Herderson, Tonin Javier, Jade Ouki, Richard Bellamyun","Un hombre (López) y su hijo (Nuñez) llegan a una rave perdida en medio de las áridas y fantasmagóricas montañas del sur de Marruecos. Buscan allí a Mar, su hija y hermana, desaparecida hace meses en una de estas fiestas sin amanecer. Reparten una y otra vez su foto rodeados de música electrónica y de un tipo de libertad que desconocen. Empujados por el destino, y con la esperanza de encontrar ahí a Mar, deciden seguir a un grupo de raveros hacia la última fiesta que se celebrará en el desierto."
SIRAT,Óliver Laxe,120,03,22:35,2026-02-28,Renoir Princesa,https://www.pillalas.com/pase/1056902/,https://www.cinesrenoir.com/pelicula/sirat/,https://www.cinesrenoir.com/media/Peliculas/Cartel/SIRAT_ONLINE_GOYAOSCARS.jpg,Castellano Y Otros,No recomendada para menores de 16 años,Viernes 6 Junio 2025,"Sergi López, Bruno Núñez, Stefania Gadda, Joshua Liam Herderson, Tonin Javier, Jade Ouki, Richard Bellamyun","Un hombre (López) y su hijo (Nuñez) llegan a una rave perdida en medio de las áridas y fantasmagóricas montañas del sur de Marruecos. Buscan allí a Mar, su hija y hermana, desaparecida hace meses en una de estas fiestas sin amanecer. Reparten una y otra vez su foto rodeados de música electrónica y de un tipo de libertad que desconocen. Empujados por el destino, y con la esperanza de encontrar ahí a Mar, deciden seguir a un grupo de raveros hacia la última fiesta que se celebrará en el desierto."
"SORRY, BABY",Eva Victor,102,01,16:00,2026-02-28,Renoir Princesa,https://www.pillalas.com/pase/1056788/,https://www.cinesrenoir.com/pelicula/sorry-baby/,https://media.pillalas.com/imagenes/726afb526abffa837c59681f561d4afba82a26ef8235abdaa380a4c9cf2bacb70dacac1c.jpg,Inglés,No recomendada para menores de 16 años y distintivo especialmente recomendada para el fomento de la igualdad de género,Viernes 27 Febrero 2026,"Eva Victor, Naomi Ackie, Lucas Hedges, John Carroll Lynch, Louis Cancelmi","A Agnes le pasó algo malo. Pero la vida sigue, al menos para todos los que la rodean."
"SORRY, BABY",Eva Victor,102,01,18:00,2026-02-28,Renoir Princesa,https://www.pillalas.com/pase/1056790/,https://www.cinesrenoir.com/pelicula/sorry-baby/,https://media.pillalas.com/imagenes/726afb526abffa837c59681f561d4afba82a26ef8235abdaa380a4c9cf2bacb70dacac1c.jpg,Inglés,No recomendada para menores de 16 años y distintivo especialmente recomendada para el fomento de la igualdad de género,Viernes 27 Febrero 2026,"Eva Victor, Naomi Ackie, Lucas Hedges, John Carroll Lynch, Louis Cancelmi","A Agnes le pasó algo malo. Pero la vida sigue, al menos para todos los que la rodean."
"SORRY, BABY",Eva Victor,102,01,20:00,2026-02-28,Renoir Princesa,https://www.pillalas.com/pase/1056793/,https://www.cinesrenoir.com/pelicula/sorry-baby/,https://media.pillalas.com/imagenes/726afb526abffa837c59681f561d4afba82a26ef8235abdaa380a4c9cf2bacb70dacac1c.jpg,Inglés,No recomendada para menores de 16 años y distintivo especialmente recomendada para el fomento de la igualdad de género,Viernes 27 Febrero 2026,"Eva Victor, Naomi Ackie, Lucas Hedges, John Carroll Lynch, Louis Cancelmi","A Agnes le pasó algo malo. Pero la vida sigue, al menos para todos los que la rodean."
"SORRY, BABY",Eva Victor,102,02,22:45,2026-02-28,Renoir Princesa,https://www.pillalas.com/pase/1056796/,https://www.cinesrenoir.com/pelicula/sorry-baby/,https://media.pillalas.com/imagenes/726afb526abffa837c59681f561d4afba82a26ef8235abdaa380a4c9cf2bacb70dacac1c.jpg,Inglés,No recomendada para menores de 16 años y distintivo especialmente recomendada para el fomento de la igualdad de género,Viernes 27 Febrero 2026,"Eva Victor, Naomi Ackie, Lucas Hedges, John Carroll Lynch, Louis Cancelmi","A Agnes le pasó algo malo. Pero la vida sigue, al menos para todos los que la rodean."
TRES ADIOSES,Isabel Coixet,122,02,16:00,2026-02-28,Renoir Princesa,https://www.pillalas.com/pase/1056789/,https://www.cinesrenoir.com/pelicula/tres-adioses/,https://media.pillalas.com/imagenes/726afb526abffa832ea2a44a189894de905fc7e94534a8bf4ef6bf13e5ccdfe90922c22e.jpg,Italiano,No recomendada para menores de 12 años,Viernes 6 Febrero 2026,"Alba Rohrwacher, Elio Germano, Francesco Carril, Silvia D Amico, Galatea Bellugi, Sarita Choudhury","Tras lo que parecía una discusión sin importancia, Marta (Alba Rohrwacher) y Antonio (Elio Germano) se separan. Él, un chef prometedor, se refugia en sus fogones; ella, en su silencio, empieza a notar algo más que tristeza: ha perdido el apetito… y no solo por desamor. Cuando descubre que detrás hay un problema de salud, todo da un giro inesperado: la comida sabe mejor, la música le llega como nunca y el deseo despierta sus ganas de vivir sin miedo.
Una historia sobre el amor, la vida y esos momentos que lo cambian todo para siempre."
TRES ADIOSES,Isabel Coixet,122,02,18:15,2026-02-28,Renoir Princesa,https://www.pillalas.com/pase/1056791/,https://www.cinesrenoir.com/pelicula/tres-adioses/,https://media.pillalas.com/imagenes/726afb526abffa832ea2a44a189894de905fc7e94534a8bf4ef6bf13e5ccdfe90922c22e.jpg,Italiano,No recomendada para menores de 12 años,Viernes 6 Febrero 2026,"Alba Rohrwacher, Elio Germano, Francesco Carril, Silvia D Amico, Galatea Bellugi, Sarita Choudhury","Tras lo que parecía una discusión sin importancia, Marta (Alba Rohrwacher) y Antonio (Elio Germano) se separan. Él, un chef prometedor, se refugia en sus fogones; ella, en su silencio, empieza a notar algo más que tristeza: ha perdido el apetito… y no solo por desamor. Cuando descubre que detrás hay un problema de salud, todo da un giro inesperado: la comida sabe mejor, la música le llega como nunca y el deseo despierta sus ganas de vivir sin miedo.
Una historia sobre el amor, la vida y esos momentos que lo cambian todo para siempre."
TRES ADIOSES,Isabel Coixet,122,02,20:30,2026-02-28,Renoir Princesa,https://www.pillalas.com/pase/1056794/,https://www.cinesrenoir.com/pelicula/tres-adioses/,https://media.pillalas.com/imagenes/726afb526abffa832ea2a44a189894de905fc7e94534a8bf4ef6bf13e5ccdfe90922c22e.jpg,Italiano,No recomendada para menores de 12 años,Viernes 6 Febrero 2026,"Alba Rohrwacher, Elio Germano, Francesco Carril, Silvia D Amico, Galatea Bellugi, Sarita Choudhury","Tras lo que parecía una discusión sin importancia, Marta (Alba Rohrwacher) y Antonio (Elio Germano) se separan. Él, un chef prometedor, se refugia en sus fogones; ella, en su silencio, empieza a notar algo más que tristeza: ha perdido el apetito… y no solo por desamor. Cuando descubre que detrás hay un problema de salud, todo da un giro inesperado: la comida sabe mejor, la música le llega como nunca y el deseo despierta sus ganas de vivir sin miedo.
Una historia sobre el amor, la vida y esos momentos que lo cambian todo para siempre."
CUMBRES BORRASCOSAS,Emerald Fennell,135,11,16:10,2026-03-01,Renoir Princesa,https://www.pillalas.com/pase/1057035/,https://www.cinesrenoir.com/pelicula/cumbres-borrascosas/,https://media.pillalas.com/imagenes/726afb526abffa83abe8577deb3c0674bd352fd2b0500497b1d5570f2dd570487210fc4e.jpg,Inglés,No recomendada para menores de 16 años,Viernes 13 Febrero 2026,"Margot Robbie, Jacob Elordi, Hong Chau, Alison Oliver, Owen Cooper, Shazad Latif, Martin Clunes, Ewan Mitchell, Amy Morgan, Jessica Knappett, Charlotte Mellington, Vy Nguyen","Adaptada a todo tipo de formatos en multitud de ocasiones, se trata de una trágica historia de pasiones encontradas en la Inglaterra rural más conservadora. Una historia de venganza y odio, de pasiones desatadas y amores desesperados que van más allá de la muerte ambientada en los brumosos y sombríos páramos de Yorkshire, al norte de Inglaterra."
CUMBRES BORRASCOSAS,Emerald Fennell,135,09,18:10,2026-03-01,Renoir Princesa,https://www.pillalas.com/pase/1057036/,https://www.cinesrenoir.com/pelicula/cumbres-borrascosas/,https://media.pillalas.com/imagenes/726afb526abffa83abe8577deb3c0674bd352fd2b0500497b1d5570f2dd570487210fc4e.jpg,Inglés,No recomendada para menores de 16 años,Viernes 13 Febrero 2026,"Margot Robbie, Jacob Elordi, Hong Chau, Alison Oliver, Owen Cooper, Shazad Latif, Martin Clunes, Ewan Mitchell, Amy Morgan, Jessica Knappett, Charlotte Mellington, Vy Nguyen","Adaptada a todo tipo de formatos en multitud de ocasiones, se trata de una trágica historia de pasiones encontradas en la Inglaterra rural más conservadora. Una historia de venganza y odio, de pasiones desatadas y amores desesperados que van más allá de la muerte ambientada en los brumosos y sombríos páramos de Yorkshire, al norte de Inglaterra."
CUMBRES BORRASCOSAS,Emerald Fennell,135,11,19:00,2026-03-01,Renoir Princesa,https://www.pillalas.com/pase/1057038/,https://www.cinesrenoir.com/pelicula/cumbres-borrascosas/,https://media.pillalas.com/imagenes/726afb526abffa83abe8577deb3c0674bd352fd2b0500497b1d5570f2dd570487210fc4e.jpg,Inglés,No recomendada para menores de 16 años,Viernes 13 Febrero 2026,"Margot Robbie, Jacob Elordi, Hong Chau, Alison Oliver, Owen Cooper, Shazad Latif, Martin Clunes, Ewan Mitchell, Amy Morgan, Jessica Knappett, Charlotte Mellington, Vy Nguyen","Adaptada a todo tipo de formatos en multitud de ocasiones, se trata de una trágica historia de pasiones encontradas en la Inglaterra rural más conservadora. Una historia de venganza y odio, de pasiones desatadas y amores desesperados que van más allá de la muerte ambientada en los brumosos y sombríos páramos de Yorkshire, al norte de Inglaterra."
CUMBRES BORRASCOSAS,Emerald Fennell,135,09,20:35,2026-03-01,Renoir Princesa,https://www.pillalas.com/pase/1057039/,https://www.cinesrenoir.com/pelicula/cumbres-borrascosas/,https://media.pillalas.com/imagenes/726afb526abffa83abe8577deb3c0674bd352fd2b0500497b1d5570f2dd570487210fc4e.jpg,Inglés,No recomendada para menores de 16 años,Viernes 13 Febrero 2026,"Margot Robbie, Jacob Elordi, Hong Chau, Alison Oliver, Owen Cooper, Shazad Latif, Martin Clunes, Ewan Mitchell, Amy Morgan, Jessica Knappett, Charlotte Mellington, Vy Nguyen","Adaptada a todo tipo de formatos en multitud de ocasiones, se trata de una trágica historia de pasiones encontradas en la Inglaterra rural más conservadora. Una historia de venganza y odio, de pasiones desatadas y amores desesperados que van más allá de la muerte ambientada en los brumosos y sombríos páramos de Yorkshire, al norte de Inglaterra."
CUMBRES BORRASCOSAS,Emerald Fennell,135,11,21:45,2026-03-01,Renoir Princesa,https://www.pillalas.com/pase/1057041/,https://www.cinesrenoir.com/pelicula/cumbres-borrascosas/,https://media.pillalas.com/imagenes/726afb526abffa83abe8577deb3c0674bd352fd2b0500497b1d5570f2dd570487210fc4e.jpg,Inglés,No recomendada para menores de 16 años,Viernes 13 Febrero 2026,"Margot Robbie, Jacob Elordi, Hong Chau, Alison Oliver, Owen Cooper, Shazad Latif, Martin Clunes, Ewan Mitchell, Amy Morgan, Jessica Knappett, Charlotte Mellington, Vy Nguyen","Adaptada a todo tipo de formatos en multitud de ocasiones, se trata de una trágica historia de pasiones encontradas en la Inglaterra rural más conservadora. Una historia de venganza y odio, de pasiones desatadas y amores desesperados que van más allá de la muerte ambientada en los brumosos y sombríos páramos de Yorkshire, al norte de Inglaterra."
EL AGENTE SECRETO,Kleber Mendonça Filho,160,04,16:00,2026-03-01,Renoir Princesa,https://www.pillalas.com/pase/1056903/,https://www.cinesrenoir.com/pelicula/el-agente-secreto/,https://media.pillalas.com/imagenes/726afb526abffa83bdba0b90e98cf11293bcd8b9c8be1af817aa6c045cd8f479730f7511.jpg,Portugués,No recomendada para menores de 16 años,Viernes 20 Febrero 2026,"Wagner Moura, Gabriel Leone, Udo Kier, Maria Fernanda Cândido","1977. En un Brasil atormentado por la dictadura militar, Marcelo, un cuarentón que huye de un pasado turbulento, llega a la ciudad de Recife, donde espera construir una nueva vida y reencontrarse con su hijo. Todo se complica cuando descubre que las fuerzas gubernamentales le persiguen y las amenazas de muerte se ciernen sobre su cabeza."
EL AGENTE SECRETO,Kleber Mendonça Filho,160,07,17:15,2026-03-01,Renoir Princesa,https://www.pillalas.com/pase/1056907/,https://www.cinesrenoir.com/pelicula/el-agente-secreto/,https://media.pillalas.com/imagenes/726afb526abffa83bdba0b90e98cf11293bcd8b9c8be1af817aa6c045cd8f479730f7511.jpg,Portugués,No recomendada para menores de 16 años,Viernes 20 Febrero 2026,"Wagner Moura, Gabriel Leone, Udo Kier, Maria Fernanda Cândido","1977. En un Brasil atormentado por la dictadura militar, Marcelo, un cuarentón que huye de un pasado turbulento, llega a la ciudad de Recife, donde espera construir una nueva vida y reencontrarse con su hijo. Todo se complica cuando descubre que las fuerzas gubernamentales le persiguen y las amenazas de muerte se ciernen sobre su cabeza."
EL AGENTE SECRETO,Kleber Mendonça Filho,160,04,18:55,2026-03-01,Renoir Princesa,https://www.pillalas.com/pase/1056910/,https://www.cinesrenoir.com/pelicula/el-agente-secreto/,https://media.pillalas.com/imagenes/726afb526abffa83bdba0b90e98cf11293bcd8b9c8be1af817aa6c045cd8f479730f7511.jpg,Portugués,No recomendada para menores de 16 años,Viernes 20 Febrero 2026,"Wagner Moura, Gabriel Leone, Udo Kier, Maria Fernanda Cândido","1977. En un Brasil atormentado por la dictadura militar, Marcelo, un cuarentón que huye de un pasado turbulento, llega a la ciudad de Recife, donde espera construir una nueva vida y reencontrarse con su hijo. Todo se complica cuando descubre que las fuerzas gubernamentales le persiguen y las amenazas de muerte se ciernen sobre su cabeza."
EL AGENTE SECRETO,Kleber Mendonça Filho,160,07,20:15,2026-03-01,Renoir Princesa,https://www.pillalas.com/pase/1056913/,https://www.cinesrenoir.com/pelicula/el-agente-secreto/,https://media.pillalas.com/imagenes/726afb526abffa83bdba0b90e98cf11293bcd8b9c8be1af817aa6c045cd8f479730f7511.jpg,Portugués,No recomendada para menores de 16 años,Viernes 20 Febrero 2026,"Wagner Moura, Gabriel Leone, Udo Kier, Maria Fernanda Cândido","1977. En un Brasil atormentado por la dictadura militar, Marcelo, un cuarentón que huye de un pasado turbulento, llega a la ciudad de Recife, donde espera construir una nueva vida y reencontrarse con su hijo. Todo se complica cuando descubre que las fuerzas gubernamentales le persiguen y las amenazas de muerte se ciernen sobre su cabeza."
EL AGENTE SECRETO,Kleber Mendonça Filho,160,04,21:50,2026-03-01,Renoir Princesa,https://www.pillalas.com/pase/1056915/,https://www.cinesrenoir.com/pelicula/el-agente-secreto/,https://media.pillalas.com/imagenes/726afb526abffa83bdba0b90e98cf11293bcd8b9c8be1af817aa6c045cd8f479730f7511.jpg,Portugués,No recomendada para menores de 16 años,Viernes 20 Febrero 2026,"Wagner Moura, Gabriel Leone, Udo Kier, Maria Fernanda Cândido","1977. En un Brasil atormentado por la dictadura militar, Marcelo, un cuarentón que huye de un pasado turbulento, llega a la ciudad de Recife, donde espera construir una nueva vida y reencontrarse con su hijo. Todo se complica cuando descubre que las fuerzas gubernamentales le persiguen y las amenazas de muerte se ciernen sobre su cabeza."
EPIC: ELVIS PRESLEY IN CONCERT,Baz Luhrmann,96,08,20:30,2026-03-01,Renoir Princesa,https://www.pillalas.com/pase/1057001/,https://www.cinesrenoir.com/pelicula/epic-elvis-presley-in-concert/,https://media.pillalas.com/imagenes/726afb526abffa83b23df871ee842b8c8b276cac972cd20eb99e725caf633250d7ccec9f.jpg,Inglés,Apta para todos los públicos,Viernes 27 Febrero 2026,Elvis Presley,"""EPiC"" presenta imágenes perdidas hace mucho tiempo de la legendaria residencia de Presley en Las Vegas en la década de 1970, entrelazadas con imágenes de 16 mm del 'Elvis on Tour' y valiosas películas de 8 mm del archivo de Graceland, junto con grabaciones redescubiertas de Elvis contando 'su versión de la historia'."
HAMNET,Chloé Zhao,125,03,16:00,2026-03-01,Renoir Princesa,https://www.pillalas.com/pase/1056799/,https://www.cinesrenoir.com/pelicula/hamnet/,https://www.cinesrenoir.com/media/Peliculas/Cartel/HAMNET_Cartel_Digital_8Nominaciones_Oscar_YaEnCines_v2_2.jpg,Inglés,No recomendada para menores de 12 años,Viernes 23 Enero 2026,"Jessie Buckley, Paul Mescal, Joe Alwyn, Emily Watson","Año 1596, Stratford-upon-Avon, Inglaterra. La vida de Agnes transcurre plácidamente junto a su marido y sus tres hijos. Ella cultiva plantas medicinales mientras William trabaja en Londres. El destino, sin embargo, les reservará un duro golpe cuando su hijo Hamnet, de once años, muera repentinamente tras contraer la peste. A raíz de esta tragedia, su padre creará uno de los grandes personajes de la literatura universal, de nombre casi idéntico al de su hijo.


Pero esta película no habla de famosos sucesos sino de algo íntimo y olvidado: La vida de esta familia, y especialmente la de la mujer que la sostenía y que tuvo que cargar con una insoportable pérdida."
HAMNET,Chloé Zhao,125,05,17:40,2026-03-01,Renoir Princesa,https://www.pillalas.com/pase/1056908/,https://www.cinesrenoir.com/pelicula/hamnet/,https://www.cinesrenoir.com/media/Peliculas/Cartel/HAMNET_Cartel_Digital_8Nominaciones_Oscar_YaEnCines_v2_2.jpg,Inglés,No recomendada para menores de 12 años,Viernes 23 Enero 2026,"Jessie Buckley, Paul Mescal, Joe Alwyn, Emily Watson","Año 1596, Stratford-upon-Avon, Inglaterra. La vida de Agnes transcurre plácidamente junto a su marido y sus tres hijos. Ella cultiva plantas medicinales mientras William trabaja en Londres. El destino, sin embargo, les reservará un duro golpe cuando su hijo Hamnet, de once años, muera repentinamente tras contraer la peste. A raíz de esta tragedia, su padre creará uno de los grandes personajes de la literatura universal, de nombre casi idéntico al de su hijo.


Pero esta película no habla de famosos sucesos sino de algo íntimo y olvidado: La vida de esta familia, y especialmente la de la mujer que la sostenía y que tuvo que cargar con una insoportable pérdida."
HAMNET,Chloé Zhao,125,05,20:00,2026-03-01,Renoir Princesa,https://www.pillalas.com/pase/1056911/,https://www.cinesrenoir.com/pelicula/hamnet/,https://www.cinesrenoir.com/media/Peliculas/Cartel/HAMNET_Cartel_Digital_8Nominaciones_Oscar_YaEnCines_v2_2.jpg,Inglés,No recomendada para menores de 12 años,Viernes 23 Enero 2026,"Jessie Buckley, Paul Mescal, Joe Alwyn, Emily Watson","Año 1596, Stratford-upon-Avon, Inglaterra. La vida de Agnes transcurre plácidamente junto a su marido y sus tres hijos. Ella cultiva plantas medicinales mientras William trabaja en Londres. El destino, sin embargo, les reservará un duro golpe cuando su hijo Hamnet, de once años, muera repentinamente tras contraer la peste. A raíz de esta tragedia, su padre creará uno de los grandes personajes de la literatura universal, de nombre casi idéntico al de su hijo.


Pero esta película no habla de famosos sucesos sino de algo íntimo y olvidado: La vida de esta familia, y especialmente la de la mujer que la sostenía y que tuvo que cargar con una insoportable pérdida."
HAMNET,Chloé Zhao,125,05,22:20,2026-03-01,Renoir Princesa,https://www.pillalas.com/pase/1056916/,https://www.cinesrenoir.com/pelicula/hamnet/,https://www.cinesrenoir.com/media/Peliculas/Cartel/HAMNET_Cartel_Digital_8Nominaciones_Oscar_YaEnCines_v2_2.jpg,Inglés,No recomendada para menores de 12 años,Viernes 23 Enero 2026,"Jessie Buckley, Paul Mescal, Joe Alwyn, Emily Watson","Año 1596, Stratford-upon-Avon, Inglaterra. La vida de Agnes transcurre plácidamente junto a su marido y sus tres hijos. Ella cultiva plantas medicinales mientras William trabaja en Londres. El destino, sin embargo, les reservará un duro golpe cuando su hijo Hamnet, de once años, muera repentinamente tras contraer la peste. A raíz de esta tragedia, su padre creará uno de los grandes personajes de la literatura universal, de nombre casi idéntico al de su hijo.


Pero esta película no habla de famosos sucesos sino de algo íntimo y olvidado: La vida de esta familia, y especialmente la de la mujer que la sostenía y que tuvo que cargar con una insoportable pérdida."
LITTLE AMELIE,"Mailys Vallade, Liane-Cho Han Jin Kuang",77,05,16:00,2026-03-01,Renoir Princesa,https://www.pillalas.com/pase/1056906/,https://www.cinesrenoir.com/pelicula/little-amelie/,https://media.pillalas.com/imagenes/726afb526abffa830cf602187f6a0774a2be2cd024be305aa13f298deb2bd3128a88c8e7.jpg,Francés,Apta para todos los públicos y distintivo especialmente recomendada para la infancia,Viernes 20 Febrero 2026,Animación,"Amélie es una niña belga nacida en Japón. Gracias a su amiga y niñera Nishio-san, su vida es una sucesión de aventuras y descubrimientos. Pero el día de su tercer cumpleaños, todo cambia."
LOS DOMINGOS,Alauda Ruiz De Azúa,115,09,16:00,2026-03-01,Renoir Princesa,https://www.pillalas.com/pase/1056999/,https://www.cinesrenoir.com/pelicula/los-domingos/,https://media.pillalas.com/imagenes/726afb526abffa83eb13c84b6e843cdf406388aa12cc57b934b6e5ab1c8e2d84ce9ad1f4.jpg,Castellano,No recomendada para menores de 12 años,Viernes 24 Octubre 2025,"Patricia López Arnaiz, Blanca Soroa, Miguel Garcés, Juan Minujín, Mabel Rivera, Nagore Aramburu","'Los domingos' cuenta la historia de Ainara (Soroa), una joven idealista y brillante de 17 años que ha de decidir qué carrera universitaria estudiará. O, al menos, eso espera su familia que haga. Sin embargo, la joven manifiesta que se siente cada vez más cerca de Dios y que se plantea abrazar la vida de monja de clausura. La noticia pilla por sorpresa a toda la familia provocando un abismo y una prueba de fuego para todos."
LOS DOMINGOS,Alauda Ruiz De Azúa,115,06,18:05,2026-03-01,Renoir Princesa,https://www.pillalas.com/pase/1056909/,https://www.cinesrenoir.com/pelicula/los-domingos/,https://media.pillalas.com/imagenes/726afb526abffa83eb13c84b6e843cdf406388aa12cc57b934b6e5ab1c8e2d84ce9ad1f4.jpg,Castellano,No recomendada para menores de 12 años,Viernes 24 Octubre 2025,"Patricia López Arnaiz, Blanca Soroa, Miguel Garcés, Juan Minujín, Mabel Rivera, Nagore Aramburu","'Los domingos' cuenta la historia de Ainara (Soroa), una joven idealista y brillante de 17 años que ha de decidir qué carrera universitaria estudiará. O, al menos, eso espera su familia que haga. Sin embargo, la joven manifiesta que se siente cada vez más cerca de Dios y que se plantea abrazar la vida de monja de clausura. La noticia pilla por sorpresa a toda la familia provocando un abismo y una prueba de fuego para todos."
LOS DOMINGOS,Alauda Ruiz De Azúa,115,06,20:15,2026-03-01,Renoir Princesa,https://www.pillalas.com/pase/1056912/,https://www.cinesrenoir.com/pelicula/los-domingos/,https://media.pillalas.com/imagenes/726afb526abffa83eb13c84b6e843cdf406388aa12cc57b934b6e5ab1c8e2d84ce9ad1f4.jpg,Castellano,No recomendada para menores de 12 años,Viernes 24 Octubre 2025,"Patricia López Arnaiz, Blanca Soroa, Miguel Garcés, Juan Minujín, Mabel Rivera, Nagore Aramburu","'Los domingos' cuenta la historia de Ainara (Soroa), una joven idealista y brillante de 17 años que ha de decidir qué carrera universitaria estudiará. O, al menos, eso espera su familia que haga. Sin embargo, la joven manifiesta que se siente cada vez más cerca de Dios y que se plantea abrazar la vida de monja de clausura. La noticia pilla por sorpresa a toda la familia provocando un abismo y una prueba de fuego para todos."
LOS DOMINGOS,Alauda Ruiz De Azúa,115,06,22:30,2026-03-01,Renoir Princesa,https://www.pillalas.com/pase/1056917/,https://www.cinesrenoir.com/pelicula/los-domingos/,https://media.pillalas.com/imagenes/726afb526abffa83eb13c84b6e843cdf406388aa12cc57b934b6e5ab1c8e2d84ce9ad1f4.jpg,Castellano,No recomendada para menores de 12 años,Viernes 24 Octubre 2025,"Patricia López Arnaiz, Blanca Soroa, Miguel Garcés, Juan Minujín, Mabel Rivera, Nagore Aramburu","'Los domingos' cuenta la historia de Ainara (Soroa), una joven idealista y brillante de 17 años que ha de decidir qué carrera universitaria estudiará. O, al menos, eso espera su familia que haga. Sin embargo, la joven manifiesta que se siente cada vez más cerca de Dios y que se plantea abrazar la vida de monja de clausura. La noticia pilla por sorpresa a toda la familia provocando un abismo y una prueba de fuego para todos."
MARTY SUPREME,Josh Safdie,149,10,16:00,2026-03-01,Renoir Princesa,https://www.pillalas.com/pase/1057034/,https://www.cinesrenoir.com/pelicula/marty-supreme/,https://media.pillalas.com/imagenes/726afb526abffa83215ea8a89c8894fb1ac44e6c3b86faba19f84e195b42d541304dcb79.jpg,Inglés,No recomendada para menores de 16 años,Viernes 30 Enero 2026,"Timothee Chalamet, Gwyneth Paltrow, Odessa A Zion, Sandra Bernhard, Fran Drescher, Abel Ferrara, Spenser Granese, Tyler The Creator, Penn Jillette, Kevin O Leary","Marty Mauser (Timothée Chalamet), un joven con una ambición desmesurada, está dispuesto a todo para cumplir su sueño. Con ayuda, entre otros, de la estrella de cine Carol Dunne (Gwyneth Paltrow) demostrará al mundo entero su grandeza."
MARTY SUPREME,Josh Safdie,149,10,18:50,2026-03-01,Renoir Princesa,https://www.pillalas.com/pase/1057037/,https://www.cinesrenoir.com/pelicula/marty-supreme/,https://media.pillalas.com/imagenes/726afb526abffa83215ea8a89c8894fb1ac44e6c3b86faba19f84e195b42d541304dcb79.jpg,Inglés,No recomendada para menores de 16 años,Viernes 30 Enero 2026,"Timothee Chalamet, Gwyneth Paltrow, Odessa A Zion, Sandra Bernhard, Fran Drescher, Abel Ferrara, Spenser Granese, Tyler The Creator, Penn Jillette, Kevin O Leary","Marty Mauser (Timothée Chalamet), un joven con una ambición desmesurada, está dispuesto a todo para cumplir su sueño. Con ayuda, entre otros, de la estrella de cine Carol Dunne (Gwyneth Paltrow) demostrará al mundo entero su grandeza."
MARTY SUPREME,Josh Safdie,149,10,21:35,2026-03-01,Renoir Princesa,https://www.pillalas.com/pase/1057040/,https://www.cinesrenoir.com/pelicula/marty-supreme/,https://media.pillalas.com/imagenes/726afb526abffa83215ea8a89c8894fb1ac44e6c3b86faba19f84e195b42d541304dcb79.jpg,Inglés,No recomendada para menores de 16 años,Viernes 30 Enero 2026,"Timothee Chalamet, Gwyneth Paltrow, Odessa A Zion, Sandra Bernhard, Fran Drescher, Abel Ferrara, Spenser Granese, Tyler The Creator, Penn Jillette, Kevin O Leary","Marty Mauser (Timothée Chalamet), un joven con una ambición desmesurada, está dispuesto a todo para cumplir su sueño. Con ayuda, entre otros, de la estrella de cine Carol Dunne (Gwyneth Paltrow) demostrará al mundo entero su grandeza."
RENTAL FAMILY (FAMILIA DE ALQUILER),Mitsuyo Miyazaki,109,06,16:00,2026-03-01,Renoir Princesa,https://www.pillalas.com/pase/1056904/,https://www.cinesrenoir.com/pelicula/rental-family-familia-de-alquiler/,https://media.pillalas.com/imagenes/726afb526abffa8354fd8d551fddc8b6f2c37df750c002f9f65d59d1707b603c58f3211d.jpg,Inglés Y Japonés,No recomendada para menores de 12 años,Viernes 9 Enero 2026,"Brendan Fraser, Mari Yamamoto, Takehiro Hira, Akira Emoto, Shannon Gorman","Comedia dramática sobre un actor estadounidense (Brendan Fraser) que lucha por encontrar un propósito en la vida en el Tokio actual. Hasta que consigue un trabajo inusual, trabajar para una agencia japonesa de ""familias de alquiler"", interpretando papeles de suplente para desconocidos."
RENTAL FAMILY (FAMILIA DE ALQUILER),Mitsuyo Miyazaki,109,03,18:20,2026-03-01,Renoir Princesa,https://www.pillalas.com/pase/1056802/,https://www.cinesrenoir.com/pelicula/rental-family-familia-de-alquiler/,https://media.pillalas.com/imagenes/726afb526abffa8354fd8d551fddc8b6f2c37df750c002f9f65d59d1707b603c58f3211d.jpg,Inglés Y Japonés,No recomendada para menores de 12 años,Viernes 9 Enero 2026,"Brendan Fraser, Mari Yamamoto, Takehiro Hira, Akira Emoto, Shannon Gorman","Comedia dramática sobre un actor estadounidense (Brendan Fraser) que lucha por encontrar un propósito en la vida en el Tokio actual. Hasta que consigue un trabajo inusual, trabajar para una agencia japonesa de ""familias de alquiler"", interpretando papeles de suplente para desconocidos."
SCARLET,Mamoru Hosoda Mamoru Hosoda,111,08,18:20,2026-03-01,Renoir Princesa,https://www.pillalas.com/pase/1057000/,https://www.cinesrenoir.com/pelicula/scarlet/,https://media.pillalas.com/imagenes/726afb526abffa83d4a122cc6de08c8b36937e6d027dcb3465ceb9e1d14ec4e71675cf39.jpg,Japonés,No recomendada para menores de 12 años,Viernes 27 Febrero 2026,Animación,"Una princesa medieval experta en el manejo de la espada se embarca en una peligrosa misión para vengar la muerte de su padre. Tras fracasar en su misión y encontrarse gravemente herida en un «Otromundo», conoce a un joven idealista de nuestro presente que no solo la ayuda a curarse, sino que le muestra la posibilidad de un futuro libre de amargura y rabia. Cuando se enfrenta de nuevo al asesino de su padre, Scarlet se enfrenta a su batalla más difícil: ¿podrá romper el ciclo del odio y encontrar un sentido a la vida más allá de la venganza?"
SCARLET,Mamoru Hosoda Mamoru Hosoda,111,08,22:25,2026-03-01,Renoir Princesa,https://www.pillalas.com/pase/1057002/,https://www.cinesrenoir.com/pelicula/scarlet/,https://media.pillalas.com/imagenes/726afb526abffa83d4a122cc6de08c8b36937e6d027dcb3465ceb9e1d14ec4e71675cf39.jpg,Japonés,No recomendada para menores de 12 años,Viernes 27 Febrero 2026,Animación,"Una princesa medieval experta en el manejo de la espada se embarca en una peligrosa misión para vengar la muerte de su padre. Tras fracasar en su misión y encontrarse gravemente herida en un «Otromundo», conoce a un joven idealista de nuestro presente que no solo la ayuda a curarse, sino que le muestra la posibilidad de un futuro libre de amargura y rabia. Cuando se enfrenta de nuevo al asesino de su padre, Scarlet se enfrenta a su batalla más difícil: ¿podrá romper el ciclo del odio y encontrar un sentido a la vida más allá de la venganza?"
SIN CONEXIÓN,Bradley Cooper Cooper,120,08,16:00,2026-03-01,Renoir Princesa,https://www.pillalas.com/pase/1056905/,https://www.cinesrenoir.com/pelicula/sin-conexion/,https://media.pillalas.com/imagenes/726afb526abffa832172609433a0fdb98ea954f3904a127b5015f2f2335b6b1b2f7219c3.jpg,Inglés,No recomendada para menores de 12 años,Viernes 20 Febrero 2026,"Will Arnett, Laura Dern, Andra Day, Bradley Cooper, Amy Sedaris, Sean Hayes, Christine Ebersole, Ciarán Hinds, Scott Icenogle","Mientras su matrimonio se desmorona silenciosamente, Alex (Will Arnett) se enfrenta a la mediana edad y a un divorcio inminente, buscando un nuevo propósito en el mundo de la comedia neoyorquina, mientras que Tess (Laura Dern) se enfrenta a los sacrificios que ha hecho por su familia, lo que les obliga a lidiar con la crianza compartida, la identidad y si el amor puede adoptar una nueva forma."
SIN CONEXIÓN,Bradley Cooper Cooper,120,01,22:00,2026-03-01,Renoir Princesa,https://www.pillalas.com/pase/1056805/,https://www.cinesrenoir.com/pelicula/sin-conexion/,https://media.pillalas.com/imagenes/726afb526abffa832172609433a0fdb98ea954f3904a127b5015f2f2335b6b1b2f7219c3.jpg,Inglés,No recomendada para menores de 12 años,Viernes 20 Febrero 2026,"Will Arnett, Laura Dern, Andra Day, Bradley Cooper, Amy Sedaris, Sean Hayes, Christine Ebersole, Ciarán Hinds, Scott Icenogle","Mientras su matrimonio se desmorona silenciosamente, Alex (Will Arnett) se enfrenta a la mediana edad y a un divorcio inminente, buscando un nuevo propósito en el mundo de la comedia neoyorquina, mientras que Tess (Laura Dern) se enfrenta a los sacrificios que ha hecho por su familia, lo que les obliga a lidiar con la crianza compartida, la identidad y si el amor puede adoptar una nueva forma."
SIRAT,Óliver Laxe,120,03,20:25,2026-03-01,Renoir Princesa,https://www.pillalas.com/pase/1056914/,https://www.cinesrenoir.com/pelicula/sirat/,https://www.cinesrenoir.com/media/Peliculas/Cartel/SIRAT_ONLINE_GOYAOSCARS.jpg,Castellano Y Otros,No recomendada para menores de 16 años,Viernes 6 Junio 2025,"Sergi López, Bruno Núñez, Stefania Gadda, Joshua Liam Herderson, Tonin Javier, Jade Ouki, Richard Bellamyun","Un hombre (López) y su hijo (Nuñez) llegan a una rave perdida en medio de las áridas y fantasmagóricas montañas del sur de Marruecos. Buscan allí a Mar, su hija y hermana, desaparecida hace meses en una de estas fiestas sin amanecer. Reparten una y otra vez su foto rodeados de música electrónica y de un tipo de libertad que desconocen. Empujados por el destino, y con la esperanza de encontrar ahí a Mar, deciden seguir a un grupo de raveros hacia la última fiesta que se celebrará en el desierto."
SIRAT,Óliver Laxe,120,03,22:35,2026-03-01,Renoir Princesa,https://www.pillalas.com/pase/1056918/,https://www.cinesrenoir.com/pelicula/sirat/,https://www.cinesrenoir.com/media/Peliculas/Cartel/SIRAT_ONLINE_GOYAOSCARS.jpg,Castellano Y Otros,No recomendada para menores de 16 años,Viernes 6 Junio 2025,"Sergi López, Bruno Núñez, Stefania Gadda, Joshua Liam Herderson, Tonin Javier, Jade Ouki, Richard Bellamyun","Un hombre (López) y su hijo (Nuñez) llegan a una rave perdida en medio de las áridas y fantasmagóricas montañas del sur de Marruecos. Buscan allí a Mar, su hija y hermana, desaparecida hace meses en una de estas fiestas sin amanecer. Reparten una y otra vez su foto rodeados de música electrónica y de un tipo de libertad que desconocen. Empujados por el destino, y con la esperanza de encontrar ahí a Mar, deciden seguir a un grupo de raveros hacia la última fiesta que se celebrará en el desierto."
"SORRY, BABY",Eva Victor,102,01,16:00,2026-03-01,Renoir Princesa,https://www.pillalas.com/pase/1056797/,https://www.cinesrenoir.com/pelicula/sorry-baby/,https://media.pillalas.com/imagenes/726afb526abffa837c59681f561d4afba82a26ef8235abdaa380a4c9cf2bacb70dacac1c.jpg,Inglés,No recomendada para menores de 16 años y distintivo especialmente recomendada para el fomento de la igualdad de género,Viernes 27 Febrero 2026,"Eva Victor, Naomi Ackie, Lucas Hedges, John Carroll Lynch, Louis Cancelmi","A Agnes le pasó algo malo. Pero la vida sigue, al menos para todos los que la rodean."
"SORRY, BABY",Eva Victor,102,01,18:00,2026-03-01,Renoir Princesa,https://www.pillalas.com/pase/1056800/,https://www.cinesrenoir.com/pelicula/sorry-baby/,https://media.pillalas.com/imagenes/726afb526abffa837c59681f561d4afba82a26ef8235abdaa380a4c9cf2bacb70dacac1c.jpg,Inglés,No recomendada para menores de 16 años y distintivo especialmente recomendada para el fomento de la igualdad de género,Viernes 27 Febrero 2026,"Eva Victor, Naomi Ackie, Lucas Hedges, John Carroll Lynch, Louis Cancelmi","A Agnes le pasó algo malo. Pero la vida sigue, al menos para todos los que la rodean."
"SORRY, BABY",Eva Victor,102,01,20:00,2026-03-01,Renoir Princesa,https://www.pillalas.com/pase/1056803/,https://www.cinesrenoir.com/pelicula/sorry-baby/,https://media.pillalas.com/imagenes/726afb526abffa837c59681f561d4afba82a26ef8235abdaa380a4c9cf2bacb70dacac1c.jpg,Inglés,No recomendada para menores de 16 años y distintivo especialmente recomendada para el fomento de la igualdad de género,Viernes 27 Febrero 2026,"Eva Victor, Naomi Ackie, Lucas Hedges, John Carroll Lynch, Louis Cancelmi","A Agnes le pasó algo malo. Pero la vida sigue, al menos para todos los que la rodean."
"SORRY, BABY",Eva Victor,102,02,22:45,2026-03-01,Renoir Princesa,https://www.pillalas.com/pase/1056806/,https://www.cinesrenoir.com/pelicula/sorry-baby/,https://media.pillalas.com/imagenes/726afb526abffa837c59681f561d4afba82a26ef8235abdaa380a4c9cf2bacb70dacac1c.jpg,Inglés,No recomendada para menores de 16 años y distintivo especialmente recomendada para el fomento de la igualdad de género,Viernes 27 Febrero 2026,"Eva Victor, Naomi Ackie, Lucas Hedges, John Carroll Lynch, Louis Cancelmi","A Agnes le pasó algo malo. Pero la vida sigue, al menos para todos los que la rodean."
TRES ADIOSES,Isabel Coixet,122,02,16:00,2026-03-01,Renoir Princesa,https://www.pillalas.com/pase/1056798/,https://www.cinesrenoir.com/pelicula/tres-adioses/,https://media.pillalas.com/imagenes/726afb526abffa832ea2a44a189894de905fc7e94534a8bf4ef6bf13e5ccdfe90922c22e.jpg,Italiano,No recomendada para menores de 12 años,Viernes 6 Febrero 2026,"Alba Rohrwacher, Elio Germano, Francesco Carril, Silvia D Amico, Galatea Bellugi, Sarita Choudhury","Tras lo que parecía una discusión sin importancia, Marta (Alba Rohrwacher) y Antonio (Elio Germano) se separan. Él, un chef prometedor, se refugia en sus fogones; ella, en su silencio, empieza a notar algo más que tristeza: ha perdido el apetito… y no solo por desamor. Cuando descubre que detrás hay un problema de salud, todo da un giro inesperado: la comida sabe mejor, la música le llega como nunca y el deseo despierta sus ganas de vivir sin miedo.
Una historia sobre el amor, la vida y esos momentos que lo cambian todo para siempre."
TRES ADIOSES,Isabel Coixet,122,02,18:15,2026-03-01,Renoir Princesa,https://www.pillalas.com/pase/1056801/,https://www.cinesrenoir.com/pelicula/tres-adioses/,https://media.pillalas.com/imagenes/726afb526abffa832ea2a44a189894de905fc7e94534a8bf4ef6bf13e5ccdfe90922c22e.jpg,Italiano,No recomendada para menores de 12 años,Viernes 6 Febrero 2026,"Alba Rohrwacher, Elio Germano, Francesco Carril, Silvia D Amico, Galatea Bellugi, Sarita Choudhury","Tras lo que parecía una discusión sin importancia, Marta (Alba Rohrwacher) y Antonio (Elio Germano) se separan. Él, un chef prometedor, se refugia en sus fogones; ella, en su silencio, empieza a notar algo más que tristeza: ha perdido el apetito… y no solo por desamor. Cuando descubre que detrás hay un problema de salud, todo da un giro inesperado: la comida sabe mejor, la música le llega como nunca y el deseo despierta sus ganas de vivir sin miedo.
Una historia sobre el amor, la vida y esos momentos que lo cambian todo para siempre."
TRES ADIOSES,Isabel Coixet,122,02,20:30,2026-03-01,Renoir Princesa,https://www.pillalas.com/pase/1056804/,https://www.cinesrenoir.com/pelicula/tres-adioses/,https://media.pillalas.com/imagenes/726afb526abffa832ea2a44a189894de905fc7e94534a8bf4ef6bf13e5ccdfe90922c22e.jpg,Italiano,No recomendada para menores de 12 años,Viernes 6 Febrero 2026,"Alba Rohrwacher, Elio Germano, Francesco Carril, Silvia D Amico, Galatea Bellugi, Sarita Choudhury","Tras lo que parecía una discusión sin importancia, Marta (Alba Rohrwacher) y Antonio (Elio Germano) se separan. Él, un chef prometedor, se refugia en sus fogones; ella, en su silencio, empieza a notar algo más que tristeza: ha perdido el apetito… y no solo por desamor. Cuando descubre que detrás hay un problema de salud, todo da un giro inesperado: la comida sabe mejor, la música le llega como nunca y el deseo despierta sus ganas de vivir sin miedo.
Una historia sobre el amor, la vida y esos momentos que lo cambian todo para siempre."
CUMBRES BORRASCOSAS,Emerald Fennell,135,11,16:10,2026-03-02,Renoir Princesa,https://www.pillalas.com/pase/1057043/,https://www.cinesrenoir.com/pelicula/cumbres-borrascosas/,https://media.pillalas.com/imagenes/726afb526abffa83abe8577deb3c0674bd352fd2b0500497b1d5570f2dd570487210fc4e.jpg,Inglés,No recomendada para menores de 16 años,Viernes 13 Febrero 2026,"Margot Robbie, Jacob Elordi, Hong Chau, Alison Oliver, Owen Cooper, Shazad Latif, Martin Clunes, Ewan Mitchell, Amy Morgan, Jessica Knappett, Charlotte Mellington, Vy Nguyen","Adaptada a todo tipo de formatos en multitud de ocasiones, se trata de una trágica historia de pasiones encontradas en la Inglaterra rural más conservadora. Una historia de venganza y odio, de pasiones desatadas y amores desesperados que van más allá de la muerte ambientada en los brumosos y sombríos páramos de Yorkshire, al norte de Inglaterra."
CUMBRES BORRASCOSAS,Emerald Fennell,135,09,18:10,2026-03-02,Renoir Princesa,https://www.pillalas.com/pase/1057044/,https://www.cinesrenoir.com/pelicula/cumbres-borrascosas/,https://media.pillalas.com/imagenes/726afb526abffa83abe8577deb3c0674bd352fd2b0500497b1d5570f2dd570487210fc4e.jpg,Inglés,No recomendada para menores de 16 años,Viernes 13 Febrero 2026,"Margot Robbie, Jacob Elordi, Hong Chau, Alison Oliver, Owen Cooper, Shazad Latif, Martin Clunes, Ewan Mitchell, Amy Morgan, Jessica Knappett, Charlotte Mellington, Vy Nguyen","Adaptada a todo tipo de formatos en multitud de ocasiones, se trata de una trágica historia de pasiones encontradas en la Inglaterra rural más conservadora. Una historia de venganza y odio, de pasiones desatadas y amores desesperados que van más allá de la muerte ambientada en los brumosos y sombríos páramos de Yorkshire, al norte de Inglaterra."
CUMBRES BORRASCOSAS,Emerald Fennell,135,11,19:00,2026-03-02,Renoir Princesa,https://www.pillalas.com/pase/1057046/,https://www.cinesrenoir.com/pelicula/cumbres-borrascosas/,https://media.pillalas.com/imagenes/726afb526abffa83abe8577deb3c0674bd352fd2b0500497b1d5570f2dd570487210fc4e.jpg,Inglés,No recomendada para menores de 16 años,Viernes 13 Febrero 2026,"Margot Robbie, Jacob Elordi, Hong Chau, Alison Oliver, Owen Cooper, Shazad Latif, Martin Clunes, Ewan Mitchell, Amy Morgan, Jessica Knappett, Charlotte Mellington, Vy Nguyen","Adaptada a todo tipo de formatos en multitud de ocasiones, se trata de una trágica historia de pasiones encontradas en la Inglaterra rural más conservadora. Una historia de venganza y odio, de pasiones desatadas y amores desesperados que van más allá de la muerte ambientada en los brumosos y sombríos páramos de Yorkshire, al norte de Inglaterra."
CUMBRES BORRASCOSAS,Emerald Fennell,135,09,20:35,2026-03-02,Renoir Princesa,https://www.pillalas.com/pase/1057047/,https://www.cinesrenoir.com/pelicula/cumbres-borrascosas/,https://media.pillalas.com/imagenes/726afb526abffa83abe8577deb3c0674bd352fd2b0500497b1d5570f2dd570487210fc4e.jpg,Inglés,No recomendada para menores de 16 años,Viernes 13 Febrero 2026,"Margot Robbie, Jacob Elordi, Hong Chau, Alison Oliver, Owen Cooper, Shazad Latif, Martin Clunes, Ewan Mitchell, Amy Morgan, Jessica Knappett, Charlotte Mellington, Vy Nguyen","Adaptada a todo tipo de formatos en multitud de ocasiones, se trata de una trágica historia de pasiones encontradas en la Inglaterra rural más conservadora. Una historia de venganza y odio, de pasiones desatadas y amores desesperados que van más allá de la muerte ambientada en los brumosos y sombríos páramos de Yorkshire, al norte de Inglaterra."
CUMBRES BORRASCOSAS,Emerald Fennell,135,11,21:45,2026-03-02,Renoir Princesa,https://www.pillalas.com/pase/1057049/,https://www.cinesrenoir.com/pelicula/cumbres-borrascosas/,https://media.pillalas.com/imagenes/726afb526abffa83abe8577deb3c0674bd352fd2b0500497b1d5570f2dd570487210fc4e.jpg,Inglés,No recomendada para menores de 16 años,Viernes 13 Febrero 2026,"Margot Robbie, Jacob Elordi, Hong Chau, Alison Oliver, Owen Cooper, Shazad Latif, Martin Clunes, Ewan Mitchell, Amy Morgan, Jessica Knappett, Charlotte Mellington, Vy Nguyen","Adaptada a todo tipo de formatos en multitud de ocasiones, se trata de una trágica historia de pasiones encontradas en la Inglaterra rural más conservadora. Una historia de venganza y odio, de pasiones desatadas y amores desesperados que van más allá de la muerte ambientada en los brumosos y sombríos páramos de Yorkshire, al norte de Inglaterra."
EL AGENTE SECRETO,Kleber Mendonça Filho,160,04,16:00,2026-03-02,Renoir Princesa,https://www.pillalas.com/pase/1056922/,https://www.cinesrenoir.com/pelicula/el-agente-secreto/,https://media.pillalas.com/imagenes/726afb526abffa83bdba0b90e98cf11293bcd8b9c8be1af817aa6c045cd8f479730f7511.jpg,Portugués,No recomendada para menores de 16 años,Viernes 20 Febrero 2026,"Wagner Moura, Gabriel Leone, Udo Kier, Maria Fernanda Cândido","1977. En un Brasil atormentado por la dictadura militar, Marcelo, un cuarentón que huye de un pasado turbulento, llega a la ciudad de Recife, donde espera construir una nueva vida y reencontrarse con su hijo. Todo se complica cuando descubre que las fuerzas gubernamentales le persiguen y las amenazas de muerte se ciernen sobre su cabeza."
EL AGENTE SECRETO,Kleber Mendonça Filho,160,07,17:15,2026-03-02,Renoir Princesa,https://www.pillalas.com/pase/1056923/,https://www.cinesrenoir.com/pelicula/el-agente-secreto/,https://media.pillalas.com/imagenes/726afb526abffa83bdba0b90e98cf11293bcd8b9c8be1af817aa6c045cd8f479730f7511.jpg,Portugués,No recomendada para menores de 16 años,Viernes 20 Febrero 2026,"Wagner Moura, Gabriel Leone, Udo Kier, Maria Fernanda Cândido","1977. En un Brasil atormentado por la dictadura militar, Marcelo, un cuarentón que huye de un pasado turbulento, llega a la ciudad de Recife, donde espera construir una nueva vida y reencontrarse con su hijo. Todo se complica cuando descubre que las fuerzas gubernamentales le persiguen y las amenazas de muerte se ciernen sobre su cabeza."
EL AGENTE SECRETO,Kleber Mendonça Filho,160,04,18:55,2026-03-02,Renoir Princesa,https://www.pillalas.com/pase/1056926/,https://www.cinesrenoir.com/pelicula/el-agente-secreto/,https://media.pillalas.com/imagenes/726afb526abffa83bdba0b90e98cf11293bcd8b9c8be1af817aa6c045cd8f479730f7511.jpg,Portugués,No recomendada para menores de 16 años,Viernes 20 Febrero 2026,"Wagner Moura, Gabriel Leone, Udo Kier, Maria Fernanda Cândido","1977. En un Brasil atormentado por la dictadura militar, Marcelo, un cuarentón que huye de un pasado turbulento, llega a la ciudad de Recife, donde espera construir una nueva vida y reencontrarse con su hijo. Todo se complica cuando descubre que las fuerzas gubernamentales le persiguen y las amenazas de muerte se ciernen sobre su cabeza."
EL AGENTE SECRETO,Kleber Mendonça Filho,160,07,20:15,2026-03-02,Renoir Princesa,https://www.pillalas.com/pase/1056929/,https://www.cinesrenoir.com/pelicula/el-agente-secreto/,https://media.pillalas.com/imagenes/726afb526abffa83bdba0b90e98cf11293bcd8b9c8be1af817aa6c045cd8f479730f7511.jpg,Portugués,No recomendada para menores de 16 años,Viernes 20 Febrero 2026,"Wagner Moura, Gabriel Leone, Udo Kier, Maria Fernanda Cândido","1977. En un Brasil atormentado por la dictadura militar, Marcelo, un cuarentón que huye de un pasado turbulento, llega a la ciudad de Recife, donde espera construir una nueva vida y reencontrarse con su hijo. Todo se complica cuando descubre que las fuerzas gubernamentales le persiguen y las amenazas de muerte se ciernen sobre su cabeza."
EL AGENTE SECRETO,Kleber Mendonça Filho,160,04,21:50,2026-03-02,Renoir Princesa,https://www.pillalas.com/pase/1056931/,https://www.cinesrenoir.com/pelicula/el-agente-secreto/,https://media.pillalas.com/imagenes/726afb526abffa83bdba0b90e98cf11293bcd8b9c8be1af817aa6c045cd8f479730f7511.jpg,Portugués,No recomendada para menores de 16 años,Viernes 20 Febrero 2026,"Wagner Moura, Gabriel Leone, Udo Kier, Maria Fernanda Cândido","1977. En un Brasil atormentado por la dictadura militar, Marcelo, un cuarentón que huye de un pasado turbulento, llega a la ciudad de Recife, donde espera construir una nueva vida y reencontrarse con su hijo. Todo se complica cuando descubre que las fuerzas gubernamentales le persiguen y las amenazas de muerte se ciernen sobre su cabeza."
EPIC: ELVIS PRESLEY IN CONCERT,Baz Luhrmann,96,08,20:30,2026-03-02,Renoir Princesa,https://www.pillalas.com/pase/1057005/,https://www.cinesrenoir.com/pelicula/epic-elvis-presley-in-concert/,https://media.pillalas.com/imagenes/726afb526abffa83b23df871ee842b8c8b276cac972cd20eb99e725caf633250d7ccec9f.jpg,Inglés,Apta para todos los públicos,Viernes 27 Febrero 2026,Elvis Presley,"""EPiC"" presenta imágenes perdidas hace mucho tiempo de la legendaria residencia de Presley en Las Vegas en la década de 1970, entrelazadas con imágenes de 16 mm del 'Elvis on Tour' y valiosas películas de 8 mm del archivo de Graceland, junto con grabaciones redescubiertas de Elvis contando 'su versión de la historia'."
HAMNET,Chloé Zhao,125,03,16:00,2026-03-02,Renoir Princesa,https://www.pillalas.com/pase/1056808/,https://www.cinesrenoir.com/pelicula/hamnet/,https://www.cinesrenoir.com/media/Peliculas/Cartel/HAMNET_Cartel_Digital_8Nominaciones_Oscar_YaEnCines_v2_2.jpg,Inglés,No recomendada para menores de 12 años,Viernes 23 Enero 2026,"Jessie Buckley, Paul Mescal, Joe Alwyn, Emily Watson","Año 1596, Stratford-upon-Avon, Inglaterra. La vida de Agnes transcurre plácidamente junto a su marido y sus tres hijos. Ella cultiva plantas medicinales mientras William trabaja en Londres. El destino, sin embargo, les reservará un duro golpe cuando su hijo Hamnet, de once años, muera repentinamente tras contraer la peste. A raíz de esta tragedia, su padre creará uno de los grandes personajes de la literatura universal, de nombre casi idéntico al de su hijo.


Pero esta película no habla de famosos sucesos sino de algo íntimo y olvidado: La vida de esta familia, y especialmente la de la mujer que la sostenía y que tuvo que cargar con una insoportable pérdida."
HAMNET,Chloé Zhao,125,05,17:40,2026-03-02,Renoir Princesa,https://www.pillalas.com/pase/1056924/,https://www.cinesrenoir.com/pelicula/hamnet/,https://www.cinesrenoir.com/media/Peliculas/Cartel/HAMNET_Cartel_Digital_8Nominaciones_Oscar_YaEnCines_v2_2.jpg,Inglés,No recomendada para menores de 12 años,Viernes 23 Enero 2026,"Jessie Buckley, Paul Mescal, Joe Alwyn, Emily Watson","Año 1596, Stratford-upon-Avon, Inglaterra. La vida de Agnes transcurre plácidamente junto a su marido y sus tres hijos. Ella cultiva plantas medicinales mientras William trabaja en Londres. El destino, sin embargo, les reservará un duro golpe cuando su hijo Hamnet, de once años, muera repentinamente tras contraer la peste. A raíz de esta tragedia, su padre creará uno de los grandes personajes de la literatura universal, de nombre casi idéntico al de su hijo.


Pero esta película no habla de famosos sucesos sino de algo íntimo y olvidado: La vida de esta familia, y especialmente la de la mujer que la sostenía y que tuvo que cargar con una insoportable pérdida."
HAMNET,Chloé Zhao,125,05,20:00,2026-03-02,Renoir Princesa,https://www.pillalas.com/pase/1056927/,https://www.cinesrenoir.com/pelicula/hamnet/,https://www.cinesrenoir.com/media/Peliculas/Cartel/HAMNET_Cartel_Digital_8Nominaciones_Oscar_YaEnCines_v2_2.jpg,Inglés,No recomendada para menores de 12 años,Viernes 23 Enero 2026,"Jessie Buckley, Paul Mescal, Joe Alwyn, Emily Watson","Año 1596, Stratford-upon-Avon, Inglaterra. La vida de Agnes transcurre plácidamente junto a su marido y sus tres hijos. Ella cultiva plantas medicinales mientras William trabaja en Londres. El destino, sin embargo, les reservará un duro golpe cuando su hijo Hamnet, de once años, muera repentinamente tras contraer la peste. A raíz de esta tragedia, su padre creará uno de los grandes personajes de la literatura universal, de nombre casi idéntico al de su hijo.


Pero esta película no habla de famosos sucesos sino de algo íntimo y olvidado: La vida de esta familia, y especialmente la de la mujer que la sostenía y que tuvo que cargar con una insoportable pérdida."
HAMNET,Chloé Zhao,125,05,22:20,2026-03-02,Renoir Princesa,https://www.pillalas.com/pase/1056932/,https://www.cinesrenoir.com/pelicula/hamnet/,https://www.cinesrenoir.com/media/Peliculas/Cartel/HAMNET_Cartel_Digital_8Nominaciones_Oscar_YaEnCines_v2_2.jpg,Inglés,No recomendada para menores de 12 años,Viernes 23 Enero 2026,"Jessie Buckley, Paul Mescal, Joe Alwyn, Emily Watson","Año 1596, Stratford-upon-Avon, Inglaterra. La vida de Agnes transcurre plácidamente junto a su marido y sus tres hijos. Ella cultiva plantas medicinales mientras William trabaja en Londres. El destino, sin embargo, les reservará un duro golpe cuando su hijo Hamnet, de once años, muera repentinamente tras contraer la peste. A raíz de esta tragedia, su padre creará uno de los grandes personajes de la literatura universal, de nombre casi idéntico al de su hijo.


Pero esta película no habla de famosos sucesos sino de algo íntimo y olvidado: La vida de esta familia, y especialmente la de la mujer que la sostenía y que tuvo que cargar con una insoportable pérdida."
LITTLE AMELIE,"Mailys Vallade, Liane-Cho Han Jin Kuang",77,05,16:00,2026-03-02,Renoir Princesa,https://www.pillalas.com/pase/1056920/,https://www.cinesrenoir.com/pelicula/little-amelie/,https://media.pillalas.com/imagenes/726afb526abffa830cf602187f6a0774a2be2cd024be305aa13f298deb2bd3128a88c8e7.jpg,Francés,Apta para todos los públicos y distintivo especialmente recomendada para la infancia,Viernes 20 Febrero 2026,Animación,"Amélie es una niña belga nacida en Japón. Gracias a su amiga y niñera Nishio-san, su vida es una sucesión de aventuras y descubrimientos. Pero el día de su tercer cumpleaños, todo cambia."
LOS DOMINGOS,Alauda Ruiz De Azúa,115,09,16:00,2026-03-02,Renoir Princesa,https://www.pillalas.com/pase/1057003/,https://www.cinesrenoir.com/pelicula/los-domingos/,https://media.pillalas.com/imagenes/726afb526abffa83eb13c84b6e843cdf406388aa12cc57b934b6e5ab1c8e2d84ce9ad1f4.jpg,Castellano,No recomendada para menores de 12 años,Viernes 24 Octubre 2025,"Patricia López Arnaiz, Blanca Soroa, Miguel Garcés, Juan Minujín, Mabel Rivera, Nagore Aramburu","'Los domingos' cuenta la historia de Ainara (Soroa), una joven idealista y brillante de 17 años que ha de decidir qué carrera universitaria estudiará. O, al menos, eso espera su familia que haga. Sin embargo, la joven manifiesta que se siente cada vez más cerca de Dios y que se plantea abrazar la vida de monja de clausura. La noticia pilla por sorpresa a toda la familia provocando un abismo y una prueba de fuego para todos."
LOS DOMINGOS,Alauda Ruiz De Azúa,115,06,18:05,2026-03-02,Renoir Princesa,https://www.pillalas.com/pase/1056925/,https://www.cinesrenoir.com/pelicula/los-domingos/,https://media.pillalas.com/imagenes/726afb526abffa83eb13c84b6e843cdf406388aa12cc57b934b6e5ab1c8e2d84ce9ad1f4.jpg,Castellano,No recomendada para menores de 12 años,Viernes 24 Octubre 2025,"Patricia López Arnaiz, Blanca Soroa, Miguel Garcés, Juan Minujín, Mabel Rivera, Nagore Aramburu","'Los domingos' cuenta la historia de Ainara (Soroa), una joven idealista y brillante de 17 años que ha de decidir qué carrera universitaria estudiará. O, al menos, eso espera su familia que haga. Sin embargo, la joven manifiesta que se siente cada vez más cerca de Dios y que se plantea abrazar la vida de monja de clausura. La noticia pilla por sorpresa a toda la familia provocando un abismo y una prueba de fuego para todos."
LOS DOMINGOS,Alauda Ruiz De Azúa,115,06,20:15,2026-03-02,Renoir Princesa,https://www.pillalas.com/pase/1056928/,https://www.cinesrenoir.com/pelicula/los-domingos/,https://media.pillalas.com/imagenes/726afb526abffa83eb13c84b6e843cdf406388aa12cc57b934b6e5ab1c8e2d84ce9ad1f4.jpg,Castellano,No recomendada para menores de 12 años,Viernes 24 Octubre 2025,"Patricia López Arnaiz, Blanca Soroa, Miguel Garcés, Juan Minujín, Mabel Rivera, Nagore Aramburu","'Los domingos' cuenta la historia de Ainara (Soroa), una joven idealista y brillante de 17 años que ha de decidir qué carrera universitaria estudiará. O, al menos, eso espera su familia que haga. Sin embargo, la joven manifiesta que se siente cada vez más cerca de Dios y que se plantea abrazar la vida de monja de clausura. La noticia pilla por sorpresa a toda la familia provocando un abismo y una prueba de fuego para todos."
LOS DOMINGOS,Alauda Ruiz De Azúa,115,06,22:30,2026-03-02,Renoir Princesa,https://www.pillalas.com/pase/1056933/,https://www.cinesrenoir.com/pelicula/los-domingos/,https://media.pillalas.com/imagenes/726afb526abffa83eb13c84b6e843cdf406388aa12cc57b934b6e5ab1c8e2d84ce9ad1f4.jpg,Castellano,No recomendada para menores de 12 años,Viernes 24 Octubre 2025,"Patricia López Arnaiz, Blanca Soroa, Miguel Garcés, Juan Minujín, Mabel Rivera, Nagore Aramburu","'Los domingos' cuenta la historia de Ainara (Soroa), una joven idealista y brillante de 17 años que ha de decidir qué carrera universitaria estudiará. O, al menos, eso espera su familia que haga. Sin embargo, la joven manifiesta que se siente cada vez más cerca de Dios y que se plantea abrazar la vida de monja de clausura. La noticia pilla por sorpresa a toda la familia provocando un abismo y una prueba de fuego para todos."
MARTY SUPREME,Josh Safdie,149,10,16:00,2026-03-02,Renoir Princesa,https://www.pillalas.com/pase/1057042/,https://www.cinesrenoir.com/pelicula/marty-supreme/,https://media.pillalas.com/imagenes/726afb526abffa83215ea8a89c8894fb1ac44e6c3b86faba19f84e195b42d541304dcb79.jpg,Inglés,No recomendada para menores de 16 años,Viernes 30 Enero 2026,"Timothee Chalamet, Gwyneth Paltrow, Odessa A Zion, Sandra Bernhard, Fran Drescher, Abel Ferrara, Spenser Granese, Tyler The Creator, Penn Jillette, Kevin O Leary","Marty Mauser (Timothée Chalamet), un joven con una ambición desmesurada, está dispuesto a todo para cumplir su sueño. Con ayuda, entre otros, de la estrella de cine Carol Dunne (Gwyneth Paltrow) demostrará al mundo entero su grandeza."
MARTY SUPREME,Josh Safdie,149,10,18:50,2026-03-02,Renoir Princesa,https://www.pillalas.com/pase/1057045/,https://www.cinesrenoir.com/pelicula/marty-supreme/,https://media.pillalas.com/imagenes/726afb526abffa83215ea8a89c8894fb1ac44e6c3b86faba19f84e195b42d541304dcb79.jpg,Inglés,No recomendada para menores de 16 años,Viernes 30 Enero 2026,"Timothee Chalamet, Gwyneth Paltrow, Odessa A Zion, Sandra Bernhard, Fran Drescher, Abel Ferrara, Spenser Granese, Tyler The Creator, Penn Jillette, Kevin O Leary","Marty Mauser (Timothée Chalamet), un joven con una ambición desmesurada, está dispuesto a todo para cumplir su sueño. Con ayuda, entre otros, de la estrella de cine Carol Dunne (Gwyneth Paltrow) demostrará al mundo entero su grandeza."
MARTY SUPREME,Josh Safdie,149,10,21:35,2026-03-02,Renoir Princesa,https://www.pillalas.com/pase/1057048/,https://www.cinesrenoir.com/pelicula/marty-supreme/,https://media.pillalas.com/imagenes/726afb526abffa83215ea8a89c8894fb1ac44e6c3b86faba19f84e195b42d541304dcb79.jpg,Inglés,No recomendada para menores de 16 años,Viernes 30 Enero 2026,"Timothee Chalamet, Gwyneth Paltrow, Odessa A Zion, Sandra Bernhard, Fran Drescher, Abel Ferrara, Spenser Granese, Tyler The Creator, Penn Jillette, Kevin O Leary","Marty Mauser (Timothée Chalamet), un joven con una ambición desmesurada, está dispuesto a todo para cumplir su sueño. Con ayuda, entre otros, de la estrella de cine Carol Dunne (Gwyneth Paltrow) demostrará al mundo entero su grandeza."
RENTAL FAMILY (FAMILIA DE ALQUILER),Mitsuyo Miyazaki,109,06,16:00,2026-03-02,Renoir Princesa,https://www.pillalas.com/pase/1056921/,https://www.cinesrenoir.com/pelicula/rental-family-familia-de-alquiler/,https://media.pillalas.com/imagenes/726afb526abffa8354fd8d551fddc8b6f2c37df750c002f9f65d59d1707b603c58f3211d.jpg,Inglés Y Japonés,No recomendada para menores de 12 años,Viernes 9 Enero 2026,"Brendan Fraser, Mari Yamamoto, Takehiro Hira, Akira Emoto, Shannon Gorman","Comedia dramática sobre un actor estadounidense (Brendan Fraser) que lucha por encontrar un propósito en la vida en el Tokio actual. Hasta que consigue un trabajo inusual, trabajar para una agencia japonesa de ""familias de alquiler"", interpretando papeles de suplente para desconocidos."
RENTAL FAMILY (FAMILIA DE ALQUILER),Mitsuyo Miyazaki,109,03,18:20,2026-03-02,Renoir Princesa,https://www.pillalas.com/pase/1056812/,https://www.cinesrenoir.com/pelicula/rental-family-familia-de-alquiler/,https://media.pillalas.com/imagenes/726afb526abffa8354fd8d551fddc8b6f2c37df750c002f9f65d59d1707b603c58f3211d.jpg,Inglés Y Japonés,No recomendada para menores de 12 años,Viernes 9 Enero 2026,"Brendan Fraser, Mari Yamamoto, Takehiro Hira, Akira Emoto, Shannon Gorman","Comedia dramática sobre un actor estadounidense (Brendan Fraser) que lucha por encontrar un propósito en la vida en el Tokio actual. Hasta que consigue un trabajo inusual, trabajar para una agencia japonesa de ""familias de alquiler"", interpretando papeles de suplente para desconocidos."
SCARLET,Mamoru Hosoda Mamoru Hosoda,111,08,18:20,2026-03-02,Renoir Princesa,https://www.pillalas.com/pase/1057004/,https://www.cinesrenoir.com/pelicula/scarlet/,https://media.pillalas.com/imagenes/726afb526abffa83d4a122cc6de08c8b36937e6d027dcb3465ceb9e1d14ec4e71675cf39.jpg,Japonés,No recomendada para menores de 12 años,Viernes 27 Febrero 2026,Animación,"Una princesa medieval experta en el manejo de la espada se embarca en una peligrosa misión para vengar la muerte de su padre. Tras fracasar en su misión y encontrarse gravemente herida en un «Otromundo», conoce a un joven idealista de nuestro presente que no solo la ayuda a curarse, sino que le muestra la posibilidad de un futuro libre de amargura y rabia. Cuando se enfrenta de nuevo al asesino de su padre, Scarlet se enfrenta a su batalla más difícil: ¿podrá romper el ciclo del odio y encontrar un sentido a la vida más allá de la venganza?"
SCARLET,Mamoru Hosoda Mamoru Hosoda,111,08,22:25,2026-03-02,Renoir Princesa,https://www.pillalas.com/pase/1057006/,https://www.cinesrenoir.com/pelicula/scarlet/,https://media.pillalas.com/imagenes/726afb526abffa83d4a122cc6de08c8b36937e6d027dcb3465ceb9e1d14ec4e71675cf39.jpg,Japonés,No recomendada para menores de 12 años,Viernes 27 Febrero 2026,Animación,"Una princesa medieval experta en el manejo de la espada se embarca en una peligrosa misión para vengar la muerte de su padre. Tras fracasar en su misión y encontrarse gravemente herida en un «Otromundo», conoce a un joven idealista de nuestro presente que no solo la ayuda a curarse, sino que le muestra la posibilidad de un futuro libre de amargura y rabia. Cuando se enfrenta de nuevo al asesino de su padre, Scarlet se enfrenta a su batalla más difícil: ¿podrá romper el ciclo del odio y encontrar un sentido a la vida más allá de la venganza?"
SIN CONEXIÓN,Bradley Cooper Cooper,120,08,16:00,2026-03-02,Renoir Princesa,https://www.pillalas.com/pase/1056919/,https://www.cinesrenoir.com/pelicula/sin-conexion/,https://media.pillalas.com/imagenes/726afb526abffa832172609433a0fdb98ea954f3904a127b5015f2f2335b6b1b2f7219c3.jpg,Inglés,No recomendada para menores de 12 años,Viernes 20 Febrero 2026,"Will Arnett, Laura Dern, Andra Day, Bradley Cooper, Amy Sedaris, Sean Hayes, Christine Ebersole, Ciarán Hinds, Scott Icenogle","Mientras su matrimonio se desmorona silenciosamente, Alex (Will Arnett) se enfrenta a la mediana edad y a un divorcio inminente, buscando un nuevo propósito en el mundo de la comedia neoyorquina, mientras que Tess (Laura Dern) se enfrenta a los sacrificios que ha hecho por su familia, lo que les obliga a lidiar con la crianza compartida, la identidad y si el amor puede adoptar una nueva forma."
SIN CONEXIÓN,Bradley Cooper Cooper,120,01,22:00,2026-03-02,Renoir Princesa,https://www.pillalas.com/pase/1056815/,https://www.cinesrenoir.com/pelicula/sin-conexion/,https://media.pillalas.com/imagenes/726afb526abffa832172609433a0fdb98ea954f3904a127b5015f2f2335b6b1b2f7219c3.jpg,Inglés,No recomendada para menores de 12 años,Viernes 20 Febrero 2026,"Will Arnett, Laura Dern, Andra Day, Bradley Cooper, Amy Sedaris, Sean Hayes, Christine Ebersole, Ciarán Hinds, Scott Icenogle","Mientras su matrimonio se desmorona silenciosamente, Alex (Will Arnett) se enfrenta a la mediana edad y a un divorcio inminente, buscando un nuevo propósito en el mundo de la comedia neoyorquina, mientras que Tess (Laura Dern) se enfrenta a los sacrificios que ha hecho por su familia, lo que les obliga a lidiar con la crianza compartida, la identidad y si el amor puede adoptar una nueva forma."
SIRAT,Óliver Laxe,120,03,20:25,2026-03-02,Renoir Princesa,https://www.pillalas.com/pase/1056930/,https://www.cinesrenoir.com/pelicula/sirat/,https://www.cinesrenoir.com/media/Peliculas/Cartel/SIRAT_ONLINE_GOYAOSCARS.jpg,Castellano Y Otros,No recomendada para menores de 16 años,Viernes 6 Junio 2025,"Sergi López, Bruno Núñez, Stefania Gadda, Joshua Liam Herderson, Tonin Javier, Jade Ouki, Richard Bellamyun","Un hombre (López) y su hijo (Nuñez) llegan a una rave perdida en medio de las áridas y fantasmagóricas montañas del sur de Marruecos. Buscan allí a Mar, su hija y hermana, desaparecida hace meses en una de estas fiestas sin amanecer. Reparten una y otra vez su foto rodeados de música electrónica y de un tipo de libertad que desconocen. Empujados por el destino, y con la esperanza de encontrar ahí a Mar, deciden seguir a un grupo de raveros hacia la última fiesta que se celebrará en el desierto."
SIRAT,Óliver Laxe,120,03,22:35,2026-03-02,Renoir Princesa,https://www.pillalas.com/pase/1056934/,https://www.cinesrenoir.com/pelicula/sirat/,https://www.cinesrenoir.com/media/Peliculas/Cartel/SIRAT_ONLINE_GOYAOSCARS.jpg,Castellano Y Otros,No recomendada para menores de 16 años,Viernes 6 Junio 2025,"Sergi López, Bruno Núñez, Stefania Gadda, Joshua Liam Herderson, Tonin Javier, Jade Ouki, Richard Bellamyun","Un hombre (López) y su hijo (Nuñez) llegan a una rave perdida en medio de las áridas y fantasmagóricas montañas del sur de Marruecos. Buscan allí a Mar, su hija y hermana, desaparecida hace meses en una de estas fiestas sin amanecer. Reparten una y otra vez su foto rodeados de música electrónica y de un tipo de libertad que desconocen. Empujados por el destino, y con la esperanza de encontrar ahí a Mar, deciden seguir a un grupo de raveros hacia la última fiesta que se celebrará en el desierto."
"SORRY, BABY",Eva Victor,102,01,16:00,2026-03-02,Renoir Princesa,https://www.pillalas.com/pase/1056809/,https://www.cinesrenoir.com/pelicula/sorry-baby/,https://media.pillalas.com/imagenes/726afb526abffa837c59681f561d4afba82a26ef8235abdaa380a4c9cf2bacb70dacac1c.jpg,Inglés,No recomendada para menores de 16 años y distintivo especialmente recomendada para el fomento de la igualdad de género,Viernes 27 Febrero 2026,"Eva Victor, Naomi Ackie, Lucas Hedges, John Carroll Lynch, Louis Cancelmi","A Agnes le pasó algo malo. Pero la vida sigue, al menos para todos los que la rodean."
"SORRY, BABY",Eva Victor,102,01,18:00,2026-03-02,Renoir Princesa,https://www.pillalas.com/pase/1056810/,https://www.cinesrenoir.com/pelicula/sorry-baby/,https://media.pillalas.com/imagenes/726afb526abffa837c59681f561d4afba82a26ef8235abdaa380a4c9cf2bacb70dacac1c.jpg,Inglés,No recomendada para menores de 16 años y distintivo especialmente recomendada para el fomento de la igualdad de género,Viernes 27 Febrero 2026,"Eva Victor, Naomi Ackie, Lucas Hedges, John Carroll Lynch, Louis Cancelmi","A Agnes le pasó algo malo. Pero la vida sigue, al menos para todos los que la rodean."
"SORRY, BABY",Eva Victor,102,01,20:00,2026-03-02,Renoir Princesa,https://www.pillalas.com/pase/1056813/,https://www.cinesrenoir.com/pelicula/sorry-baby/,https://media.pillalas.com/imagenes/726afb526abffa837c59681f561d4afba82a26ef8235abdaa380a4c9cf2bacb70dacac1c.jpg,Inglés,No recomendada para menores de 16 años y distintivo especialmente recomendada para el fomento de la igualdad de género,Viernes 27 Febrero 2026,"Eva Victor, Naomi Ackie, Lucas Hedges, John Carroll Lynch, Louis Cancelmi","A Agnes le pasó algo malo. Pero la vida sigue, al menos para todos los que la rodean."
"SORRY, BABY",Eva Victor,102,02,22:45,2026-03-02,Renoir Princesa,https://www.pillalas.com/pase/1056816/,https://www.cinesrenoir.com/pelicula/sorry-baby/,https://media.pillalas.com/imagenes/726afb526abffa837c59681f561d4afba82a26ef8235abdaa380a4c9cf2bacb70dacac1c.jpg,Inglés,No recomendada para menores de 16 años y distintivo especialmente recomendada para el fomento de la igualdad de género,Viernes 27 Febrero 2026,"Eva Victor, Naomi Ackie, Lucas Hedges, John Carroll Lynch, Louis Cancelmi","A Agnes le pasó algo malo. Pero la vida sigue, al menos para todos los que la rodean."
TRES ADIOSES,Isabel Coixet,122,02,16:00,2026-03-02,Renoir Princesa,https://www.pillalas.com/pase/1056807/,https://www.cinesrenoir.com/pelicula/tres-adioses/,https://media.pillalas.com/imagenes/726afb526abffa832ea2a44a189894de905fc7e94534a8bf4ef6bf13e5ccdfe90922c22e.jpg,Italiano,No recomendada para menores de 12 años,Viernes 6 Febrero 2026,"Alba Rohrwacher, Elio Germano, Francesco Carril, Silvia D Amico, Galatea Bellugi, Sarita Choudhury","Tras lo que parecía una discusión sin importancia, Marta (Alba Rohrwacher) y Antonio (Elio Germano) se separan. Él, un chef prometedor, se refugia en sus fogones; ella, en su silencio, empieza a notar algo más que tristeza: ha perdido el apetito… y no solo por desamor. Cuando descubre que detrás hay un problema de salud, todo da un giro inesperado: la comida sabe mejor, la música le llega como nunca y el deseo despierta sus ganas de vivir sin miedo.
Una historia sobre el amor, la vida y esos momentos que lo cambian todo para siempre."
TRES ADIOSES,Isabel Coixet,122,02,18:15,2026-03-02,Renoir Princesa,https://www.pillalas.com/pase/1056811/,https://www.cinesrenoir.com/pelicula/tres-adioses/,https://media.pillalas.com/imagenes/726afb526abffa832ea2a44a189894de905fc7e94534a8bf4ef6bf13e5ccdfe90922c22e.jpg,Italiano,No recomendada para menores de 12 años,Viernes 6 Febrero 2026,"Alba Rohrwacher, Elio Germano, Francesco Carril, Silvia D Amico, Galatea Bellugi, Sarita Choudhury","Tras lo que parecía una discusión sin importancia, Marta (Alba Rohrwacher) y Antonio (Elio Germano) se separan. Él, un chef prometedor, se refugia en sus fogones; ella, en su silencio, empieza a notar algo más que tristeza: ha perdido el apetito… y no solo por desamor. Cuando descubre que detrás hay un problema de salud, todo da un giro inesperado: la comida sabe mejor, la música le llega como nunca y el deseo despierta sus ganas de vivir sin miedo.
Una historia sobre el amor, la vida y esos momentos que lo cambian todo para siempre."
TRES ADIOSES,Isabel Coixet,122,02,20:30,2026-03-02,Renoir Princesa,https://www.pillalas.com/pase/1056814/,https://www.cinesrenoir.com/pelicula/tres-adioses/,https://media.pillalas.com/imagenes/726afb526abffa832ea2a44a189894de905fc7e94534a8bf4ef6bf13e5ccdfe90922c22e.jpg,Italiano,No recomendada para menores de 12 años,Viernes 6 Febrero 2026,"Alba Rohrwacher, Elio Germano, Francesco Carril, Silvia D Amico, Galatea Bellugi, Sarita Choudhury","Tras lo que parecía una discusión sin importancia, Marta (Alba Rohrwacher) y Antonio (Elio Germano) se separan. Él, un chef prometedor, se refugia en sus fogones; ella, en su silencio, empieza a notar algo más que tristeza: ha perdido el apetito… y no solo por desamor. Cuando descubre que detrás hay un problema de salud, todo da un giro inesperado: la comida sabe mejor, la música le llega como nunca y el deseo despierta sus ganas de vivir sin miedo.
Una historia sobre el amor, la vida y esos momentos que lo cambian todo para siempre."
CUMBRES BORRASCOSAS,Emerald Fennell,135,11,16:10,2026-03-03,Renoir Princesa,https://www.pillalas.com/pase/1057051/,https://www.cinesrenoir.com/pelicula/cumbres-borrascosas/,https://media.pillalas.com/imagenes/726afb526abffa83abe8577deb3c0674bd352fd2b0500497b1d5570f2dd570487210fc4e.jpg,Inglés,No recomendada para menores de 16 años,Viernes 13 Febrero 2026,"Margot Robbie, Jacob Elordi, Hong Chau, Alison Oliver, Owen Cooper, Shazad Latif, Martin Clunes, Ewan Mitchell, Amy Morgan, Jessica Knappett, Charlotte Mellington, Vy Nguyen","Adaptada a todo tipo de formatos en multitud de ocasiones, se trata de una trágica historia de pasiones encontradas en la Inglaterra rural más conservadora. Una historia de venganza y odio, de pasiones desatadas y amores desesperados que van más allá de la muerte ambientada en los brumosos y sombríos páramos de Yorkshire, al norte de Inglaterra."
CUMBRES BORRASCOSAS,Emerald Fennell,135,09,18:10,2026-03-03,Renoir Princesa,https://www.pillalas.com/pase/1057052/,https://www.cinesrenoir.com/pelicula/cumbres-borrascosas/,https://media.pillalas.com/imagenes/726afb526abffa83abe8577deb3c0674bd352fd2b0500497b1d5570f2dd570487210fc4e.jpg,Inglés,No recomendada para menores de 16 años,Viernes 13 Febrero 2026,"Margot Robbie, Jacob Elordi, Hong Chau, Alison Oliver, Owen Cooper, Shazad Latif, Martin Clunes, Ewan Mitchell, Amy Morgan, Jessica Knappett, Charlotte Mellington, Vy Nguyen","Adaptada a todo tipo de formatos en multitud de ocasiones, se trata de una trágica historia de pasiones encontradas en la Inglaterra rural más conservadora. Una historia de venganza y odio, de pasiones desatadas y amores desesperados que van más allá de la muerte ambientada en los brumosos y sombríos páramos de Yorkshire, al norte de Inglaterra."
CUMBRES BORRASCOSAS,Emerald Fennell,135,11,19:00,2026-03-03,Renoir Princesa,https://www.pillalas.com/pase/1057054/,https://www.cinesrenoir.com/pelicula/cumbres-borrascosas/,https://media.pillalas.com/imagenes/726afb526abffa83abe8577deb3c0674bd352fd2b0500497b1d5570f2dd570487210fc4e.jpg,Inglés,No recomendada para menores de 16 años,Viernes 13 Febrero 2026,"Margot Robbie, Jacob Elordi, Hong Chau, Alison Oliver, Owen Cooper, Shazad Latif, Martin Clunes, Ewan Mitchell, Amy Morgan, Jessica Knappett, Charlotte Mellington, Vy Nguyen","Adaptada a todo tipo de formatos en multitud de ocasiones, se trata de una trágica historia de pasiones encontradas en la Inglaterra rural más conservadora. Una historia de venganza y odio, de pasiones desatadas y amores desesperados que van más allá de la muerte ambientada en los brumosos y sombríos páramos de Yorkshire, al norte de Inglaterra."
CUMBRES BORRASCOSAS,Emerald Fennell,135,09,20:35,2026-03-03,Renoir Princesa,https://www.pillalas.com/pase/1057055/,https://www.cinesrenoir.com/pelicula/cumbres-borrascosas/,https://media.pillalas.com/imagenes/726afb526abffa83abe8577deb3c0674bd352fd2b0500497b1d5570f2dd570487210fc4e.jpg,Inglés,No recomendada para menores de 16 años,Viernes 13 Febrero 2026,"Margot Robbie, Jacob Elordi, Hong Chau, Alison Oliver, Owen Cooper, Shazad Latif, Martin Clunes, Ewan Mitchell, Amy Morgan, Jessica Knappett, Charlotte Mellington, Vy Nguyen","Adaptada a todo tipo de formatos en multitud de ocasiones, se trata de una trágica historia de pasiones encontradas en la Inglaterra rural más conservadora. Una historia de venganza y odio, de pasiones desatadas y amores desesperados que van más allá de la muerte ambientada en los brumosos y sombríos páramos de Yorkshire, al norte de Inglaterra."
CUMBRES BORRASCOSAS,Emerald Fennell,135,11,21:45,2026-03-03,Renoir Princesa,https://www.pillalas.com/pase/1057057/,https://www.cinesrenoir.com/pelicula/cumbres-borrascosas/,https://media.pillalas.com/imagenes/726afb526abffa83abe8577deb3c0674bd352fd2b0500497b1d5570f2dd570487210fc4e.jpg,Inglés,No recomendada para menores de 16 años,Viernes 13 Febrero 2026,"Margot Robbie, Jacob Elordi, Hong Chau, Alison Oliver, Owen Cooper, Shazad Latif, Martin Clunes, Ewan Mitchell, Amy Morgan, Jessica Knappett, Charlotte Mellington, Vy Nguyen","Adaptada a todo tipo de formatos en multitud de ocasiones, se trata de una trágica historia de pasiones encontradas en la Inglaterra rural más conservadora. Una historia de venganza y odio, de pasiones desatadas y amores desesperados que van más allá de la muerte ambientada en los brumosos y sombríos páramos de Yorkshire, al norte de Inglaterra."
EL AGENTE SECRETO,Kleber Mendonça Filho,160,04,16:00,2026-03-03,Renoir Princesa,https://www.pillalas.com/pase/1056936/,https://www.cinesrenoir.com/pelicula/el-agente-secreto/,https://media.pillalas.com/imagenes/726afb526abffa83bdba0b90e98cf11293bcd8b9c8be1af817aa6c045cd8f479730f7511.jpg,Portugués,No recomendada para menores de 16 años,Viernes 20 Febrero 2026,"Wagner Moura, Gabriel Leone, Udo Kier, Maria Fernanda Cândido","1977. En un Brasil atormentado por la dictadura militar, Marcelo, un cuarentón que huye de un pasado turbulento, llega a la ciudad de Recife, donde espera construir una nueva vida y reencontrarse con su hijo. Todo se complica cuando descubre que las fuerzas gubernamentales le persiguen y las amenazas de muerte se ciernen sobre su cabeza."
EL AGENTE SECRETO,Kleber Mendonça Filho,160,07,17:15,2026-03-03,Renoir Princesa,https://www.pillalas.com/pase/1056939/,https://www.cinesrenoir.com/pelicula/el-agente-secreto/,https://media.pillalas.com/imagenes/726afb526abffa83bdba0b90e98cf11293bcd8b9c8be1af817aa6c045cd8f479730f7511.jpg,Portugués,No recomendada para menores de 16 años,Viernes 20 Febrero 2026,"Wagner Moura, Gabriel Leone, Udo Kier, Maria Fernanda Cândido","1977. En un Brasil atormentado por la dictadura militar, Marcelo, un cuarentón que huye de un pasado turbulento, llega a la ciudad de Recife, donde espera construir una nueva vida y reencontrarse con su hijo. Todo se complica cuando descubre que las fuerzas gubernamentales le persiguen y las amenazas de muerte se ciernen sobre su cabeza."
EL AGENTE SECRETO,Kleber Mendonça Filho,160,04,18:55,2026-03-03,Renoir Princesa,https://www.pillalas.com/pase/1056942/,https://www.cinesrenoir.com/pelicula/el-agente-secreto/,https://media.pillalas.com/imagenes/726afb526abffa83bdba0b90e98cf11293bcd8b9c8be1af817aa6c045cd8f479730f7511.jpg,Portugués,No recomendada para menores de 16 años,Viernes 20 Febrero 2026,"Wagner Moura, Gabriel Leone, Udo Kier, Maria Fernanda Cândido","1977. En un Brasil atormentado por la dictadura militar, Marcelo, un cuarentón que huye de un pasado turbulento, llega a la ciudad de Recife, donde espera construir una nueva vida y reencontrarse con su hijo. Todo se complica cuando descubre que las fuerzas gubernamentales le persiguen y las amenazas de muerte se ciernen sobre su cabeza."
EL AGENTE SECRETO,Kleber Mendonça Filho,160,04,21:50,2026-03-03,Renoir Princesa,https://www.pillalas.com/pase/1056947/,https://www.cinesrenoir.com/pelicula/el-agente-secreto/,https://media.pillalas.com/imagenes/726afb526abffa83bdba0b90e98cf11293bcd8b9c8be1af817aa6c045cd8f479730f7511.jpg,Portugués,No recomendada para menores de 16 años,Viernes 20 Febrero 2026,"Wagner Moura, Gabriel Leone, Udo Kier, Maria Fernanda Cândido","1977. En un Brasil atormentado por la dictadura militar, Marcelo, un cuarentón que huye de un pasado turbulento, llega a la ciudad de Recife, donde espera construir una nueva vida y reencontrarse con su hijo. Todo se complica cuando descubre que las fuerzas gubernamentales le persiguen y las amenazas de muerte se ciernen sobre su cabeza."
EPIC: ELVIS PRESLEY IN CONCERT,Baz Luhrmann,96,08,20:30,2026-03-03,Renoir Princesa,https://www.pillalas.com/pase/1057009/,https://www.cinesrenoir.com/pelicula/epic-elvis-presley-in-concert/,https://media.pillalas.com/imagenes/726afb526abffa83b23df871ee842b8c8b276cac972cd20eb99e725caf633250d7ccec9f.jpg,Inglés,Apta para todos los públicos,Viernes 27 Febrero 2026,Elvis Presley,"""EPiC"" presenta imágenes perdidas hace mucho tiempo de la legendaria residencia de Presley en Las Vegas en la década de 1970, entrelazadas con imágenes de 16 mm del 'Elvis on Tour' y valiosas películas de 8 mm del archivo de Graceland, junto con grabaciones redescubiertas de Elvis contando 'su versión de la historia'."
HAMNET,Chloé Zhao,125,03,16:00,2026-03-03,Renoir Princesa,https://www.pillalas.com/pase/1056817/,https://www.cinesrenoir.com/pelicula/hamnet/,https://www.cinesrenoir.com/media/Peliculas/Cartel/HAMNET_Cartel_Digital_8Nominaciones_Oscar_YaEnCines_v2_2.jpg,Inglés,No recomendada para menores de 12 años,Viernes 23 Enero 2026,"Jessie Buckley, Paul Mescal, Joe Alwyn, Emily Watson","Año 1596, Stratford-upon-Avon, Inglaterra. La vida de Agnes transcurre plácidamente junto a su marido y sus tres hijos. Ella cultiva plantas medicinales mientras William trabaja en Londres. El destino, sin embargo, les reservará un duro golpe cuando su hijo Hamnet, de once años, muera repentinamente tras contraer la peste. A raíz de esta tragedia, su padre creará uno de los grandes personajes de la literatura universal, de nombre casi idéntico al de su hijo.


Pero esta película no habla de famosos sucesos sino de algo íntimo y olvidado: La vida de esta familia, y especialmente la de la mujer que la sostenía y que tuvo que cargar con una insoportable pérdida."
HAMNET,Chloé Zhao,125,05,17:40,2026-03-03,Renoir Princesa,https://www.pillalas.com/pase/1056940/,https://www.cinesrenoir.com/pelicula/hamnet/,https://www.cinesrenoir.com/media/Peliculas/Cartel/HAMNET_Cartel_Digital_8Nominaciones_Oscar_YaEnCines_v2_2.jpg,Inglés,No recomendada para menores de 12 años,Viernes 23 Enero 2026,"Jessie Buckley, Paul Mescal, Joe Alwyn, Emily Watson","Año 1596, Stratford-upon-Avon, Inglaterra. La vida de Agnes transcurre plácidamente junto a su marido y sus tres hijos. Ella cultiva plantas medicinales mientras William trabaja en Londres. El destino, sin embargo, les reservará un duro golpe cuando su hijo Hamnet, de once años, muera repentinamente tras contraer la peste. A raíz de esta tragedia, su padre creará uno de los grandes personajes de la literatura universal, de nombre casi idéntico al de su hijo.


Pero esta película no habla de famosos sucesos sino de algo íntimo y olvidado: La vida de esta familia, y especialmente la de la mujer que la sostenía y que tuvo que cargar con una insoportable pérdida."
HAMNET,Chloé Zhao,125,05,20:00,2026-03-03,Renoir Princesa,https://www.pillalas.com/pase/1056943/,https://www.cinesrenoir.com/pelicula/hamnet/,https://www.cinesrenoir.com/media/Peliculas/Cartel/HAMNET_Cartel_Digital_8Nominaciones_Oscar_YaEnCines_v2_2.jpg,Inglés,No recomendada para menores de 12 años,Viernes 23 Enero 2026,"Jessie Buckley, Paul Mescal, Joe Alwyn, Emily Watson","Año 1596, Stratford-upon-Avon, Inglaterra. La vida de Agnes transcurre plácidamente junto a su marido y sus tres hijos. Ella cultiva plantas medicinales mientras William trabaja en Londres. El destino, sin embargo, les reservará un duro golpe cuando su hijo Hamnet, de once años, muera repentinamente tras contraer la peste. A raíz de esta tragedia, su padre creará uno de los grandes personajes de la literatura universal, de nombre casi idéntico al de su hijo.


Pero esta película no habla de famosos sucesos sino de algo íntimo y olvidado: La vida de esta familia, y especialmente la de la mujer que la sostenía y que tuvo que cargar con una insoportable pérdida."
HAMNET,Chloé Zhao,125,05,22:20,2026-03-03,Renoir Princesa,https://www.pillalas.com/pase/1056948/,https://www.cinesrenoir.com/pelicula/hamnet/,https://www.cinesrenoir.com/media/Peliculas/Cartel/HAMNET_Cartel_Digital_8Nominaciones_Oscar_YaEnCines_v2_2.jpg,Inglés,No recomendada para menores de 12 años,Viernes 23 Enero 2026,"Jessie Buckley, Paul Mescal, Joe Alwyn, Emily Watson","Año 1596, Stratford-upon-Avon, Inglaterra. La vida de Agnes transcurre plácidamente junto a su marido y sus tres hijos. Ella cultiva plantas medicinales mientras William trabaja en Londres. El destino, sin embargo, les reservará un duro golpe cuando su hijo Hamnet, de once años, muera repentinamente tras contraer la peste. A raíz de esta tragedia, su padre creará uno de los grandes personajes de la literatura universal, de nombre casi idéntico al de su hijo.


Pero esta película no habla de famosos sucesos sino de algo íntimo y olvidado: La vida de esta familia, y especialmente la de la mujer que la sostenía y que tuvo que cargar con una insoportable pérdida."
LITTLE AMELIE,"Mailys Vallade, Liane-Cho Han Jin Kuang",77,05,16:00,2026-03-03,Renoir Princesa,https://www.pillalas.com/pase/1056938/,https://www.cinesrenoir.com/pelicula/little-amelie/,https://media.pillalas.com/imagenes/726afb526abffa830cf602187f6a0774a2be2cd024be305aa13f298deb2bd3128a88c8e7.jpg,Francés,Apta para todos los públicos y distintivo especialmente recomendada para la infancia,Viernes 20 Febrero 2026,Animación,"Amélie es una niña belga nacida en Japón. Gracias a su amiga y niñera Nishio-san, su vida es una sucesión de aventuras y descubrimientos. Pero el día de su tercer cumpleaños, todo cambia."
LOS DOMINGOS,Alauda Ruiz De Azúa,115,09,16:00,2026-03-03,Renoir Princesa,https://www.pillalas.com/pase/1057007/,https://www.cinesrenoir.com/pelicula/los-domingos/,https://media.pillalas.com/imagenes/726afb526abffa83eb13c84b6e843cdf406388aa12cc57b934b6e5ab1c8e2d84ce9ad1f4.jpg,Castellano,No recomendada para menores de 12 años,Viernes 24 Octubre 2025,"Patricia López Arnaiz, Blanca Soroa, Miguel Garcés, Juan Minujín, Mabel Rivera, Nagore Aramburu","'Los domingos' cuenta la historia de Ainara (Soroa), una joven idealista y brillante de 17 años que ha de decidir qué carrera universitaria estudiará. O, al menos, eso espera su familia que haga. Sin embargo, la joven manifiesta que se siente cada vez más cerca de Dios y que se plantea abrazar la vida de monja de clausura. La noticia pilla por sorpresa a toda la familia provocando un abismo y una prueba de fuego para todos."
LOS DOMINGOS,Alauda Ruiz De Azúa,115,06,18:05,2026-03-03,Renoir Princesa,https://www.pillalas.com/pase/1056941/,https://www.cinesrenoir.com/pelicula/los-domingos/,https://media.pillalas.com/imagenes/726afb526abffa83eb13c84b6e843cdf406388aa12cc57b934b6e5ab1c8e2d84ce9ad1f4.jpg,Castellano,No recomendada para menores de 12 años,Viernes 24 Octubre 2025,"Patricia López Arnaiz, Blanca Soroa, Miguel Garcés, Juan Minujín, Mabel Rivera, Nagore Aramburu","'Los domingos' cuenta la historia de Ainara (Soroa), una joven idealista y brillante de 17 años que ha de decidir qué carrera universitaria estudiará. O, al menos, eso espera su familia que haga. Sin embargo, la joven manifiesta que se siente cada vez más cerca de Dios y que se plantea abrazar la vida de monja de clausura. La noticia pilla por sorpresa a toda la familia provocando un abismo y una prueba de fuego para todos."
LOS DOMINGOS,Alauda Ruiz De Azúa,115,06,20:15,2026-03-03,Renoir Princesa,https://www.pillalas.com/pase/1056944/,https://www.cinesrenoir.com/pelicula/los-domingos/,https://media.pillalas.com/imagenes/726afb526abffa83eb13c84b6e843cdf406388aa12cc57b934b6e5ab1c8e2d84ce9ad1f4.jpg,Castellano,No recomendada para menores de 12 años,Viernes 24 Octubre 2025,"Patricia López Arnaiz, Blanca Soroa, Miguel Garcés, Juan Minujín, Mabel Rivera, Nagore Aramburu","'Los domingos' cuenta la historia de Ainara (Soroa), una joven idealista y brillante de 17 años que ha de decidir qué carrera universitaria estudiará. O, al menos, eso espera su familia que haga. Sin embargo, la joven manifiesta que se siente cada vez más cerca de Dios y que se plantea abrazar la vida de monja de clausura. La noticia pilla por sorpresa a toda la familia provocando un abismo y una prueba de fuego para todos."
LOS DOMINGOS,Alauda Ruiz De Azúa,115,06,22:30,2026-03-03,Renoir Princesa,https://www.pillalas.com/pase/1056949/,https://www.cinesrenoir.com/pelicula/los-domingos/,https://media.pillalas.com/imagenes/726afb526abffa83eb13c84b6e843cdf406388aa12cc57b934b6e5ab1c8e2d84ce9ad1f4.jpg,Castellano,No recomendada para menores de 12 años,Viernes 24 Octubre 2025,"Patricia López Arnaiz, Blanca Soroa, Miguel Garcés, Juan Minujín, Mabel Rivera, Nagore Aramburu","'Los domingos' cuenta la historia de Ainara (Soroa), una joven idealista y brillante de 17 años que ha de decidir qué carrera universitaria estudiará. O, al menos, eso espera su familia que haga. Sin embargo, la joven manifiesta que se siente cada vez más cerca de Dios y que se plantea abrazar la vida de monja de clausura. La noticia pilla por sorpresa a toda la familia provocando un abismo y una prueba de fuego para todos."
MARTY SUPREME,Josh Safdie,149,10,16:00,2026-03-03,Renoir Princesa,https://www.pillalas.com/pase/1057050/,https://www.cinesrenoir.com/pelicula/marty-supreme/,https://media.pillalas.com/imagenes/726afb526abffa83215ea8a89c8894fb1ac44e6c3b86faba19f84e195b42d541304dcb79.jpg,Inglés,No recomendada para menores de 16 años,Viernes 30 Enero 2026,"Timothee Chalamet, Gwyneth Paltrow, Odessa A Zion, Sandra Bernhard, Fran Drescher, Abel Ferrara, Spenser Granese, Tyler The Creator, Penn Jillette, Kevin O Leary","Marty Mauser (Timothée Chalamet), un joven con una ambición desmesurada, está dispuesto a todo para cumplir su sueño. Con ayuda, entre otros, de la estrella de cine Carol Dunne (Gwyneth Paltrow) demostrará al mundo entero su grandeza."
MARTY SUPREME,Josh Safdie,149,10,18:50,2026-03-03,Renoir Princesa,https://www.pillalas.com/pase/1057053/,https://www.cinesrenoir.com/pelicula/marty-supreme/,https://media.pillalas.com/imagenes/726afb526abffa83215ea8a89c8894fb1ac44e6c3b86faba19f84e195b42d541304dcb79.jpg,Inglés,No recomendada para menores de 16 años,Viernes 30 Enero 2026,"Timothee Chalamet, Gwyneth Paltrow, Odessa A Zion, Sandra Bernhard, Fran Drescher, Abel Ferrara, Spenser Granese, Tyler The Creator, Penn Jillette, Kevin O Leary","Marty Mauser (Timothée Chalamet), un joven con una ambición desmesurada, está dispuesto a todo para cumplir su sueño. Con ayuda, entre otros, de la estrella de cine Carol Dunne (Gwyneth Paltrow) demostrará al mundo entero su grandeza."
MARTY SUPREME,Josh Safdie,149,10,21:35,2026-03-03,Renoir Princesa,https://www.pillalas.com/pase/1057056/,https://www.cinesrenoir.com/pelicula/marty-supreme/,https://media.pillalas.com/imagenes/726afb526abffa83215ea8a89c8894fb1ac44e6c3b86faba19f84e195b42d541304dcb79.jpg,Inglés,No recomendada para menores de 16 años,Viernes 30 Enero 2026,"Timothee Chalamet, Gwyneth Paltrow, Odessa A Zion, Sandra Bernhard, Fran Drescher, Abel Ferrara, Spenser Granese, Tyler The Creator, Penn Jillette, Kevin O Leary","Marty Mauser (Timothée Chalamet), un joven con una ambición desmesurada, está dispuesto a todo para cumplir su sueño. Con ayuda, entre otros, de la estrella de cine Carol Dunne (Gwyneth Paltrow) demostrará al mundo entero su grandeza."
RENTAL FAMILY (FAMILIA DE ALQUILER),Mitsuyo Miyazaki,109,06,16:00,2026-03-03,Renoir Princesa,https://www.pillalas.com/pase/1056935/,https://www.cinesrenoir.com/pelicula/rental-family-familia-de-alquiler/,https://media.pillalas.com/imagenes/726afb526abffa8354fd8d551fddc8b6f2c37df750c002f9f65d59d1707b603c58f3211d.jpg,Inglés Y Japonés,No recomendada para menores de 12 años,Viernes 9 Enero 2026,"Brendan Fraser, Mari Yamamoto, Takehiro Hira, Akira Emoto, Shannon Gorman","Comedia dramática sobre un actor estadounidense (Brendan Fraser) que lucha por encontrar un propósito en la vida en el Tokio actual. Hasta que consigue un trabajo inusual, trabajar para una agencia japonesa de ""familias de alquiler"", interpretando papeles de suplente para desconocidos."
RENTAL FAMILY (FAMILIA DE ALQUILER),Mitsuyo Miyazaki,109,03,18:20,2026-03-03,Renoir Princesa,https://www.pillalas.com/pase/1056822/,https://www.cinesrenoir.com/pelicula/rental-family-familia-de-alquiler/,https://media.pillalas.com/imagenes/726afb526abffa8354fd8d551fddc8b6f2c37df750c002f9f65d59d1707b603c58f3211d.jpg,Inglés Y Japonés,No recomendada para menores de 12 años,Viernes 9 Enero 2026,"Brendan Fraser, Mari Yamamoto, Takehiro Hira, Akira Emoto, Shannon Gorman","Comedia dramática sobre un actor estadounidense (Brendan Fraser) que lucha por encontrar un propósito en la vida en el Tokio actual. Hasta que consigue un trabajo inusual, trabajar para una agencia japonesa de ""familias de alquiler"", interpretando papeles de suplente para desconocidos."
SCARLET,Mamoru Hosoda Mamoru Hosoda,111,08,18:20,2026-03-03,Renoir Princesa,https://www.pillalas.com/pase/1057008/,https://www.cinesrenoir.com/pelicula/scarlet/,https://media.pillalas.com/imagenes/726afb526abffa83d4a122cc6de08c8b36937e6d027dcb3465ceb9e1d14ec4e71675cf39.jpg,Japonés,No recomendada para menores de 12 años,Viernes 27 Febrero 2026,Animación,"Una princesa medieval experta en el manejo de la espada se embarca en una peligrosa misión para vengar la muerte de su padre. Tras fracasar en su misión y encontrarse gravemente herida en un «Otromundo», conoce a un joven idealista de nuestro presente que no solo la ayuda a curarse, sino que le muestra la posibilidad de un futuro libre de amargura y rabia. Cuando se enfrenta de nuevo al asesino de su padre, Scarlet se enfrenta a su batalla más difícil: ¿podrá romper el ciclo del odio y encontrar un sentido a la vida más allá de la venganza?"
SCARLET,Mamoru Hosoda Mamoru Hosoda,111,08,22:25,2026-03-03,Renoir Princesa,https://www.pillalas.com/pase/1057010/,https://www.cinesrenoir.com/pelicula/scarlet/,https://media.pillalas.com/imagenes/726afb526abffa83d4a122cc6de08c8b36937e6d027dcb3465ceb9e1d14ec4e71675cf39.jpg,Japonés,No recomendada para menores de 12 años,Viernes 27 Febrero 2026,Animación,"Una princesa medieval experta en el manejo de la espada se embarca en una peligrosa misión para vengar la muerte de su padre. Tras fracasar en su misión y encontrarse gravemente herida en un «Otromundo», conoce a un joven idealista de nuestro presente que no solo la ayuda a curarse, sino que le muestra la posibilidad de un futuro libre de amargura y rabia. Cuando se enfrenta de nuevo al asesino de su padre, Scarlet se enfrenta a su batalla más difícil: ¿podrá romper el ciclo del odio y encontrar un sentido a la vida más allá de la venganza?"
SIN CONEXIÓN,Bradley Cooper Cooper,120,08,16:00,2026-03-03,Renoir Princesa,https://www.pillalas.com/pase/1056937/,https://www.cinesrenoir.com/pelicula/sin-conexion/,https://media.pillalas.com/imagenes/726afb526abffa832172609433a0fdb98ea954f3904a127b5015f2f2335b6b1b2f7219c3.jpg,Inglés,No recomendada para menores de 12 años,Viernes 20 Febrero 2026,"Will Arnett, Laura Dern, Andra Day, Bradley Cooper, Amy Sedaris, Sean Hayes, Christine Ebersole, Ciarán Hinds, Scott Icenogle","Mientras su matrimonio se desmorona silenciosamente, Alex (Will Arnett) se enfrenta a la mediana edad y a un divorcio inminente, buscando un nuevo propósito en el mundo de la comedia neoyorquina, mientras que Tess (Laura Dern) se enfrenta a los sacrificios que ha hecho por su familia, lo que les obliga a lidiar con la crianza compartida, la identidad y si el amor puede adoptar una nueva forma."
SIN CONEXIÓN,Bradley Cooper Cooper,120,01,22:00,2026-03-03,Renoir Princesa,https://www.pillalas.com/pase/1056825/,https://www.cinesrenoir.com/pelicula/sin-conexion/,https://media.pillalas.com/imagenes/726afb526abffa832172609433a0fdb98ea954f3904a127b5015f2f2335b6b1b2f7219c3.jpg,Inglés,No recomendada para menores de 12 años,Viernes 20 Febrero 2026,"Will Arnett, Laura Dern, Andra Day, Bradley Cooper, Amy Sedaris, Sean Hayes, Christine Ebersole, Ciarán Hinds, Scott Icenogle","Mientras su matrimonio se desmorona silenciosamente, Alex (Will Arnett) se enfrenta a la mediana edad y a un divorcio inminente, buscando un nuevo propósito en el mundo de la comedia neoyorquina, mientras que Tess (Laura Dern) se enfrenta a los sacrificios que ha hecho por su familia, lo que les obliga a lidiar con la crianza compartida, la identidad y si el amor puede adoptar una nueva forma."
SIRAT,Óliver Laxe,120,03,20:25,2026-03-03,Renoir Princesa,https://www.pillalas.com/pase/1056946/,https://www.cinesrenoir.com/pelicula/sirat/,https://www.cinesrenoir.com/media/Peliculas/Cartel/SIRAT_ONLINE_GOYAOSCARS.jpg,Castellano Y Otros,No recomendada para menores de 16 años,Viernes 6 Junio 2025,"Sergi López, Bruno Núñez, Stefania Gadda, Joshua Liam Herderson, Tonin Javier, Jade Ouki, Richard Bellamyun","Un hombre (López) y su hijo (Nuñez) llegan a una rave perdida en medio de las áridas y fantasmagóricas montañas del sur de Marruecos. Buscan allí a Mar, su hija y hermana, desaparecida hace meses en una de estas fiestas sin amanecer. Reparten una y otra vez su foto rodeados de música electrónica y de un tipo de libertad que desconocen. Empujados por el destino, y con la esperanza de encontrar ahí a Mar, deciden seguir a un grupo de raveros hacia la última fiesta que se celebrará en el desierto."
SIRAT,Óliver Laxe,120,03,22:35,2026-03-03,Renoir Princesa,https://www.pillalas.com/pase/1056950/,https://www.cinesrenoir.com/pelicula/sirat/,https://www.cinesrenoir.com/media/Peliculas/Cartel/SIRAT_ONLINE_GOYAOSCARS.jpg,Castellano Y Otros,No recomendada para menores de 16 años,Viernes 6 Junio 2025,"Sergi López, Bruno Núñez, Stefania Gadda, Joshua Liam Herderson, Tonin Javier, Jade Ouki, Richard Bellamyun","Un hombre (López) y su hijo (Nuñez) llegan a una rave perdida en medio de las áridas y fantasmagóricas montañas del sur de Marruecos. Buscan allí a Mar, su hija y hermana, desaparecida hace meses en una de estas fiestas sin amanecer. Reparten una y otra vez su foto rodeados de música electrónica y de un tipo de libertad que desconocen. Empujados por el destino, y con la esperanza de encontrar ahí a Mar, deciden seguir a un grupo de raveros hacia la última fiesta que se celebrará en el desierto."
"SORRY, BABY",Eva Victor,102,01,16:00,2026-03-03,Renoir Princesa,https://www.pillalas.com/pase/1056818/,https://www.cinesrenoir.com/pelicula/sorry-baby/,https://media.pillalas.com/imagenes/726afb526abffa837c59681f561d4afba82a26ef8235abdaa380a4c9cf2bacb70dacac1c.jpg,Inglés,No recomendada para menores de 16 años y distintivo especialmente recomendada para el fomento de la igualdad de género,Viernes 27 Febrero 2026,"Eva Victor, Naomi Ackie, Lucas Hedges, John Carroll Lynch, Louis Cancelmi","A Agnes le pasó algo malo. Pero la vida sigue, al menos para todos los que la rodean."
"SORRY, BABY",Eva Victor,102,01,18:00,2026-03-03,Renoir Princesa,https://www.pillalas.com/pase/1056820/,https://www.cinesrenoir.com/pelicula/sorry-baby/,https://media.pillalas.com/imagenes/726afb526abffa837c59681f561d4afba82a26ef8235abdaa380a4c9cf2bacb70dacac1c.jpg,Inglés,No recomendada para menores de 16 años y distintivo especialmente recomendada para el fomento de la igualdad de género,Viernes 27 Febrero 2026,"Eva Victor, Naomi Ackie, Lucas Hedges, John Carroll Lynch, Louis Cancelmi","A Agnes le pasó algo malo. Pero la vida sigue, al menos para todos los que la rodean."
"SORRY, BABY",Eva Victor,102,01,20:00,2026-03-03,Renoir Princesa,https://www.pillalas.com/pase/1056823/,https://www.cinesrenoir.com/pelicula/sorry-baby/,https://media.pillalas.com/imagenes/726afb526abffa837c59681f561d4afba82a26ef8235abdaa380a4c9cf2bacb70dacac1c.jpg,Inglés,No recomendada para menores de 16 años y distintivo especialmente recomendada para el fomento de la igualdad de género,Viernes 27 Febrero 2026,"Eva Victor, Naomi Ackie, Lucas Hedges, John Carroll Lynch, Louis Cancelmi","A Agnes le pasó algo malo. Pero la vida sigue, al menos para todos los que la rodean."
"SORRY, BABY",Eva Victor,102,02,22:45,2026-03-03,Renoir Princesa,https://www.pillalas.com/pase/1056826/,https://www.cinesrenoir.com/pelicula/sorry-baby/,https://media.pillalas.com/imagenes/726afb526abffa837c59681f561d4afba82a26ef8235abdaa380a4c9cf2bacb70dacac1c.jpg,Inglés,No recomendada para menores de 16 años y distintivo especialmente recomendada para el fomento de la igualdad de género,Viernes 27 Febrero 2026,"Eva Victor, Naomi Ackie, Lucas Hedges, John Carroll Lynch, Louis Cancelmi","A Agnes le pasó algo malo. Pero la vida sigue, al menos para todos los que la rodean."
TIEMPOS MODERNOS [WILDER CINEMA],Charles Chaplin,87,07,20:10,2026-03-03,Renoir Princesa,https://www.pillalas.com/pase/1057510/,https://www.cinesrenoir.com/pelicula/tiempos-modernos-wilder-cinema/,https://media.pillalas.com/imagenes/726afb526abffa835020db288eac436c87a0ff3f96315abbdaf79ecea79d2496b1d8796f.jpg,Inglés,Pendiente de calificación,Martes 3 Marzo 2026,"Charles Chaplin, Paulette Goddard, Henry Bergman, Chester Conklin, Stanley Stanford, Hank Mann, Louis Natheaux","Sátira brillante y profundamente humana sobre la industrialización y la deshumanización del trabajo, Tiempos modernos es una de las grandes cumbres del cine de Chaplin. Con humor físico, ternura y una mirada crítica sorprendentemente actual, la película retrata la lucha del individuo frente a un mundo mecanizado. Divertida y conmovedora a partes iguales, sigue siendo un referente cultural que conecta con cualquier época. Cine universal, directo al corazón.“Una obra maestra absoluta del cine mudo.” — El País“Chaplin en estado puro.” — Fotogramas“Tan vigente hoy como en su estreno.” — Cinemanía“Una de las películas más influyentes de la historia.” — Sight & Sound“Genio cómico y sensibilidad social.” — The Guardian"
TRES ADIOSES,Isabel Coixet,122,02,16:00,2026-03-03,Renoir Princesa,https://www.pillalas.com/pase/1056819/,https://www.cinesrenoir.com/pelicula/tres-adioses/,https://media.pillalas.com/imagenes/726afb526abffa832ea2a44a189894de905fc7e94534a8bf4ef6bf13e5ccdfe90922c22e.jpg,Italiano,No recomendada para menores de 12 años,Viernes 6 Febrero 2026,"Alba Rohrwacher, Elio Germano, Francesco Carril, Silvia D Amico, Galatea Bellugi, Sarita Choudhury","Tras lo que parecía una discusión sin importancia, Marta (Alba Rohrwacher) y Antonio (Elio Germano) se separan. Él, un chef prometedor, se refugia en sus fogones; ella, en su silencio, empieza a notar algo más que tristeza: ha perdido el apetito… y no solo por desamor. Cuando descubre que detrás hay un problema de salud, todo da un giro inesperado: la comida sabe mejor, la música le llega como nunca y el deseo despierta sus ganas de vivir sin miedo.
Una historia sobre el amor, la vida y esos momentos que lo cambian todo para siempre."
TRES ADIOSES,Isabel Coixet,122,02,18:15,2026-03-03,Renoir Princesa,https://www.pillalas.com/pase/1056821/,https://www.cinesrenoir.com/pelicula/tres-adioses/,https://media.pillalas.com/imagenes/726afb526abffa832ea2a44a189894de905fc7e94534a8bf4ef6bf13e5ccdfe90922c22e.jpg,Italiano,No recomendada para menores de 12 años,Viernes 6 Febrero 2026,"Alba Rohrwacher, Elio Germano, Francesco Carril, Silvia D Amico, Galatea Bellugi, Sarita Choudhury","Tras lo que parecía una discusión sin importancia, Marta (Alba Rohrwacher) y Antonio (Elio Germano) se separan. Él, un chef prometedor, se refugia en sus fogones; ella, en su silencio, empieza a notar algo más que tristeza: ha perdido el apetito… y no solo por desamor. Cuando descubre que detrás hay un problema de salud, todo da un giro inesperado: la comida sabe mejor, la música le llega como nunca y el deseo despierta sus ganas de vivir sin miedo.
Una historia sobre el amor, la vida y esos momentos que lo cambian todo para siempre."
TRES ADIOSES,Isabel Coixet,122,02,20:30,2026-03-03,Renoir Princesa,https://www.pillalas.com/pase/1056824/,https://www.cinesrenoir.com/pelicula/tres-adioses/,https://media.pillalas.com/imagenes/726afb526abffa832ea2a44a189894de905fc7e94534a8bf4ef6bf13e5ccdfe90922c22e.jpg,Italiano,No recomendada para menores de 12 años,Viernes 6 Febrero 2026,"Alba Rohrwacher, Elio Germano, Francesco Carril, Silvia D Amico, Galatea Bellugi, Sarita Choudhury","Tras lo que parecía una discusión sin importancia, Marta (Alba Rohrwacher) y Antonio (Elio Germano) se separan. Él, un chef prometedor, se refugia en sus fogones; ella, en su silencio, empieza a notar algo más que tristeza: ha perdido el apetito… y no solo por desamor. Cuando descubre que detrás hay un problema de salud, todo da un giro inesperado: la comida sabe mejor, la música le llega como nunca y el deseo despierta sus ganas de vivir sin miedo.
Una historia sobre el amor, la vida y esos momentos que lo cambian todo para siempre."
CUMBRES BORRASCOSAS,Emerald Fennell,135,11,16:10,2026-03-04,Renoir Princesa,https://www.pillalas.com/pase/1057059/,https://www.cinesrenoir.com/pelicula/cumbres-borrascosas/,https://media.pillalas.com/imagenes/726afb526abffa83abe8577deb3c0674bd352fd2b0500497b1d5570f2dd570487210fc4e.jpg,Inglés,No recomendada para menores de 16 años,Viernes 13 Febrero 2026,"Margot Robbie, Jacob Elordi, Hong Chau, Alison Oliver, Owen Cooper, Shazad Latif, Martin Clunes, Ewan Mitchell, Amy Morgan, Jessica Knappett, Charlotte Mellington, Vy Nguyen","Adaptada a todo tipo de formatos en multitud de ocasiones, se trata de una trágica historia de pasiones encontradas en la Inglaterra rural más conservadora. Una historia de venganza y odio, de pasiones desatadas y amores desesperados que van más allá de la muerte ambientada en los brumosos y sombríos páramos de Yorkshire, al norte de Inglaterra."
CUMBRES BORRASCOSAS,Emerald Fennell,135,09,18:10,2026-03-04,Renoir Princesa,https://www.pillalas.com/pase/1057060/,https://www.cinesrenoir.com/pelicula/cumbres-borrascosas/,https://media.pillalas.com/imagenes/726afb526abffa83abe8577deb3c0674bd352fd2b0500497b1d5570f2dd570487210fc4e.jpg,Inglés,No recomendada para menores de 16 años,Viernes 13 Febrero 2026,"Margot Robbie, Jacob Elordi, Hong Chau, Alison Oliver, Owen Cooper, Shazad Latif, Martin Clunes, Ewan Mitchell, Amy Morgan, Jessica Knappett, Charlotte Mellington, Vy Nguyen","Adaptada a todo tipo de formatos en multitud de ocasiones, se trata de una trágica historia de pasiones encontradas en la Inglaterra rural más conservadora. Una historia de venganza y odio, de pasiones desatadas y amores desesperados que van más allá de la muerte ambientada en los brumosos y sombríos páramos de Yorkshire, al norte de Inglaterra."
CUMBRES BORRASCOSAS,Emerald Fennell,135,11,19:00,2026-03-04,Renoir Princesa,https://www.pillalas.com/pase/1057062/,https://www.cinesrenoir.com/pelicula/cumbres-borrascosas/,https://media.pillalas.com/imagenes/726afb526abffa83abe8577deb3c0674bd352fd2b0500497b1d5570f2dd570487210fc4e.jpg,Inglés,No recomendada para menores de 16 años,Viernes 13 Febrero 2026,"Margot Robbie, Jacob Elordi, Hong Chau, Alison Oliver, Owen Cooper, Shazad Latif, Martin Clunes, Ewan Mitchell, Amy Morgan, Jessica Knappett, Charlotte Mellington, Vy Nguyen","Adaptada a todo tipo de formatos en multitud de ocasiones, se trata de una trágica historia de pasiones encontradas en la Inglaterra rural más conservadora. Una historia de venganza y odio, de pasiones desatadas y amores desesperados que van más allá de la muerte ambientada en los brumosos y sombríos páramos de Yorkshire, al norte de Inglaterra."
CUMBRES BORRASCOSAS,Emerald Fennell,135,09,20:35,2026-03-04,Renoir Princesa,https://www.pillalas.com/pase/1057063/,https://www.cinesrenoir.com/pelicula/cumbres-borrascosas/,https://media.pillalas.com/imagenes/726afb526abffa83abe8577deb3c0674bd352fd2b0500497b1d5570f2dd570487210fc4e.jpg,Inglés,No recomendada para menores de 16 años,Viernes 13 Febrero 2026,"Margot Robbie, Jacob Elordi, Hong Chau, Alison Oliver, Owen Cooper, Shazad Latif, Martin Clunes, Ewan Mitchell, Amy Morgan, Jessica Knappett, Charlotte Mellington, Vy Nguyen","Adaptada a todo tipo de formatos en multitud de ocasiones, se trata de una trágica historia de pasiones encontradas en la Inglaterra rural más conservadora. Una historia de venganza y odio, de pasiones desatadas y amores desesperados que van más allá de la muerte ambientada en los brumosos y sombríos páramos de Yorkshire, al norte de Inglaterra."
CUMBRES BORRASCOSAS,Emerald Fennell,135,11,21:45,2026-03-04,Renoir Princesa,https://www.pillalas.com/pase/1057065/,https://www.cinesrenoir.com/pelicula/cumbres-borrascosas/,https://media.pillalas.com/imagenes/726afb526abffa83abe8577deb3c0674bd352fd2b0500497b1d5570f2dd570487210fc4e.jpg,Inglés,No recomendada para menores de 16 años,Viernes 13 Febrero 2026,"Margot Robbie, Jacob Elordi, Hong Chau, Alison Oliver, Owen Cooper, Shazad Latif, Martin Clunes, Ewan Mitchell, Amy Morgan, Jessica Knappett, Charlotte Mellington, Vy Nguyen","Adaptada a todo tipo de formatos en multitud de ocasiones, se trata de una trágica historia de pasiones encontradas en la Inglaterra rural más conservadora. Una historia de venganza y odio, de pasiones desatadas y amores desesperados que van más allá de la muerte ambientada en los brumosos y sombríos páramos de Yorkshire, al norte de Inglaterra."
EL AGENTE SECRETO,Kleber Mendonça Filho,160,04,16:00,2026-03-04,Renoir Princesa,https://www.pillalas.com/pase/1056953/,https://www.cinesrenoir.com/pelicula/el-agente-secreto/,https://media.pillalas.com/imagenes/726afb526abffa83bdba0b90e98cf11293bcd8b9c8be1af817aa6c045cd8f479730f7511.jpg,Portugués,No recomendada para menores de 16 años,Viernes 20 Febrero 2026,"Wagner Moura, Gabriel Leone, Udo Kier, Maria Fernanda Cândido","1977. En un Brasil atormentado por la dictadura militar, Marcelo, un cuarentón que huye de un pasado turbulento, llega a la ciudad de Recife, donde espera construir una nueva vida y reencontrarse con su hijo. Todo se complica cuando descubre que las fuerzas gubernamentales le persiguen y las amenazas de muerte se ciernen sobre su cabeza."
EL AGENTE SECRETO,Kleber Mendonça Filho,160,07,17:15,2026-03-04,Renoir Princesa,https://www.pillalas.com/pase/1056955/,https://www.cinesrenoir.com/pelicula/el-agente-secreto/,https://media.pillalas.com/imagenes/726afb526abffa83bdba0b90e98cf11293bcd8b9c8be1af817aa6c045cd8f479730f7511.jpg,Portugués,No recomendada para menores de 16 años,Viernes 20 Febrero 2026,"Wagner Moura, Gabriel Leone, Udo Kier, Maria Fernanda Cândido","1977. En un Brasil atormentado por la dictadura militar, Marcelo, un cuarentón que huye de un pasado turbulento, llega a la ciudad de Recife, donde espera construir una nueva vida y reencontrarse con su hijo. Todo se complica cuando descubre que las fuerzas gubernamentales le persiguen y las amenazas de muerte se ciernen sobre su cabeza."
EL AGENTE SECRETO,Kleber Mendonça Filho,160,04,18:55,2026-03-04,Renoir Princesa,https://www.pillalas.com/pase/1056958/,https://www.cinesrenoir.com/pelicula/el-agente-secreto/,https://media.pillalas.com/imagenes/726afb526abffa83bdba0b90e98cf11293bcd8b9c8be1af817aa6c045cd8f479730f7511.jpg,Portugués,No recomendada para menores de 16 años,Viernes 20 Febrero 2026,"Wagner Moura, Gabriel Leone, Udo Kier, Maria Fernanda Cândido","1977. En un Brasil atormentado por la dictadura militar, Marcelo, un cuarentón que huye de un pasado turbulento, llega a la ciudad de Recife, donde espera construir una nueva vida y reencontrarse con su hijo. Todo se complica cuando descubre que las fuerzas gubernamentales le persiguen y las amenazas de muerte se ciernen sobre su cabeza."
EL AGENTE SECRETO,Kleber Mendonça Filho,160,07,20:15,2026-03-04,Renoir Princesa,https://www.pillalas.com/pase/1056961/,https://www.cinesrenoir.com/pelicula/el-agente-secreto/,https://media.pillalas.com/imagenes/726afb526abffa83bdba0b90e98cf11293bcd8b9c8be1af817aa6c045cd8f479730f7511.jpg,Portugués,No recomendada para menores de 16 años,Viernes 20 Febrero 2026,"Wagner Moura, Gabriel Leone, Udo Kier, Maria Fernanda Cândido","1977. En un Brasil atormentado por la dictadura militar, Marcelo, un cuarentón que huye de un pasado turbulento, llega a la ciudad de Recife, donde espera construir una nueva vida y reencontrarse con su hijo. Todo se complica cuando descubre que las fuerzas gubernamentales le persiguen y las amenazas de muerte se ciernen sobre su cabeza."
EL AGENTE SECRETO,Kleber Mendonça Filho,160,04,21:50,2026-03-04,Renoir Princesa,https://www.pillalas.com/pase/1056963/,https://www.cinesrenoir.com/pelicula/el-agente-secreto/,https://media.pillalas.com/imagenes/726afb526abffa83bdba0b90e98cf11293bcd8b9c8be1af817aa6c045cd8f479730f7511.jpg,Portugués,No recomendada para menores de 16 años,Viernes 20 Febrero 2026,"Wagner Moura, Gabriel Leone, Udo Kier, Maria Fernanda Cândido","1977. En un Brasil atormentado por la dictadura militar, Marcelo, un cuarentón que huye de un pasado turbulento, llega a la ciudad de Recife, donde espera construir una nueva vida y reencontrarse con su hijo. Todo se complica cuando descubre que las fuerzas gubernamentales le persiguen y las amenazas de muerte se ciernen sobre su cabeza."
EPIC: ELVIS PRESLEY IN CONCERT,Baz Luhrmann,96,08,20:30,2026-03-04,Renoir Princesa,https://www.pillalas.com/pase/1057013/,https://www.cinesrenoir.com/pelicula/epic-elvis-presley-in-concert/,https://media.pillalas.com/imagenes/726afb526abffa83b23df871ee842b8c8b276cac972cd20eb99e725caf633250d7ccec9f.jpg,Inglés,Apta para todos los públicos,Viernes 27 Febrero 2026,Elvis Presley,"""EPiC"" presenta imágenes perdidas hace mucho tiempo de la legendaria residencia de Presley en Las Vegas en la década de 1970, entrelazadas con imágenes de 16 mm del 'Elvis on Tour' y valiosas películas de 8 mm del archivo de Graceland, junto con grabaciones redescubiertas de Elvis contando 'su versión de la historia'."
HAMNET,Chloé Zhao,125,03,16:00,2026-03-04,Renoir Princesa,https://www.pillalas.com/pase/1056828/,https://www.cinesrenoir.com/pelicula/hamnet/,https://www.cinesrenoir.com/media/Peliculas/Cartel/HAMNET_Cartel_Digital_8Nominaciones_Oscar_YaEnCines_v2_2.jpg,Inglés,No recomendada para menores de 12 años,Viernes 23 Enero 2026,"Jessie Buckley, Paul Mescal, Joe Alwyn, Emily Watson","Año 1596, Stratford-upon-Avon, Inglaterra. La vida de Agnes transcurre plácidamente junto a su marido y sus tres hijos. Ella cultiva plantas medicinales mientras William trabaja en Londres. El destino, sin embargo, les reservará un duro golpe cuando su hijo Hamnet, de once años, muera repentinamente tras contraer la peste. A raíz de esta tragedia, su padre creará uno de los grandes personajes de la literatura universal, de nombre casi idéntico al de su hijo.


Pero esta película no habla de famosos sucesos sino de algo íntimo y olvidado: La vida de esta familia, y especialmente la de la mujer que la sostenía y que tuvo que cargar con una insoportable pérdida."
HAMNET,Chloé Zhao,125,05,17:40,2026-03-04,Renoir Princesa,https://www.pillalas.com/pase/1056956/,https://www.cinesrenoir.com/pelicula/hamnet/,https://www.cinesrenoir.com/media/Peliculas/Cartel/HAMNET_Cartel_Digital_8Nominaciones_Oscar_YaEnCines_v2_2.jpg,Inglés,No recomendada para menores de 12 años,Viernes 23 Enero 2026,"Jessie Buckley, Paul Mescal, Joe Alwyn, Emily Watson","Año 1596, Stratford-upon-Avon, Inglaterra. La vida de Agnes transcurre plácidamente junto a su marido y sus tres hijos. Ella cultiva plantas medicinales mientras William trabaja en Londres. El destino, sin embargo, les reservará un duro golpe cuando su hijo Hamnet, de once años, muera repentinamente tras contraer la peste. A raíz de esta tragedia, su padre creará uno de los grandes personajes de la literatura universal, de nombre casi idéntico al de su hijo.


Pero esta película no habla de famosos sucesos sino de algo íntimo y olvidado: La vida de esta familia, y especialmente la de la mujer que la sostenía y que tuvo que cargar con una insoportable pérdida."
HAMNET,Chloé Zhao,125,05,20:00,2026-03-04,Renoir Princesa,https://www.pillalas.com/pase/1056959/,https://www.cinesrenoir.com/pelicula/hamnet/,https://www.cinesrenoir.com/media/Peliculas/Cartel/HAMNET_Cartel_Digital_8Nominaciones_Oscar_YaEnCines_v2_2.jpg,Inglés,No recomendada para menores de 12 años,Viernes 23 Enero 2026,"Jessie Buckley, Paul Mescal, Joe Alwyn, Emily Watson","Año 1596, Stratford-upon-Avon, Inglaterra. La vida de Agnes transcurre plácidamente junto a su marido y sus tres hijos. Ella cultiva plantas medicinales mientras William trabaja en Londres. El destino, sin embargo, les reservará un duro golpe cuando su hijo Hamnet, de once años, muera repentinamente tras contraer la peste. A raíz de esta tragedia, su padre creará uno de los grandes personajes de la literatura universal, de nombre casi idéntico al de su hijo.


Pero esta película no habla de famosos sucesos sino de algo íntimo y olvidado: La vida de esta familia, y especialmente la de la mujer que la sostenía y que tuvo que cargar con una insoportable pérdida."
HAMNET,Chloé Zhao,125,05,22:20,2026-03-04,Renoir Princesa,https://www.pillalas.com/pase/1056964/,https://www.cinesrenoir.com/pelicula/hamnet/,https://www.cinesrenoir.com/media/Peliculas/Cartel/HAMNET_Cartel_Digital_8Nominaciones_Oscar_YaEnCines_v2_2.jpg,Inglés,No recomendada para menores de 12 años,Viernes 23 Enero 2026,"Jessie Buckley, Paul Mescal, Joe Alwyn, Emily Watson","Año 1596, Stratford-upon-Avon, Inglaterra. La vida de Agnes transcurre plácidamente junto a su marido y sus tres hijos. Ella cultiva plantas medicinales mientras William trabaja en Londres. El destino, sin embargo, les reservará un duro golpe cuando su hijo Hamnet, de once años, muera repentinamente tras contraer la peste. A raíz de esta tragedia, su padre creará uno de los grandes personajes de la literatura universal, de nombre casi idéntico al de su hijo.


Pero esta película no habla de famosos sucesos sino de algo íntimo y olvidado: La vida de esta familia, y especialmente la de la mujer que la sostenía y que tuvo que cargar con una insoportable pérdida."
LITTLE AMELIE,"Mailys Vallade, Liane-Cho Han Jin Kuang",77,05,16:00,2026-03-04,Renoir Princesa,https://www.pillalas.com/pase/1056951/,https://www.cinesrenoir.com/pelicula/little-amelie/,https://media.pillalas.com/imagenes/726afb526abffa830cf602187f6a0774a2be2cd024be305aa13f298deb2bd3128a88c8e7.jpg,Francés,Apta para todos los públicos y distintivo especialmente recomendada para la infancia,Viernes 20 Febrero 2026,Animación,"Amélie es una niña belga nacida en Japón. Gracias a su amiga y niñera Nishio-san, su vida es una sucesión de aventuras y descubrimientos. Pero el día de su tercer cumpleaños, todo cambia."
LOS DOMINGOS,Alauda Ruiz De Azúa,115,09,16:00,2026-03-04,Renoir Princesa,https://www.pillalas.com/pase/1057011/,https://www.cinesrenoir.com/pelicula/los-domingos/,https://media.pillalas.com/imagenes/726afb526abffa83eb13c84b6e843cdf406388aa12cc57b934b6e5ab1c8e2d84ce9ad1f4.jpg,Castellano,No recomendada para menores de 12 años,Viernes 24 Octubre 2025,"Patricia López Arnaiz, Blanca Soroa, Miguel Garcés, Juan Minujín, Mabel Rivera, Nagore Aramburu","'Los domingos' cuenta la historia de Ainara (Soroa), una joven idealista y brillante de 17 años que ha de decidir qué carrera universitaria estudiará. O, al menos, eso espera su familia que haga. Sin embargo, la joven manifiesta que se siente cada vez más cerca de Dios y que se plantea abrazar la vida de monja de clausura. La noticia pilla por sorpresa a toda la familia provocando un abismo y una prueba de fuego para todos."
LOS DOMINGOS,Alauda Ruiz De Azúa,115,06,18:05,2026-03-04,Renoir Princesa,https://www.pillalas.com/pase/1056957/,https://www.cinesrenoir.com/pelicula/los-domingos/,https://media.pillalas.com/imagenes/726afb526abffa83eb13c84b6e843cdf406388aa12cc57b934b6e5ab1c8e2d84ce9ad1f4.jpg,Castellano,No recomendada para menores de 12 años,Viernes 24 Octubre 2025,"Patricia López Arnaiz, Blanca Soroa, Miguel Garcés, Juan Minujín, Mabel Rivera, Nagore Aramburu","'Los domingos' cuenta la historia de Ainara (Soroa), una joven idealista y brillante de 17 años que ha de decidir qué carrera universitaria estudiará. O, al menos, eso espera su familia que haga. Sin embargo, la joven manifiesta que se siente cada vez más cerca de Dios y que se plantea abrazar la vida de monja de clausura. La noticia pilla por sorpresa a toda la familia provocando un abismo y una prueba de fuego para todos."
LOS DOMINGOS,Alauda Ruiz De Azúa,115,06,20:15,2026-03-04,Renoir Princesa,https://www.pillalas.com/pase/1056960/,https://www.cinesrenoir.com/pelicula/los-domingos/,https://media.pillalas.com/imagenes/726afb526abffa83eb13c84b6e843cdf406388aa12cc57b934b6e5ab1c8e2d84ce9ad1f4.jpg,Castellano,No recomendada para menores de 12 años,Viernes 24 Octubre 2025,"Patricia López Arnaiz, Blanca Soroa, Miguel Garcés, Juan Minujín, Mabel Rivera, Nagore Aramburu","'Los domingos' cuenta la historia de Ainara (Soroa), una joven idealista y brillante de 17 años que ha de decidir qué carrera universitaria estudiará. O, al menos, eso espera su familia que haga. Sin embargo, la joven manifiesta que se siente cada vez más cerca de Dios y que se plantea abrazar la vida de monja de clausura. La noticia pilla por sorpresa a toda la familia provocando un abismo y una prueba de fuego para todos."
LOS DOMINGOS,Alauda Ruiz De Azúa,115,06,22:30,2026-03-04,Renoir Princesa,https://www.pillalas.com/pase/1056965/,https://www.cinesrenoir.com/pelicula/los-domingos/,https://media.pillalas.com/imagenes/726afb526abffa83eb13c84b6e843cdf406388aa12cc57b934b6e5ab1c8e2d84ce9ad1f4.jpg,Castellano,No recomendada para menores de 12 años,Viernes 24 Octubre 2025,"Patricia López Arnaiz, Blanca Soroa, Miguel Garcés, Juan Minujín, Mabel Rivera, Nagore Aramburu","'Los domingos' cuenta la historia de Ainara (Soroa), una joven idealista y brillante de 17 años que ha de decidir qué carrera universitaria estudiará. O, al menos, eso espera su familia que haga. Sin embargo, la joven manifiesta que se siente cada vez más cerca de Dios y que se plantea abrazar la vida de monja de clausura. La noticia pilla por sorpresa a toda la familia provocando un abismo y una prueba de fuego para todos."
MARTY SUPREME,Josh Safdie,149,10,16:00,2026-03-04,Renoir Princesa,https://www.pillalas.com/pase/1057058/,https://www.cinesrenoir.com/pelicula/marty-supreme/,https://media.pillalas.com/imagenes/726afb526abffa83215ea8a89c8894fb1ac44e6c3b86faba19f84e195b42d541304dcb79.jpg,Inglés,No recomendada para menores de 16 años,Viernes 30 Enero 2026,"Timothee Chalamet, Gwyneth Paltrow, Odessa A Zion, Sandra Bernhard, Fran Drescher, Abel Ferrara, Spenser Granese, Tyler The Creator, Penn Jillette, Kevin O Leary","Marty Mauser (Timothée Chalamet), un joven con una ambición desmesurada, está dispuesto a todo para cumplir su sueño. Con ayuda, entre otros, de la estrella de cine Carol Dunne (Gwyneth Paltrow) demostrará al mundo entero su grandeza."
MARTY SUPREME,Josh Safdie,149,10,18:50,2026-03-04,Renoir Princesa,https://www.pillalas.com/pase/1057061/,https://www.cinesrenoir.com/pelicula/marty-supreme/,https://media.pillalas.com/imagenes/726afb526abffa83215ea8a89c8894fb1ac44e6c3b86faba19f84e195b42d541304dcb79.jpg,Inglés,No recomendada para menores de 16 años,Viernes 30 Enero 2026,"Timothee Chalamet, Gwyneth Paltrow, Odessa A Zion, Sandra Bernhard, Fran Drescher, Abel Ferrara, Spenser Granese, Tyler The Creator, Penn Jillette, Kevin O Leary","Marty Mauser (Timothée Chalamet), un joven con una ambición desmesurada, está dispuesto a todo para cumplir su sueño. Con ayuda, entre otros, de la estrella de cine Carol Dunne (Gwyneth Paltrow) demostrará al mundo entero su grandeza."
MARTY SUPREME,Josh Safdie,149,10,21:35,2026-03-04,Renoir Princesa,https://www.pillalas.com/pase/1057064/,https://www.cinesrenoir.com/pelicula/marty-supreme/,https://media.pillalas.com/imagenes/726afb526abffa83215ea8a89c8894fb1ac44e6c3b86faba19f84e195b42d541304dcb79.jpg,Inglés,No recomendada para menores de 16 años,Viernes 30 Enero 2026,"Timothee Chalamet, Gwyneth Paltrow, Odessa A Zion, Sandra Bernhard, Fran Drescher, Abel Ferrara, Spenser Granese, Tyler The Creator, Penn Jillette, Kevin O Leary","Marty Mauser (Timothée Chalamet), un joven con una ambición desmesurada, está dispuesto a todo para cumplir su sueño. Con ayuda, entre otros, de la estrella de cine Carol Dunne (Gwyneth Paltrow) demostrará al mundo entero su grandeza."
RENTAL FAMILY (FAMILIA DE ALQUILER),Mitsuyo Miyazaki,109,06,16:00,2026-03-04,Renoir Princesa,https://www.pillalas.com/pase/1056954/,https://www.cinesrenoir.com/pelicula/rental-family-familia-de-alquiler/,https://media.pillalas.com/imagenes/726afb526abffa8354fd8d551fddc8b6f2c37df750c002f9f65d59d1707b603c58f3211d.jpg,Inglés Y Japonés,No recomendada para menores de 12 años,Viernes 9 Enero 2026,"Brendan Fraser, Mari Yamamoto, Takehiro Hira, Akira Emoto, Shannon Gorman","Comedia dramática sobre un actor estadounidense (Brendan Fraser) que lucha por encontrar un propósito en la vida en el Tokio actual. Hasta que consigue un trabajo inusual, trabajar para una agencia japonesa de ""familias de alquiler"", interpretando papeles de suplente para desconocidos."
RENTAL FAMILY (FAMILIA DE ALQUILER),Mitsuyo Miyazaki,109,03,18:20,2026-03-04,Renoir Princesa,https://www.pillalas.com/pase/1056832/,https://www.cinesrenoir.com/pelicula/rental-family-familia-de-alquiler/,https://media.pillalas.com/imagenes/726afb526abffa8354fd8d551fddc8b6f2c37df750c002f9f65d59d1707b603c58f3211d.jpg,Inglés Y Japonés,No recomendada para menores de 12 años,Viernes 9 Enero 2026,"Brendan Fraser, Mari Yamamoto, Takehiro Hira, Akira Emoto, Shannon Gorman","Comedia dramática sobre un actor estadounidense (Brendan Fraser) que lucha por encontrar un propósito en la vida en el Tokio actual. Hasta que consigue un trabajo inusual, trabajar para una agencia japonesa de ""familias de alquiler"", interpretando papeles de suplente para desconocidos."
SCARLET,Mamoru Hosoda Mamoru Hosoda,111,08,18:20,2026-03-04,Renoir Princesa,https://www.pillalas.com/pase/1057012/,https://www.cinesrenoir.com/pelicula/scarlet/,https://media.pillalas.com/imagenes/726afb526abffa83d4a122cc6de08c8b36937e6d027dcb3465ceb9e1d14ec4e71675cf39.jpg,Japonés,No recomendada para menores de 12 años,Viernes 27 Febrero 2026,Animación,"Una princesa medieval experta en el manejo de la espada se embarca en una peligrosa misión para vengar la muerte de su padre. Tras fracasar en su misión y encontrarse gravemente herida en un «Otromundo», conoce a un joven idealista de nuestro presente que no solo la ayuda a curarse, sino que le muestra la posibilidad de un futuro libre de amargura y rabia. Cuando se enfrenta de nuevo al asesino de su padre, Scarlet se enfrenta a su batalla más difícil: ¿podrá romper el ciclo del odio y encontrar un sentido a la vida más allá de la venganza?"
SCARLET,Mamoru Hosoda Mamoru Hosoda,111,08,22:25,2026-03-04,Renoir Princesa,https://www.pillalas.com/pase/1057014/,https://www.cinesrenoir.com/pelicula/scarlet/,https://media.pillalas.com/imagenes/726afb526abffa83d4a122cc6de08c8b36937e6d027dcb3465ceb9e1d14ec4e71675cf39.jpg,Japonés,No recomendada para menores de 12 años,Viernes 27 Febrero 2026,Animación,"Una princesa medieval experta en el manejo de la espada se embarca en una peligrosa misión para vengar la muerte de su padre. Tras fracasar en su misión y encontrarse gravemente herida en un «Otromundo», conoce a un joven idealista de nuestro presente que no solo la ayuda a curarse, sino que le muestra la posibilidad de un futuro libre de amargura y rabia. Cuando se enfrenta de nuevo al asesino de su padre, Scarlet se enfrenta a su batalla más difícil: ¿podrá romper el ciclo del odio y encontrar un sentido a la vida más allá de la venganza?"
SIN CONEXIÓN,Bradley Cooper Cooper,120,08,16:00,2026-03-04,Renoir Princesa,https://www.pillalas.com/pase/1056952/,https://www.cinesrenoir.com/pelicula/sin-conexion/,https://media.pillalas.com/imagenes/726afb526abffa832172609433a0fdb98ea954f3904a127b5015f2f2335b6b1b2f7219c3.jpg,Inglés,No recomendada para menores de 12 años,Viernes 20 Febrero 2026,"Will Arnett, Laura Dern, Andra Day, Bradley Cooper, Amy Sedaris, Sean Hayes, Christine Ebersole, Ciarán Hinds, Scott Icenogle","Mientras su matrimonio se desmorona silenciosamente, Alex (Will Arnett) se enfrenta a la mediana edad y a un divorcio inminente, buscando un nuevo propósito en el mundo de la comedia neoyorquina, mientras que Tess (Laura Dern) se enfrenta a los sacrificios que ha hecho por su familia, lo que les obliga a lidiar con la crianza compartida, la identidad y si el amor puede adoptar una nueva forma."
SIN CONEXIÓN,Bradley Cooper Cooper,120,01,22:00,2026-03-04,Renoir Princesa,https://www.pillalas.com/pase/1056835/,https://www.cinesrenoir.com/pelicula/sin-conexion/,https://media.pillalas.com/imagenes/726afb526abffa832172609433a0fdb98ea954f3904a127b5015f2f2335b6b1b2f7219c3.jpg,Inglés,No recomendada para menores de 12 años,Viernes 20 Febrero 2026,"Will Arnett, Laura Dern, Andra Day, Bradley Cooper, Amy Sedaris, Sean Hayes, Christine Ebersole, Ciarán Hinds, Scott Icenogle","Mientras su matrimonio se desmorona silenciosamente, Alex (Will Arnett) se enfrenta a la mediana edad y a un divorcio inminente, buscando un nuevo propósito en el mundo de la comedia neoyorquina, mientras que Tess (Laura Dern) se enfrenta a los sacrificios que ha hecho por su familia, lo que les obliga a lidiar con la crianza compartida, la identidad y si el amor puede adoptar una nueva forma."
SIRAT,Óliver Laxe,120,03,20:25,2026-03-04,Renoir Princesa,https://www.pillalas.com/pase/1056962/,https://www.cinesrenoir.com/pelicula/sirat/,https://www.cinesrenoir.com/media/Peliculas/Cartel/SIRAT_ONLINE_GOYAOSCARS.jpg,Castellano Y Otros,No recomendada para menores de 16 años,Viernes 6 Junio 2025,"Sergi López, Bruno Núñez, Stefania Gadda, Joshua Liam Herderson, Tonin Javier, Jade Ouki, Richard Bellamyun","Un hombre (López) y su hijo (Nuñez) llegan a una rave perdida en medio de las áridas y fantasmagóricas montañas del sur de Marruecos. Buscan allí a Mar, su hija y hermana, desaparecida hace meses en una de estas fiestas sin amanecer. Reparten una y otra vez su foto rodeados de música electrónica y de un tipo de libertad que desconocen. Empujados por el destino, y con la esperanza de encontrar ahí a Mar, deciden seguir a un grupo de raveros hacia la última fiesta que se celebrará en el desierto."
SIRAT,Óliver Laxe,120,03,22:35,2026-03-04,Renoir Princesa,https://www.pillalas.com/pase/1056966/,https://www.cinesrenoir.com/pelicula/sirat/,https://www.cinesrenoir.com/media/Peliculas/Cartel/SIRAT_ONLINE_GOYAOSCARS.jpg,Castellano Y Otros,No recomendada para menores de 16 años,Viernes 6 Junio 2025,"Sergi López, Bruno Núñez, Stefania Gadda, Joshua Liam Herderson, Tonin Javier, Jade Ouki, Richard Bellamyun","Un hombre (López) y su hijo (Nuñez) llegan a una rave perdida en medio de las áridas y fantasmagóricas montañas del sur de Marruecos. Buscan allí a Mar, su hija y hermana, desaparecida hace meses en una de estas fiestas sin amanecer. Reparten una y otra vez su foto rodeados de música electrónica y de un tipo de libertad que desconocen. Empujados por el destino, y con la esperanza de encontrar ahí a Mar, deciden seguir a un grupo de raveros hacia la última fiesta que se celebrará en el desierto."
"SORRY, BABY",Eva Victor,102,01,16:00,2026-03-04,Renoir Princesa,https://www.pillalas.com/pase/1056827/,https://www.cinesrenoir.com/pelicula/sorry-baby/,https://media.pillalas.com/imagenes/726afb526abffa837c59681f561d4afba82a26ef8235abdaa380a4c9cf2bacb70dacac1c.jpg,Inglés,No recomendada para menores de 16 años y distintivo especialmente recomendada para el fomento de la igualdad de género,Viernes 27 Febrero 2026,"Eva Victor, Naomi Ackie, Lucas Hedges, John Carroll Lynch, Louis Cancelmi","A Agnes le pasó algo malo. Pero la vida sigue, al menos para todos los que la rodean."
"SORRY, BABY",Eva Victor,102,01,18:00,2026-03-04,Renoir Princesa,https://www.pillalas.com/pase/1056830/,https://www.cinesrenoir.com/pelicula/sorry-baby/,https://media.pillalas.com/imagenes/726afb526abffa837c59681f561d4afba82a26ef8235abdaa380a4c9cf2bacb70dacac1c.jpg,Inglés,No recomendada para menores de 16 años y distintivo especialmente recomendada para el fomento de la igualdad de género,Viernes 27 Febrero 2026,"Eva Victor, Naomi Ackie, Lucas Hedges, John Carroll Lynch, Louis Cancelmi","A Agnes le pasó algo malo. Pero la vida sigue, al menos para todos los que la rodean."
"SORRY, BABY",Eva Victor,102,01,20:00,2026-03-04,Renoir Princesa,https://www.pillalas.com/pase/1056833/,https://www.cinesrenoir.com/pelicula/sorry-baby/,https://media.pillalas.com/imagenes/726afb526abffa837c59681f561d4afba82a26ef8235abdaa380a4c9cf2bacb70dacac1c.jpg,Inglés,No recomendada para menores de 16 años y distintivo especialmente recomendada para el fomento de la igualdad de género,Viernes 27 Febrero 2026,"Eva Victor, Naomi Ackie, Lucas Hedges, John Carroll Lynch, Louis Cancelmi","A Agnes le pasó algo malo. Pero la vida sigue, al menos para todos los que la rodean."
"SORRY, BABY",Eva Victor,102,02,22:45,2026-03-04,Renoir Princesa,https://www.pillalas.com/pase/1056836/,https://www.cinesrenoir.com/pelicula/sorry-baby/,https://media.pillalas.com/imagenes/726afb526abffa837c59681f561d4afba82a26ef8235abdaa380a4c9cf2bacb70dacac1c.jpg,Inglés,No recomendada para menores de 16 años y distintivo especialmente recomendada para el fomento de la igualdad de género,Viernes 27 Febrero 2026,"Eva Victor, Naomi Ackie, Lucas Hedges, John Carroll Lynch, Louis Cancelmi","A Agnes le pasó algo malo. Pero la vida sigue, al menos para todos los que la rodean."
TRES ADIOSES,Isabel Coixet,122,02,16:00,2026-03-04,Renoir Princesa,https://www.pillalas.com/pase/1056829/,https://www.cinesrenoir.com/pelicula/tres-adioses/,https://media.pillalas.com/imagenes/726afb526abffa832ea2a44a189894de905fc7e94534a8bf4ef6bf13e5ccdfe90922c22e.jpg,Italiano,No recomendada para menores de 12 años,Viernes 6 Febrero 2026,"Alba Rohrwacher, Elio Germano, Francesco Carril, Silvia D Amico, Galatea Bellugi, Sarita Choudhury","Tras lo que parecía una discusión sin importancia, Marta (Alba Rohrwacher) y Antonio (Elio Germano) se separan. Él, un chef prometedor, se refugia en sus fogones; ella, en su silencio, empieza a notar algo más que tristeza: ha perdido el apetito… y no solo por desamor. Cuando descubre que detrás hay un problema de salud, todo da un giro inesperado: la comida sabe mejor, la música le llega como nunca y el deseo despierta sus ganas de vivir sin miedo.
Una historia sobre el amor, la vida y esos momentos que lo cambian todo para siempre."
TRES ADIOSES,Isabel Coixet,122,02,18:15,2026-03-04,Renoir Princesa,https://www.pillalas.com/pase/1056831/,https://www.cinesrenoir.com/pelicula/tres-adioses/,https://media.pillalas.com/imagenes/726afb526abffa832ea2a44a189894de905fc7e94534a8bf4ef6bf13e5ccdfe90922c22e.jpg,Italiano,No recomendada para menores de 12 años,Viernes 6 Febrero 2026,"Alba Rohrwacher, Elio Germano, Francesco Carril, Silvia D Amico, Galatea Bellugi, Sarita Choudhury","Tras lo que parecía una discusión sin importancia, Marta (Alba Rohrwacher) y Antonio (Elio Germano) se separan. Él, un chef prometedor, se refugia en sus fogones; ella, en su silencio, empieza a notar algo más que tristeza: ha perdido el apetito… y no solo por desamor. Cuando descubre que detrás hay un problema de salud, todo da un giro inesperado: la comida sabe mejor, la música le llega como nunca y el deseo despierta sus ganas de vivir sin miedo.
Una historia sobre el amor, la vida y esos momentos que lo cambian todo para siempre."
TRES ADIOSES,Isabel Coixet,122,02,20:30,2026-03-04,Renoir Princesa,https://www.pillalas.com/pase/1056834/,https://www.cinesrenoir.com/pelicula/tres-adioses/,https://media.pillalas.com/imagenes/726afb526abffa832ea2a44a189894de905fc7e94534a8bf4ef6bf13e5ccdfe90922c22e.jpg,Italiano,No recomendada para menores de 12 años,Viernes 6 Febrero 2026,"Alba Rohrwacher, Elio Germano, Francesco Carril, Silvia D Amico, Galatea Bellugi, Sarita Choudhury","Tras lo que parecía una discusión sin importancia, Marta (Alba Rohrwacher) y Antonio (Elio Germano) se separan. Él, un chef prometedor, se refugia en sus fogones; ella, en su silencio, empieza a notar algo más que tristeza: ha perdido el apetito… y no solo por desamor. Cuando descubre que detrás hay un problema de salud, todo da un giro inesperado: la comida sabe mejor, la música le llega como nunca y el deseo despierta sus ganas de vivir sin miedo.
Una historia sobre el amor, la vida y esos momentos que lo cambian todo para siempre."
CUMBRES BORRASCOSAS,Emerald Fennell,135,09,16:10,2026-03-05,Renoir Princesa,https://www.pillalas.com/pase/1057067/,https://www.cinesrenoir.com/pelicula/cumbres-borrascosas/,https://media.pillalas.com/imagenes/726afb526abffa83abe8577deb3c0674bd352fd2b0500497b1d5570f2dd570487210fc4e.jpg,Inglés,No recomendada para menores de 16 años,Viernes 13 Febrero 2026,"Margot Robbie, Jacob Elordi, Hong Chau, Alison Oliver, Owen Cooper, Shazad Latif, Martin Clunes, Ewan Mitchell, Amy Morgan, Jessica Knappett, Charlotte Mellington, Vy Nguyen","Adaptada a todo tipo de formatos en multitud de ocasiones, se trata de una trágica historia de pasiones encontradas en la Inglaterra rural más conservadora. Una historia de venganza y odio, de pasiones desatadas y amores desesperados que van más allá de la muerte ambientada en los brumosos y sombríos páramos de Yorkshire, al norte de Inglaterra."
CUMBRES BORRASCOSAS,Emerald Fennell,135,11,18:10,2026-03-05,Renoir Princesa,https://www.pillalas.com/pase/1057072/,https://www.cinesrenoir.com/pelicula/cumbres-borrascosas/,https://media.pillalas.com/imagenes/726afb526abffa83abe8577deb3c0674bd352fd2b0500497b1d5570f2dd570487210fc4e.jpg,Inglés,No recomendada para menores de 16 años,Viernes 13 Febrero 2026,"Margot Robbie, Jacob Elordi, Hong Chau, Alison Oliver, Owen Cooper, Shazad Latif, Martin Clunes, Ewan Mitchell, Amy Morgan, Jessica Knappett, Charlotte Mellington, Vy Nguyen","Adaptada a todo tipo de formatos en multitud de ocasiones, se trata de una trágica historia de pasiones encontradas en la Inglaterra rural más conservadora. Una historia de venganza y odio, de pasiones desatadas y amores desesperados que van más allá de la muerte ambientada en los brumosos y sombríos páramos de Yorkshire, al norte de Inglaterra."
CUMBRES BORRASCOSAS,Emerald Fennell,135,11,20:35,2026-03-05,Renoir Princesa,https://www.pillalas.com/pase/1057073/,https://www.cinesrenoir.com/pelicula/cumbres-borrascosas/,https://media.pillalas.com/imagenes/726afb526abffa83abe8577deb3c0674bd352fd2b0500497b1d5570f2dd570487210fc4e.jpg,Inglés,No recomendada para menores de 16 años,Viernes 13 Febrero 2026,"Margot Robbie, Jacob Elordi, Hong Chau, Alison Oliver, Owen Cooper, Shazad Latif, Martin Clunes, Ewan Mitchell, Amy Morgan, Jessica Knappett, Charlotte Mellington, Vy Nguyen","Adaptada a todo tipo de formatos en multitud de ocasiones, se trata de una trágica historia de pasiones encontradas en la Inglaterra rural más conservadora. Una historia de venganza y odio, de pasiones desatadas y amores desesperados que van más allá de la muerte ambientada en los brumosos y sombríos páramos de Yorkshire, al norte de Inglaterra."
CUMBRES BORRASCOSAS,Emerald Fennell,135,09,21:45,2026-03-05,Renoir Princesa,https://www.pillalas.com/pase/1057071/,https://www.cinesrenoir.com/pelicula/cumbres-borrascosas/,https://media.pillalas.com/imagenes/726afb526abffa83abe8577deb3c0674bd352fd2b0500497b1d5570f2dd570487210fc4e.jpg,Inglés,No recomendada para menores de 16 años,Viernes 13 Febrero 2026,"Margot Robbie, Jacob Elordi, Hong Chau, Alison Oliver, Owen Cooper, Shazad Latif, Martin Clunes, Ewan Mitchell, Amy Morgan, Jessica Knappett, Charlotte Mellington, Vy Nguyen","Adaptada a todo tipo de formatos en multitud de ocasiones, se trata de una trágica historia de pasiones encontradas en la Inglaterra rural más conservadora. Una historia de venganza y odio, de pasiones desatadas y amores desesperados que van más allá de la muerte ambientada en los brumosos y sombríos páramos de Yorkshire, al norte de Inglaterra."
EL AGENTE SECRETO,Kleber Mendonça Filho,160,04,16:00,2026-03-05,Renoir Princesa,https://www.pillalas.com/pase/1056969/,https://www.cinesrenoir.com/pelicula/el-agente-secreto/,https://media.pillalas.com/imagenes/726afb526abffa83bdba0b90e98cf11293bcd8b9c8be1af817aa6c045cd8f479730f7511.jpg,Portugués,No recomendada para menores de 16 años,Viernes 20 Febrero 2026,"Wagner Moura, Gabriel Leone, Udo Kier, Maria Fernanda Cândido","1977. En un Brasil atormentado por la dictadura militar, Marcelo, un cuarentón que huye de un pasado turbulento, llega a la ciudad de Recife, donde espera construir una nueva vida y reencontrarse con su hijo. Todo se complica cuando descubre que las fuerzas gubernamentales le persiguen y las amenazas de muerte se ciernen sobre su cabeza."
EL AGENTE SECRETO,Kleber Mendonça Filho,160,07,17:15,2026-03-05,Renoir Princesa,https://www.pillalas.com/pase/1056971/,https://www.cinesrenoir.com/pelicula/el-agente-secreto/,https://media.pillalas.com/imagenes/726afb526abffa83bdba0b90e98cf11293bcd8b9c8be1af817aa6c045cd8f479730f7511.jpg,Portugués,No recomendada para menores de 16 años,Viernes 20 Febrero 2026,"Wagner Moura, Gabriel Leone, Udo Kier, Maria Fernanda Cândido","1977. En un Brasil atormentado por la dictadura militar, Marcelo, un cuarentón que huye de un pasado turbulento, llega a la ciudad de Recife, donde espera construir una nueva vida y reencontrarse con su hijo. Todo se complica cuando descubre que las fuerzas gubernamentales le persiguen y las amenazas de muerte se ciernen sobre su cabeza."
EL AGENTE SECRETO,Kleber Mendonça Filho,160,04,18:55,2026-03-05,Renoir Princesa,https://www.pillalas.com/pase/1056974/,https://www.cinesrenoir.com/pelicula/el-agente-secreto/,https://media.pillalas.com/imagenes/726afb526abffa83bdba0b90e98cf11293bcd8b9c8be1af817aa6c045cd8f479730f7511.jpg,Portugués,No recomendada para menores de 16 años,Viernes 20 Febrero 2026,"Wagner Moura, Gabriel Leone, Udo Kier, Maria Fernanda Cândido","1977. En un Brasil atormentado por la dictadura militar, Marcelo, un cuarentón que huye de un pasado turbulento, llega a la ciudad de Recife, donde espera construir una nueva vida y reencontrarse con su hijo. Todo se complica cuando descubre que las fuerzas gubernamentales le persiguen y las amenazas de muerte se ciernen sobre su cabeza."
EL AGENTE SECRETO,Kleber Mendonça Filho,160,04,21:50,2026-03-05,Renoir Princesa,https://www.pillalas.com/pase/1056979/,https://www.cinesrenoir.com/pelicula/el-agente-secreto/,https://media.pillalas.com/imagenes/726afb526abffa83bdba0b90e98cf11293bcd8b9c8be1af817aa6c045cd8f479730f7511.jpg,Portugués,No recomendada para menores de 16 años,Viernes 20 Febrero 2026,"Wagner Moura, Gabriel Leone, Udo Kier, Maria Fernanda Cândido","1977. En un Brasil atormentado por la dictadura militar, Marcelo, un cuarentón que huye de un pasado turbulento, llega a la ciudad de Recife, donde espera construir una nueva vida y reencontrarse con su hijo. Todo se complica cuando descubre que las fuerzas gubernamentales le persiguen y las amenazas de muerte se ciernen sobre su cabeza."
HAMNET,Chloé Zhao,125,03,16:00,2026-03-05,Renoir Princesa,https://www.pillalas.com/pase/1056837/,https://www.cinesrenoir.com/pelicula/hamnet/,https://www.cinesrenoir.com/media/Peliculas/Cartel/HAMNET_Cartel_Digital_8Nominaciones_Oscar_YaEnCines_v2_2.jpg,Inglés,No recomendada para menores de 12 años,Viernes 23 Enero 2026,"Jessie Buckley, Paul Mescal, Joe Alwyn, Emily Watson","Año 1596, Stratford-upon-Avon, Inglaterra. La vida de Agnes transcurre plácidamente junto a su marido y sus tres hijos. Ella cultiva plantas medicinales mientras William trabaja en Londres. El destino, sin embargo, les reservará un duro golpe cuando su hijo Hamnet, de once años, muera repentinamente tras contraer la peste. A raíz de esta tragedia, su padre creará uno de los grandes personajes de la literatura universal, de nombre casi idéntico al de su hijo.


Pero esta película no habla de famosos sucesos sino de algo íntimo y olvidado: La vida de esta familia, y especialmente la de la mujer que la sostenía y que tuvo que cargar con una insoportable pérdida."
HAMNET,Chloé Zhao,125,05,17:40,2026-03-05,Renoir Princesa,https://www.pillalas.com/pase/1056972/,https://www.cinesrenoir.com/pelicula/hamnet/,https://www.cinesrenoir.com/media/Peliculas/Cartel/HAMNET_Cartel_Digital_8Nominaciones_Oscar_YaEnCines_v2_2.jpg,Inglés,No recomendada para menores de 12 años,Viernes 23 Enero 2026,"Jessie Buckley, Paul Mescal, Joe Alwyn, Emily Watson","Año 1596, Stratford-upon-Avon, Inglaterra. La vida de Agnes transcurre plácidamente junto a su marido y sus tres hijos. Ella cultiva plantas medicinales mientras William trabaja en Londres. El destino, sin embargo, les reservará un duro golpe cuando su hijo Hamnet, de once años, muera repentinamente tras contraer la peste. A raíz de esta tragedia, su padre creará uno de los grandes personajes de la literatura universal, de nombre casi idéntico al de su hijo.


Pero esta película no habla de famosos sucesos sino de algo íntimo y olvidado: La vida de esta familia, y especialmente la de la mujer que la sostenía y que tuvo que cargar con una insoportable pérdida."
HAMNET,Chloé Zhao,125,05,20:00,2026-03-05,Renoir Princesa,https://www.pillalas.com/pase/1056975/,https://www.cinesrenoir.com/pelicula/hamnet/,https://www.cinesrenoir.com/media/Peliculas/Cartel/HAMNET_Cartel_Digital_8Nominaciones_Oscar_YaEnCines_v2_2.jpg,Inglés,No recomendada para menores de 12 años,Viernes 23 Enero 2026,"Jessie Buckley, Paul Mescal, Joe Alwyn, Emily Watson","Año 1596, Stratford-upon-Avon, Inglaterra. La vida de Agnes transcurre plácidamente junto a su marido y sus tres hijos. Ella cultiva plantas medicinales mientras William trabaja en Londres. El destino, sin embargo, les reservará un duro golpe cuando su hijo Hamnet, de once años, muera repentinamente tras contraer la peste. A raíz de esta tragedia, su padre creará uno de los grandes personajes de la literatura universal, de nombre casi idéntico al de su hijo.


Pero esta película no habla de famosos sucesos sino de algo íntimo y olvidado: La vida de esta familia, y especialmente la de la mujer que la sostenía y que tuvo que cargar con una insoportable pérdida."
HAMNET,Chloé Zhao,125,05,22:20,2026-03-05,Renoir Princesa,https://www.pillalas.com/pase/1056980/,https://www.cinesrenoir.com/pelicula/hamnet/,https://www.cinesrenoir.com/media/Peliculas/Cartel/HAMNET_Cartel_Digital_8Nominaciones_Oscar_YaEnCines_v2_2.jpg,Inglés,No recomendada para menores de 12 años,Viernes 23 Enero 2026,"Jessie Buckley, Paul Mescal, Joe Alwyn, Emily Watson","Año 1596, Stratford-upon-Avon, Inglaterra. La vida de Agnes transcurre plácidamente junto a su marido y sus tres hijos. Ella cultiva plantas medicinales mientras William trabaja en Londres. El destino, sin embargo, les reservará un duro golpe cuando su hijo Hamnet, de once años, muera repentinamente tras contraer la peste. A raíz de esta tragedia, su padre creará uno de los grandes personajes de la literatura universal, de nombre casi idéntico al de su hijo.


Pero esta película no habla de famosos sucesos sino de algo íntimo y olvidado: La vida de esta familia, y especialmente la de la mujer que la sostenía y que tuvo que cargar con una insoportable pérdida."
HER [WILDER CINEMA],Spike Jonze,126,07,20:10,2026-03-05,Renoir Princesa,https://www.pillalas.com/pase/1057511/,https://www.cinesrenoir.com/pelicula/her-wilder-cinema/,https://media.pillalas.com/imagenes/726afb526abffa8387ccd508a5ad36b2aed6fd8311052ffff2c8ef0aadfce5f2ec3c297d.jpg,Inglés,No recomendada para menores de 12 años,Jueves 5 Marzo 2026,"Joaquin Phoenix,  Amy Adams,  Rooney Mara,  Scarlett Johansson,  Olivia Wilde,  Chris Pratt,  Sam Jaeger,  Portia Doubleday,  Katherine Boecher,  Alia Janine,  Matt Letscher","Delicada y melancólica reflexión sobre el amor, la soledad y la tecnología, Her imagina un futuro cercano tan íntimo como reconocible. Spike Jonze construye una historia profundamente emocional apoyada en la interpretación de Joaquin Phoenix y una puesta en escena cálida y minimalista. Sensible, elegante y sorprendentemente visionaria, es una de las películas más influyentes del cine reciente sobre nuestras relaciones en la era digital.Oscar al Mejor Guion Original“Una película hermosa y profundamente emotiva.” — El País“Romántica, inteligente y conmovedora.” — Fotogramas“Cine de ciencia ficción emocional.” — Cinemanía“Una obra maestra contemporánea.” — The Guardian“Extraordinariamente humana.” — The New York Times"
LITTLE AMELIE,"Mailys Vallade, Liane-Cho Han Jin Kuang",77,05,16:00,2026-03-05,Renoir Princesa,https://www.pillalas.com/pase/1056968/,https://www.cinesrenoir.com/pelicula/little-amelie/,https://media.pillalas.com/imagenes/726afb526abffa830cf602187f6a0774a2be2cd024be305aa13f298deb2bd3128a88c8e7.jpg,Francés,Apta para todos los públicos y distintivo especialmente recomendada para la infancia,Viernes 20 Febrero 2026,Animación,"Amélie es una niña belga nacida en Japón. Gracias a su amiga y niñera Nishio-san, su vida es una sucesión de aventuras y descubrimientos. Pero el día de su tercer cumpleaños, todo cambia."
LOS DOMINGOS,Alauda Ruiz De Azúa,115,11,16:00,2026-03-05,Renoir Princesa,https://www.pillalas.com/pase/1057015/,https://www.cinesrenoir.com/pelicula/los-domingos/,https://media.pillalas.com/imagenes/726afb526abffa83eb13c84b6e843cdf406388aa12cc57b934b6e5ab1c8e2d84ce9ad1f4.jpg,Castellano,No recomendada para menores de 12 años,Viernes 24 Octubre 2025,"Patricia López Arnaiz, Blanca Soroa, Miguel Garcés, Juan Minujín, Mabel Rivera, Nagore Aramburu","'Los domingos' cuenta la historia de Ainara (Soroa), una joven idealista y brillante de 17 años que ha de decidir qué carrera universitaria estudiará. O, al menos, eso espera su familia que haga. Sin embargo, la joven manifiesta que se siente cada vez más cerca de Dios y que se plantea abrazar la vida de monja de clausura. La noticia pilla por sorpresa a toda la familia provocando un abismo y una prueba de fuego para todos."
LOS DOMINGOS,Alauda Ruiz De Azúa,115,06,18:05,2026-03-05,Renoir Princesa,https://www.pillalas.com/pase/1056973/,https://www.cinesrenoir.com/pelicula/los-domingos/,https://media.pillalas.com/imagenes/726afb526abffa83eb13c84b6e843cdf406388aa12cc57b934b6e5ab1c8e2d84ce9ad1f4.jpg,Castellano,No recomendada para menores de 12 años,Viernes 24 Octubre 2025,"Patricia López Arnaiz, Blanca Soroa, Miguel Garcés, Juan Minujín, Mabel Rivera, Nagore Aramburu","'Los domingos' cuenta la historia de Ainara (Soroa), una joven idealista y brillante de 17 años que ha de decidir qué carrera universitaria estudiará. O, al menos, eso espera su familia que haga. Sin embargo, la joven manifiesta que se siente cada vez más cerca de Dios y que se plantea abrazar la vida de monja de clausura. La noticia pilla por sorpresa a toda la familia provocando un abismo y una prueba de fuego para todos."
LOS DOMINGOS,Alauda Ruiz De Azúa,115,06,20:15,2026-03-05,Renoir Princesa,https://www.pillalas.com/pase/1056977/,https://www.cinesrenoir.com/pelicula/los-domingos/,https://media.pillalas.com/imagenes/726afb526abffa83eb13c84b6e843cdf406388aa12cc57b934b6e5ab1c8e2d84ce9ad1f4.jpg,Castellano,No recomendada para menores de 12 años,Viernes 24 Octubre 2025,"Patricia López Arnaiz, Blanca Soroa, Miguel Garcés, Juan Minujín, Mabel Rivera, Nagore Aramburu","'Los domingos' cuenta la historia de Ainara (Soroa), una joven idealista y brillante de 17 años que ha de decidir qué carrera universitaria estudiará. O, al menos, eso espera su familia que haga. Sin embargo, la joven manifiesta que se siente cada vez más cerca de Dios y que se plantea abrazar la vida de monja de clausura. La noticia pilla por sorpresa a toda la familia provocando un abismo y una prueba de fuego para todos."
LOS DOMINGOS,Alauda Ruiz De Azúa,115,06,22:30,2026-03-05,Renoir Princesa,https://www.pillalas.com/pase/1056981/,https://www.cinesrenoir.com/pelicula/los-domingos/,https://media.pillalas.com/imagenes/726afb526abffa83eb13c84b6e843cdf406388aa12cc57b934b6e5ab1c8e2d84ce9ad1f4.jpg,Castellano,No recomendada para menores de 12 años,Viernes 24 Octubre 2025,"Patricia López Arnaiz, Blanca Soroa, Miguel Garcés, Juan Minujín, Mabel Rivera, Nagore Aramburu","'Los domingos' cuenta la historia de Ainara (Soroa), una joven idealista y brillante de 17 años que ha de decidir qué carrera universitaria estudiará. O, al menos, eso espera su familia que haga. Sin embargo, la joven manifiesta que se siente cada vez más cerca de Dios y que se plantea abrazar la vida de monja de clausura. La noticia pilla por sorpresa a toda la familia provocando un abismo y una prueba de fuego para todos."
MARTY SUPREME,Josh Safdie,149,10,16:00,2026-03-05,Renoir Princesa,https://www.pillalas.com/pase/1057066/,https://www.cinesrenoir.com/pelicula/marty-supreme/,https://media.pillalas.com/imagenes/726afb526abffa83215ea8a89c8894fb1ac44e6c3b86faba19f84e195b42d541304dcb79.jpg,Inglés,No recomendada para menores de 16 años,Viernes 30 Enero 2026,"Timothee Chalamet, Gwyneth Paltrow, Odessa A Zion, Sandra Bernhard, Fran Drescher, Abel Ferrara, Spenser Granese, Tyler The Creator, Penn Jillette, Kevin O Leary","Marty Mauser (Timothée Chalamet), un joven con una ambición desmesurada, está dispuesto a todo para cumplir su sueño. Con ayuda, entre otros, de la estrella de cine Carol Dunne (Gwyneth Paltrow) demostrará al mundo entero su grandeza."
MARTY SUPREME,Josh Safdie,149,10,18:50,2026-03-05,Renoir Princesa,https://www.pillalas.com/pase/1057068/,https://www.cinesrenoir.com/pelicula/marty-supreme/,https://media.pillalas.com/imagenes/726afb526abffa83215ea8a89c8894fb1ac44e6c3b86faba19f84e195b42d541304dcb79.jpg,Inglés,No recomendada para menores de 16 años,Viernes 30 Enero 2026,"Timothee Chalamet, Gwyneth Paltrow, Odessa A Zion, Sandra Bernhard, Fran Drescher, Abel Ferrara, Spenser Granese, Tyler The Creator, Penn Jillette, Kevin O Leary","Marty Mauser (Timothée Chalamet), un joven con una ambición desmesurada, está dispuesto a todo para cumplir su sueño. Con ayuda, entre otros, de la estrella de cine Carol Dunne (Gwyneth Paltrow) demostrará al mundo entero su grandeza."
MARTY SUPREME,Josh Safdie,149,10,21:35,2026-03-05,Renoir Princesa,https://www.pillalas.com/pase/1057070/,https://www.cinesrenoir.com/pelicula/marty-supreme/,https://media.pillalas.com/imagenes/726afb526abffa83215ea8a89c8894fb1ac44e6c3b86faba19f84e195b42d541304dcb79.jpg,Inglés,No recomendada para menores de 16 años,Viernes 30 Enero 2026,"Timothee Chalamet, Gwyneth Paltrow, Odessa A Zion, Sandra Bernhard, Fran Drescher, Abel Ferrara, Spenser Granese, Tyler The Creator, Penn Jillette, Kevin O Leary","Marty Mauser (Timothée Chalamet), un joven con una ambición desmesurada, está dispuesto a todo para cumplir su sueño. Con ayuda, entre otros, de la estrella de cine Carol Dunne (Gwyneth Paltrow) demostrará al mundo entero su grandeza."
NUEVOS HORIZONTES [DOCS DEL MES],Sara Khaki Y Mohammadreza Eyni,95,08,20:30,2026-03-05,Renoir Princesa,https://www.pillalas.com/pase/1056433/,https://www.cinesrenoir.com/pelicula/nuevos-horizontes-docs-del-mes/,https://media.pillalas.com/imagenes/726afb526abffa8311d685c9c52ef8a0b0b2d7ae4ce4fbc7b4abca4dae78cc9b5dcb0760.jpg,Persa Y Azerbaiyano,No recomendada para menores de 7 años,Jueves 5 Marzo 2026,Documental,"Cuando se convierte en la primera concejala electa de su pueblo natal en Irán, Sara Shahverdi se propone romper tradiciones patriarcales muy arraigadas. Empodera a las adolescentes, les enseña a ir en moto y pretende acabar con los matrimonios infantiles. Cuando surgen acusaciones que cuestionan sus intenciones, su identidad se verá perturbada."
RENTAL FAMILY (FAMILIA DE ALQUILER),Mitsuyo Miyazaki,109,06,16:00,2026-03-05,Renoir Princesa,https://www.pillalas.com/pase/1056970/,https://www.cinesrenoir.com/pelicula/rental-family-familia-de-alquiler/,https://media.pillalas.com/imagenes/726afb526abffa8354fd8d551fddc8b6f2c37df750c002f9f65d59d1707b603c58f3211d.jpg,Inglés Y Japonés,No recomendada para menores de 12 años,Viernes 9 Enero 2026,"Brendan Fraser, Mari Yamamoto, Takehiro Hira, Akira Emoto, Shannon Gorman","Comedia dramática sobre un actor estadounidense (Brendan Fraser) que lucha por encontrar un propósito en la vida en el Tokio actual. Hasta que consigue un trabajo inusual, trabajar para una agencia japonesa de ""familias de alquiler"", interpretando papeles de suplente para desconocidos."
RENTAL FAMILY (FAMILIA DE ALQUILER),Mitsuyo Miyazaki,109,03,18:20,2026-03-05,Renoir Princesa,https://www.pillalas.com/pase/1056842/,https://www.cinesrenoir.com/pelicula/rental-family-familia-de-alquiler/,https://media.pillalas.com/imagenes/726afb526abffa8354fd8d551fddc8b6f2c37df750c002f9f65d59d1707b603c58f3211d.jpg,Inglés Y Japonés,No recomendada para menores de 12 años,Viernes 9 Enero 2026,"Brendan Fraser, Mari Yamamoto, Takehiro Hira, Akira Emoto, Shannon Gorman","Comedia dramática sobre un actor estadounidense (Brendan Fraser) que lucha por encontrar un propósito en la vida en el Tokio actual. Hasta que consigue un trabajo inusual, trabajar para una agencia japonesa de ""familias de alquiler"", interpretando papeles de suplente para desconocidos."
SCARLET,Mamoru Hosoda Mamoru Hosoda,111,08,18:20,2026-03-05,Renoir Princesa,https://www.pillalas.com/pase/1057016/,https://www.cinesrenoir.com/pelicula/scarlet/,https://media.pillalas.com/imagenes/726afb526abffa83d4a122cc6de08c8b36937e6d027dcb3465ceb9e1d14ec4e71675cf39.jpg,Japonés,No recomendada para menores de 12 años,Viernes 27 Febrero 2026,Animación,"Una princesa medieval experta en el manejo de la espada se embarca en una peligrosa misión para vengar la muerte de su padre. Tras fracasar en su misión y encontrarse gravemente herida en un «Otromundo», conoce a un joven idealista de nuestro presente que no solo la ayuda a curarse, sino que le muestra la posibilidad de un futuro libre de amargura y rabia. Cuando se enfrenta de nuevo al asesino de su padre, Scarlet se enfrenta a su batalla más difícil: ¿podrá romper el ciclo del odio y encontrar un sentido a la vida más allá de la venganza?"
SCARLET,Mamoru Hosoda Mamoru Hosoda,111,08,22:25,2026-03-05,Renoir Princesa,https://www.pillalas.com/pase/1057017/,https://www.cinesrenoir.com/pelicula/scarlet/,https://media.pillalas.com/imagenes/726afb526abffa83d4a122cc6de08c8b36937e6d027dcb3465ceb9e1d14ec4e71675cf39.jpg,Japonés,No recomendada para menores de 12 años,Viernes 27 Febrero 2026,Animación,"Una princesa medieval experta en el manejo de la espada se embarca en una peligrosa misión para vengar la muerte de su padre. Tras fracasar en su misión y encontrarse gravemente herida en un «Otromundo», conoce a un joven idealista de nuestro presente que no solo la ayuda a curarse, sino que le muestra la posibilidad de un futuro libre de amargura y rabia. Cuando se enfrenta de nuevo al asesino de su padre, Scarlet se enfrenta a su batalla más difícil: ¿podrá romper el ciclo del odio y encontrar un sentido a la vida más allá de la venganza?"
SIN CONEXIÓN,Bradley Cooper Cooper,120,08,16:00,2026-03-05,Renoir Princesa,https://www.pillalas.com/pase/1056967/,https://www.cinesrenoir.com/pelicula/sin-conexion/,https://media.pillalas.com/imagenes/726afb526abffa832172609433a0fdb98ea954f3904a127b5015f2f2335b6b1b2f7219c3.jpg,Inglés,No recomendada para menores de 12 años,Viernes 20 Febrero 2026,"Will Arnett, Laura Dern, Andra Day, Bradley Cooper, Amy Sedaris, Sean Hayes, Christine Ebersole, Ciarán Hinds, Scott Icenogle","Mientras su matrimonio se desmorona silenciosamente, Alex (Will Arnett) se enfrenta a la mediana edad y a un divorcio inminente, buscando un nuevo propósito en el mundo de la comedia neoyorquina, mientras que Tess (Laura Dern) se enfrenta a los sacrificios que ha hecho por su familia, lo que les obliga a lidiar con la crianza compartida, la identidad y si el amor puede adoptar una nueva forma."
SIN CONEXIÓN,Bradley Cooper Cooper,120,01,22:00,2026-03-05,Renoir Princesa,https://www.pillalas.com/pase/1056845/,https://www.cinesrenoir.com/pelicula/sin-conexion/,https://media.pillalas.com/imagenes/726afb526abffa832172609433a0fdb98ea954f3904a127b5015f2f2335b6b1b2f7219c3.jpg,Inglés,No recomendada para menores de 12 años,Viernes 20 Febrero 2026,"Will Arnett, Laura Dern, Andra Day, Bradley Cooper, Amy Sedaris, Sean Hayes, Christine Ebersole, Ciarán Hinds, Scott Icenogle","Mientras su matrimonio se desmorona silenciosamente, Alex (Will Arnett) se enfrenta a la mediana edad y a un divorcio inminente, buscando un nuevo propósito en el mundo de la comedia neoyorquina, mientras que Tess (Laura Dern) se enfrenta a los sacrificios que ha hecho por su familia, lo que les obliga a lidiar con la crianza compartida, la identidad y si el amor puede adoptar una nueva forma."
SIRAT,Óliver Laxe,120,03,20:25,2026-03-05,Renoir Princesa,https://www.pillalas.com/pase/1056978/,https://www.cinesrenoir.com/pelicula/sirat/,https://www.cinesrenoir.com/media/Peliculas/Cartel/SIRAT_ONLINE_GOYAOSCARS.jpg,Castellano Y Otros,No recomendada para menores de 16 años,Viernes 6 Junio 2025,"Sergi López, Bruno Núñez, Stefania Gadda, Joshua Liam Herderson, Tonin Javier, Jade Ouki, Richard Bellamyun","Un hombre (López) y su hijo (Nuñez) llegan a una rave perdida en medio de las áridas y fantasmagóricas montañas del sur de Marruecos. Buscan allí a Mar, su hija y hermana, desaparecida hace meses en una de estas fiestas sin amanecer. Reparten una y otra vez su foto rodeados de música electrónica y de un tipo de libertad que desconocen. Empujados por el destino, y con la esperanza de encontrar ahí a Mar, deciden seguir a un grupo de raveros hacia la última fiesta que se celebrará en el desierto."
SIRAT,Óliver Laxe,120,03,22:35,2026-03-05,Renoir Princesa,https://www.pillalas.com/pase/1056982/,https://www.cinesrenoir.com/pelicula/sirat/,https://www.cinesrenoir.com/media/Peliculas/Cartel/SIRAT_ONLINE_GOYAOSCARS.jpg,Castellano Y Otros,No recomendada para menores de 16 años,Viernes 6 Junio 2025,"Sergi López, Bruno Núñez, Stefania Gadda, Joshua Liam Herderson, Tonin Javier, Jade Ouki, Richard Bellamyun","Un hombre (López) y su hijo (Nuñez) llegan a una rave perdida en medio de las áridas y fantasmagóricas montañas del sur de Marruecos. Buscan allí a Mar, su hija y hermana, desaparecida hace meses en una de estas fiestas sin amanecer. Reparten una y otra vez su foto rodeados de música electrónica y de un tipo de libertad que desconocen. Empujados por el destino, y con la esperanza de encontrar ahí a Mar, deciden seguir a un grupo de raveros hacia la última fiesta que se celebrará en el desierto."
"SORRY, BABY",Eva Victor,102,01,16:00,2026-03-05,Renoir Princesa,https://www.pillalas.com/pase/1056839/,https://www.cinesrenoir.com/pelicula/sorry-baby/,https://media.pillalas.com/imagenes/726afb526abffa837c59681f561d4afba82a26ef8235abdaa380a4c9cf2bacb70dacac1c.jpg,Inglés,No recomendada para menores de 16 años y distintivo especialmente recomendada para el fomento de la igualdad de género,Viernes 27 Febrero 2026,"Eva Victor, Naomi Ackie, Lucas Hedges, John Carroll Lynch, Louis Cancelmi","A Agnes le pasó algo malo. Pero la vida sigue, al menos para todos los que la rodean."
"SORRY, BABY",Eva Victor,102,01,18:00,2026-03-05,Renoir Princesa,https://www.pillalas.com/pase/1056840/,https://www.cinesrenoir.com/pelicula/sorry-baby/,https://media.pillalas.com/imagenes/726afb526abffa837c59681f561d4afba82a26ef8235abdaa380a4c9cf2bacb70dacac1c.jpg,Inglés,No recomendada para menores de 16 años y distintivo especialmente recomendada para el fomento de la igualdad de género,Viernes 27 Febrero 2026,"Eva Victor, Naomi Ackie, Lucas Hedges, John Carroll Lynch, Louis Cancelmi","A Agnes le pasó algo malo. Pero la vida sigue, al menos para todos los que la rodean."
"SORRY, BABY",Eva Victor,102,01,20:00,2026-03-05,Renoir Princesa,https://www.pillalas.com/pase/1056843/,https://www.cinesrenoir.com/pelicula/sorry-baby/,https://media.pillalas.com/imagenes/726afb526abffa837c59681f561d4afba82a26ef8235abdaa380a4c9cf2bacb70dacac1c.jpg,Inglés,No recomendada para menores de 16 años y distintivo especialmente recomendada para el fomento de la igualdad de género,Viernes 27 Febrero 2026,"Eva Victor, Naomi Ackie, Lucas Hedges, John Carroll Lynch, Louis Cancelmi","A Agnes le pasó algo malo. Pero la vida sigue, al menos para todos los que la rodean."
"SORRY, BABY",Eva Victor,102,02,22:45,2026-03-05,Renoir Princesa,https://www.pillalas.com/pase/1056846/,https://www.cinesrenoir.com/pelicula/sorry-baby/,https://media.pillalas.com/imagenes/726afb526abffa837c59681f561d4afba82a26ef8235abdaa380a4c9cf2bacb70dacac1c.jpg,Inglés,No recomendada para menores de 16 años y distintivo especialmente recomendada para el fomento de la igualdad de género,Viernes 27 Febrero 2026,"Eva Victor, Naomi Ackie, Lucas Hedges, John Carroll Lynch, Louis Cancelmi","A Agnes le pasó algo malo. Pero la vida sigue, al menos para todos los que la rodean."
TRES ADIOSES,Isabel Coixet,122,02,16:00,2026-03-05,Renoir Princesa,https://www.pillalas.com/pase/1056838/,https://www.cinesrenoir.com/pelicula/tres-adioses/,https://media.pillalas.com/imagenes/726afb526abffa832ea2a44a189894de905fc7e94534a8bf4ef6bf13e5ccdfe90922c22e.jpg,Italiano,No recomendada para menores de 12 años,Viernes 6 Febrero 2026,"Alba Rohrwacher, Elio Germano, Francesco Carril, Silvia D Amico, Galatea Bellugi, Sarita Choudhury","Tras lo que parecía una discusión sin importancia, Marta (Alba Rohrwacher) y Antonio (Elio Germano) se separan. Él, un chef prometedor, se refugia en sus fogones; ella, en su silencio, empieza a notar algo más que tristeza: ha perdido el apetito… y no solo por desamor. Cuando descubre que detrás hay un problema de salud, todo da un giro inesperado: la comida sabe mejor, la música le llega como nunca y el deseo despierta sus ganas de vivir sin miedo.
Una historia sobre el amor, la vida y esos momentos que lo cambian todo para siempre."
TRES ADIOSES,Isabel Coixet,122,02,18:15,2026-03-05,Renoir Princesa,https://www.pillalas.com/pase/1056841/,https://www.cinesrenoir.com/pelicula/tres-adioses/,https://media.pillalas.com/imagenes/726afb526abffa832ea2a44a189894de905fc7e94534a8bf4ef6bf13e5ccdfe90922c22e.jpg,Italiano,No recomendada para menores de 12 años,Viernes 6 Febrero 2026,"Alba Rohrwacher, Elio Germano, Francesco Carril, Silvia D Amico, Galatea Bellugi, Sarita Choudhury","Tras lo que parecía una discusión sin importancia, Marta (Alba Rohrwacher) y Antonio (Elio Germano) se separan. Él, un chef prometedor, se refugia en sus fogones; ella, en su silencio, empieza a notar algo más que tristeza: ha perdido el apetito… y no solo por desamor. Cuando descubre que detrás hay un problema de salud, todo da un giro inesperado: la comida sabe mejor, la música le llega como nunca y el deseo despierta sus ganas de vivir sin miedo.
Una historia sobre el amor, la vida y esos momentos que lo cambian todo para siempre."
TRES ADIOSES,Isabel Coixet,122,02,20:30,2026-03-05,Renoir Princesa,https://www.pillalas.com/pase/1056844/,https://www.cinesrenoir.com/pelicula/tres-adioses/,https://media.pillalas.com/imagenes/726afb526abffa832ea2a44a189894de905fc7e94534a8bf4ef6bf13e5ccdfe90922c22e.jpg,Italiano,No recomendada para menores de 12 años,Viernes 6 Febrero 2026,"Alba Rohrwacher, Elio Germano, Francesco Carril, Silvia D Amico, Galatea Bellugi, Sarita Choudhury","Tras lo que parecía una discusión sin importancia, Marta (Alba Rohrwacher) y Antonio (Elio Germano) se separan. Él, un chef prometedor, se refugia en sus fogones; ella, en su silencio, empieza a notar algo más que tristeza: ha perdido el apetito… y no solo por desamor. Cuando descubre que detrás hay un problema de salud, todo da un giro inesperado: la comida sabe mejor, la música le llega como nunca y el deseo despierta sus ganas de vivir sin miedo.
Una historia sobre el amor, la vida y esos momentos que lo cambian todo para siempre."
UN POETA,Simon Mesa Soto,123,09,19:00,2026-03-05,Renoir Princesa,https://www.pillalas.com/pase/1056666/,https://www.cinesrenoir.com/pelicula/un-poeta/,https://media.pillalas.com/imagenes/726afb526abffa833fe40dc532766d4edd5f8bd99d62c174bf9a25ca7373e14deb0efcab.jpg,Castellano,No recomendada para menores de 16 años,Viernes 17 Abril 2026,Ubeimar Ríos,"La obsesión de Óscar Restrepo por la poesía no le ha reportado ninguna gloria. Envejecido y errático, ha sucumbido al tópico del poeta en la sombra. Conocer a Yurlady, una adolescente de origen humilde, y ayudarla a cultivar su talento trae algo de luz a sus días, pero arrastrarla al mundo de la poesía quizá no sea el camino."
HISTORIAS DEL BUEN VALLE,José Luis Guerin,122,05,15:50,2026-02-27,Renoir Plaza de España,https://www.pillalas.com/pase/1056637/,https://www.cinesrenoir.com/pelicula/historias-del-buen-valle/,https://media.pillalas.com/imagenes/726afb526abffa838aaf07790a37e874c7509f5af4e227ab1664533c196269093a9c8841.jpg,Castellano,Apta para todos los públicos,Viernes 13 Febrero 2026,Documental,"En el paisaje indefinido de un barrio periférico, entre el mundo rural y el urbano, coexisten las casas levantadas por los primeros migrantes, quienes llegaron de toda España tras la posguerra…, y los nuevos bloques y viviendas de la ciudad dormitorio, donde se concentra la nueva migración, convirtiendo este humilde rincón en una auténtica aldea global. Historias del buen valle es una suma de imaginarios, de conflictos sociales, generacionales e identitarios, urbanísticos y ecológicos; pero es también una mirada reposada y humanista sobre el mundo actual."
LA CHICA ZURDA,Shih-Ching Tsou,108,04,20:25,2026-02-27,Renoir Plaza de España,https://www.pillalas.com/pase/1056573/,https://www.cinesrenoir.com/pelicula/la-chica-zurda/,https://media.pillalas.com/imagenes/726afb526abffa83e5ee5674d1ac0b73f39c1d9ebacca7f6a4c573d6423a82f140c7a520.jpg,Mandarín,No recomendada para menores de 12 años,Viernes 30 Enero 2026,"Shi-Yuan Ma, Janel Tsai, Nina Ye, Teng-Hui Huang, Akio Chen, Blaire Chang, Xin-Yan Chao","La pequeña I-Jing corretea con curiosidad por las calles de un mercado nocturno de Taipei, entre neones, motocicletas y toda clase de puestos de comida como el que regenta su madre, que trata de sacar adelante a la niña y a su hermana mayor."
LA TARTA DEL PRESIDENTE,Hasan Hadi,105,04,15:50,2026-02-27,Renoir Plaza de España,https://www.pillalas.com/pase/1056567/,https://www.cinesrenoir.com/pelicula/20260226050511-la-tarta-del-presidente/,https://media.pillalas.com/imagenes/726afb526abffa83eda64f8b418bec544f18146f6ca2869a88655e1df49985337de64299.jpg,Iraquí,No recomendada para menores de 12 años,Viernes 6 Febrero 2026,"Baneen Ahmad Nayyef, Waheed Thabet Khreibat, Sajad Mohamad Qasem, Muthanna Malaghi, Ahmad Qasem Saywan, Maytham Mreidi, Rahim Alhaj, Thaer Salem, Fatima Abouharoon","Irak, años noventa. La pequeña Lamia recibe la misión de preparar una tarta con motivo del cumpleaños del presidente Sadam Huseín. Acompañada por su amigo Saeed y con su gallo Hindi a cuestas, recorre Bagdad en busca de los ingredientes, viviendo una serie de peripecias que alterarán por completo su vida cotidiana."
LA TARTA DEL PRESIDENTE,Hasan Hadi,105,05,18:15,2026-02-27,Renoir Plaza de España,https://www.pillalas.com/pase/1056638/,https://www.cinesrenoir.com/pelicula/20260226050511-la-tarta-del-presidente/,https://media.pillalas.com/imagenes/726afb526abffa83eda64f8b418bec544f18146f6ca2869a88655e1df49985337de64299.jpg,Iraquí,No recomendada para menores de 12 años,Viernes 6 Febrero 2026,"Baneen Ahmad Nayyef, Waheed Thabet Khreibat, Sajad Mohamad Qasem, Muthanna Malaghi, Ahmad Qasem Saywan, Maytham Mreidi, Rahim Alhaj, Thaer Salem, Fatima Abouharoon","Irak, años noventa. La pequeña Lamia recibe la misión de preparar una tarta con motivo del cumpleaños del presidente Sadam Huseín. Acompañada por su amigo Saeed y con su gallo Hindi a cuestas, recorre Bagdad en busca de los ingredientes, viviendo una serie de peripecias que alterarán por completo su vida cotidiana."
LA TARTA DEL PRESIDENTE,Hasan Hadi,105,05,22:45,2026-02-27,Renoir Plaza de España,https://www.pillalas.com/pase/1056640/,https://www.cinesrenoir.com/pelicula/20260226050511-la-tarta-del-presidente/,https://media.pillalas.com/imagenes/726afb526abffa83eda64f8b418bec544f18146f6ca2869a88655e1df49985337de64299.jpg,Iraquí,No recomendada para menores de 12 años,Viernes 6 Febrero 2026,"Baneen Ahmad Nayyef, Waheed Thabet Khreibat, Sajad Mohamad Qasem, Muthanna Malaghi, Ahmad Qasem Saywan, Maytham Mreidi, Rahim Alhaj, Thaer Salem, Fatima Abouharoon","Irak, años noventa. La pequeña Lamia recibe la misión de preparar una tarta con motivo del cumpleaños del presidente Sadam Huseín. Acompañada por su amigo Saeed y con su gallo Hindi a cuestas, recorre Bagdad en busca de los ingredientes, viviendo una serie de peripecias que alterarán por completo su vida cotidiana."
LOS MISERABLES. EL ORIGEN,Éric Bersnard,98,02,15:50,2026-02-27,Renoir Plaza de España,https://www.pillalas.com/pase/1056525/,https://www.cinesrenoir.com/pelicula/los-miserables-el-origen/,https://media.pillalas.com/imagenes/726afb526abffa83f1fe811a2f88361f6bd22e58f78ce5ce248cf98ac6dddbdf057da693.jpg,Francés,No recomendada para menores de 16 años,Viernes 27 Febrero 2026,"Grégory Gadebois, Bernard Campan, Alexandra Lamy, Isabelle Carré, Dominique Pinon, Romane Libert, Albert Dupontel","Francia, 1815. Tras 19 años de condena, Jean Valjean queda en libertad. Rechazado por todos, encuentra refugio en casa del obispo Myriel, su hermana y su sirvienta. Sorprendido por una bondad que no comprende, Valjean deberá elegir entre el odio que lo consume o la posibilidad de redención que se le ofrece."
LOS MISERABLES. EL ORIGEN,Éric Bersnard,98,01,18:35,2026-02-27,Renoir Plaza de España,https://www.pillalas.com/pase/1056527/,https://www.cinesrenoir.com/pelicula/los-miserables-el-origen/,https://media.pillalas.com/imagenes/726afb526abffa83f1fe811a2f88361f6bd22e58f78ce5ce248cf98ac6dddbdf057da693.jpg,Francés,No recomendada para menores de 16 años,Viernes 27 Febrero 2026,"Grégory Gadebois, Bernard Campan, Alexandra Lamy, Isabelle Carré, Dominique Pinon, Romane Libert, Albert Dupontel","Francia, 1815. Tras 19 años de condena, Jean Valjean queda en libertad. Rechazado por todos, encuentra refugio en casa del obispo Myriel, su hermana y su sirvienta. Sorprendido por una bondad que no comprende, Valjean deberá elegir entre el odio que lo consume o la posibilidad de redención que se le ofrece."
LOS MISERABLES. EL ORIGEN,Éric Bersnard,98,01,20:35,2026-02-27,Renoir Plaza de España,https://www.pillalas.com/pase/1056528/,https://www.cinesrenoir.com/pelicula/los-miserables-el-origen/,https://media.pillalas.com/imagenes/726afb526abffa83f1fe811a2f88361f6bd22e58f78ce5ce248cf98ac6dddbdf057da693.jpg,Francés,No recomendada para menores de 16 años,Viernes 27 Febrero 2026,"Grégory Gadebois, Bernard Campan, Alexandra Lamy, Isabelle Carré, Dominique Pinon, Romane Libert, Albert Dupontel","Francia, 1815. Tras 19 años de condena, Jean Valjean queda en libertad. Rechazado por todos, encuentra refugio en casa del obispo Myriel, su hermana y su sirvienta. Sorprendido por una bondad que no comprende, Valjean deberá elegir entre el odio que lo consume o la posibilidad de redención que se le ofrece."
LOS MISERABLES. EL ORIGEN,Éric Bersnard,98,02,22:45,2026-02-27,Renoir Plaza de España,https://www.pillalas.com/pase/1056530/,https://www.cinesrenoir.com/pelicula/los-miserables-el-origen/,https://media.pillalas.com/imagenes/726afb526abffa83f1fe811a2f88361f6bd22e58f78ce5ce248cf98ac6dddbdf057da693.jpg,Francés,No recomendada para menores de 16 años,Viernes 27 Febrero 2026,"Grégory Gadebois, Bernard Campan, Alexandra Lamy, Isabelle Carré, Dominique Pinon, Romane Libert, Albert Dupontel","Francia, 1815. Tras 19 años de condena, Jean Valjean queda en libertad. Rechazado por todos, encuentra refugio en casa del obispo Myriel, su hermana y su sirvienta. Sorprendido por una bondad que no comprende, Valjean deberá elegir entre el odio que lo consume o la posibilidad de redención que se le ofrece."
NO HAY OTRA OPCIÓN,Park Chan-Wook,139,01,16:00,2026-02-27,Renoir Plaza de España,https://www.pillalas.com/pase/1056526/,https://www.cinesrenoir.com/pelicula/no-hay-otra-opcion/,https://media.pillalas.com/imagenes/726afb526abffa83e98cada230d2630d116aedb31df5c86003a13faa95ff7aebd1eaf59a.jpg,Coreano,Pendiente de calificación,Viernes 13 Febrero 2026,"Lee Byung-Hun, Son Ye-Jin, Lee Sung-Min, Yeom Hye-Ran, Park Hee-Soon, Cha Seung-Won, Yoo Yeon-Seok","La historia sigue a un hombre de mediana edad llamado Man-su que se embarca decidido en una búsqueda de trabajo tras ser despedido inesperadamente de la compañía de papel en la que trabajó durante 25 años. ""Si no hay una vacante para mí, tendré que crear una para que me contraten. No hay otra opción"". Adaptación de la novela ""The Ax"" de Donald E. Westlake, que ya fue llevada al cine en la película ""Arcadia"", dirigida por Costa-Gavras en 2005."
NO HAY OTRA OPCIÓN,Park Chan-Wook,139,04,17:50,2026-02-27,Renoir Plaza de España,https://www.pillalas.com/pase/1056569/,https://www.cinesrenoir.com/pelicula/no-hay-otra-opcion/,https://media.pillalas.com/imagenes/726afb526abffa83e98cada230d2630d116aedb31df5c86003a13faa95ff7aebd1eaf59a.jpg,Coreano,Pendiente de calificación,Viernes 13 Febrero 2026,"Lee Byung-Hun, Son Ye-Jin, Lee Sung-Min, Yeom Hye-Ran, Park Hee-Soon, Cha Seung-Won, Yoo Yeon-Seok","La historia sigue a un hombre de mediana edad llamado Man-su que se embarca decidido en una búsqueda de trabajo tras ser despedido inesperadamente de la compañía de papel en la que trabajó durante 25 años. ""Si no hay una vacante para mí, tendré que crear una para que me contraten. No hay otra opción"". Adaptación de la novela ""The Ax"" de Donald E. Westlake, que ya fue llevada al cine en la película ""Arcadia"", dirigida por Costa-Gavras en 2005."
NO HAY OTRA OPCIÓN,Park Chan-Wook,139,02,20:15,2026-02-27,Renoir Plaza de España,https://www.pillalas.com/pase/1056572/,https://www.cinesrenoir.com/pelicula/no-hay-otra-opcion/,https://media.pillalas.com/imagenes/726afb526abffa83e98cada230d2630d116aedb31df5c86003a13faa95ff7aebd1eaf59a.jpg,Coreano,Pendiente de calificación,Viernes 13 Febrero 2026,"Lee Byung-Hun, Son Ye-Jin, Lee Sung-Min, Yeom Hye-Ran, Park Hee-Soon, Cha Seung-Won, Yoo Yeon-Seok","La historia sigue a un hombre de mediana edad llamado Man-su que se embarca decidido en una búsqueda de trabajo tras ser despedido inesperadamente de la compañía de papel en la que trabajó durante 25 años. ""Si no hay una vacante para mí, tendré que crear una para que me contraten. No hay otra opción"". Adaptación de la novela ""The Ax"" de Donald E. Westlake, que ya fue llevada al cine en la película ""Arcadia"", dirigida por Costa-Gavras en 2005."
NO HAY OTRA OPCIÓN,Park Chan-Wook,139,01,22:35,2026-02-27,Renoir Plaza de España,https://www.pillalas.com/pase/1056529/,https://www.cinesrenoir.com/pelicula/no-hay-otra-opcion/,https://media.pillalas.com/imagenes/726afb526abffa83e98cada230d2630d116aedb31df5c86003a13faa95ff7aebd1eaf59a.jpg,Coreano,Pendiente de calificación,Viernes 13 Febrero 2026,"Lee Byung-Hun, Son Ye-Jin, Lee Sung-Min, Yeom Hye-Ran, Park Hee-Soon, Cha Seung-Won, Yoo Yeon-Seok","La historia sigue a un hombre de mediana edad llamado Man-su que se embarca decidido en una búsqueda de trabajo tras ser despedido inesperadamente de la compañía de papel en la que trabajó durante 25 años. ""Si no hay una vacante para mí, tendré que crear una para que me contraten. No hay otra opción"". Adaptación de la novela ""The Ax"" de Donald E. Westlake, que ya fue llevada al cine en la película ""Arcadia"", dirigida por Costa-Gavras en 2005."
ORWELL 2+2 = 5,Raoul Peck,119,03,16:00,2026-02-27,Renoir Plaza de España,https://www.pillalas.com/pase/1056568/,https://www.cinesrenoir.com/pelicula/orwell-22-5/,https://media.pillalas.com/imagenes/726afb526abffa83b83d4cc400c9761fa7472981f7fc060c0bd7e85b0217a3f74541294d.jpg,Inglés Y Otros,No recomendada para menores de 16 años,Viernes 27 Febrero 2026,Damian Lewis,"George Orwell fue uno de los autores más visionarios del siglo XX, cuyas novelas, 1984 y Rebelión en la granja, predijeron un futuro autoritario y escalofriante. El aclamado director Raoul Peck (I Am Not Your Negro) entrelaza clips, lecturas del diario de Orwell, referencias cinematográficas e imágenes actuales para crear no solo un retrato del escritor, sino también una nueva perspectiva sobre lo profética que se ha vuelto su obra."
ORWELL 2+2 = 5,Raoul Peck,119,03,18:15,2026-02-27,Renoir Plaza de España,https://www.pillalas.com/pase/1056571/,https://www.cinesrenoir.com/pelicula/orwell-22-5/,https://media.pillalas.com/imagenes/726afb526abffa83b83d4cc400c9761fa7472981f7fc060c0bd7e85b0217a3f74541294d.jpg,Inglés Y Otros,No recomendada para menores de 16 años,Viernes 27 Febrero 2026,Damian Lewis,"George Orwell fue uno de los autores más visionarios del siglo XX, cuyas novelas, 1984 y Rebelión en la granja, predijeron un futuro autoritario y escalofriante. El aclamado director Raoul Peck (I Am Not Your Negro) entrelaza clips, lecturas del diario de Orwell, referencias cinematográficas e imágenes actuales para crear no solo un retrato del escritor, sino también una nueva perspectiva sobre lo profética que se ha vuelto su obra."
ORWELL 2+2 = 5,Raoul Peck,119,03,20:30,2026-02-27,Renoir Plaza de España,https://www.pillalas.com/pase/1056574/,https://www.cinesrenoir.com/pelicula/orwell-22-5/,https://media.pillalas.com/imagenes/726afb526abffa83b83d4cc400c9761fa7472981f7fc060c0bd7e85b0217a3f74541294d.jpg,Inglés Y Otros,No recomendada para menores de 16 años,Viernes 27 Febrero 2026,Damian Lewis,"George Orwell fue uno de los autores más visionarios del siglo XX, cuyas novelas, 1984 y Rebelión en la granja, predijeron un futuro autoritario y escalofriante. El aclamado director Raoul Peck (I Am Not Your Negro) entrelaza clips, lecturas del diario de Orwell, referencias cinematográficas e imágenes actuales para crear no solo un retrato del escritor, sino también una nueva perspectiva sobre lo profética que se ha vuelto su obra."
ORWELL 2+2 = 5,Raoul Peck,119,03,22:45,2026-02-27,Renoir Plaza de España,https://www.pillalas.com/pase/1056576/,https://www.cinesrenoir.com/pelicula/orwell-22-5/,https://media.pillalas.com/imagenes/726afb526abffa83b83d4cc400c9761fa7472981f7fc060c0bd7e85b0217a3f74541294d.jpg,Inglés Y Otros,No recomendada para menores de 16 años,Viernes 27 Febrero 2026,Damian Lewis,"George Orwell fue uno de los autores más visionarios del siglo XX, cuyas novelas, 1984 y Rebelión en la granja, predijeron un futuro autoritario y escalofriante. El aclamado director Raoul Peck (I Am Not Your Negro) entrelaza clips, lecturas del diario de Orwell, referencias cinematográficas e imágenes actuales para crear no solo un retrato del escritor, sino también una nueva perspectiva sobre lo profética que se ha vuelto su obra."
RONDALLAS,Daniel Sánchez Arévalo,112,04,22:35,2026-02-27,Renoir Plaza de España,https://www.pillalas.com/pase/1056575/,https://www.cinesrenoir.com/pelicula/rondallas/,https://media.pillalas.com/imagenes/726afb526abffa837e9904cf9605e92b548ae9aee41492f9aff2d6b9abb046215ab8ce23.jpg,Castellano,No recomendada para menores de 12 años,Jueves 1 Enero 2026,"Javier Gutiérrez, María Vázquez, Judith Fernández, Tamar Novas, Carlos Blanco, Fer Fraga, Xosé A. Touriñán, Marta Larralde, Lola López Rodríguez","Dos años después del trágico naufragio de un barco pesquero que sacudió a un pequeño pueblo marinero gallego, algunos miembros de la rondalla, una agrupación de música tradicional en la que participan desde niños hasta ancianos, deciden que ya es hora de recuperar la ilusión y dejar el luto atrás. Por ello vuelven a unirse para ponerla en marcha con la intención de competir en un concurso contra los pueblos vecinos, pero sobre todo de empezar a mirar hacia delante de nuevo."
VALOR SENTIMENTAL,Joachim Trier,133,02,17:50,2026-02-27,Renoir Plaza de España,https://www.pillalas.com/pase/1056570/,https://www.cinesrenoir.com/pelicula/valor-sentimental/,https://media.pillalas.com/imagenes/726afb526abffa83fe1b3adc6f8909539f80c9a958e909b641f78d7648edf8e1f62ca547.jpg,Noruego E Inglés,No recomendada para menores de 12 años,Viernes 5 Diciembre 2025,"Renate Reinsve, Stellan Skarsgård, Inga Ibsdotter Lilleaas, Elle Fanning, Anders Danielsen Lie, Jesper Christensen, Lena Endre, Cory Michael Smith, Catherine Cohen, Andreas Stoltenberg Granerud, Øyvind Hesjedal Loven, Lars Väringer, Ida Marianne Vassbotn Klasson, Vilde Søyland","Las hermanas Nora y Agnes se reencuentran con su padre ausente, un director de cine muy reconocido en el pasado que ha vuelto para ofrecer a Nora el papel principal de su próxima película. Aunque ella lo rechaza, Gustav decide seguir adelante y utilizar la casa familiar como escenario de su nuevo rodaje, lo que reaviva las tensiones entre ellos, especialmente tras la llegada de una joven actriz de Hollywood que acepta el papel en su lugar. El vínculo entre las hermanas se convertirá en su mayor refugio frente a las heridas del pasado."
VALOR SENTIMENTAL,Joachim Trier,133,05,20:15,2026-02-27,Renoir Plaza de España,https://www.pillalas.com/pase/1056639/,https://www.cinesrenoir.com/pelicula/valor-sentimental/,https://media.pillalas.com/imagenes/726afb526abffa83fe1b3adc6f8909539f80c9a958e909b641f78d7648edf8e1f62ca547.jpg,Noruego E Inglés,No recomendada para menores de 12 años,Viernes 5 Diciembre 2025,"Renate Reinsve, Stellan Skarsgård, Inga Ibsdotter Lilleaas, Elle Fanning, Anders Danielsen Lie, Jesper Christensen, Lena Endre, Cory Michael Smith, Catherine Cohen, Andreas Stoltenberg Granerud, Øyvind Hesjedal Loven, Lars Väringer, Ida Marianne Vassbotn Klasson, Vilde Søyland","Las hermanas Nora y Agnes se reencuentran con su padre ausente, un director de cine muy reconocido en el pasado que ha vuelto para ofrecer a Nora el papel principal de su próxima película. Aunque ella lo rechaza, Gustav decide seguir adelante y utilizar la casa familiar como escenario de su nuevo rodaje, lo que reaviva las tensiones entre ellos, especialmente tras la llegada de una joven actriz de Hollywood que acepta el papel en su lugar. El vínculo entre las hermanas se convertirá en su mayor refugio frente a las heridas del pasado."
HISTORIAS DEL BUEN VALLE,José Luis Guerin,122,05,15:50,2026-02-28,Renoir Plaza de España,https://www.pillalas.com/pase/1056641/,https://www.cinesrenoir.com/pelicula/historias-del-buen-valle/,https://media.pillalas.com/imagenes/726afb526abffa838aaf07790a37e874c7509f5af4e227ab1664533c196269093a9c8841.jpg,Castellano,Apta para todos los públicos,Viernes 13 Febrero 2026,Documental,"En el paisaje indefinido de un barrio periférico, entre el mundo rural y el urbano, coexisten las casas levantadas por los primeros migrantes, quienes llegaron de toda España tras la posguerra…, y los nuevos bloques y viviendas de la ciudad dormitorio, donde se concentra la nueva migración, convirtiendo este humilde rincón en una auténtica aldea global. Historias del buen valle es una suma de imaginarios, de conflictos sociales, generacionales e identitarios, urbanísticos y ecológicos; pero es también una mirada reposada y humanista sobre el mundo actual."
LA CHICA ZURDA,Shih-Ching Tsou,108,04,20:25,2026-02-28,Renoir Plaza de España,https://www.pillalas.com/pase/1056583/,https://www.cinesrenoir.com/pelicula/la-chica-zurda/,https://media.pillalas.com/imagenes/726afb526abffa83e5ee5674d1ac0b73f39c1d9ebacca7f6a4c573d6423a82f140c7a520.jpg,Mandarín,No recomendada para menores de 12 años,Viernes 30 Enero 2026,"Shi-Yuan Ma, Janel Tsai, Nina Ye, Teng-Hui Huang, Akio Chen, Blaire Chang, Xin-Yan Chao","La pequeña I-Jing corretea con curiosidad por las calles de un mercado nocturno de Taipei, entre neones, motocicletas y toda clase de puestos de comida como el que regenta su madre, que trata de sacar adelante a la niña y a su hermana mayor."
LA TARTA DEL PRESIDENTE,Hasan Hadi,105,04,15:50,2026-02-28,Renoir Plaza de España,https://www.pillalas.com/pase/1056577/,https://www.cinesrenoir.com/pelicula/20260226050511-la-tarta-del-presidente/,https://media.pillalas.com/imagenes/726afb526abffa83eda64f8b418bec544f18146f6ca2869a88655e1df49985337de64299.jpg,Iraquí,No recomendada para menores de 12 años,Viernes 6 Febrero 2026,"Baneen Ahmad Nayyef, Waheed Thabet Khreibat, Sajad Mohamad Qasem, Muthanna Malaghi, Ahmad Qasem Saywan, Maytham Mreidi, Rahim Alhaj, Thaer Salem, Fatima Abouharoon","Irak, años noventa. La pequeña Lamia recibe la misión de preparar una tarta con motivo del cumpleaños del presidente Sadam Huseín. Acompañada por su amigo Saeed y con su gallo Hindi a cuestas, recorre Bagdad en busca de los ingredientes, viviendo una serie de peripecias que alterarán por completo su vida cotidiana."
LA TARTA DEL PRESIDENTE,Hasan Hadi,105,05,18:15,2026-02-28,Renoir Plaza de España,https://www.pillalas.com/pase/1056642/,https://www.cinesrenoir.com/pelicula/20260226050511-la-tarta-del-presidente/,https://media.pillalas.com/imagenes/726afb526abffa83eda64f8b418bec544f18146f6ca2869a88655e1df49985337de64299.jpg,Iraquí,No recomendada para menores de 12 años,Viernes 6 Febrero 2026,"Baneen Ahmad Nayyef, Waheed Thabet Khreibat, Sajad Mohamad Qasem, Muthanna Malaghi, Ahmad Qasem Saywan, Maytham Mreidi, Rahim Alhaj, Thaer Salem, Fatima Abouharoon","Irak, años noventa. La pequeña Lamia recibe la misión de preparar una tarta con motivo del cumpleaños del presidente Sadam Huseín. Acompañada por su amigo Saeed y con su gallo Hindi a cuestas, recorre Bagdad en busca de los ingredientes, viviendo una serie de peripecias que alterarán por completo su vida cotidiana."
LA TARTA DEL PRESIDENTE,Hasan Hadi,105,05,22:45,2026-02-28,Renoir Plaza de España,https://www.pillalas.com/pase/1056644/,https://www.cinesrenoir.com/pelicula/20260226050511-la-tarta-del-presidente/,https://media.pillalas.com/imagenes/726afb526abffa83eda64f8b418bec544f18146f6ca2869a88655e1df49985337de64299.jpg,Iraquí,No recomendada para menores de 12 años,Viernes 6 Febrero 2026,"Baneen Ahmad Nayyef, Waheed Thabet Khreibat, Sajad Mohamad Qasem, Muthanna Malaghi, Ahmad Qasem Saywan, Maytham Mreidi, Rahim Alhaj, Thaer Salem, Fatima Abouharoon","Irak, años noventa. La pequeña Lamia recibe la misión de preparar una tarta con motivo del cumpleaños del presidente Sadam Huseín. Acompañada por su amigo Saeed y con su gallo Hindi a cuestas, recorre Bagdad en busca de los ingredientes, viviendo una serie de peripecias que alterarán por completo su vida cotidiana."
LOS MISERABLES. EL ORIGEN,Éric Bersnard,98,02,15:50,2026-02-28,Renoir Plaza de España,https://www.pillalas.com/pase/1056531/,https://www.cinesrenoir.com/pelicula/los-miserables-el-origen/,https://media.pillalas.com/imagenes/726afb526abffa83f1fe811a2f88361f6bd22e58f78ce5ce248cf98ac6dddbdf057da693.jpg,Francés,No recomendada para menores de 16 años,Viernes 27 Febrero 2026,"Grégory Gadebois, Bernard Campan, Alexandra Lamy, Isabelle Carré, Dominique Pinon, Romane Libert, Albert Dupontel","Francia, 1815. Tras 19 años de condena, Jean Valjean queda en libertad. Rechazado por todos, encuentra refugio en casa del obispo Myriel, su hermana y su sirvienta. Sorprendido por una bondad que no comprende, Valjean deberá elegir entre el odio que lo consume o la posibilidad de redención que se le ofrece."
LOS MISERABLES. EL ORIGEN,Éric Bersnard,98,01,18:35,2026-02-28,Renoir Plaza de España,https://www.pillalas.com/pase/1056533/,https://www.cinesrenoir.com/pelicula/los-miserables-el-origen/,https://media.pillalas.com/imagenes/726afb526abffa83f1fe811a2f88361f6bd22e58f78ce5ce248cf98ac6dddbdf057da693.jpg,Francés,No recomendada para menores de 16 años,Viernes 27 Febrero 2026,"Grégory Gadebois, Bernard Campan, Alexandra Lamy, Isabelle Carré, Dominique Pinon, Romane Libert, Albert Dupontel","Francia, 1815. Tras 19 años de condena, Jean Valjean queda en libertad. Rechazado por todos, encuentra refugio en casa del obispo Myriel, su hermana y su sirvienta. Sorprendido por una bondad que no comprende, Valjean deberá elegir entre el odio que lo consume o la posibilidad de redención que se le ofrece."
LOS MISERABLES. EL ORIGEN,Éric Bersnard,98,01,20:35,2026-02-28,Renoir Plaza de España,https://www.pillalas.com/pase/1056534/,https://www.cinesrenoir.com/pelicula/los-miserables-el-origen/,https://media.pillalas.com/imagenes/726afb526abffa83f1fe811a2f88361f6bd22e58f78ce5ce248cf98ac6dddbdf057da693.jpg,Francés,No recomendada para menores de 16 años,Viernes 27 Febrero 2026,"Grégory Gadebois, Bernard Campan, Alexandra Lamy, Isabelle Carré, Dominique Pinon, Romane Libert, Albert Dupontel","Francia, 1815. Tras 19 años de condena, Jean Valjean queda en libertad. Rechazado por todos, encuentra refugio en casa del obispo Myriel, su hermana y su sirvienta. Sorprendido por una bondad que no comprende, Valjean deberá elegir entre el odio que lo consume o la posibilidad de redención que se le ofrece."
LOS MISERABLES. EL ORIGEN,Éric Bersnard,98,02,22:45,2026-02-28,Renoir Plaza de España,https://www.pillalas.com/pase/1056536/,https://www.cinesrenoir.com/pelicula/los-miserables-el-origen/,https://media.pillalas.com/imagenes/726afb526abffa83f1fe811a2f88361f6bd22e58f78ce5ce248cf98ac6dddbdf057da693.jpg,Francés,No recomendada para menores de 16 años,Viernes 27 Febrero 2026,"Grégory Gadebois, Bernard Campan, Alexandra Lamy, Isabelle Carré, Dominique Pinon, Romane Libert, Albert Dupontel","Francia, 1815. Tras 19 años de condena, Jean Valjean queda en libertad. Rechazado por todos, encuentra refugio en casa del obispo Myriel, su hermana y su sirvienta. Sorprendido por una bondad que no comprende, Valjean deberá elegir entre el odio que lo consume o la posibilidad de redención que se le ofrece."
NO HAY OTRA OPCIÓN,Park Chan-Wook,139,01,16:00,2026-02-28,Renoir Plaza de España,https://www.pillalas.com/pase/1056532/,https://www.cinesrenoir.com/pelicula/no-hay-otra-opcion/,https://media.pillalas.com/imagenes/726afb526abffa83e98cada230d2630d116aedb31df5c86003a13faa95ff7aebd1eaf59a.jpg,Coreano,Pendiente de calificación,Viernes 13 Febrero 2026,"Lee Byung-Hun, Son Ye-Jin, Lee Sung-Min, Yeom Hye-Ran, Park Hee-Soon, Cha Seung-Won, Yoo Yeon-Seok","La historia sigue a un hombre de mediana edad llamado Man-su que se embarca decidido en una búsqueda de trabajo tras ser despedido inesperadamente de la compañía de papel en la que trabajó durante 25 años. ""Si no hay una vacante para mí, tendré que crear una para que me contraten. No hay otra opción"". Adaptación de la novela ""The Ax"" de Donald E. Westlake, que ya fue llevada al cine en la película ""Arcadia"", dirigida por Costa-Gavras en 2005."
NO HAY OTRA OPCIÓN,Park Chan-Wook,139,04,17:50,2026-02-28,Renoir Plaza de España,https://www.pillalas.com/pase/1056579/,https://www.cinesrenoir.com/pelicula/no-hay-otra-opcion/,https://media.pillalas.com/imagenes/726afb526abffa83e98cada230d2630d116aedb31df5c86003a13faa95ff7aebd1eaf59a.jpg,Coreano,Pendiente de calificación,Viernes 13 Febrero 2026,"Lee Byung-Hun, Son Ye-Jin, Lee Sung-Min, Yeom Hye-Ran, Park Hee-Soon, Cha Seung-Won, Yoo Yeon-Seok","La historia sigue a un hombre de mediana edad llamado Man-su que se embarca decidido en una búsqueda de trabajo tras ser despedido inesperadamente de la compañía de papel en la que trabajó durante 25 años. ""Si no hay una vacante para mí, tendré que crear una para que me contraten. No hay otra opción"". Adaptación de la novela ""The Ax"" de Donald E. Westlake, que ya fue llevada al cine en la película ""Arcadia"", dirigida por Costa-Gavras en 2005."
NO HAY OTRA OPCIÓN,Park Chan-Wook,139,02,20:15,2026-02-28,Renoir Plaza de España,https://www.pillalas.com/pase/1056582/,https://www.cinesrenoir.com/pelicula/no-hay-otra-opcion/,https://media.pillalas.com/imagenes/726afb526abffa83e98cada230d2630d116aedb31df5c86003a13faa95ff7aebd1eaf59a.jpg,Coreano,Pendiente de calificación,Viernes 13 Febrero 2026,"Lee Byung-Hun, Son Ye-Jin, Lee Sung-Min, Yeom Hye-Ran, Park Hee-Soon, Cha Seung-Won, Yoo Yeon-Seok","La historia sigue a un hombre de mediana edad llamado Man-su que se embarca decidido en una búsqueda de trabajo tras ser despedido inesperadamente de la compañía de papel en la que trabajó durante 25 años. ""Si no hay una vacante para mí, tendré que crear una para que me contraten. No hay otra opción"". Adaptación de la novela ""The Ax"" de Donald E. Westlake, que ya fue llevada al cine en la película ""Arcadia"", dirigida por Costa-Gavras en 2005."
NO HAY OTRA OPCIÓN,Park Chan-Wook,139,01,22:35,2026-02-28,Renoir Plaza de España,https://www.pillalas.com/pase/1056535/,https://www.cinesrenoir.com/pelicula/no-hay-otra-opcion/,https://media.pillalas.com/imagenes/726afb526abffa83e98cada230d2630d116aedb31df5c86003a13faa95ff7aebd1eaf59a.jpg,Coreano,Pendiente de calificación,Viernes 13 Febrero 2026,"Lee Byung-Hun, Son Ye-Jin, Lee Sung-Min, Yeom Hye-Ran, Park Hee-Soon, Cha Seung-Won, Yoo Yeon-Seok","La historia sigue a un hombre de mediana edad llamado Man-su que se embarca decidido en una búsqueda de trabajo tras ser despedido inesperadamente de la compañía de papel en la que trabajó durante 25 años. ""Si no hay una vacante para mí, tendré que crear una para que me contraten. No hay otra opción"". Adaptación de la novela ""The Ax"" de Donald E. Westlake, que ya fue llevada al cine en la película ""Arcadia"", dirigida por Costa-Gavras en 2005."
ORWELL 2+2 = 5,Raoul Peck,119,03,16:00,2026-02-28,Renoir Plaza de España,https://www.pillalas.com/pase/1056578/,https://www.cinesrenoir.com/pelicula/orwell-22-5/,https://media.pillalas.com/imagenes/726afb526abffa83b83d4cc400c9761fa7472981f7fc060c0bd7e85b0217a3f74541294d.jpg,Inglés Y Otros,No recomendada para menores de 16 años,Viernes 27 Febrero 2026,Damian Lewis,"George Orwell fue uno de los autores más visionarios del siglo XX, cuyas novelas, 1984 y Rebelión en la granja, predijeron un futuro autoritario y escalofriante. El aclamado director Raoul Peck (I Am Not Your Negro) entrelaza clips, lecturas del diario de Orwell, referencias cinematográficas e imágenes actuales para crear no solo un retrato del escritor, sino también una nueva perspectiva sobre lo profética que se ha vuelto su obra."
ORWELL 2+2 = 5,Raoul Peck,119,03,18:15,2026-02-28,Renoir Plaza de España,https://www.pillalas.com/pase/1056581/,https://www.cinesrenoir.com/pelicula/orwell-22-5/,https://media.pillalas.com/imagenes/726afb526abffa83b83d4cc400c9761fa7472981f7fc060c0bd7e85b0217a3f74541294d.jpg,Inglés Y Otros,No recomendada para menores de 16 años,Viernes 27 Febrero 2026,Damian Lewis,"George Orwell fue uno de los autores más visionarios del siglo XX, cuyas novelas, 1984 y Rebelión en la granja, predijeron un futuro autoritario y escalofriante. El aclamado director Raoul Peck (I Am Not Your Negro) entrelaza clips, lecturas del diario de Orwell, referencias cinematográficas e imágenes actuales para crear no solo un retrato del escritor, sino también una nueva perspectiva sobre lo profética que se ha vuelto su obra."
ORWELL 2+2 = 5,Raoul Peck,119,03,20:30,2026-02-28,Renoir Plaza de España,https://www.pillalas.com/pase/1056584/,https://www.cinesrenoir.com/pelicula/orwell-22-5/,https://media.pillalas.com/imagenes/726afb526abffa83b83d4cc400c9761fa7472981f7fc060c0bd7e85b0217a3f74541294d.jpg,Inglés Y Otros,No recomendada para menores de 16 años,Viernes 27 Febrero 2026,Damian Lewis,"George Orwell fue uno de los autores más visionarios del siglo XX, cuyas novelas, 1984 y Rebelión en la granja, predijeron un futuro autoritario y escalofriante. El aclamado director Raoul Peck (I Am Not Your Negro) entrelaza clips, lecturas del diario de Orwell, referencias cinematográficas e imágenes actuales para crear no solo un retrato del escritor, sino también una nueva perspectiva sobre lo profética que se ha vuelto su obra."
ORWELL 2+2 = 5,Raoul Peck,119,03,22:45,2026-02-28,Renoir Plaza de España,https://www.pillalas.com/pase/1056586/,https://www.cinesrenoir.com/pelicula/orwell-22-5/,https://media.pillalas.com/imagenes/726afb526abffa83b83d4cc400c9761fa7472981f7fc060c0bd7e85b0217a3f74541294d.jpg,Inglés Y Otros,No recomendada para menores de 16 años,Viernes 27 Febrero 2026,Damian Lewis,"George Orwell fue uno de los autores más visionarios del siglo XX, cuyas novelas, 1984 y Rebelión en la granja, predijeron un futuro autoritario y escalofriante. El aclamado director Raoul Peck (I Am Not Your Negro) entrelaza clips, lecturas del diario de Orwell, referencias cinematográficas e imágenes actuales para crear no solo un retrato del escritor, sino también una nueva perspectiva sobre lo profética que se ha vuelto su obra."
RONDALLAS,Daniel Sánchez Arévalo,112,04,22:35,2026-02-28,Renoir Plaza de España,https://www.pillalas.com/pase/1056585/,https://www.cinesrenoir.com/pelicula/rondallas/,https://media.pillalas.com/imagenes/726afb526abffa837e9904cf9605e92b548ae9aee41492f9aff2d6b9abb046215ab8ce23.jpg,Castellano,No recomendada para menores de 12 años,Jueves 1 Enero 2026,"Javier Gutiérrez, María Vázquez, Judith Fernández, Tamar Novas, Carlos Blanco, Fer Fraga, Xosé A. Touriñán, Marta Larralde, Lola López Rodríguez","Dos años después del trágico naufragio de un barco pesquero que sacudió a un pequeño pueblo marinero gallego, algunos miembros de la rondalla, una agrupación de música tradicional en la que participan desde niños hasta ancianos, deciden que ya es hora de recuperar la ilusión y dejar el luto atrás. Por ello vuelven a unirse para ponerla en marcha con la intención de competir en un concurso contra los pueblos vecinos, pero sobre todo de empezar a mirar hacia delante de nuevo."
VALOR SENTIMENTAL,Joachim Trier,133,02,17:50,2026-02-28,Renoir Plaza de España,https://www.pillalas.com/pase/1056580/,https://www.cinesrenoir.com/pelicula/valor-sentimental/,https://media.pillalas.com/imagenes/726afb526abffa83fe1b3adc6f8909539f80c9a958e909b641f78d7648edf8e1f62ca547.jpg,Noruego E Inglés,No recomendada para menores de 12 años,Viernes 5 Diciembre 2025,"Renate Reinsve, Stellan Skarsgård, Inga Ibsdotter Lilleaas, Elle Fanning, Anders Danielsen Lie, Jesper Christensen, Lena Endre, Cory Michael Smith, Catherine Cohen, Andreas Stoltenberg Granerud, Øyvind Hesjedal Loven, Lars Väringer, Ida Marianne Vassbotn Klasson, Vilde Søyland","Las hermanas Nora y Agnes se reencuentran con su padre ausente, un director de cine muy reconocido en el pasado que ha vuelto para ofrecer a Nora el papel principal de su próxima película. Aunque ella lo rechaza, Gustav decide seguir adelante y utilizar la casa familiar como escenario de su nuevo rodaje, lo que reaviva las tensiones entre ellos, especialmente tras la llegada de una joven actriz de Hollywood que acepta el papel en su lugar. El vínculo entre las hermanas se convertirá en su mayor refugio frente a las heridas del pasado."
VALOR SENTIMENTAL,Joachim Trier,133,05,20:15,2026-02-28,Renoir Plaza de España,https://www.pillalas.com/pase/1056643/,https://www.cinesrenoir.com/pelicula/valor-sentimental/,https://media.pillalas.com/imagenes/726afb526abffa83fe1b3adc6f8909539f80c9a958e909b641f78d7648edf8e1f62ca547.jpg,Noruego E Inglés,No recomendada para menores de 12 años,Viernes 5 Diciembre 2025,"Renate Reinsve, Stellan Skarsgård, Inga Ibsdotter Lilleaas, Elle Fanning, Anders Danielsen Lie, Jesper Christensen, Lena Endre, Cory Michael Smith, Catherine Cohen, Andreas Stoltenberg Granerud, Øyvind Hesjedal Loven, Lars Väringer, Ida Marianne Vassbotn Klasson, Vilde Søyland","Las hermanas Nora y Agnes se reencuentran con su padre ausente, un director de cine muy reconocido en el pasado que ha vuelto para ofrecer a Nora el papel principal de su próxima película. Aunque ella lo rechaza, Gustav decide seguir adelante y utilizar la casa familiar como escenario de su nuevo rodaje, lo que reaviva las tensiones entre ellos, especialmente tras la llegada de una joven actriz de Hollywood que acepta el papel en su lugar. El vínculo entre las hermanas se convertirá en su mayor refugio frente a las heridas del pasado."
HISTORIAS DEL BUEN VALLE,José Luis Guerin,122,05,15:50,2026-03-01,Renoir Plaza de España,https://www.pillalas.com/pase/1056645/,https://www.cinesrenoir.com/pelicula/historias-del-buen-valle/,https://media.pillalas.com/imagenes/726afb526abffa838aaf07790a37e874c7509f5af4e227ab1664533c196269093a9c8841.jpg,Castellano,Apta para todos los públicos,Viernes 13 Febrero 2026,Documental,"En el paisaje indefinido de un barrio periférico, entre el mundo rural y el urbano, coexisten las casas levantadas por los primeros migrantes, quienes llegaron de toda España tras la posguerra…, y los nuevos bloques y viviendas de la ciudad dormitorio, donde se concentra la nueva migración, convirtiendo este humilde rincón en una auténtica aldea global. Historias del buen valle es una suma de imaginarios, de conflictos sociales, generacionales e identitarios, urbanísticos y ecológicos; pero es también una mirada reposada y humanista sobre el mundo actual."
LA CHICA ZURDA,Shih-Ching Tsou,108,04,20:25,2026-03-01,Renoir Plaza de España,https://www.pillalas.com/pase/1056593/,https://www.cinesrenoir.com/pelicula/la-chica-zurda/,https://media.pillalas.com/imagenes/726afb526abffa83e5ee5674d1ac0b73f39c1d9ebacca7f6a4c573d6423a82f140c7a520.jpg,Mandarín,No recomendada para menores de 12 años,Viernes 30 Enero 2026,"Shi-Yuan Ma, Janel Tsai, Nina Ye, Teng-Hui Huang, Akio Chen, Blaire Chang, Xin-Yan Chao","La pequeña I-Jing corretea con curiosidad por las calles de un mercado nocturno de Taipei, entre neones, motocicletas y toda clase de puestos de comida como el que regenta su madre, que trata de sacar adelante a la niña y a su hermana mayor."
LA TARTA DEL PRESIDENTE,Hasan Hadi,105,04,15:50,2026-03-01,Renoir Plaza de España,https://www.pillalas.com/pase/1056587/,https://www.cinesrenoir.com/pelicula/20260226050511-la-tarta-del-presidente/,https://media.pillalas.com/imagenes/726afb526abffa83eda64f8b418bec544f18146f6ca2869a88655e1df49985337de64299.jpg,Iraquí,No recomendada para menores de 12 años,Viernes 6 Febrero 2026,"Baneen Ahmad Nayyef, Waheed Thabet Khreibat, Sajad Mohamad Qasem, Muthanna Malaghi, Ahmad Qasem Saywan, Maytham Mreidi, Rahim Alhaj, Thaer Salem, Fatima Abouharoon","Irak, años noventa. La pequeña Lamia recibe la misión de preparar una tarta con motivo del cumpleaños del presidente Sadam Huseín. Acompañada por su amigo Saeed y con su gallo Hindi a cuestas, recorre Bagdad en busca de los ingredientes, viviendo una serie de peripecias que alterarán por completo su vida cotidiana."
LA TARTA DEL PRESIDENTE,Hasan Hadi,105,05,18:15,2026-03-01,Renoir Plaza de España,https://www.pillalas.com/pase/1056646/,https://www.cinesrenoir.com/pelicula/20260226050511-la-tarta-del-presidente/,https://media.pillalas.com/imagenes/726afb526abffa83eda64f8b418bec544f18146f6ca2869a88655e1df49985337de64299.jpg,Iraquí,No recomendada para menores de 12 años,Viernes 6 Febrero 2026,"Baneen Ahmad Nayyef, Waheed Thabet Khreibat, Sajad Mohamad Qasem, Muthanna Malaghi, Ahmad Qasem Saywan, Maytham Mreidi, Rahim Alhaj, Thaer Salem, Fatima Abouharoon","Irak, años noventa. La pequeña Lamia recibe la misión de preparar una tarta con motivo del cumpleaños del presidente Sadam Huseín. Acompañada por su amigo Saeed y con su gallo Hindi a cuestas, recorre Bagdad en busca de los ingredientes, viviendo una serie de peripecias que alterarán por completo su vida cotidiana."
LA TARTA DEL PRESIDENTE,Hasan Hadi,105,05,22:45,2026-03-01,Renoir Plaza de España,https://www.pillalas.com/pase/1056648/,https://www.cinesrenoir.com/pelicula/20260226050511-la-tarta-del-presidente/,https://media.pillalas.com/imagenes/726afb526abffa83eda64f8b418bec544f18146f6ca2869a88655e1df49985337de64299.jpg,Iraquí,No recomendada para menores de 12 años,Viernes 6 Febrero 2026,"Baneen Ahmad Nayyef, Waheed Thabet Khreibat, Sajad Mohamad Qasem, Muthanna Malaghi, Ahmad Qasem Saywan, Maytham Mreidi, Rahim Alhaj, Thaer Salem, Fatima Abouharoon","Irak, años noventa. La pequeña Lamia recibe la misión de preparar una tarta con motivo del cumpleaños del presidente Sadam Huseín. Acompañada por su amigo Saeed y con su gallo Hindi a cuestas, recorre Bagdad en busca de los ingredientes, viviendo una serie de peripecias que alterarán por completo su vida cotidiana."
LOS MISERABLES. EL ORIGEN,Éric Bersnard,98,02,15:50,2026-03-01,Renoir Plaza de España,https://www.pillalas.com/pase/1056537/,https://www.cinesrenoir.com/pelicula/los-miserables-el-origen/,https://media.pillalas.com/imagenes/726afb526abffa83f1fe811a2f88361f6bd22e58f78ce5ce248cf98ac6dddbdf057da693.jpg,Francés,No recomendada para menores de 16 años,Viernes 27 Febrero 2026,"Grégory Gadebois, Bernard Campan, Alexandra Lamy, Isabelle Carré, Dominique Pinon, Romane Libert, Albert Dupontel","Francia, 1815. Tras 19 años de condena, Jean Valjean queda en libertad. Rechazado por todos, encuentra refugio en casa del obispo Myriel, su hermana y su sirvienta. Sorprendido por una bondad que no comprende, Valjean deberá elegir entre el odio que lo consume o la posibilidad de redención que se le ofrece."
LOS MISERABLES. EL ORIGEN,Éric Bersnard,98,01,18:35,2026-03-01,Renoir Plaza de España,https://www.pillalas.com/pase/1056539/,https://www.cinesrenoir.com/pelicula/los-miserables-el-origen/,https://media.pillalas.com/imagenes/726afb526abffa83f1fe811a2f88361f6bd22e58f78ce5ce248cf98ac6dddbdf057da693.jpg,Francés,No recomendada para menores de 16 años,Viernes 27 Febrero 2026,"Grégory Gadebois, Bernard Campan, Alexandra Lamy, Isabelle Carré, Dominique Pinon, Romane Libert, Albert Dupontel","Francia, 1815. Tras 19 años de condena, Jean Valjean queda en libertad. Rechazado por todos, encuentra refugio en casa del obispo Myriel, su hermana y su sirvienta. Sorprendido por una bondad que no comprende, Valjean deberá elegir entre el odio que lo consume o la posibilidad de redención que se le ofrece."
LOS MISERABLES. EL ORIGEN,Éric Bersnard,98,01,20:35,2026-03-01,Renoir Plaza de España,https://www.pillalas.com/pase/1056540/,https://www.cinesrenoir.com/pelicula/los-miserables-el-origen/,https://media.pillalas.com/imagenes/726afb526abffa83f1fe811a2f88361f6bd22e58f78ce5ce248cf98ac6dddbdf057da693.jpg,Francés,No recomendada para menores de 16 años,Viernes 27 Febrero 2026,"Grégory Gadebois, Bernard Campan, Alexandra Lamy, Isabelle Carré, Dominique Pinon, Romane Libert, Albert Dupontel","Francia, 1815. Tras 19 años de condena, Jean Valjean queda en libertad. Rechazado por todos, encuentra refugio en casa del obispo Myriel, su hermana y su sirvienta. Sorprendido por una bondad que no comprende, Valjean deberá elegir entre el odio que lo consume o la posibilidad de redención que se le ofrece."
LOS MISERABLES. EL ORIGEN,Éric Bersnard,98,02,22:45,2026-03-01,Renoir Plaza de España,https://www.pillalas.com/pase/1056542/,https://www.cinesrenoir.com/pelicula/los-miserables-el-origen/,https://media.pillalas.com/imagenes/726afb526abffa83f1fe811a2f88361f6bd22e58f78ce5ce248cf98ac6dddbdf057da693.jpg,Francés,No recomendada para menores de 16 años,Viernes 27 Febrero 2026,"Grégory Gadebois, Bernard Campan, Alexandra Lamy, Isabelle Carré, Dominique Pinon, Romane Libert, Albert Dupontel","Francia, 1815. Tras 19 años de condena, Jean Valjean queda en libertad. Rechazado por todos, encuentra refugio en casa del obispo Myriel, su hermana y su sirvienta. Sorprendido por una bondad que no comprende, Valjean deberá elegir entre el odio que lo consume o la posibilidad de redención que se le ofrece."
NO HAY OTRA OPCIÓN,Park Chan-Wook,139,01,16:00,2026-03-01,Renoir Plaza de España,https://www.pillalas.com/pase/1056538/,https://www.cinesrenoir.com/pelicula/no-hay-otra-opcion/,https://media.pillalas.com/imagenes/726afb526abffa83e98cada230d2630d116aedb31df5c86003a13faa95ff7aebd1eaf59a.jpg,Coreano,Pendiente de calificación,Viernes 13 Febrero 2026,"Lee Byung-Hun, Son Ye-Jin, Lee Sung-Min, Yeom Hye-Ran, Park Hee-Soon, Cha Seung-Won, Yoo Yeon-Seok","La historia sigue a un hombre de mediana edad llamado Man-su que se embarca decidido en una búsqueda de trabajo tras ser despedido inesperadamente de la compañía de papel en la que trabajó durante 25 años. ""Si no hay una vacante para mí, tendré que crear una para que me contraten. No hay otra opción"". Adaptación de la novela ""The Ax"" de Donald E. Westlake, que ya fue llevada al cine en la película ""Arcadia"", dirigida por Costa-Gavras en 2005."
NO HAY OTRA OPCIÓN,Park Chan-Wook,139,04,17:50,2026-03-01,Renoir Plaza de España,https://www.pillalas.com/pase/1056590/,https://www.cinesrenoir.com/pelicula/no-hay-otra-opcion/,https://media.pillalas.com/imagenes/726afb526abffa83e98cada230d2630d116aedb31df5c86003a13faa95ff7aebd1eaf59a.jpg,Coreano,Pendiente de calificación,Viernes 13 Febrero 2026,"Lee Byung-Hun, Son Ye-Jin, Lee Sung-Min, Yeom Hye-Ran, Park Hee-Soon, Cha Seung-Won, Yoo Yeon-Seok","La historia sigue a un hombre de mediana edad llamado Man-su que se embarca decidido en una búsqueda de trabajo tras ser despedido inesperadamente de la compañía de papel en la que trabajó durante 25 años. ""Si no hay una vacante para mí, tendré que crear una para que me contraten. No hay otra opción"". Adaptación de la novela ""The Ax"" de Donald E. Westlake, que ya fue llevada al cine en la película ""Arcadia"", dirigida por Costa-Gavras en 2005."
NO HAY OTRA OPCIÓN,Park Chan-Wook,139,02,20:15,2026-03-01,Renoir Plaza de España,https://www.pillalas.com/pase/1056592/,https://www.cinesrenoir.com/pelicula/no-hay-otra-opcion/,https://media.pillalas.com/imagenes/726afb526abffa83e98cada230d2630d116aedb31df5c86003a13faa95ff7aebd1eaf59a.jpg,Coreano,Pendiente de calificación,Viernes 13 Febrero 2026,"Lee Byung-Hun, Son Ye-Jin, Lee Sung-Min, Yeom Hye-Ran, Park Hee-Soon, Cha Seung-Won, Yoo Yeon-Seok","La historia sigue a un hombre de mediana edad llamado Man-su que se embarca decidido en una búsqueda de trabajo tras ser despedido inesperadamente de la compañía de papel en la que trabajó durante 25 años. ""Si no hay una vacante para mí, tendré que crear una para que me contraten. No hay otra opción"". Adaptación de la novela ""The Ax"" de Donald E. Westlake, que ya fue llevada al cine en la película ""Arcadia"", dirigida por Costa-Gavras en 2005."
NO HAY OTRA OPCIÓN,Park Chan-Wook,139,01,22:35,2026-03-01,Renoir Plaza de España,https://www.pillalas.com/pase/1056541/,https://www.cinesrenoir.com/pelicula/no-hay-otra-opcion/,https://media.pillalas.com/imagenes/726afb526abffa83e98cada230d2630d116aedb31df5c86003a13faa95ff7aebd1eaf59a.jpg,Coreano,Pendiente de calificación,Viernes 13 Febrero 2026,"Lee Byung-Hun, Son Ye-Jin, Lee Sung-Min, Yeom Hye-Ran, Park Hee-Soon, Cha Seung-Won, Yoo Yeon-Seok","La historia sigue a un hombre de mediana edad llamado Man-su que se embarca decidido en una búsqueda de trabajo tras ser despedido inesperadamente de la compañía de papel en la que trabajó durante 25 años. ""Si no hay una vacante para mí, tendré que crear una para que me contraten. No hay otra opción"". Adaptación de la novela ""The Ax"" de Donald E. Westlake, que ya fue llevada al cine en la película ""Arcadia"", dirigida por Costa-Gavras en 2005."
ORWELL 2+2 = 5,Raoul Peck,119,03,16:00,2026-03-01,Renoir Plaza de España,https://www.pillalas.com/pase/1056588/,https://www.cinesrenoir.com/pelicula/orwell-22-5/,https://media.pillalas.com/imagenes/726afb526abffa83b83d4cc400c9761fa7472981f7fc060c0bd7e85b0217a3f74541294d.jpg,Inglés Y Otros,No recomendada para menores de 16 años,Viernes 27 Febrero 2026,Damian Lewis,"George Orwell fue uno de los autores más visionarios del siglo XX, cuyas novelas, 1984 y Rebelión en la granja, predijeron un futuro autoritario y escalofriante. El aclamado director Raoul Peck (I Am Not Your Negro) entrelaza clips, lecturas del diario de Orwell, referencias cinematográficas e imágenes actuales para crear no solo un retrato del escritor, sino también una nueva perspectiva sobre lo profética que se ha vuelto su obra."
ORWELL 2+2 = 5,Raoul Peck,119,03,18:15,2026-03-01,Renoir Plaza de España,https://www.pillalas.com/pase/1056591/,https://www.cinesrenoir.com/pelicula/orwell-22-5/,https://media.pillalas.com/imagenes/726afb526abffa83b83d4cc400c9761fa7472981f7fc060c0bd7e85b0217a3f74541294d.jpg,Inglés Y Otros,No recomendada para menores de 16 años,Viernes 27 Febrero 2026,Damian Lewis,"George Orwell fue uno de los autores más visionarios del siglo XX, cuyas novelas, 1984 y Rebelión en la granja, predijeron un futuro autoritario y escalofriante. El aclamado director Raoul Peck (I Am Not Your Negro) entrelaza clips, lecturas del diario de Orwell, referencias cinematográficas e imágenes actuales para crear no solo un retrato del escritor, sino también una nueva perspectiva sobre lo profética que se ha vuelto su obra."
ORWELL 2+2 = 5,Raoul Peck,119,03,20:30,2026-03-01,Renoir Plaza de España,https://www.pillalas.com/pase/1056594/,https://www.cinesrenoir.com/pelicula/orwell-22-5/,https://media.pillalas.com/imagenes/726afb526abffa83b83d4cc400c9761fa7472981f7fc060c0bd7e85b0217a3f74541294d.jpg,Inglés Y Otros,No recomendada para menores de 16 años,Viernes 27 Febrero 2026,Damian Lewis,"George Orwell fue uno de los autores más visionarios del siglo XX, cuyas novelas, 1984 y Rebelión en la granja, predijeron un futuro autoritario y escalofriante. El aclamado director Raoul Peck (I Am Not Your Negro) entrelaza clips, lecturas del diario de Orwell, referencias cinematográficas e imágenes actuales para crear no solo un retrato del escritor, sino también una nueva perspectiva sobre lo profética que se ha vuelto su obra."
ORWELL 2+2 = 5,Raoul Peck,119,03,22:45,2026-03-01,Renoir Plaza de España,https://www.pillalas.com/pase/1056596/,https://www.cinesrenoir.com/pelicula/orwell-22-5/,https://media.pillalas.com/imagenes/726afb526abffa83b83d4cc400c9761fa7472981f7fc060c0bd7e85b0217a3f74541294d.jpg,Inglés Y Otros,No recomendada para menores de 16 años,Viernes 27 Febrero 2026,Damian Lewis,"George Orwell fue uno de los autores más visionarios del siglo XX, cuyas novelas, 1984 y Rebelión en la granja, predijeron un futuro autoritario y escalofriante. El aclamado director Raoul Peck (I Am Not Your Negro) entrelaza clips, lecturas del diario de Orwell, referencias cinematográficas e imágenes actuales para crear no solo un retrato del escritor, sino también una nueva perspectiva sobre lo profética que se ha vuelto su obra."
RONDALLAS,Daniel Sánchez Arévalo,112,04,22:35,2026-03-01,Renoir Plaza de España,https://www.pillalas.com/pase/1056595/,https://www.cinesrenoir.com/pelicula/rondallas/,https://media.pillalas.com/imagenes/726afb526abffa837e9904cf9605e92b548ae9aee41492f9aff2d6b9abb046215ab8ce23.jpg,Castellano,No recomendada para menores de 12 años,Jueves 1 Enero 2026,"Javier Gutiérrez, María Vázquez, Judith Fernández, Tamar Novas, Carlos Blanco, Fer Fraga, Xosé A. Touriñán, Marta Larralde, Lola López Rodríguez","Dos años después del trágico naufragio de un barco pesquero que sacudió a un pequeño pueblo marinero gallego, algunos miembros de la rondalla, una agrupación de música tradicional en la que participan desde niños hasta ancianos, deciden que ya es hora de recuperar la ilusión y dejar el luto atrás. Por ello vuelven a unirse para ponerla en marcha con la intención de competir en un concurso contra los pueblos vecinos, pero sobre todo de empezar a mirar hacia delante de nuevo."
VALOR SENTIMENTAL,Joachim Trier,133,02,17:50,2026-03-01,Renoir Plaza de España,https://www.pillalas.com/pase/1056589/,https://www.cinesrenoir.com/pelicula/valor-sentimental/,https://media.pillalas.com/imagenes/726afb526abffa83fe1b3adc6f8909539f80c9a958e909b641f78d7648edf8e1f62ca547.jpg,Noruego E Inglés,No recomendada para menores de 12 años,Viernes 5 Diciembre 2025,"Renate Reinsve, Stellan Skarsgård, Inga Ibsdotter Lilleaas, Elle Fanning, Anders Danielsen Lie, Jesper Christensen, Lena Endre, Cory Michael Smith, Catherine Cohen, Andreas Stoltenberg Granerud, Øyvind Hesjedal Loven, Lars Väringer, Ida Marianne Vassbotn Klasson, Vilde Søyland","Las hermanas Nora y Agnes se reencuentran con su padre ausente, un director de cine muy reconocido en el pasado que ha vuelto para ofrecer a Nora el papel principal de su próxima película. Aunque ella lo rechaza, Gustav decide seguir adelante y utilizar la casa familiar como escenario de su nuevo rodaje, lo que reaviva las tensiones entre ellos, especialmente tras la llegada de una joven actriz de Hollywood que acepta el papel en su lugar. El vínculo entre las hermanas se convertirá en su mayor refugio frente a las heridas del pasado."
VALOR SENTIMENTAL,Joachim Trier,133,05,20:15,2026-03-01,Renoir Plaza de España,https://www.pillalas.com/pase/1056647/,https://www.cinesrenoir.com/pelicula/valor-sentimental/,https://media.pillalas.com/imagenes/726afb526abffa83fe1b3adc6f8909539f80c9a958e909b641f78d7648edf8e1f62ca547.jpg,Noruego E Inglés,No recomendada para menores de 12 años,Viernes 5 Diciembre 2025,"Renate Reinsve, Stellan Skarsgård, Inga Ibsdotter Lilleaas, Elle Fanning, Anders Danielsen Lie, Jesper Christensen, Lena Endre, Cory Michael Smith, Catherine Cohen, Andreas Stoltenberg Granerud, Øyvind Hesjedal Loven, Lars Väringer, Ida Marianne Vassbotn Klasson, Vilde Søyland","Las hermanas Nora y Agnes se reencuentran con su padre ausente, un director de cine muy reconocido en el pasado que ha vuelto para ofrecer a Nora el papel principal de su próxima película. Aunque ella lo rechaza, Gustav decide seguir adelante y utilizar la casa familiar como escenario de su nuevo rodaje, lo que reaviva las tensiones entre ellos, especialmente tras la llegada de una joven actriz de Hollywood que acepta el papel en su lugar. El vínculo entre las hermanas se convertirá en su mayor refugio frente a las heridas del pasado."
HISTORIAS DEL BUEN VALLE,José Luis Guerin,122,05,15:50,2026-03-02,Renoir Plaza de España,https://www.pillalas.com/pase/1056649/,https://www.cinesrenoir.com/pelicula/historias-del-buen-valle/,https://media.pillalas.com/imagenes/726afb526abffa838aaf07790a37e874c7509f5af4e227ab1664533c196269093a9c8841.jpg,Castellano,Apta para todos los públicos,Viernes 13 Febrero 2026,Documental,"En el paisaje indefinido de un barrio periférico, entre el mundo rural y el urbano, coexisten las casas levantadas por los primeros migrantes, quienes llegaron de toda España tras la posguerra…, y los nuevos bloques y viviendas de la ciudad dormitorio, donde se concentra la nueva migración, convirtiendo este humilde rincón en una auténtica aldea global. Historias del buen valle es una suma de imaginarios, de conflictos sociales, generacionales e identitarios, urbanísticos y ecológicos; pero es también una mirada reposada y humanista sobre el mundo actual."
LA CHICA ZURDA,Shih-Ching Tsou,108,04,20:25,2026-03-02,Renoir Plaza de España,https://www.pillalas.com/pase/1056603/,https://www.cinesrenoir.com/pelicula/la-chica-zurda/,https://media.pillalas.com/imagenes/726afb526abffa83e5ee5674d1ac0b73f39c1d9ebacca7f6a4c573d6423a82f140c7a520.jpg,Mandarín,No recomendada para menores de 12 años,Viernes 30 Enero 2026,"Shi-Yuan Ma, Janel Tsai, Nina Ye, Teng-Hui Huang, Akio Chen, Blaire Chang, Xin-Yan Chao","La pequeña I-Jing corretea con curiosidad por las calles de un mercado nocturno de Taipei, entre neones, motocicletas y toda clase de puestos de comida como el que regenta su madre, que trata de sacar adelante a la niña y a su hermana mayor."
LA TARTA DEL PRESIDENTE,Hasan Hadi,105,04,15:50,2026-03-02,Renoir Plaza de España,https://www.pillalas.com/pase/1056597/,https://www.cinesrenoir.com/pelicula/20260226050511-la-tarta-del-presidente/,https://media.pillalas.com/imagenes/726afb526abffa83eda64f8b418bec544f18146f6ca2869a88655e1df49985337de64299.jpg,Iraquí,No recomendada para menores de 12 años,Viernes 6 Febrero 2026,"Baneen Ahmad Nayyef, Waheed Thabet Khreibat, Sajad Mohamad Qasem, Muthanna Malaghi, Ahmad Qasem Saywan, Maytham Mreidi, Rahim Alhaj, Thaer Salem, Fatima Abouharoon","Irak, años noventa. La pequeña Lamia recibe la misión de preparar una tarta con motivo del cumpleaños del presidente Sadam Huseín. Acompañada por su amigo Saeed y con su gallo Hindi a cuestas, recorre Bagdad en busca de los ingredientes, viviendo una serie de peripecias que alterarán por completo su vida cotidiana."
LA TARTA DEL PRESIDENTE,Hasan Hadi,105,05,18:15,2026-03-02,Renoir Plaza de España,https://www.pillalas.com/pase/1056650/,https://www.cinesrenoir.com/pelicula/20260226050511-la-tarta-del-presidente/,https://media.pillalas.com/imagenes/726afb526abffa83eda64f8b418bec544f18146f6ca2869a88655e1df49985337de64299.jpg,Iraquí,No recomendada para menores de 12 años,Viernes 6 Febrero 2026,"Baneen Ahmad Nayyef, Waheed Thabet Khreibat, Sajad Mohamad Qasem, Muthanna Malaghi, Ahmad Qasem Saywan, Maytham Mreidi, Rahim Alhaj, Thaer Salem, Fatima Abouharoon","Irak, años noventa. La pequeña Lamia recibe la misión de preparar una tarta con motivo del cumpleaños del presidente Sadam Huseín. Acompañada por su amigo Saeed y con su gallo Hindi a cuestas, recorre Bagdad en busca de los ingredientes, viviendo una serie de peripecias que alterarán por completo su vida cotidiana."
LA TARTA DEL PRESIDENTE,Hasan Hadi,105,05,22:45,2026-03-02,Renoir Plaza de España,https://www.pillalas.com/pase/1056652/,https://www.cinesrenoir.com/pelicula/20260226050511-la-tarta-del-presidente/,https://media.pillalas.com/imagenes/726afb526abffa83eda64f8b418bec544f18146f6ca2869a88655e1df49985337de64299.jpg,Iraquí,No recomendada para menores de 12 años,Viernes 6 Febrero 2026,"Baneen Ahmad Nayyef, Waheed Thabet Khreibat, Sajad Mohamad Qasem, Muthanna Malaghi, Ahmad Qasem Saywan, Maytham Mreidi, Rahim Alhaj, Thaer Salem, Fatima Abouharoon","Irak, años noventa. La pequeña Lamia recibe la misión de preparar una tarta con motivo del cumpleaños del presidente Sadam Huseín. Acompañada por su amigo Saeed y con su gallo Hindi a cuestas, recorre Bagdad en busca de los ingredientes, viviendo una serie de peripecias que alterarán por completo su vida cotidiana."
LOS MISERABLES. EL ORIGEN,Éric Bersnard,98,02,15:50,2026-03-02,Renoir Plaza de España,https://www.pillalas.com/pase/1056543/,https://www.cinesrenoir.com/pelicula/los-miserables-el-origen/,https://media.pillalas.com/imagenes/726afb526abffa83f1fe811a2f88361f6bd22e58f78ce5ce248cf98ac6dddbdf057da693.jpg,Francés,No recomendada para menores de 16 años,Viernes 27 Febrero 2026,"Grégory Gadebois, Bernard Campan, Alexandra Lamy, Isabelle Carré, Dominique Pinon, Romane Libert, Albert Dupontel","Francia, 1815. Tras 19 años de condena, Jean Valjean queda en libertad. Rechazado por todos, encuentra refugio en casa del obispo Myriel, su hermana y su sirvienta. Sorprendido por una bondad que no comprende, Valjean deberá elegir entre el odio que lo consume o la posibilidad de redención que se le ofrece."
LOS MISERABLES. EL ORIGEN,Éric Bersnard,98,01,18:35,2026-03-02,Renoir Plaza de España,https://www.pillalas.com/pase/1056545/,https://www.cinesrenoir.com/pelicula/los-miserables-el-origen/,https://media.pillalas.com/imagenes/726afb526abffa83f1fe811a2f88361f6bd22e58f78ce5ce248cf98ac6dddbdf057da693.jpg,Francés,No recomendada para menores de 16 años,Viernes 27 Febrero 2026,"Grégory Gadebois, Bernard Campan, Alexandra Lamy, Isabelle Carré, Dominique Pinon, Romane Libert, Albert Dupontel","Francia, 1815. Tras 19 años de condena, Jean Valjean queda en libertad. Rechazado por todos, encuentra refugio en casa del obispo Myriel, su hermana y su sirvienta. Sorprendido por una bondad que no comprende, Valjean deberá elegir entre el odio que lo consume o la posibilidad de redención que se le ofrece."
LOS MISERABLES. EL ORIGEN,Éric Bersnard,98,01,20:35,2026-03-02,Renoir Plaza de España,https://www.pillalas.com/pase/1056546/,https://www.cinesrenoir.com/pelicula/los-miserables-el-origen/,https://media.pillalas.com/imagenes/726afb526abffa83f1fe811a2f88361f6bd22e58f78ce5ce248cf98ac6dddbdf057da693.jpg,Francés,No recomendada para menores de 16 años,Viernes 27 Febrero 2026,"Grégory Gadebois, Bernard Campan, Alexandra Lamy, Isabelle Carré, Dominique Pinon, Romane Libert, Albert Dupontel","Francia, 1815. Tras 19 años de condena, Jean Valjean queda en libertad. Rechazado por todos, encuentra refugio en casa del obispo Myriel, su hermana y su sirvienta. Sorprendido por una bondad que no comprende, Valjean deberá elegir entre el odio que lo consume o la posibilidad de redención que se le ofrece."
LOS MISERABLES. EL ORIGEN,Éric Bersnard,98,02,22:45,2026-03-02,Renoir Plaza de España,https://www.pillalas.com/pase/1056548/,https://www.cinesrenoir.com/pelicula/los-miserables-el-origen/,https://media.pillalas.com/imagenes/726afb526abffa83f1fe811a2f88361f6bd22e58f78ce5ce248cf98ac6dddbdf057da693.jpg,Francés,No recomendada para menores de 16 años,Viernes 27 Febrero 2026,"Grégory Gadebois, Bernard Campan, Alexandra Lamy, Isabelle Carré, Dominique Pinon, Romane Libert, Albert Dupontel","Francia, 1815. Tras 19 años de condena, Jean Valjean queda en libertad. Rechazado por todos, encuentra refugio en casa del obispo Myriel, su hermana y su sirvienta. Sorprendido por una bondad que no comprende, Valjean deberá elegir entre el odio que lo consume o la posibilidad de redención que se le ofrece."
NO HAY OTRA OPCIÓN,Park Chan-Wook,139,01,16:00,2026-03-02,Renoir Plaza de España,https://www.pillalas.com/pase/1056544/,https://www.cinesrenoir.com/pelicula/no-hay-otra-opcion/,https://media.pillalas.com/imagenes/726afb526abffa83e98cada230d2630d116aedb31df5c86003a13faa95ff7aebd1eaf59a.jpg,Coreano,Pendiente de calificación,Viernes 13 Febrero 2026,"Lee Byung-Hun, Son Ye-Jin, Lee Sung-Min, Yeom Hye-Ran, Park Hee-Soon, Cha Seung-Won, Yoo Yeon-Seok","La historia sigue a un hombre de mediana edad llamado Man-su que se embarca decidido en una búsqueda de trabajo tras ser despedido inesperadamente de la compañía de papel en la que trabajó durante 25 años. ""Si no hay una vacante para mí, tendré que crear una para que me contraten. No hay otra opción"". Adaptación de la novela ""The Ax"" de Donald E. Westlake, que ya fue llevada al cine en la película ""Arcadia"", dirigida por Costa-Gavras en 2005."
NO HAY OTRA OPCIÓN,Park Chan-Wook,139,04,17:50,2026-03-02,Renoir Plaza de España,https://www.pillalas.com/pase/1056599/,https://www.cinesrenoir.com/pelicula/no-hay-otra-opcion/,https://media.pillalas.com/imagenes/726afb526abffa83e98cada230d2630d116aedb31df5c86003a13faa95ff7aebd1eaf59a.jpg,Coreano,Pendiente de calificación,Viernes 13 Febrero 2026,"Lee Byung-Hun, Son Ye-Jin, Lee Sung-Min, Yeom Hye-Ran, Park Hee-Soon, Cha Seung-Won, Yoo Yeon-Seok","La historia sigue a un hombre de mediana edad llamado Man-su que se embarca decidido en una búsqueda de trabajo tras ser despedido inesperadamente de la compañía de papel en la que trabajó durante 25 años. ""Si no hay una vacante para mí, tendré que crear una para que me contraten. No hay otra opción"". Adaptación de la novela ""The Ax"" de Donald E. Westlake, que ya fue llevada al cine en la película ""Arcadia"", dirigida por Costa-Gavras en 2005."
NO HAY OTRA OPCIÓN,Park Chan-Wook,139,02,20:15,2026-03-02,Renoir Plaza de España,https://www.pillalas.com/pase/1056602/,https://www.cinesrenoir.com/pelicula/no-hay-otra-opcion/,https://media.pillalas.com/imagenes/726afb526abffa83e98cada230d2630d116aedb31df5c86003a13faa95ff7aebd1eaf59a.jpg,Coreano,Pendiente de calificación,Viernes 13 Febrero 2026,"Lee Byung-Hun, Son Ye-Jin, Lee Sung-Min, Yeom Hye-Ran, Park Hee-Soon, Cha Seung-Won, Yoo Yeon-Seok","La historia sigue a un hombre de mediana edad llamado Man-su que se embarca decidido en una búsqueda de trabajo tras ser despedido inesperadamente de la compañía de papel en la que trabajó durante 25 años. ""Si no hay una vacante para mí, tendré que crear una para que me contraten. No hay otra opción"". Adaptación de la novela ""The Ax"" de Donald E. Westlake, que ya fue llevada al cine en la película ""Arcadia"", dirigida por Costa-Gavras en 2005."
NO HAY OTRA OPCIÓN,Park Chan-Wook,139,01,22:35,2026-03-02,Renoir Plaza de España,https://www.pillalas.com/pase/1056547/,https://www.cinesrenoir.com/pelicula/no-hay-otra-opcion/,https://media.pillalas.com/imagenes/726afb526abffa83e98cada230d2630d116aedb31df5c86003a13faa95ff7aebd1eaf59a.jpg,Coreano,Pendiente de calificación,Viernes 13 Febrero 2026,"Lee Byung-Hun, Son Ye-Jin, Lee Sung-Min, Yeom Hye-Ran, Park Hee-Soon, Cha Seung-Won, Yoo Yeon-Seok","La historia sigue a un hombre de mediana edad llamado Man-su que se embarca decidido en una búsqueda de trabajo tras ser despedido inesperadamente de la compañía de papel en la que trabajó durante 25 años. ""Si no hay una vacante para mí, tendré que crear una para que me contraten. No hay otra opción"". Adaptación de la novela ""The Ax"" de Donald E. Westlake, que ya fue llevada al cine en la película ""Arcadia"", dirigida por Costa-Gavras en 2005."
ORWELL 2+2 = 5,Raoul Peck,119,03,16:00,2026-03-02,Renoir Plaza de España,https://www.pillalas.com/pase/1056598/,https://www.cinesrenoir.com/pelicula/orwell-22-5/,https://media.pillalas.com/imagenes/726afb526abffa83b83d4cc400c9761fa7472981f7fc060c0bd7e85b0217a3f74541294d.jpg,Inglés Y Otros,No recomendada para menores de 16 años,Viernes 27 Febrero 2026,Damian Lewis,"George Orwell fue uno de los autores más visionarios del siglo XX, cuyas novelas, 1984 y Rebelión en la granja, predijeron un futuro autoritario y escalofriante. El aclamado director Raoul Peck (I Am Not Your Negro) entrelaza clips, lecturas del diario de Orwell, referencias cinematográficas e imágenes actuales para crear no solo un retrato del escritor, sino también una nueva perspectiva sobre lo profética que se ha vuelto su obra."
ORWELL 2+2 = 5,Raoul Peck,119,03,18:15,2026-03-02,Renoir Plaza de España,https://www.pillalas.com/pase/1056601/,https://www.cinesrenoir.com/pelicula/orwell-22-5/,https://media.pillalas.com/imagenes/726afb526abffa83b83d4cc400c9761fa7472981f7fc060c0bd7e85b0217a3f74541294d.jpg,Inglés Y Otros,No recomendada para menores de 16 años,Viernes 27 Febrero 2026,Damian Lewis,"George Orwell fue uno de los autores más visionarios del siglo XX, cuyas novelas, 1984 y Rebelión en la granja, predijeron un futuro autoritario y escalofriante. El aclamado director Raoul Peck (I Am Not Your Negro) entrelaza clips, lecturas del diario de Orwell, referencias cinematográficas e imágenes actuales para crear no solo un retrato del escritor, sino también una nueva perspectiva sobre lo profética que se ha vuelto su obra."
ORWELL 2+2 = 5,Raoul Peck,119,03,20:30,2026-03-02,Renoir Plaza de España,https://www.pillalas.com/pase/1056604/,https://www.cinesrenoir.com/pelicula/orwell-22-5/,https://media.pillalas.com/imagenes/726afb526abffa83b83d4cc400c9761fa7472981f7fc060c0bd7e85b0217a3f74541294d.jpg,Inglés Y Otros,No recomendada para menores de 16 años,Viernes 27 Febrero 2026,Damian Lewis,"George Orwell fue uno de los autores más visionarios del siglo XX, cuyas novelas, 1984 y Rebelión en la granja, predijeron un futuro autoritario y escalofriante. El aclamado director Raoul Peck (I Am Not Your Negro) entrelaza clips, lecturas del diario de Orwell, referencias cinematográficas e imágenes actuales para crear no solo un retrato del escritor, sino también una nueva perspectiva sobre lo profética que se ha vuelto su obra."
ORWELL 2+2 = 5,Raoul Peck,119,03,22:45,2026-03-02,Renoir Plaza de España,https://www.pillalas.com/pase/1056606/,https://www.cinesrenoir.com/pelicula/orwell-22-5/,https://media.pillalas.com/imagenes/726afb526abffa83b83d4cc400c9761fa7472981f7fc060c0bd7e85b0217a3f74541294d.jpg,Inglés Y Otros,No recomendada para menores de 16 años,Viernes 27 Febrero 2026,Damian Lewis,"George Orwell fue uno de los autores más visionarios del siglo XX, cuyas novelas, 1984 y Rebelión en la granja, predijeron un futuro autoritario y escalofriante. El aclamado director Raoul Peck (I Am Not Your Negro) entrelaza clips, lecturas del diario de Orwell, referencias cinematográficas e imágenes actuales para crear no solo un retrato del escritor, sino también una nueva perspectiva sobre lo profética que se ha vuelto su obra."
RONDALLAS,Daniel Sánchez Arévalo,112,04,22:35,2026-03-02,Renoir Plaza de España,https://www.pillalas.com/pase/1056605/,https://www.cinesrenoir.com/pelicula/rondallas/,https://media.pillalas.com/imagenes/726afb526abffa837e9904cf9605e92b548ae9aee41492f9aff2d6b9abb046215ab8ce23.jpg,Castellano,No recomendada para menores de 12 años,Jueves 1 Enero 2026,"Javier Gutiérrez, María Vázquez, Judith Fernández, Tamar Novas, Carlos Blanco, Fer Fraga, Xosé A. Touriñán, Marta Larralde, Lola López Rodríguez","Dos años después del trágico naufragio de un barco pesquero que sacudió a un pequeño pueblo marinero gallego, algunos miembros de la rondalla, una agrupación de música tradicional en la que participan desde niños hasta ancianos, deciden que ya es hora de recuperar la ilusión y dejar el luto atrás. Por ello vuelven a unirse para ponerla en marcha con la intención de competir en un concurso contra los pueblos vecinos, pero sobre todo de empezar a mirar hacia delante de nuevo."
VALOR SENTIMENTAL,Joachim Trier,133,02,17:50,2026-03-02,Renoir Plaza de España,https://www.pillalas.com/pase/1056600/,https://www.cinesrenoir.com/pelicula/valor-sentimental/,https://media.pillalas.com/imagenes/726afb526abffa83fe1b3adc6f8909539f80c9a958e909b641f78d7648edf8e1f62ca547.jpg,Noruego E Inglés,No recomendada para menores de 12 años,Viernes 5 Diciembre 2025,"Renate Reinsve, Stellan Skarsgård, Inga Ibsdotter Lilleaas, Elle Fanning, Anders Danielsen Lie, Jesper Christensen, Lena Endre, Cory Michael Smith, Catherine Cohen, Andreas Stoltenberg Granerud, Øyvind Hesjedal Loven, Lars Väringer, Ida Marianne Vassbotn Klasson, Vilde Søyland","Las hermanas Nora y Agnes se reencuentran con su padre ausente, un director de cine muy reconocido en el pasado que ha vuelto para ofrecer a Nora el papel principal de su próxima película. Aunque ella lo rechaza, Gustav decide seguir adelante y utilizar la casa familiar como escenario de su nuevo rodaje, lo que reaviva las tensiones entre ellos, especialmente tras la llegada de una joven actriz de Hollywood que acepta el papel en su lugar. El vínculo entre las hermanas se convertirá en su mayor refugio frente a las heridas del pasado."
VALOR SENTIMENTAL,Joachim Trier,133,05,20:15,2026-03-02,Renoir Plaza de España,https://www.pillalas.com/pase/1056651/,https://www.cinesrenoir.com/pelicula/valor-sentimental/,https://media.pillalas.com/imagenes/726afb526abffa83fe1b3adc6f8909539f80c9a958e909b641f78d7648edf8e1f62ca547.jpg,Noruego E Inglés,No recomendada para menores de 12 años,Viernes 5 Diciembre 2025,"Renate Reinsve, Stellan Skarsgård, Inga Ibsdotter Lilleaas, Elle Fanning, Anders Danielsen Lie, Jesper Christensen, Lena Endre, Cory Michael Smith, Catherine Cohen, Andreas Stoltenberg Granerud, Øyvind Hesjedal Loven, Lars Väringer, Ida Marianne Vassbotn Klasson, Vilde Søyland","Las hermanas Nora y Agnes se reencuentran con su padre ausente, un director de cine muy reconocido en el pasado que ha vuelto para ofrecer a Nora el papel principal de su próxima película. Aunque ella lo rechaza, Gustav decide seguir adelante y utilizar la casa familiar como escenario de su nuevo rodaje, lo que reaviva las tensiones entre ellos, especialmente tras la llegada de una joven actriz de Hollywood que acepta el papel en su lugar. El vínculo entre las hermanas se convertirá en su mayor refugio frente a las heridas del pasado."
HISTORIAS DEL BUEN VALLE,José Luis Guerin,122,05,15:50,2026-03-03,Renoir Plaza de España,https://www.pillalas.com/pase/1056653/,https://www.cinesrenoir.com/pelicula/historias-del-buen-valle/,https://media.pillalas.com/imagenes/726afb526abffa838aaf07790a37e874c7509f5af4e227ab1664533c196269093a9c8841.jpg,Castellano,Apta para todos los públicos,Viernes 13 Febrero 2026,Documental,"En el paisaje indefinido de un barrio periférico, entre el mundo rural y el urbano, coexisten las casas levantadas por los primeros migrantes, quienes llegaron de toda España tras la posguerra…, y los nuevos bloques y viviendas de la ciudad dormitorio, donde se concentra la nueva migración, convirtiendo este humilde rincón en una auténtica aldea global. Historias del buen valle es una suma de imaginarios, de conflictos sociales, generacionales e identitarios, urbanísticos y ecológicos; pero es también una mirada reposada y humanista sobre el mundo actual."
LA CHICA ZURDA,Shih-Ching Tsou,108,04,20:25,2026-03-03,Renoir Plaza de España,https://www.pillalas.com/pase/1056613/,https://www.cinesrenoir.com/pelicula/la-chica-zurda/,https://media.pillalas.com/imagenes/726afb526abffa83e5ee5674d1ac0b73f39c1d9ebacca7f6a4c573d6423a82f140c7a520.jpg,Mandarín,No recomendada para menores de 12 años,Viernes 30 Enero 2026,"Shi-Yuan Ma, Janel Tsai, Nina Ye, Teng-Hui Huang, Akio Chen, Blaire Chang, Xin-Yan Chao","La pequeña I-Jing corretea con curiosidad por las calles de un mercado nocturno de Taipei, entre neones, motocicletas y toda clase de puestos de comida como el que regenta su madre, que trata de sacar adelante a la niña y a su hermana mayor."
LA TARTA DEL PRESIDENTE,Hasan Hadi,105,04,15:50,2026-03-03,Renoir Plaza de España,https://www.pillalas.com/pase/1056607/,https://www.cinesrenoir.com/pelicula/20260226050511-la-tarta-del-presidente/,https://media.pillalas.com/imagenes/726afb526abffa83eda64f8b418bec544f18146f6ca2869a88655e1df49985337de64299.jpg,Iraquí,No recomendada para menores de 12 años,Viernes 6 Febrero 2026,"Baneen Ahmad Nayyef, Waheed Thabet Khreibat, Sajad Mohamad Qasem, Muthanna Malaghi, Ahmad Qasem Saywan, Maytham Mreidi, Rahim Alhaj, Thaer Salem, Fatima Abouharoon","Irak, años noventa. La pequeña Lamia recibe la misión de preparar una tarta con motivo del cumpleaños del presidente Sadam Huseín. Acompañada por su amigo Saeed y con su gallo Hindi a cuestas, recorre Bagdad en busca de los ingredientes, viviendo una serie de peripecias que alterarán por completo su vida cotidiana."
LA TARTA DEL PRESIDENTE,Hasan Hadi,105,05,18:15,2026-03-03,Renoir Plaza de España,https://www.pillalas.com/pase/1056654/,https://www.cinesrenoir.com/pelicula/20260226050511-la-tarta-del-presidente/,https://media.pillalas.com/imagenes/726afb526abffa83eda64f8b418bec544f18146f6ca2869a88655e1df49985337de64299.jpg,Iraquí,No recomendada para menores de 12 años,Viernes 6 Febrero 2026,"Baneen Ahmad Nayyef, Waheed Thabet Khreibat, Sajad Mohamad Qasem, Muthanna Malaghi, Ahmad Qasem Saywan, Maytham Mreidi, Rahim Alhaj, Thaer Salem, Fatima Abouharoon","Irak, años noventa. La pequeña Lamia recibe la misión de preparar una tarta con motivo del cumpleaños del presidente Sadam Huseín. Acompañada por su amigo Saeed y con su gallo Hindi a cuestas, recorre Bagdad en busca de los ingredientes, viviendo una serie de peripecias que alterarán por completo su vida cotidiana."
LA TARTA DEL PRESIDENTE,Hasan Hadi,105,05,22:45,2026-03-03,Renoir Plaza de España,https://www.pillalas.com/pase/1056656/,https://www.cinesrenoir.com/pelicula/20260226050511-la-tarta-del-presidente/,https://media.pillalas.com/imagenes/726afb526abffa83eda64f8b418bec544f18146f6ca2869a88655e1df49985337de64299.jpg,Iraquí,No recomendada para menores de 12 años,Viernes 6 Febrero 2026,"Baneen Ahmad Nayyef, Waheed Thabet Khreibat, Sajad Mohamad Qasem, Muthanna Malaghi, Ahmad Qasem Saywan, Maytham Mreidi, Rahim Alhaj, Thaer Salem, Fatima Abouharoon","Irak, años noventa. La pequeña Lamia recibe la misión de preparar una tarta con motivo del cumpleaños del presidente Sadam Huseín. Acompañada por su amigo Saeed y con su gallo Hindi a cuestas, recorre Bagdad en busca de los ingredientes, viviendo una serie de peripecias que alterarán por completo su vida cotidiana."
LOS MISERABLES. EL ORIGEN,Éric Bersnard,98,02,15:50,2026-03-03,Renoir Plaza de España,https://www.pillalas.com/pase/1056549/,https://www.cinesrenoir.com/pelicula/los-miserables-el-origen/,https://media.pillalas.com/imagenes/726afb526abffa83f1fe811a2f88361f6bd22e58f78ce5ce248cf98ac6dddbdf057da693.jpg,Francés,No recomendada para menores de 16 años,Viernes 27 Febrero 2026,"Grégory Gadebois, Bernard Campan, Alexandra Lamy, Isabelle Carré, Dominique Pinon, Romane Libert, Albert Dupontel","Francia, 1815. Tras 19 años de condena, Jean Valjean queda en libertad. Rechazado por todos, encuentra refugio en casa del obispo Myriel, su hermana y su sirvienta. Sorprendido por una bondad que no comprende, Valjean deberá elegir entre el odio que lo consume o la posibilidad de redención que se le ofrece."
LOS MISERABLES. EL ORIGEN,Éric Bersnard,98,01,18:35,2026-03-03,Renoir Plaza de España,https://www.pillalas.com/pase/1056551/,https://www.cinesrenoir.com/pelicula/los-miserables-el-origen/,https://media.pillalas.com/imagenes/726afb526abffa83f1fe811a2f88361f6bd22e58f78ce5ce248cf98ac6dddbdf057da693.jpg,Francés,No recomendada para menores de 16 años,Viernes 27 Febrero 2026,"Grégory Gadebois, Bernard Campan, Alexandra Lamy, Isabelle Carré, Dominique Pinon, Romane Libert, Albert Dupontel","Francia, 1815. Tras 19 años de condena, Jean Valjean queda en libertad. Rechazado por todos, encuentra refugio en casa del obispo Myriel, su hermana y su sirvienta. Sorprendido por una bondad que no comprende, Valjean deberá elegir entre el odio que lo consume o la posibilidad de redención que se le ofrece."
LOS MISERABLES. EL ORIGEN,Éric Bersnard,98,01,20:35,2026-03-03,Renoir Plaza de España,https://www.pillalas.com/pase/1056552/,https://www.cinesrenoir.com/pelicula/los-miserables-el-origen/,https://media.pillalas.com/imagenes/726afb526abffa83f1fe811a2f88361f6bd22e58f78ce5ce248cf98ac6dddbdf057da693.jpg,Francés,No recomendada para menores de 16 años,Viernes 27 Febrero 2026,"Grégory Gadebois, Bernard Campan, Alexandra Lamy, Isabelle Carré, Dominique Pinon, Romane Libert, Albert Dupontel","Francia, 1815. Tras 19 años de condena, Jean Valjean queda en libertad. Rechazado por todos, encuentra refugio en casa del obispo Myriel, su hermana y su sirvienta. Sorprendido por una bondad que no comprende, Valjean deberá elegir entre el odio que lo consume o la posibilidad de redención que se le ofrece."
LOS MISERABLES. EL ORIGEN,Éric Bersnard,98,02,22:45,2026-03-03,Renoir Plaza de España,https://www.pillalas.com/pase/1056554/,https://www.cinesrenoir.com/pelicula/los-miserables-el-origen/,https://media.pillalas.com/imagenes/726afb526abffa83f1fe811a2f88361f6bd22e58f78ce5ce248cf98ac6dddbdf057da693.jpg,Francés,No recomendada para menores de 16 años,Viernes 27 Febrero 2026,"Grégory Gadebois, Bernard Campan, Alexandra Lamy, Isabelle Carré, Dominique Pinon, Romane Libert, Albert Dupontel","Francia, 1815. Tras 19 años de condena, Jean Valjean queda en libertad. Rechazado por todos, encuentra refugio en casa del obispo Myriel, su hermana y su sirvienta. Sorprendido por una bondad que no comprende, Valjean deberá elegir entre el odio que lo consume o la posibilidad de redención que se le ofrece."
NO HAY OTRA OPCIÓN,Park Chan-Wook,139,01,16:00,2026-03-03,Renoir Plaza de España,https://www.pillalas.com/pase/1056550/,https://www.cinesrenoir.com/pelicula/no-hay-otra-opcion/,https://media.pillalas.com/imagenes/726afb526abffa83e98cada230d2630d116aedb31df5c86003a13faa95ff7aebd1eaf59a.jpg,Coreano,Pendiente de calificación,Viernes 13 Febrero 2026,"Lee Byung-Hun, Son Ye-Jin, Lee Sung-Min, Yeom Hye-Ran, Park Hee-Soon, Cha Seung-Won, Yoo Yeon-Seok","La historia sigue a un hombre de mediana edad llamado Man-su que se embarca decidido en una búsqueda de trabajo tras ser despedido inesperadamente de la compañía de papel en la que trabajó durante 25 años. ""Si no hay una vacante para mí, tendré que crear una para que me contraten. No hay otra opción"". Adaptación de la novela ""The Ax"" de Donald E. Westlake, que ya fue llevada al cine en la película ""Arcadia"", dirigida por Costa-Gavras en 2005."
NO HAY OTRA OPCIÓN,Park Chan-Wook,139,04,17:50,2026-03-03,Renoir Plaza de España,https://www.pillalas.com/pase/1056610/,https://www.cinesrenoir.com/pelicula/no-hay-otra-opcion/,https://media.pillalas.com/imagenes/726afb526abffa83e98cada230d2630d116aedb31df5c86003a13faa95ff7aebd1eaf59a.jpg,Coreano,Pendiente de calificación,Viernes 13 Febrero 2026,"Lee Byung-Hun, Son Ye-Jin, Lee Sung-Min, Yeom Hye-Ran, Park Hee-Soon, Cha Seung-Won, Yoo Yeon-Seok","La historia sigue a un hombre de mediana edad llamado Man-su que se embarca decidido en una búsqueda de trabajo tras ser despedido inesperadamente de la compañía de papel en la que trabajó durante 25 años. ""Si no hay una vacante para mí, tendré que crear una para que me contraten. No hay otra opción"". Adaptación de la novela ""The Ax"" de Donald E. Westlake, que ya fue llevada al cine en la película ""Arcadia"", dirigida por Costa-Gavras en 2005."
NO HAY OTRA OPCIÓN,Park Chan-Wook,139,02,20:15,2026-03-03,Renoir Plaza de España,https://www.pillalas.com/pase/1056612/,https://www.cinesrenoir.com/pelicula/no-hay-otra-opcion/,https://media.pillalas.com/imagenes/726afb526abffa83e98cada230d2630d116aedb31df5c86003a13faa95ff7aebd1eaf59a.jpg,Coreano,Pendiente de calificación,Viernes 13 Febrero 2026,"Lee Byung-Hun, Son Ye-Jin, Lee Sung-Min, Yeom Hye-Ran, Park Hee-Soon, Cha Seung-Won, Yoo Yeon-Seok","La historia sigue a un hombre de mediana edad llamado Man-su que se embarca decidido en una búsqueda de trabajo tras ser despedido inesperadamente de la compañía de papel en la que trabajó durante 25 años. ""Si no hay una vacante para mí, tendré que crear una para que me contraten. No hay otra opción"". Adaptación de la novela ""The Ax"" de Donald E. Westlake, que ya fue llevada al cine en la película ""Arcadia"", dirigida por Costa-Gavras en 2005."
NO HAY OTRA OPCIÓN,Park Chan-Wook,139,01,22:35,2026-03-03,Renoir Plaza de España,https://www.pillalas.com/pase/1056553/,https://www.cinesrenoir.com/pelicula/no-hay-otra-opcion/,https://media.pillalas.com/imagenes/726afb526abffa83e98cada230d2630d116aedb31df5c86003a13faa95ff7aebd1eaf59a.jpg,Coreano,Pendiente de calificación,Viernes 13 Febrero 2026,"Lee Byung-Hun, Son Ye-Jin, Lee Sung-Min, Yeom Hye-Ran, Park Hee-Soon, Cha Seung-Won, Yoo Yeon-Seok","La historia sigue a un hombre de mediana edad llamado Man-su que se embarca decidido en una búsqueda de trabajo tras ser despedido inesperadamente de la compañía de papel en la que trabajó durante 25 años. ""Si no hay una vacante para mí, tendré que crear una para que me contraten. No hay otra opción"". Adaptación de la novela ""The Ax"" de Donald E. Westlake, que ya fue llevada al cine en la película ""Arcadia"", dirigida por Costa-Gavras en 2005."
ORWELL 2+2 = 5,Raoul Peck,119,03,16:00,2026-03-03,Renoir Plaza de España,https://www.pillalas.com/pase/1056608/,https://www.cinesrenoir.com/pelicula/orwell-22-5/,https://media.pillalas.com/imagenes/726afb526abffa83b83d4cc400c9761fa7472981f7fc060c0bd7e85b0217a3f74541294d.jpg,Inglés Y Otros,No recomendada para menores de 16 años,Viernes 27 Febrero 2026,Damian Lewis,"George Orwell fue uno de los autores más visionarios del siglo XX, cuyas novelas, 1984 y Rebelión en la granja, predijeron un futuro autoritario y escalofriante. El aclamado director Raoul Peck (I Am Not Your Negro) entrelaza clips, lecturas del diario de Orwell, referencias cinematográficas e imágenes actuales para crear no solo un retrato del escritor, sino también una nueva perspectiva sobre lo profética que se ha vuelto su obra."
ORWELL 2+2 = 5,Raoul Peck,119,03,18:15,2026-03-03,Renoir Plaza de España,https://www.pillalas.com/pase/1056611/,https://www.cinesrenoir.com/pelicula/orwell-22-5/,https://media.pillalas.com/imagenes/726afb526abffa83b83d4cc400c9761fa7472981f7fc060c0bd7e85b0217a3f74541294d.jpg,Inglés Y Otros,No recomendada para menores de 16 años,Viernes 27 Febrero 2026,Damian Lewis,"George Orwell fue uno de los autores más visionarios del siglo XX, cuyas novelas, 1984 y Rebelión en la granja, predijeron un futuro autoritario y escalofriante. El aclamado director Raoul Peck (I Am Not Your Negro) entrelaza clips, lecturas del diario de Orwell, referencias cinematográficas e imágenes actuales para crear no solo un retrato del escritor, sino también una nueva perspectiva sobre lo profética que se ha vuelto su obra."
ORWELL 2+2 = 5,Raoul Peck,119,03,20:30,2026-03-03,Renoir Plaza de España,https://www.pillalas.com/pase/1056614/,https://www.cinesrenoir.com/pelicula/orwell-22-5/,https://media.pillalas.com/imagenes/726afb526abffa83b83d4cc400c9761fa7472981f7fc060c0bd7e85b0217a3f74541294d.jpg,Inglés Y Otros,No recomendada para menores de 16 años,Viernes 27 Febrero 2026,Damian Lewis,"George Orwell fue uno de los autores más visionarios del siglo XX, cuyas novelas, 1984 y Rebelión en la granja, predijeron un futuro autoritario y escalofriante. El aclamado director Raoul Peck (I Am Not Your Negro) entrelaza clips, lecturas del diario de Orwell, referencias cinematográficas e imágenes actuales para crear no solo un retrato del escritor, sino también una nueva perspectiva sobre lo profética que se ha vuelto su obra."
ORWELL 2+2 = 5,Raoul Peck,119,03,22:45,2026-03-03,Renoir Plaza de España,https://www.pillalas.com/pase/1056616/,https://www.cinesrenoir.com/pelicula/orwell-22-5/,https://media.pillalas.com/imagenes/726afb526abffa83b83d4cc400c9761fa7472981f7fc060c0bd7e85b0217a3f74541294d.jpg,Inglés Y Otros,No recomendada para menores de 16 años,Viernes 27 Febrero 2026,Damian Lewis,"George Orwell fue uno de los autores más visionarios del siglo XX, cuyas novelas, 1984 y Rebelión en la granja, predijeron un futuro autoritario y escalofriante. El aclamado director Raoul Peck (I Am Not Your Negro) entrelaza clips, lecturas del diario de Orwell, referencias cinematográficas e imágenes actuales para crear no solo un retrato del escritor, sino también una nueva perspectiva sobre lo profética que se ha vuelto su obra."
RONDALLAS,Daniel Sánchez Arévalo,112,04,22:35,2026-03-03,Renoir Plaza de España,https://www.pillalas.com/pase/1056615/,https://www.cinesrenoir.com/pelicula/rondallas/,https://media.pillalas.com/imagenes/726afb526abffa837e9904cf9605e92b548ae9aee41492f9aff2d6b9abb046215ab8ce23.jpg,Castellano,No recomendada para menores de 12 años,Jueves 1 Enero 2026,"Javier Gutiérrez, María Vázquez, Judith Fernández, Tamar Novas, Carlos Blanco, Fer Fraga, Xosé A. Touriñán, Marta Larralde, Lola López Rodríguez","Dos años después del trágico naufragio de un barco pesquero que sacudió a un pequeño pueblo marinero gallego, algunos miembros de la rondalla, una agrupación de música tradicional en la que participan desde niños hasta ancianos, deciden que ya es hora de recuperar la ilusión y dejar el luto atrás. Por ello vuelven a unirse para ponerla en marcha con la intención de competir en un concurso contra los pueblos vecinos, pero sobre todo de empezar a mirar hacia delante de nuevo."
VALOR SENTIMENTAL,Joachim Trier,133,02,17:50,2026-03-03,Renoir Plaza de España,https://www.pillalas.com/pase/1056609/,https://www.cinesrenoir.com/pelicula/valor-sentimental/,https://media.pillalas.com/imagenes/726afb526abffa83fe1b3adc6f8909539f80c9a958e909b641f78d7648edf8e1f62ca547.jpg,Noruego E Inglés,No recomendada para menores de 12 años,Viernes 5 Diciembre 2025,"Renate Reinsve, Stellan Skarsgård, Inga Ibsdotter Lilleaas, Elle Fanning, Anders Danielsen Lie, Jesper Christensen, Lena Endre, Cory Michael Smith, Catherine Cohen, Andreas Stoltenberg Granerud, Øyvind Hesjedal Loven, Lars Väringer, Ida Marianne Vassbotn Klasson, Vilde Søyland","Las hermanas Nora y Agnes se reencuentran con su padre ausente, un director de cine muy reconocido en el pasado que ha vuelto para ofrecer a Nora el papel principal de su próxima película. Aunque ella lo rechaza, Gustav decide seguir adelante y utilizar la casa familiar como escenario de su nuevo rodaje, lo que reaviva las tensiones entre ellos, especialmente tras la llegada de una joven actriz de Hollywood que acepta el papel en su lugar. El vínculo entre las hermanas se convertirá en su mayor refugio frente a las heridas del pasado."
VALOR SENTIMENTAL,Joachim Trier,133,05,20:15,2026-03-03,Renoir Plaza de España,https://www.pillalas.com/pase/1056655/,https://www.cinesrenoir.com/pelicula/valor-sentimental/,https://media.pillalas.com/imagenes/726afb526abffa83fe1b3adc6f8909539f80c9a958e909b641f78d7648edf8e1f62ca547.jpg,Noruego E Inglés,No recomendada para menores de 12 años,Viernes 5 Diciembre 2025,"Renate Reinsve, Stellan Skarsgård, Inga Ibsdotter Lilleaas, Elle Fanning, Anders Danielsen Lie, Jesper Christensen, Lena Endre, Cory Michael Smith, Catherine Cohen, Andreas Stoltenberg Granerud, Øyvind Hesjedal Loven, Lars Väringer, Ida Marianne Vassbotn Klasson, Vilde Søyland","Las hermanas Nora y Agnes se reencuentran con su padre ausente, un director de cine muy reconocido en el pasado que ha vuelto para ofrecer a Nora el papel principal de su próxima película. Aunque ella lo rechaza, Gustav decide seguir adelante y utilizar la casa familiar como escenario de su nuevo rodaje, lo que reaviva las tensiones entre ellos, especialmente tras la llegada de una joven actriz de Hollywood que acepta el papel en su lugar. El vínculo entre las hermanas se convertirá en su mayor refugio frente a las heridas del pasado."
HISTORIAS DEL BUEN VALLE,José Luis Guerin,122,05,15:50,2026-03-04,Renoir Plaza de España,https://www.pillalas.com/pase/1056657/,https://www.cinesrenoir.com/pelicula/historias-del-buen-valle/,https://media.pillalas.com/imagenes/726afb526abffa838aaf07790a37e874c7509f5af4e227ab1664533c196269093a9c8841.jpg,Castellano,Apta para todos los públicos,Viernes 13 Febrero 2026,Documental,"En el paisaje indefinido de un barrio periférico, entre el mundo rural y el urbano, coexisten las casas levantadas por los primeros migrantes, quienes llegaron de toda España tras la posguerra…, y los nuevos bloques y viviendas de la ciudad dormitorio, donde se concentra la nueva migración, convirtiendo este humilde rincón en una auténtica aldea global. Historias del buen valle es una suma de imaginarios, de conflictos sociales, generacionales e identitarios, urbanísticos y ecológicos; pero es también una mirada reposada y humanista sobre el mundo actual."
LA CHICA ZURDA,Shih-Ching Tsou,108,04,20:25,2026-03-04,Renoir Plaza de España,https://www.pillalas.com/pase/1056623/,https://www.cinesrenoir.com/pelicula/la-chica-zurda/,https://media.pillalas.com/imagenes/726afb526abffa83e5ee5674d1ac0b73f39c1d9ebacca7f6a4c573d6423a82f140c7a520.jpg,Mandarín,No recomendada para menores de 12 años,Viernes 30 Enero 2026,"Shi-Yuan Ma, Janel Tsai, Nina Ye, Teng-Hui Huang, Akio Chen, Blaire Chang, Xin-Yan Chao","La pequeña I-Jing corretea con curiosidad por las calles de un mercado nocturno de Taipei, entre neones, motocicletas y toda clase de puestos de comida como el que regenta su madre, que trata de sacar adelante a la niña y a su hermana mayor."
LA TARTA DEL PRESIDENTE,Hasan Hadi,105,04,15:50,2026-03-04,Renoir Plaza de España,https://www.pillalas.com/pase/1056617/,https://www.cinesrenoir.com/pelicula/20260226050511-la-tarta-del-presidente/,https://media.pillalas.com/imagenes/726afb526abffa83eda64f8b418bec544f18146f6ca2869a88655e1df49985337de64299.jpg,Iraquí,No recomendada para menores de 12 años,Viernes 6 Febrero 2026,"Baneen Ahmad Nayyef, Waheed Thabet Khreibat, Sajad Mohamad Qasem, Muthanna Malaghi, Ahmad Qasem Saywan, Maytham Mreidi, Rahim Alhaj, Thaer Salem, Fatima Abouharoon","Irak, años noventa. La pequeña Lamia recibe la misión de preparar una tarta con motivo del cumpleaños del presidente Sadam Huseín. Acompañada por su amigo Saeed y con su gallo Hindi a cuestas, recorre Bagdad en busca de los ingredientes, viviendo una serie de peripecias que alterarán por completo su vida cotidiana."
LA TARTA DEL PRESIDENTE,Hasan Hadi,105,05,18:15,2026-03-04,Renoir Plaza de España,https://www.pillalas.com/pase/1056658/,https://www.cinesrenoir.com/pelicula/20260226050511-la-tarta-del-presidente/,https://media.pillalas.com/imagenes/726afb526abffa83eda64f8b418bec544f18146f6ca2869a88655e1df49985337de64299.jpg,Iraquí,No recomendada para menores de 12 años,Viernes 6 Febrero 2026,"Baneen Ahmad Nayyef, Waheed Thabet Khreibat, Sajad Mohamad Qasem, Muthanna Malaghi, Ahmad Qasem Saywan, Maytham Mreidi, Rahim Alhaj, Thaer Salem, Fatima Abouharoon","Irak, años noventa. La pequeña Lamia recibe la misión de preparar una tarta con motivo del cumpleaños del presidente Sadam Huseín. Acompañada por su amigo Saeed y con su gallo Hindi a cuestas, recorre Bagdad en busca de los ingredientes, viviendo una serie de peripecias que alterarán por completo su vida cotidiana."
LA TARTA DEL PRESIDENTE,Hasan Hadi,105,05,22:45,2026-03-04,Renoir Plaza de España,https://www.pillalas.com/pase/1056660/,https://www.cinesrenoir.com/pelicula/20260226050511-la-tarta-del-presidente/,https://media.pillalas.com/imagenes/726afb526abffa83eda64f8b418bec544f18146f6ca2869a88655e1df49985337de64299.jpg,Iraquí,No recomendada para menores de 12 años,Viernes 6 Febrero 2026,"Baneen Ahmad Nayyef, Waheed Thabet Khreibat, Sajad Mohamad Qasem, Muthanna Malaghi, Ahmad Qasem Saywan, Maytham Mreidi, Rahim Alhaj, Thaer Salem, Fatima Abouharoon","Irak, años noventa. La pequeña Lamia recibe la misión de preparar una tarta con motivo del cumpleaños del presidente Sadam Huseín. Acompañada por su amigo Saeed y con su gallo Hindi a cuestas, recorre Bagdad en busca de los ingredientes, viviendo una serie de peripecias que alterarán por completo su vida cotidiana."
LOS MISERABLES. EL ORIGEN,Éric Bersnard,98,02,15:50,2026-03-04,Renoir Plaza de España,https://www.pillalas.com/pase/1056555/,https://www.cinesrenoir.com/pelicula/los-miserables-el-origen/,https://media.pillalas.com/imagenes/726afb526abffa83f1fe811a2f88361f6bd22e58f78ce5ce248cf98ac6dddbdf057da693.jpg,Francés,No recomendada para menores de 16 años,Viernes 27 Febrero 2026,"Grégory Gadebois, Bernard Campan, Alexandra Lamy, Isabelle Carré, Dominique Pinon, Romane Libert, Albert Dupontel","Francia, 1815. Tras 19 años de condena, Jean Valjean queda en libertad. Rechazado por todos, encuentra refugio en casa del obispo Myriel, su hermana y su sirvienta. Sorprendido por una bondad que no comprende, Valjean deberá elegir entre el odio que lo consume o la posibilidad de redención que se le ofrece."
LOS MISERABLES. EL ORIGEN,Éric Bersnard,98,01,18:35,2026-03-04,Renoir Plaza de España,https://www.pillalas.com/pase/1056557/,https://www.cinesrenoir.com/pelicula/los-miserables-el-origen/,https://media.pillalas.com/imagenes/726afb526abffa83f1fe811a2f88361f6bd22e58f78ce5ce248cf98ac6dddbdf057da693.jpg,Francés,No recomendada para menores de 16 años,Viernes 27 Febrero 2026,"Grégory Gadebois, Bernard Campan, Alexandra Lamy, Isabelle Carré, Dominique Pinon, Romane Libert, Albert Dupontel","Francia, 1815. Tras 19 años de condena, Jean Valjean queda en libertad. Rechazado por todos, encuentra refugio en casa del obispo Myriel, su hermana y su sirvienta. Sorprendido por una bondad que no comprende, Valjean deberá elegir entre el odio que lo consume o la posibilidad de redención que se le ofrece."
LOS MISERABLES. EL ORIGEN,Éric Bersnard,98,01,20:35,2026-03-04,Renoir Plaza de España,https://www.pillalas.com/pase/1056558/,https://www.cinesrenoir.com/pelicula/los-miserables-el-origen/,https://media.pillalas.com/imagenes/726afb526abffa83f1fe811a2f88361f6bd22e58f78ce5ce248cf98ac6dddbdf057da693.jpg,Francés,No recomendada para menores de 16 años,Viernes 27 Febrero 2026,"Grégory Gadebois, Bernard Campan, Alexandra Lamy, Isabelle Carré, Dominique Pinon, Romane Libert, Albert Dupontel","Francia, 1815. Tras 19 años de condena, Jean Valjean queda en libertad. Rechazado por todos, encuentra refugio en casa del obispo Myriel, su hermana y su sirvienta. Sorprendido por una bondad que no comprende, Valjean deberá elegir entre el odio que lo consume o la posibilidad de redención que se le ofrece."
LOS MISERABLES. EL ORIGEN,Éric Bersnard,98,02,22:45,2026-03-04,Renoir Plaza de España,https://www.pillalas.com/pase/1056560/,https://www.cinesrenoir.com/pelicula/los-miserables-el-origen/,https://media.pillalas.com/imagenes/726afb526abffa83f1fe811a2f88361f6bd22e58f78ce5ce248cf98ac6dddbdf057da693.jpg,Francés,No recomendada para menores de 16 años,Viernes 27 Febrero 2026,"Grégory Gadebois, Bernard Campan, Alexandra Lamy, Isabelle Carré, Dominique Pinon, Romane Libert, Albert Dupontel","Francia, 1815. Tras 19 años de condena, Jean Valjean queda en libertad. Rechazado por todos, encuentra refugio en casa del obispo Myriel, su hermana y su sirvienta. Sorprendido por una bondad que no comprende, Valjean deberá elegir entre el odio que lo consume o la posibilidad de redención que se le ofrece."
NO HAY OTRA OPCIÓN,Park Chan-Wook,139,01,16:00,2026-03-04,Renoir Plaza de España,https://www.pillalas.com/pase/1056556/,https://www.cinesrenoir.com/pelicula/no-hay-otra-opcion/,https://media.pillalas.com/imagenes/726afb526abffa83e98cada230d2630d116aedb31df5c86003a13faa95ff7aebd1eaf59a.jpg,Coreano,Pendiente de calificación,Viernes 13 Febrero 2026,"Lee Byung-Hun, Son Ye-Jin, Lee Sung-Min, Yeom Hye-Ran, Park Hee-Soon, Cha Seung-Won, Yoo Yeon-Seok","La historia sigue a un hombre de mediana edad llamado Man-su que se embarca decidido en una búsqueda de trabajo tras ser despedido inesperadamente de la compañía de papel en la que trabajó durante 25 años. ""Si no hay una vacante para mí, tendré que crear una para que me contraten. No hay otra opción"". Adaptación de la novela ""The Ax"" de Donald E. Westlake, que ya fue llevada al cine en la película ""Arcadia"", dirigida por Costa-Gavras en 2005."
NO HAY OTRA OPCIÓN,Park Chan-Wook,139,04,17:50,2026-03-04,Renoir Plaza de España,https://www.pillalas.com/pase/1056620/,https://www.cinesrenoir.com/pelicula/no-hay-otra-opcion/,https://media.pillalas.com/imagenes/726afb526abffa83e98cada230d2630d116aedb31df5c86003a13faa95ff7aebd1eaf59a.jpg,Coreano,Pendiente de calificación,Viernes 13 Febrero 2026,"Lee Byung-Hun, Son Ye-Jin, Lee Sung-Min, Yeom Hye-Ran, Park Hee-Soon, Cha Seung-Won, Yoo Yeon-Seok","La historia sigue a un hombre de mediana edad llamado Man-su que se embarca decidido en una búsqueda de trabajo tras ser despedido inesperadamente de la compañía de papel en la que trabajó durante 25 años. ""Si no hay una vacante para mí, tendré que crear una para que me contraten. No hay otra opción"". Adaptación de la novela ""The Ax"" de Donald E. Westlake, que ya fue llevada al cine en la película ""Arcadia"", dirigida por Costa-Gavras en 2005."
NO HAY OTRA OPCIÓN,Park Chan-Wook,139,02,20:15,2026-03-04,Renoir Plaza de España,https://www.pillalas.com/pase/1056622/,https://www.cinesrenoir.com/pelicula/no-hay-otra-opcion/,https://media.pillalas.com/imagenes/726afb526abffa83e98cada230d2630d116aedb31df5c86003a13faa95ff7aebd1eaf59a.jpg,Coreano,Pendiente de calificación,Viernes 13 Febrero 2026,"Lee Byung-Hun, Son Ye-Jin, Lee Sung-Min, Yeom Hye-Ran, Park Hee-Soon, Cha Seung-Won, Yoo Yeon-Seok","La historia sigue a un hombre de mediana edad llamado Man-su que se embarca decidido en una búsqueda de trabajo tras ser despedido inesperadamente de la compañía de papel en la que trabajó durante 25 años. ""Si no hay una vacante para mí, tendré que crear una para que me contraten. No hay otra opción"". Adaptación de la novela ""The Ax"" de Donald E. Westlake, que ya fue llevada al cine en la película ""Arcadia"", dirigida por Costa-Gavras en 2005."
NO HAY OTRA OPCIÓN,Park Chan-Wook,139,01,22:35,2026-03-04,Renoir Plaza de España,https://www.pillalas.com/pase/1056559/,https://www.cinesrenoir.com/pelicula/no-hay-otra-opcion/,https://media.pillalas.com/imagenes/726afb526abffa83e98cada230d2630d116aedb31df5c86003a13faa95ff7aebd1eaf59a.jpg,Coreano,Pendiente de calificación,Viernes 13 Febrero 2026,"Lee Byung-Hun, Son Ye-Jin, Lee Sung-Min, Yeom Hye-Ran, Park Hee-Soon, Cha Seung-Won, Yoo Yeon-Seok","La historia sigue a un hombre de mediana edad llamado Man-su que se embarca decidido en una búsqueda de trabajo tras ser despedido inesperadamente de la compañía de papel en la que trabajó durante 25 años. ""Si no hay una vacante para mí, tendré que crear una para que me contraten. No hay otra opción"". Adaptación de la novela ""The Ax"" de Donald E. Westlake, que ya fue llevada al cine en la película ""Arcadia"", dirigida por Costa-Gavras en 2005."
ORWELL 2+2 = 5,Raoul Peck,119,03,16:00,2026-03-04,Renoir Plaza de España,https://www.pillalas.com/pase/1056618/,https://www.cinesrenoir.com/pelicula/orwell-22-5/,https://media.pillalas.com/imagenes/726afb526abffa83b83d4cc400c9761fa7472981f7fc060c0bd7e85b0217a3f74541294d.jpg,Inglés Y Otros,No recomendada para menores de 16 años,Viernes 27 Febrero 2026,Damian Lewis,"George Orwell fue uno de los autores más visionarios del siglo XX, cuyas novelas, 1984 y Rebelión en la granja, predijeron un futuro autoritario y escalofriante. El aclamado director Raoul Peck (I Am Not Your Negro) entrelaza clips, lecturas del diario de Orwell, referencias cinematográficas e imágenes actuales para crear no solo un retrato del escritor, sino también una nueva perspectiva sobre lo profética que se ha vuelto su obra."
ORWELL 2+2 = 5,Raoul Peck,119,03,18:15,2026-03-04,Renoir Plaza de España,https://www.pillalas.com/pase/1056621/,https://www.cinesrenoir.com/pelicula/orwell-22-5/,https://media.pillalas.com/imagenes/726afb526abffa83b83d4cc400c9761fa7472981f7fc060c0bd7e85b0217a3f74541294d.jpg,Inglés Y Otros,No recomendada para menores de 16 años,Viernes 27 Febrero 2026,Damian Lewis,"George Orwell fue uno de los autores más visionarios del siglo XX, cuyas novelas, 1984 y Rebelión en la granja, predijeron un futuro autoritario y escalofriante. El aclamado director Raoul Peck (I Am Not Your Negro) entrelaza clips, lecturas del diario de Orwell, referencias cinematográficas e imágenes actuales para crear no solo un retrato del escritor, sino también una nueva perspectiva sobre lo profética que se ha vuelto su obra."
ORWELL 2+2 = 5,Raoul Peck,119,03,20:30,2026-03-04,Renoir Plaza de España,https://www.pillalas.com/pase/1056624/,https://www.cinesrenoir.com/pelicula/orwell-22-5/,https://media.pillalas.com/imagenes/726afb526abffa83b83d4cc400c9761fa7472981f7fc060c0bd7e85b0217a3f74541294d.jpg,Inglés Y Otros,No recomendada para menores de 16 años,Viernes 27 Febrero 2026,Damian Lewis,"George Orwell fue uno de los autores más visionarios del siglo XX, cuyas novelas, 1984 y Rebelión en la granja, predijeron un futuro autoritario y escalofriante. El aclamado director Raoul Peck (I Am Not Your Negro) entrelaza clips, lecturas del diario de Orwell, referencias cinematográficas e imágenes actuales para crear no solo un retrato del escritor, sino también una nueva perspectiva sobre lo profética que se ha vuelto su obra."
ORWELL 2+2 = 5,Raoul Peck,119,03,22:45,2026-03-04,Renoir Plaza de España,https://www.pillalas.com/pase/1056626/,https://www.cinesrenoir.com/pelicula/orwell-22-5/,https://media.pillalas.com/imagenes/726afb526abffa83b83d4cc400c9761fa7472981f7fc060c0bd7e85b0217a3f74541294d.jpg,Inglés Y Otros,No recomendada para menores de 16 años,Viernes 27 Febrero 2026,Damian Lewis,"George Orwell fue uno de los autores más visionarios del siglo XX, cuyas novelas, 1984 y Rebelión en la granja, predijeron un futuro autoritario y escalofriante. El aclamado director Raoul Peck (I Am Not Your Negro) entrelaza clips, lecturas del diario de Orwell, referencias cinematográficas e imágenes actuales para crear no solo un retrato del escritor, sino también una nueva perspectiva sobre lo profética que se ha vuelto su obra."
RONDALLAS,Daniel Sánchez Arévalo,112,04,22:35,2026-03-04,Renoir Plaza de España,https://www.pillalas.com/pase/1056625/,https://www.cinesrenoir.com/pelicula/rondallas/,https://media.pillalas.com/imagenes/726afb526abffa837e9904cf9605e92b548ae9aee41492f9aff2d6b9abb046215ab8ce23.jpg,Castellano,No recomendada para menores de 12 años,Jueves 1 Enero 2026,"Javier Gutiérrez, María Vázquez, Judith Fernández, Tamar Novas, Carlos Blanco, Fer Fraga, Xosé A. Touriñán, Marta Larralde, Lola López Rodríguez","Dos años después del trágico naufragio de un barco pesquero que sacudió a un pequeño pueblo marinero gallego, algunos miembros de la rondalla, una agrupación de música tradicional en la que participan desde niños hasta ancianos, deciden que ya es hora de recuperar la ilusión y dejar el luto atrás. Por ello vuelven a unirse para ponerla en marcha con la intención de competir en un concurso contra los pueblos vecinos, pero sobre todo de empezar a mirar hacia delante de nuevo."
VALOR SENTIMENTAL,Joachim Trier,133,02,17:50,2026-03-04,Renoir Plaza de España,https://www.pillalas.com/pase/1056619/,https://www.cinesrenoir.com/pelicula/valor-sentimental/,https://media.pillalas.com/imagenes/726afb526abffa83fe1b3adc6f8909539f80c9a958e909b641f78d7648edf8e1f62ca547.jpg,Noruego E Inglés,No recomendada para menores de 12 años,Viernes 5 Diciembre 2025,"Renate Reinsve, Stellan Skarsgård, Inga Ibsdotter Lilleaas, Elle Fanning, Anders Danielsen Lie, Jesper Christensen, Lena Endre, Cory Michael Smith, Catherine Cohen, Andreas Stoltenberg Granerud, Øyvind Hesjedal Loven, Lars Väringer, Ida Marianne Vassbotn Klasson, Vilde Søyland","Las hermanas Nora y Agnes se reencuentran con su padre ausente, un director de cine muy reconocido en el pasado que ha vuelto para ofrecer a Nora el papel principal de su próxima película. Aunque ella lo rechaza, Gustav decide seguir adelante y utilizar la casa familiar como escenario de su nuevo rodaje, lo que reaviva las tensiones entre ellos, especialmente tras la llegada de una joven actriz de Hollywood que acepta el papel en su lugar. El vínculo entre las hermanas se convertirá en su mayor refugio frente a las heridas del pasado."
VALOR SENTIMENTAL,Joachim Trier,133,05,20:15,2026-03-04,Renoir Plaza de España,https://www.pillalas.com/pase/1056659/,https://www.cinesrenoir.com/pelicula/valor-sentimental/,https://media.pillalas.com/imagenes/726afb526abffa83fe1b3adc6f8909539f80c9a958e909b641f78d7648edf8e1f62ca547.jpg,Noruego E Inglés,No recomendada para menores de 12 años,Viernes 5 Diciembre 2025,"Renate Reinsve, Stellan Skarsgård, Inga Ibsdotter Lilleaas, Elle Fanning, Anders Danielsen Lie, Jesper Christensen, Lena Endre, Cory Michael Smith, Catherine Cohen, Andreas Stoltenberg Granerud, Øyvind Hesjedal Loven, Lars Väringer, Ida Marianne Vassbotn Klasson, Vilde Søyland","Las hermanas Nora y Agnes se reencuentran con su padre ausente, un director de cine muy reconocido en el pasado que ha vuelto para ofrecer a Nora el papel principal de su próxima película. Aunque ella lo rechaza, Gustav decide seguir adelante y utilizar la casa familiar como escenario de su nuevo rodaje, lo que reaviva las tensiones entre ellos, especialmente tras la llegada de una joven actriz de Hollywood que acepta el papel en su lugar. El vínculo entre las hermanas se convertirá en su mayor refugio frente a las heridas del pasado."
HISTORIAS DEL BUEN VALLE,José Luis Guerin,122,05,15:50,2026-03-05,Renoir Plaza de España,https://www.pillalas.com/pase/1056661/,https://www.cinesrenoir.com/pelicula/historias-del-buen-valle/,https://media.pillalas.com/imagenes/726afb526abffa838aaf07790a37e874c7509f5af4e227ab1664533c196269093a9c8841.jpg,Castellano,Apta para todos los públicos,Viernes 13 Febrero 2026,Documental,"En el paisaje indefinido de un barrio periférico, entre el mundo rural y el urbano, coexisten las casas levantadas por los primeros migrantes, quienes llegaron de toda España tras la posguerra…, y los nuevos bloques y viviendas de la ciudad dormitorio, donde se concentra la nueva migración, convirtiendo este humilde rincón en una auténtica aldea global. Historias del buen valle es una suma de imaginarios, de conflictos sociales, generacionales e identitarios, urbanísticos y ecológicos; pero es también una mirada reposada y humanista sobre el mundo actual."
LA CHICA ZURDA,Shih-Ching Tsou,108,04,20:25,2026-03-05,Renoir Plaza de España,https://www.pillalas.com/pase/1056633/,https://www.cinesrenoir.com/pelicula/la-chica-zurda/,https://media.pillalas.com/imagenes/726afb526abffa83e5ee5674d1ac0b73f39c1d9ebacca7f6a4c573d6423a82f140c7a520.jpg,Mandarín,No recomendada para menores de 12 años,Viernes 30 Enero 2026,"Shi-Yuan Ma, Janel Tsai, Nina Ye, Teng-Hui Huang, Akio Chen, Blaire Chang, Xin-Yan Chao","La pequeña I-Jing corretea con curiosidad por las calles de un mercado nocturno de Taipei, entre neones, motocicletas y toda clase de puestos de comida como el que regenta su madre, que trata de sacar adelante a la niña y a su hermana mayor."
LA TARTA DEL PRESIDENTE,Hasan Hadi,105,04,15:50,2026-03-05,Renoir Plaza de España,https://www.pillalas.com/pase/1056627/,https://www.cinesrenoir.com/pelicula/20260226050511-la-tarta-del-presidente/,https://media.pillalas.com/imagenes/726afb526abffa83eda64f8b418bec544f18146f6ca2869a88655e1df49985337de64299.jpg,Iraquí,No recomendada para menores de 12 años,Viernes 6 Febrero 2026,"Baneen Ahmad Nayyef, Waheed Thabet Khreibat, Sajad Mohamad Qasem, Muthanna Malaghi, Ahmad Qasem Saywan, Maytham Mreidi, Rahim Alhaj, Thaer Salem, Fatima Abouharoon","Irak, años noventa. La pequeña Lamia recibe la misión de preparar una tarta con motivo del cumpleaños del presidente Sadam Huseín. Acompañada por su amigo Saeed y con su gallo Hindi a cuestas, recorre Bagdad en busca de los ingredientes, viviendo una serie de peripecias que alterarán por completo su vida cotidiana."
LA TARTA DEL PRESIDENTE,Hasan Hadi,105,05,18:15,2026-03-05,Renoir Plaza de España,https://www.pillalas.com/pase/1056662/,https://www.cinesrenoir.com/pelicula/20260226050511-la-tarta-del-presidente/,https://media.pillalas.com/imagenes/726afb526abffa83eda64f8b418bec544f18146f6ca2869a88655e1df49985337de64299.jpg,Iraquí,No recomendada para menores de 12 años,Viernes 6 Febrero 2026,"Baneen Ahmad Nayyef, Waheed Thabet Khreibat, Sajad Mohamad Qasem, Muthanna Malaghi, Ahmad Qasem Saywan, Maytham Mreidi, Rahim Alhaj, Thaer Salem, Fatima Abouharoon","Irak, años noventa. La pequeña Lamia recibe la misión de preparar una tarta con motivo del cumpleaños del presidente Sadam Huseín. Acompañada por su amigo Saeed y con su gallo Hindi a cuestas, recorre Bagdad en busca de los ingredientes, viviendo una serie de peripecias que alterarán por completo su vida cotidiana."
LA TARTA DEL PRESIDENTE,Hasan Hadi,105,05,22:45,2026-03-05,Renoir Plaza de España,https://www.pillalas.com/pase/1056664/,https://www.cinesrenoir.com/pelicula/20260226050511-la-tarta-del-presidente/,https://media.pillalas.com/imagenes/726afb526abffa83eda64f8b418bec544f18146f6ca2869a88655e1df49985337de64299.jpg,Iraquí,No recomendada para menores de 12 años,Viernes 6 Febrero 2026,"Baneen Ahmad Nayyef, Waheed Thabet Khreibat, Sajad Mohamad Qasem, Muthanna Malaghi, Ahmad Qasem Saywan, Maytham Mreidi, Rahim Alhaj, Thaer Salem, Fatima Abouharoon","Irak, años noventa. La pequeña Lamia recibe la misión de preparar una tarta con motivo del cumpleaños del presidente Sadam Huseín. Acompañada por su amigo Saeed y con su gallo Hindi a cuestas, recorre Bagdad en busca de los ingredientes, viviendo una serie de peripecias que alterarán por completo su vida cotidiana."
LOS MISERABLES. EL ORIGEN,Éric Bersnard,98,02,15:50,2026-03-05,Renoir Plaza de España,https://www.pillalas.com/pase/1056561/,https://www.cinesrenoir.com/pelicula/los-miserables-el-origen/,https://media.pillalas.com/imagenes/726afb526abffa83f1fe811a2f88361f6bd22e58f78ce5ce248cf98ac6dddbdf057da693.jpg,Francés,No recomendada para menores de 16 años,Viernes 27 Febrero 2026,"Grégory Gadebois, Bernard Campan, Alexandra Lamy, Isabelle Carré, Dominique Pinon, Romane Libert, Albert Dupontel","Francia, 1815. Tras 19 años de condena, Jean Valjean queda en libertad. Rechazado por todos, encuentra refugio en casa del obispo Myriel, su hermana y su sirvienta. Sorprendido por una bondad que no comprende, Valjean deberá elegir entre el odio que lo consume o la posibilidad de redención que se le ofrece."
LOS MISERABLES. EL ORIGEN,Éric Bersnard,98,01,18:35,2026-03-05,Renoir Plaza de España,https://www.pillalas.com/pase/1056563/,https://www.cinesrenoir.com/pelicula/los-miserables-el-origen/,https://media.pillalas.com/imagenes/726afb526abffa83f1fe811a2f88361f6bd22e58f78ce5ce248cf98ac6dddbdf057da693.jpg,Francés,No recomendada para menores de 16 años,Viernes 27 Febrero 2026,"Grégory Gadebois, Bernard Campan, Alexandra Lamy, Isabelle Carré, Dominique Pinon, Romane Libert, Albert Dupontel","Francia, 1815. Tras 19 años de condena, Jean Valjean queda en libertad. Rechazado por todos, encuentra refugio en casa del obispo Myriel, su hermana y su sirvienta. Sorprendido por una bondad que no comprende, Valjean deberá elegir entre el odio que lo consume o la posibilidad de redención que se le ofrece."
LOS MISERABLES. EL ORIGEN,Éric Bersnard,98,01,20:35,2026-03-05,Renoir Plaza de España,https://www.pillalas.com/pase/1056564/,https://www.cinesrenoir.com/pelicula/los-miserables-el-origen/,https://media.pillalas.com/imagenes/726afb526abffa83f1fe811a2f88361f6bd22e58f78ce5ce248cf98ac6dddbdf057da693.jpg,Francés,No recomendada para menores de 16 años,Viernes 27 Febrero 2026,"Grégory Gadebois, Bernard Campan, Alexandra Lamy, Isabelle Carré, Dominique Pinon, Romane Libert, Albert Dupontel","Francia, 1815. Tras 19 años de condena, Jean Valjean queda en libertad. Rechazado por todos, encuentra refugio en casa del obispo Myriel, su hermana y su sirvienta. Sorprendido por una bondad que no comprende, Valjean deberá elegir entre el odio que lo consume o la posibilidad de redención que se le ofrece."
LOS MISERABLES. EL ORIGEN,Éric Bersnard,98,02,22:45,2026-03-05,Renoir Plaza de España,https://www.pillalas.com/pase/1056566/,https://www.cinesrenoir.com/pelicula/los-miserables-el-origen/,https://media.pillalas.com/imagenes/726afb526abffa83f1fe811a2f88361f6bd22e58f78ce5ce248cf98ac6dddbdf057da693.jpg,Francés,No recomendada para menores de 16 años,Viernes 27 Febrero 2026,"Grégory Gadebois, Bernard Campan, Alexandra Lamy, Isabelle Carré, Dominique Pinon, Romane Libert, Albert Dupontel","Francia, 1815. Tras 19 años de condena, Jean Valjean queda en libertad. Rechazado por todos, encuentra refugio en casa del obispo Myriel, su hermana y su sirvienta. Sorprendido por una bondad que no comprende, Valjean deberá elegir entre el odio que lo consume o la posibilidad de redención que se le ofrece."
NO HAY OTRA OPCIÓN,Park Chan-Wook,139,01,16:00,2026-03-05,Renoir Plaza de España,https://www.pillalas.com/pase/1056562/,https://www.cinesrenoir.com/pelicula/no-hay-otra-opcion/,https://media.pillalas.com/imagenes/726afb526abffa83e98cada230d2630d116aedb31df5c86003a13faa95ff7aebd1eaf59a.jpg,Coreano,Pendiente de calificación,Viernes 13 Febrero 2026,"Lee Byung-Hun, Son Ye-Jin, Lee Sung-Min, Yeom Hye-Ran, Park Hee-Soon, Cha Seung-Won, Yoo Yeon-Seok","La historia sigue a un hombre de mediana edad llamado Man-su que se embarca decidido en una búsqueda de trabajo tras ser despedido inesperadamente de la compañía de papel en la que trabajó durante 25 años. ""Si no hay una vacante para mí, tendré que crear una para que me contraten. No hay otra opción"". Adaptación de la novela ""The Ax"" de Donald E. Westlake, que ya fue llevada al cine en la película ""Arcadia"", dirigida por Costa-Gavras en 2005."
NO HAY OTRA OPCIÓN,Park Chan-Wook,139,04,17:50,2026-03-05,Renoir Plaza de España,https://www.pillalas.com/pase/1056630/,https://www.cinesrenoir.com/pelicula/no-hay-otra-opcion/,https://media.pillalas.com/imagenes/726afb526abffa83e98cada230d2630d116aedb31df5c86003a13faa95ff7aebd1eaf59a.jpg,Coreano,Pendiente de calificación,Viernes 13 Febrero 2026,"Lee Byung-Hun, Son Ye-Jin, Lee Sung-Min, Yeom Hye-Ran, Park Hee-Soon, Cha Seung-Won, Yoo Yeon-Seok","La historia sigue a un hombre de mediana edad llamado Man-su que se embarca decidido en una búsqueda de trabajo tras ser despedido inesperadamente de la compañía de papel en la que trabajó durante 25 años. ""Si no hay una vacante para mí, tendré que crear una para que me contraten. No hay otra opción"". Adaptación de la novela ""The Ax"" de Donald E. Westlake, que ya fue llevada al cine en la película ""Arcadia"", dirigida por Costa-Gavras en 2005."
NO HAY OTRA OPCIÓN,Park Chan-Wook,139,02,20:15,2026-03-05,Renoir Plaza de España,https://www.pillalas.com/pase/1056632/,https://www.cinesrenoir.com/pelicula/no-hay-otra-opcion/,https://media.pillalas.com/imagenes/726afb526abffa83e98cada230d2630d116aedb31df5c86003a13faa95ff7aebd1eaf59a.jpg,Coreano,Pendiente de calificación,Viernes 13 Febrero 2026,"Lee Byung-Hun, Son Ye-Jin, Lee Sung-Min, Yeom Hye-Ran, Park Hee-Soon, Cha Seung-Won, Yoo Yeon-Seok","La historia sigue a un hombre de mediana edad llamado Man-su que se embarca decidido en una búsqueda de trabajo tras ser despedido inesperadamente de la compañía de papel en la que trabajó durante 25 años. ""Si no hay una vacante para mí, tendré que crear una para que me contraten. No hay otra opción"". Adaptación de la novela ""The Ax"" de Donald E. Westlake, que ya fue llevada al cine en la película ""Arcadia"", dirigida por Costa-Gavras en 2005."
NO HAY OTRA OPCIÓN,Park Chan-Wook,139,01,22:35,2026-03-05,Renoir Plaza de España,https://www.pillalas.com/pase/1056565/,https://www.cinesrenoir.com/pelicula/no-hay-otra-opcion/,https://media.pillalas.com/imagenes/726afb526abffa83e98cada230d2630d116aedb31df5c86003a13faa95ff7aebd1eaf59a.jpg,Coreano,Pendiente de calificación,Viernes 13 Febrero 2026,"Lee Byung-Hun, Son Ye-Jin, Lee Sung-Min, Yeom Hye-Ran, Park Hee-Soon, Cha Seung-Won, Yoo Yeon-Seok","La historia sigue a un hombre de mediana edad llamado Man-su que se embarca decidido en una búsqueda de trabajo tras ser despedido inesperadamente de la compañía de papel en la que trabajó durante 25 años. ""Si no hay una vacante para mí, tendré que crear una para que me contraten. No hay otra opción"". Adaptación de la novela ""The Ax"" de Donald E. Westlake, que ya fue llevada al cine en la película ""Arcadia"", dirigida por Costa-Gavras en 2005."
ORWELL 2+2 = 5,Raoul Peck,119,03,16:00,2026-03-05,Renoir Plaza de España,https://www.pillalas.com/pase/1056628/,https://www.cinesrenoir.com/pelicula/orwell-22-5/,https://media.pillalas.com/imagenes/726afb526abffa83b83d4cc400c9761fa7472981f7fc060c0bd7e85b0217a3f74541294d.jpg,Inglés Y Otros,No recomendada para menores de 16 años,Viernes 27 Febrero 2026,Damian Lewis,"George Orwell fue uno de los autores más visionarios del siglo XX, cuyas novelas, 1984 y Rebelión en la granja, predijeron un futuro autoritario y escalofriante. El aclamado director Raoul Peck (I Am Not Your Negro) entrelaza clips, lecturas del diario de Orwell, referencias cinematográficas e imágenes actuales para crear no solo un retrato del escritor, sino también una nueva perspectiva sobre lo profética que se ha vuelto su obra."
ORWELL 2+2 = 5,Raoul Peck,119,03,18:15,2026-03-05,Renoir Plaza de España,https://www.pillalas.com/pase/1056631/,https://www.cinesrenoir.com/pelicula/orwell-22-5/,https://media.pillalas.com/imagenes/726afb526abffa83b83d4cc400c9761fa7472981f7fc060c0bd7e85b0217a3f74541294d.jpg,Inglés Y Otros,No recomendada para menores de 16 años,Viernes 27 Febrero 2026,Damian Lewis,"George Orwell fue uno de los autores más visionarios del siglo XX, cuyas novelas, 1984 y Rebelión en la granja, predijeron un futuro autoritario y escalofriante. El aclamado director Raoul Peck (I Am Not Your Negro) entrelaza clips, lecturas del diario de Orwell, referencias cinematográficas e imágenes actuales para crear no solo un retrato del escritor, sino también una nueva perspectiva sobre lo profética que se ha vuelto su obra."
ORWELL 2+2 = 5,Raoul Peck,119,03,20:30,2026-03-05,Renoir Plaza de España,https://www.pillalas.com/pase/1056634/,https://www.cinesrenoir.com/pelicula/orwell-22-5/,https://media.pillalas.com/imagenes/726afb526abffa83b83d4cc400c9761fa7472981f7fc060c0bd7e85b0217a3f74541294d.jpg,Inglés Y Otros,No recomendada para menores de 16 años,Viernes 27 Febrero 2026,Damian Lewis,"George Orwell fue uno de los autores más visionarios del siglo XX, cuyas novelas, 1984 y Rebelión en la granja, predijeron un futuro autoritario y escalofriante. El aclamado director Raoul Peck (I Am Not Your Negro) entrelaza clips, lecturas del diario de Orwell, referencias cinematográficas e imágenes actuales para crear no solo un retrato del escritor, sino también una nueva perspectiva sobre lo profética que se ha vuelto su obra."
ORWELL 2+2 = 5,Raoul Peck,119,03,22:45,2026-03-05,Renoir Plaza de España,https://www.pillalas.com/pase/1056636/,https://www.cinesrenoir.com/pelicula/orwell-22-5/,https://media.pillalas.com/imagenes/726afb526abffa83b83d4cc400c9761fa7472981f7fc060c0bd7e85b0217a3f74541294d.jpg,Inglés Y Otros,No recomendada para menores de 16 años,Viernes 27 Febrero 2026,Damian Lewis,"George Orwell fue uno de los autores más visionarios del siglo XX, cuyas novelas, 1984 y Rebelión en la granja, predijeron un futuro autoritario y escalofriante. El aclamado director Raoul Peck (I Am Not Your Negro) entrelaza clips, lecturas del diario de Orwell, referencias cinematográficas e imágenes actuales para crear no solo un retrato del escritor, sino también una nueva perspectiva sobre lo profética que se ha vuelto su obra."
RONDALLAS,Daniel Sánchez Arévalo,112,04,22:35,2026-03-05,Renoir Plaza de España,https://www.pillalas.com/pase/1056635/,https://www.cinesrenoir.com/pelicula/rondallas/,https://media.pillalas.com/imagenes/726afb526abffa837e9904cf9605e92b548ae9aee41492f9aff2d6b9abb046215ab8ce23.jpg,Castellano,No recomendada para menores de 12 años,Jueves 1 Enero 2026,"Javier Gutiérrez, María Vázquez, Judith Fernández, Tamar Novas, Carlos Blanco, Fer Fraga, Xosé A. Touriñán, Marta Larralde, Lola López Rodríguez","Dos años después del trágico naufragio de un barco pesquero que sacudió a un pequeño pueblo marinero gallego, algunos miembros de la rondalla, una agrupación de música tradicional en la que participan desde niños hasta ancianos, deciden que ya es hora de recuperar la ilusión y dejar el luto atrás. Por ello vuelven a unirse para ponerla en marcha con la intención de competir en un concurso contra los pueblos vecinos, pero sobre todo de empezar a mirar hacia delante de nuevo."
VALOR SENTIMENTAL,Joachim Trier,133,02,17:50,2026-03-05,Renoir Plaza de España,https://www.pillalas.com/pase/1056629/,https://www.cinesrenoir.com/pelicula/valor-sentimental/,https://media.pillalas.com/imagenes/726afb526abffa83fe1b3adc6f8909539f80c9a958e909b641f78d7648edf8e1f62ca547.jpg,Noruego E Inglés,No recomendada para menores de 12 años,Viernes 5 Diciembre 2025,"Renate Reinsve, Stellan Skarsgård, Inga Ibsdotter Lilleaas, Elle Fanning, Anders Danielsen Lie, Jesper Christensen, Lena Endre, Cory Michael Smith, Catherine Cohen, Andreas Stoltenberg Granerud, Øyvind Hesjedal Loven, Lars Väringer, Ida Marianne Vassbotn Klasson, Vilde Søyland","Las hermanas Nora y Agnes se reencuentran con su padre ausente, un director de cine muy reconocido en el pasado que ha vuelto para ofrecer a Nora el papel principal de su próxima película. Aunque ella lo rechaza, Gustav decide seguir adelante y utilizar la casa familiar como escenario de su nuevo rodaje, lo que reaviva las tensiones entre ellos, especialmente tras la llegada de una joven actriz de Hollywood que acepta el papel en su lugar. El vínculo entre las hermanas se convertirá en su mayor refugio frente a las heridas del pasado."
VALOR SENTIMENTAL,Joachim Trier,133,05,20:15,2026-03-05,Renoir Plaza de España,https://www.pillalas.com/pase/1056663/,https://www.cinesrenoir.com/pelicula/valor-sentimental/,https://media.pillalas.com/imagenes/726afb526abffa83fe1b3adc6f8909539f80c9a958e909b641f78d7648edf8e1f62ca547.jpg,Noruego E Inglés,No recomendada para menores de 12 años,Viernes 5 Diciembre 2025,"Renate Reinsve, Stellan Skarsgård, Inga Ibsdotter Lilleaas, Elle Fanning, Anders Danielsen Lie, Jesper Christensen, Lena Endre, Cory Michael Smith, Catherine Cohen, Andreas Stoltenberg Granerud, Øyvind Hesjedal Loven, Lars Väringer, Ida Marianne Vassbotn Klasson, Vilde Søyland","Las hermanas Nora y Agnes se reencuentran con su padre ausente, un director de cine muy reconocido en el pasado que ha vuelto para ofrecer a Nora el papel principal de su próxima película. Aunque ella lo rechaza, Gustav decide seguir adelante y utilizar la casa familiar como escenario de su nuevo rodaje, lo que reaviva las tensiones entre ellos, especialmente tras la llegada de una joven actriz de Hollywood que acepta el papel en su lugar. El vínculo entre las hermanas se convertirá en su mayor refugio frente a las heridas del pasado."
