Pelicula,Director,Duración,Sala,Horario,Fecha,Cine,Tickets_URL,Film_URL,Poster_URL,Idioma_Original,Calificación,Estreno,Intérpretes,Sinopsis
ALTAS CAPACIDADES,Víctor García León,101,10,16:00,2026-04-05,Renoir Princesa,https://www.pillalas.com/pase/1063215/,https://www.cinesrenoir.com/pelicula/altas-capacidades/,https://media.pillalas.com/imagenes/726afb526abffa83d22d791f6bb1a5c2569f3d5a548c994a3c4d94a4c257992f931f1da5.jpg,Castellano,No recomendada para menores de 16 años,Viernes 27 Marzo 2026,"Marian Álvarez, Israel Elejalde, Juan Diego Botto, Pilar Castro, Natalia Reyes, Fran Cantos, Bea Segura, Elena Sanz, Celine Tyll, Suso Nanclares","Alicia y Gonzalo, una pareja de clase media, se encuentran con la oportunidad de matricular a su hijo Fer en un colegio laico de élite. Para los padres supone asomar la cabeza en la clase alta, nuevas amistades, mayores ingresos, ventajas incontables. Dicen hacerlo por su hijo.   
En esta maravillosa contradicción entre los miedos y los principios morales, las aspiraciones de la pareja se llevarán por delante lo que, hasta entonces, creían incuestionable."
ALTAS CAPACIDADES,Víctor García León,101,06,18:30,2026-04-05,Renoir Princesa,https://www.pillalas.com/pase/1063027/,https://www.cinesrenoir.com/pelicula/altas-capacidades/,https://media.pillalas.com/imagenes/726afb526abffa83d22d791f6bb1a5c2569f3d5a548c994a3c4d94a4c257992f931f1da5.jpg,Castellano,No recomendada para menores de 16 años,Viernes 27 Marzo 2026,"Marian Álvarez, Israel Elejalde, Juan Diego Botto, Pilar Castro, Natalia Reyes, Fran Cantos, Bea Segura, Elena Sanz, Celine Tyll, Suso Nanclares","Alicia y Gonzalo, una pareja de clase media, se encuentran con la oportunidad de matricular a su hijo Fer en un colegio laico de élite. Para los padres supone asomar la cabeza en la clase alta, nuevas amistades, mayores ingresos, ventajas incontables. Dicen hacerlo por su hijo.   
En esta maravillosa contradicción entre los miedos y los principios morales, las aspiraciones de la pareja se llevarán por delante lo que, hasta entonces, creían incuestionable."
ALTAS CAPACIDADES,Víctor García León,101,06,20:25,2026-04-05,Renoir Princesa,https://www.pillalas.com/pase/1063031/,https://www.cinesrenoir.com/pelicula/altas-capacidades/,https://media.pillalas.com/imagenes/726afb526abffa83d22d791f6bb1a5c2569f3d5a548c994a3c4d94a4c257992f931f1da5.jpg,Castellano,No recomendada para menores de 16 años,Viernes 27 Marzo 2026,"Marian Álvarez, Israel Elejalde, Juan Diego Botto, Pilar Castro, Natalia Reyes, Fran Cantos, Bea Segura, Elena Sanz, Celine Tyll, Suso Nanclares","Alicia y Gonzalo, una pareja de clase media, se encuentran con la oportunidad de matricular a su hijo Fer en un colegio laico de élite. Para los padres supone asomar la cabeza en la clase alta, nuevas amistades, mayores ingresos, ventajas incontables. Dicen hacerlo por su hijo.   
En esta maravillosa contradicción entre los miedos y los principios morales, las aspiraciones de la pareja se llevarán por delante lo que, hasta entonces, creían incuestionable."
ALTAS CAPACIDADES,Víctor García León,101,08,22:45,2026-04-05,Renoir Princesa,https://www.pillalas.com/pase/1063149/,https://www.cinesrenoir.com/pelicula/altas-capacidades/,https://media.pillalas.com/imagenes/726afb526abffa83d22d791f6bb1a5c2569f3d5a548c994a3c4d94a4c257992f931f1da5.jpg,Castellano,No recomendada para menores de 16 años,Viernes 27 Marzo 2026,"Marian Álvarez, Israel Elejalde, Juan Diego Botto, Pilar Castro, Natalia Reyes, Fran Cantos, Bea Segura, Elena Sanz, Celine Tyll, Suso Nanclares","Alicia y Gonzalo, una pareja de clase media, se encuentran con la oportunidad de matricular a su hijo Fer en un colegio laico de élite. Para los padres supone asomar la cabeza en la clase alta, nuevas amistades, mayores ingresos, ventajas incontables. Dicen hacerlo por su hijo.   
En esta maravillosa contradicción entre los miedos y los principios morales, las aspiraciones de la pareja se llevarán por delante lo que, hasta entonces, creían incuestionable."
AMARGA NAVIDAD,Pedro Almodóvar,111,05,16:00,2026-04-05,Renoir Princesa,https://www.pillalas.com/pase/1063022/,https://www.cinesrenoir.com/pelicula/amarga-navidad/,https://media.pillalas.com/imagenes/726afb526abffa83b60c45c3634993c0e9bd987d873c6c32a8009c3b4ee414d3a40e41c1.jpg,Castellano,No recomendada para menores de 12 años,Viernes 20 Marzo 2026,"Bárbara Lennie, Leonardo Sbaraglia, Aitana Sánchez-Gijón, Victoria Luengo, Patrick Criado, Milena Smit, Quim Gutiérrez, Rossy De Palma, Carmen Machi, Gloria Muñoz","Elsa es una directora de publicidad cuya madre muere durante un largo puente del mes de diciembre. Encuentra refugio en el trabajo, aunque es más bien una huida hacia adelante. Trabaja sin parar y, sin darse cuenta, no se concede el tiempo necesario para guardar el duelo por la ausencia materna. Hasta que una crisis de pánico la obliga a detenerse e imponerse un descanso. Su pareja, Bonifacio, es su tabla de salvación en esos momentos de crisis. Elsa decide viajar a la isla de Lanzarote acompañada por su amiga Patricia, que también necesita alejarse de Madrid, mientras que Bonifacio se queda en la ciudad.
La historia de estos tres personajes, y algunos más, se narran paralelamente a la del guionista y director de cine Raúl Durán, entremezclando ficción y realidad. Porque ‘Amarga Navidad’ desarrolla cómo la vida y la ficción están unidas de un modo indisoluble, incluso doloroso en ocasiones."
AMARGA NAVIDAD,Pedro Almodóvar,111,05,18:10,2026-04-05,Renoir Princesa,https://www.pillalas.com/pase/1063026/,https://www.cinesrenoir.com/pelicula/amarga-navidad/,https://media.pillalas.com/imagenes/726afb526abffa83b60c45c3634993c0e9bd987d873c6c32a8009c3b4ee414d3a40e41c1.jpg,Castellano,No recomendada para menores de 12 años,Viernes 20 Marzo 2026,"Bárbara Lennie, Leonardo Sbaraglia, Aitana Sánchez-Gijón, Victoria Luengo, Patrick Criado, Milena Smit, Quim Gutiérrez, Rossy De Palma, Carmen Machi, Gloria Muñoz","Elsa es una directora de publicidad cuya madre muere durante un largo puente del mes de diciembre. Encuentra refugio en el trabajo, aunque es más bien una huida hacia adelante. Trabaja sin parar y, sin darse cuenta, no se concede el tiempo necesario para guardar el duelo por la ausencia materna. Hasta que una crisis de pánico la obliga a detenerse e imponerse un descanso. Su pareja, Bonifacio, es su tabla de salvación en esos momentos de crisis. Elsa decide viajar a la isla de Lanzarote acompañada por su amiga Patricia, que también necesita alejarse de Madrid, mientras que Bonifacio se queda en la ciudad.
La historia de estos tres personajes, y algunos más, se narran paralelamente a la del guionista y director de cine Raúl Durán, entremezclando ficción y realidad. Porque ‘Amarga Navidad’ desarrolla cómo la vida y la ficción están unidas de un modo indisoluble, incluso doloroso en ocasiones."
AMARGA NAVIDAD,Pedro Almodóvar,111,05,20:20,2026-04-05,Renoir Princesa,https://www.pillalas.com/pase/1063030/,https://www.cinesrenoir.com/pelicula/amarga-navidad/,https://media.pillalas.com/imagenes/726afb526abffa83b60c45c3634993c0e9bd987d873c6c32a8009c3b4ee414d3a40e41c1.jpg,Castellano,No recomendada para menores de 12 años,Viernes 20 Marzo 2026,"Bárbara Lennie, Leonardo Sbaraglia, Aitana Sánchez-Gijón, Victoria Luengo, Patrick Criado, Milena Smit, Quim Gutiérrez, Rossy De Palma, Carmen Machi, Gloria Muñoz","Elsa es una directora de publicidad cuya madre muere durante un largo puente del mes de diciembre. Encuentra refugio en el trabajo, aunque es más bien una huida hacia adelante. Trabaja sin parar y, sin darse cuenta, no se concede el tiempo necesario para guardar el duelo por la ausencia materna. Hasta que una crisis de pánico la obliga a detenerse e imponerse un descanso. Su pareja, Bonifacio, es su tabla de salvación en esos momentos de crisis. Elsa decide viajar a la isla de Lanzarote acompañada por su amiga Patricia, que también necesita alejarse de Madrid, mientras que Bonifacio se queda en la ciudad.
La historia de estos tres personajes, y algunos más, se narran paralelamente a la del guionista y director de cine Raúl Durán, entremezclando ficción y realidad. Porque ‘Amarga Navidad’ desarrolla cómo la vida y la ficción están unidas de un modo indisoluble, incluso doloroso en ocasiones."
AMARGA NAVIDAD,Pedro Almodóvar,111,05,22:30,2026-04-05,Renoir Princesa,https://www.pillalas.com/pase/1063034/,https://www.cinesrenoir.com/pelicula/amarga-navidad/,https://media.pillalas.com/imagenes/726afb526abffa83b60c45c3634993c0e9bd987d873c6c32a8009c3b4ee414d3a40e41c1.jpg,Castellano,No recomendada para menores de 12 años,Viernes 20 Marzo 2026,"Bárbara Lennie, Leonardo Sbaraglia, Aitana Sánchez-Gijón, Victoria Luengo, Patrick Criado, Milena Smit, Quim Gutiérrez, Rossy De Palma, Carmen Machi, Gloria Muñoz","Elsa es una directora de publicidad cuya madre muere durante un largo puente del mes de diciembre. Encuentra refugio en el trabajo, aunque es más bien una huida hacia adelante. Trabaja sin parar y, sin darse cuenta, no se concede el tiempo necesario para guardar el duelo por la ausencia materna. Hasta que una crisis de pánico la obliga a detenerse e imponerse un descanso. Su pareja, Bonifacio, es su tabla de salvación en esos momentos de crisis. Elsa decide viajar a la isla de Lanzarote acompañada por su amiga Patricia, que también necesita alejarse de Madrid, mientras que Bonifacio se queda en la ciudad.
La historia de estos tres personajes, y algunos más, se narran paralelamente a la del guionista y director de cine Raúl Durán, entremezclando ficción y realidad. Porque ‘Amarga Navidad’ desarrolla cómo la vida y la ficción están unidas de un modo indisoluble, incluso doloroso en ocasiones."
DOS FISCALES,Sergei Loznitsa,118,03,18:00,2026-04-05,Renoir Princesa,https://www.pillalas.com/pase/1063025/,https://www.cinesrenoir.com/pelicula/dos-fiscales/,https://media.pillalas.com/imagenes/726afb526abffa830c3c423779c946ba39f1040130fd9fcd8d9eaeea39e4fd89a12b03d5.jpg,Ruso Y Ucraniano,No recomendada para menores de 12 años,Viernes 27 Marzo 2026,"Alexander Kuznetsov, Anatoliy Beliy, Aleksandr Filippenko, Vytautas Kaniusonis, Andris Keiss, Valentin Novopolskij, Orest Pasko, Lukas Petrauskas, Sergey Podymin, Ivgeny Terletsky","Unión Soviética, 1937. Miles de cartas de detenidos acusados falsamente por el régimen son quemadas en una celda de la prisión. Contra todo pronóstico, una de ellas llega a su destino, el escritorio del recién nombrado fiscal local, Alexander Kornyev. Kornyev hace todo lo posible por reunirse con el prisionero, víctima de los agentes de la policía secreta, la NKVD. El joven fiscal, un bolchevique íntegro y dedicado, sospecha que se trata de un juego sucio. Su búsqueda de justicia lo llevará hasta la oficina del Fiscal General en Moscú. En la época de las grandes purgas estalinistas, un hombre se sumerge en los pasillos de un régimen que no quiere ser llamado totalitario."
DOS FISCALES,Sergei Loznitsa,118,03,22:25,2026-04-05,Renoir Princesa,https://www.pillalas.com/pase/1063032/,https://www.cinesrenoir.com/pelicula/dos-fiscales/,https://media.pillalas.com/imagenes/726afb526abffa830c3c423779c946ba39f1040130fd9fcd8d9eaeea39e4fd89a12b03d5.jpg,Ruso Y Ucraniano,No recomendada para menores de 12 años,Viernes 27 Marzo 2026,"Alexander Kuznetsov, Anatoliy Beliy, Aleksandr Filippenko, Vytautas Kaniusonis, Andris Keiss, Valentin Novopolskij, Orest Pasko, Lukas Petrauskas, Sergey Podymin, Ivgeny Terletsky","Unión Soviética, 1937. Miles de cartas de detenidos acusados falsamente por el régimen son quemadas en una celda de la prisión. Contra todo pronóstico, una de ellas llega a su destino, el escritorio del recién nombrado fiscal local, Alexander Kornyev. Kornyev hace todo lo posible por reunirse con el prisionero, víctima de los agentes de la policía secreta, la NKVD. El joven fiscal, un bolchevique íntegro y dedicado, sospecha que se trata de un juego sucio. Su búsqueda de justicia lo llevará hasta la oficina del Fiscal General en Moscú. En la época de las grandes purgas estalinistas, un hombre se sumerge en los pasillos de un régimen que no quiere ser llamado totalitario."
EL AGENTE SECRETO,Kleber Mendonça Filho,160,01,18:00,2026-04-05,Renoir Princesa,https://www.pillalas.com/pase/1062923/,https://www.cinesrenoir.com/pelicula/el-agente-secreto/,https://media.pillalas.com/imagenes/726afb526abffa83bdba0b90e98cf11293bcd8b9c8be1af817aa6c045cd8f479730f7511.jpg,Portugués,No recomendada para menores de 16 años,Viernes 20 Febrero 2026,"Wagner Moura, Gabriel Leone, Udo Kier, Maria Fernanda Cândido","1977. En un Brasil atormentado por la dictadura militar, Marcelo, un cuarentón que huye de un pasado turbulento, llega a la ciudad de Recife, donde espera construir una nueva vida y reencontrarse con su hijo. Todo se complica cuando descubre que las fuerzas gubernamentales le persiguen y las amenazas de muerte se ciernen sobre su cabeza."
EL AGENTE SECRETO,Kleber Mendonça Filho,160,01,21:30,2026-04-05,Renoir Princesa,https://www.pillalas.com/pase/1062926/,https://www.cinesrenoir.com/pelicula/el-agente-secreto/,https://media.pillalas.com/imagenes/726afb526abffa83bdba0b90e98cf11293bcd8b9c8be1af817aa6c045cd8f479730f7511.jpg,Portugués,No recomendada para menores de 16 años,Viernes 20 Febrero 2026,"Wagner Moura, Gabriel Leone, Udo Kier, Maria Fernanda Cândido","1977. En un Brasil atormentado por la dictadura militar, Marcelo, un cuarentón que huye de un pasado turbulento, llega a la ciudad de Recife, donde espera construir una nueva vida y reencontrarse con su hijo. Todo se complica cuando descubre que las fuerzas gubernamentales le persiguen y las amenazas de muerte se ciernen sobre su cabeza."
HAMNET,Chloé Zhao,125,02,16:00,2026-04-05,Renoir Princesa,https://www.pillalas.com/pase/1062922/,https://www.cinesrenoir.com/pelicula/hamnet/,https://www.cinesrenoir.com/media/Peliculas/Cartel/HAMNET_Cartel_Digital_8Nominaciones_Oscar_YaEnCines_v2_2.jpg,Inglés,No recomendada para menores de 12 años,Viernes 23 Enero 2026,"Jessie Buckley, Paul Mescal, Joe Alwyn, Emily Watson","Año 1596, Stratford-upon-Avon, Inglaterra. La vida de Agnes transcurre plácidamente junto a su marido y sus tres hijos. Ella cultiva plantas medicinales mientras William trabaja en Londres. El destino, sin embargo, les reservará un duro golpe cuando su hijo Hamnet, de once años, muera repentinamente tras contraer la peste. A raíz de esta tragedia, su padre creará uno de los grandes personajes de la literatura universal, de nombre casi idéntico al de su hijo.


Pero esta película no habla de famosos sucesos sino de algo íntimo y olvidado: La vida de esta familia, y especialmente la de la mujer que la sostenía y que tuvo que cargar con una insoportable pérdida."
HAMNET,Chloé Zhao,125,07,17:50,2026-04-05,Renoir Princesa,https://www.pillalas.com/pase/1063143/,https://www.cinesrenoir.com/pelicula/hamnet/,https://www.cinesrenoir.com/media/Peliculas/Cartel/HAMNET_Cartel_Digital_8Nominaciones_Oscar_YaEnCines_v2_2.jpg,Inglés,No recomendada para menores de 12 años,Viernes 23 Enero 2026,"Jessie Buckley, Paul Mescal, Joe Alwyn, Emily Watson","Año 1596, Stratford-upon-Avon, Inglaterra. La vida de Agnes transcurre plácidamente junto a su marido y sus tres hijos. Ella cultiva plantas medicinales mientras William trabaja en Londres. El destino, sin embargo, les reservará un duro golpe cuando su hijo Hamnet, de once años, muera repentinamente tras contraer la peste. A raíz de esta tragedia, su padre creará uno de los grandes personajes de la literatura universal, de nombre casi idéntico al de su hijo.


Pero esta película no habla de famosos sucesos sino de algo íntimo y olvidado: La vida de esta familia, y especialmente la de la mujer que la sostenía y que tuvo que cargar con una insoportable pérdida."
HAMNET,Chloé Zhao,125,07,20:10,2026-04-05,Renoir Princesa,https://www.pillalas.com/pase/1063146/,https://www.cinesrenoir.com/pelicula/hamnet/,https://www.cinesrenoir.com/media/Peliculas/Cartel/HAMNET_Cartel_Digital_8Nominaciones_Oscar_YaEnCines_v2_2.jpg,Inglés,No recomendada para menores de 12 años,Viernes 23 Enero 2026,"Jessie Buckley, Paul Mescal, Joe Alwyn, Emily Watson","Año 1596, Stratford-upon-Avon, Inglaterra. La vida de Agnes transcurre plácidamente junto a su marido y sus tres hijos. Ella cultiva plantas medicinales mientras William trabaja en Londres. El destino, sin embargo, les reservará un duro golpe cuando su hijo Hamnet, de once años, muera repentinamente tras contraer la peste. A raíz de esta tragedia, su padre creará uno de los grandes personajes de la literatura universal, de nombre casi idéntico al de su hijo.


Pero esta película no habla de famosos sucesos sino de algo íntimo y olvidado: La vida de esta familia, y especialmente la de la mujer que la sostenía y que tuvo que cargar con una insoportable pérdida."
HAMNET,Chloé Zhao,125,02,22:15,2026-04-05,Renoir Princesa,https://www.pillalas.com/pase/1062927/,https://www.cinesrenoir.com/pelicula/hamnet/,https://www.cinesrenoir.com/media/Peliculas/Cartel/HAMNET_Cartel_Digital_8Nominaciones_Oscar_YaEnCines_v2_2.jpg,Inglés,No recomendada para menores de 12 años,Viernes 23 Enero 2026,"Jessie Buckley, Paul Mescal, Joe Alwyn, Emily Watson","Año 1596, Stratford-upon-Avon, Inglaterra. La vida de Agnes transcurre plácidamente junto a su marido y sus tres hijos. Ella cultiva plantas medicinales mientras William trabaja en Londres. El destino, sin embargo, les reservará un duro golpe cuando su hijo Hamnet, de once años, muera repentinamente tras contraer la peste. A raíz de esta tragedia, su padre creará uno de los grandes personajes de la literatura universal, de nombre casi idéntico al de su hijo.


Pero esta película no habla de famosos sucesos sino de algo íntimo y olvidado: La vida de esta familia, y especialmente la de la mujer que la sostenía y que tuvo que cargar con una insoportable pérdida."
LA GRAZIA,Paolo Sorrentino,132,06,16:00,2026-04-05,Renoir Princesa,https://www.pillalas.com/pase/1063023/,https://www.cinesrenoir.com/pelicula/la-grazia/,https://media.pillalas.com/imagenes/726afb526abffa83c3be0b516c5fe20d16fbf7645320946527da276b1bc1ba4b27744cb3.jpg,Italiano,No recomendada para menores de 12 años,Miércoles 1 Abril 2026,"Toni Servillo, Anna Ferzetti, Orlando Cinque, Massimo Venturiello, Milvia Marigliano","El mandato de Mariano De Santis como presidente de Italia llega a su fin y se ve obligado a tomar desgarradoras decisiones políticas y personales. Entre dilemas morales, debe enfrentarse a su propia conciencia y buscar consejo en sus seres más cercanos, entre ellos Dorotea, su confidente e hija."
LA GRAZIA,Paolo Sorrentino,132,04,17:45,2026-04-05,Renoir Princesa,https://www.pillalas.com/pase/1063024/,https://www.cinesrenoir.com/pelicula/la-grazia/,https://media.pillalas.com/imagenes/726afb526abffa83c3be0b516c5fe20d16fbf7645320946527da276b1bc1ba4b27744cb3.jpg,Italiano,No recomendada para menores de 12 años,Miércoles 1 Abril 2026,"Toni Servillo, Anna Ferzetti, Orlando Cinque, Massimo Venturiello, Milvia Marigliano","El mandato de Mariano De Santis como presidente de Italia llega a su fin y se ve obligado a tomar desgarradoras decisiones políticas y personales. Entre dilemas morales, debe enfrentarse a su propia conciencia y buscar consejo en sus seres más cercanos, entre ellos Dorotea, su confidente e hija."
LA GRAZIA,Paolo Sorrentino,132,04,20:15,2026-04-05,Renoir Princesa,https://www.pillalas.com/pase/1063028/,https://www.cinesrenoir.com/pelicula/la-grazia/,https://media.pillalas.com/imagenes/726afb526abffa83c3be0b516c5fe20d16fbf7645320946527da276b1bc1ba4b27744cb3.jpg,Italiano,No recomendada para menores de 12 años,Miércoles 1 Abril 2026,"Toni Servillo, Anna Ferzetti, Orlando Cinque, Massimo Venturiello, Milvia Marigliano","El mandato de Mariano De Santis como presidente de Italia llega a su fin y se ve obligado a tomar desgarradoras decisiones políticas y personales. Entre dilemas morales, debe enfrentarse a su propia conciencia y buscar consejo en sus seres más cercanos, entre ellos Dorotea, su confidente e hija."
LA GRAZIA,Paolo Sorrentino,132,10,22:00,2026-04-05,Renoir Princesa,https://www.pillalas.com/pase/1063221/,https://www.cinesrenoir.com/pelicula/la-grazia/,https://media.pillalas.com/imagenes/726afb526abffa83c3be0b516c5fe20d16fbf7645320946527da276b1bc1ba4b27744cb3.jpg,Italiano,No recomendada para menores de 12 años,Miércoles 1 Abril 2026,"Toni Servillo, Anna Ferzetti, Orlando Cinque, Massimo Venturiello, Milvia Marigliano","El mandato de Mariano De Santis como presidente de Italia llega a su fin y se ve obligado a tomar desgarradoras decisiones políticas y personales. Entre dilemas morales, debe enfrentarse a su propia conciencia y buscar consejo en sus seres más cercanos, entre ellos Dorotea, su confidente e hija."
LOS DOMINGOS,Alauda Ruiz De Azúa,115,08,18:15,2026-04-05,Renoir Princesa,https://www.pillalas.com/pase/1063144/,https://www.cinesrenoir.com/pelicula/los-domingos/,https://www.cinesrenoir.com/media/Peliculas/Cartel/los_domingos_poster.jpg,Castellano,No recomendada para menores de 12 años,Viernes 24 Octubre 2025,"Patricia López Arnaiz, Blanca Soroa, Miguel Garcés, Juan Minujín, Mabel Rivera, Nagore Aramburu","'Los domingos' cuenta la historia de Ainara (Soroa), una joven idealista y brillante de 17 años que ha de decidir qué carrera universitaria estudiará. O, al menos, eso espera su familia que haga. Sin embargo, la joven manifiesta que se siente cada vez más cerca de Dios y que se plantea abrazar la vida de monja de clausura. La noticia pilla por sorpresa a toda la familia provocando un abismo y una prueba de fuego para todos."
LOS DOMINGOS,Alauda Ruiz De Azúa,115,06,22:25,2026-04-05,Renoir Princesa,https://www.pillalas.com/pase/1063033/,https://www.cinesrenoir.com/pelicula/los-domingos/,https://www.cinesrenoir.com/media/Peliculas/Cartel/los_domingos_poster.jpg,Castellano,No recomendada para menores de 12 años,Viernes 24 Octubre 2025,"Patricia López Arnaiz, Blanca Soroa, Miguel Garcés, Juan Minujín, Mabel Rivera, Nagore Aramburu","'Los domingos' cuenta la historia de Ainara (Soroa), una joven idealista y brillante de 17 años que ha de decidir qué carrera universitaria estudiará. O, al menos, eso espera su familia que haga. Sin embargo, la joven manifiesta que se siente cada vez más cerca de Dios y que se plantea abrazar la vida de monja de clausura. La noticia pilla por sorpresa a toda la familia provocando un abismo y una prueba de fuego para todos."
PILLION,Harry Lighton,106,03,16:00,2026-04-05,Renoir Princesa,https://www.pillalas.com/pase/1063021/,https://www.cinesrenoir.com/pelicula/pillion/,https://www.cinesrenoir.com/media/Peliculas/Cartel/POSTER_2_3_web_1_1_1.png,Inglés,No recomendada para menores de 16 años,Viernes 6 Marzo 2026,"Harry Melling, Alexander Skarsgård, Lesley Sharp, Douglas Hodge","Colin, un chico introvertido, se queda prendado de Ray, el carismático y atractivo líder de una banda de moteros que le toma como su sumiso, dinamitando su rutina y cambiándole la vida."
PILLION,Harry Lighton,106,03,20:20,2026-04-05,Renoir Princesa,https://www.pillalas.com/pase/1063029/,https://www.cinesrenoir.com/pelicula/pillion/,https://www.cinesrenoir.com/media/Peliculas/Cartel/POSTER_2_3_web_1_1_1.png,Inglés,No recomendada para menores de 16 años,Viernes 6 Marzo 2026,"Harry Melling, Alexander Skarsgård, Lesley Sharp, Douglas Hodge","Colin, un chico introvertido, se queda prendado de Ray, el carismático y atractivo líder de una banda de moteros que le toma como su sumiso, dinamitando su rutina y cambiándole la vida."
PROYECTO SALVACIÓN,"Phil Lord, Christopher Miller Phil Lord, Christopher Miller",156,11,16:00,2026-04-05,Renoir Princesa,https://www.pillalas.com/pase/1063216/,https://www.cinesrenoir.com/pelicula/proyecto-salvacion/,https://media.pillalas.com/imagenes/726afb526abffa83e6c1feb7321af23b8801ab24f13c97e12e3fed44336b2dfb4a257af2.jpg,Inglés,No recomendada para menores de 7 años,Viernes 27 Marzo 2026,"Ryan Gosling, Milana Vayntrub, Sandra Hüller, Ken Leung, Liz Kingsman, James Ortiz, Lionel Boyce, James Wright, Priya Kansara, Alice Brittain, Orion Lee, Aaron Neil, Isla Mcrae, Robert James Smith, Bastian Antonio Fuentes, Richie Cheung, Annelle Olaleye","El profesor de ciencias Ryland Grace (Ryan Gosling) se despierta en una nave espacial a años luz de casa sin recordar quién es ni cómo ha llegado hasta allí. A medida que recupera la memoria, empieza a descubrir su misión: resolver el enigma de la misteriosa sustancia que provoca la extinción del sol. Deberá recurrir a sus conocimientos científicos y a sus ideas poco ortodoxas para salvar todo lo que hay en la Tierra de la extinción... pero una amistad inesperada significa que quizá no tenga que hacerlo solo."
PROYECTO SALVACIÓN,"Phil Lord, Christopher Miller Phil Lord, Christopher Miller",156,09,17:00,2026-04-05,Renoir Princesa,https://www.pillalas.com/pase/1063142/,https://www.cinesrenoir.com/pelicula/proyecto-salvacion/,https://media.pillalas.com/imagenes/726afb526abffa83e6c1feb7321af23b8801ab24f13c97e12e3fed44336b2dfb4a257af2.jpg,Inglés,No recomendada para menores de 7 años,Viernes 27 Marzo 2026,"Ryan Gosling, Milana Vayntrub, Sandra Hüller, Ken Leung, Liz Kingsman, James Ortiz, Lionel Boyce, James Wright, Priya Kansara, Alice Brittain, Orion Lee, Aaron Neil, Isla Mcrae, Robert James Smith, Bastian Antonio Fuentes, Richie Cheung, Annelle Olaleye","El profesor de ciencias Ryland Grace (Ryan Gosling) se despierta en una nave espacial a años luz de casa sin recordar quién es ni cómo ha llegado hasta allí. A medida que recupera la memoria, empieza a descubrir su misión: resolver el enigma de la misteriosa sustancia que provoca la extinción del sol. Deberá recurrir a sus conocimientos científicos y a sus ideas poco ortodoxas para salvar todo lo que hay en la Tierra de la extinción... pero una amistad inesperada significa que quizá no tenga que hacerlo solo."
PROYECTO SALVACIÓN,"Phil Lord, Christopher Miller Phil Lord, Christopher Miller",156,11,18:50,2026-04-05,Renoir Princesa,https://www.pillalas.com/pase/1063218/,https://www.cinesrenoir.com/pelicula/proyecto-salvacion/,https://media.pillalas.com/imagenes/726afb526abffa83e6c1feb7321af23b8801ab24f13c97e12e3fed44336b2dfb4a257af2.jpg,Inglés,No recomendada para menores de 7 años,Viernes 27 Marzo 2026,"Ryan Gosling, Milana Vayntrub, Sandra Hüller, Ken Leung, Liz Kingsman, James Ortiz, Lionel Boyce, James Wright, Priya Kansara, Alice Brittain, Orion Lee, Aaron Neil, Isla Mcrae, Robert James Smith, Bastian Antonio Fuentes, Richie Cheung, Annelle Olaleye","El profesor de ciencias Ryland Grace (Ryan Gosling) se despierta en una nave espacial a años luz de casa sin recordar quién es ni cómo ha llegado hasta allí. A medida que recupera la memoria, empieza a descubrir su misión: resolver el enigma de la misteriosa sustancia que provoca la extinción del sol. Deberá recurrir a sus conocimientos científicos y a sus ideas poco ortodoxas para salvar todo lo que hay en la Tierra de la extinción... pero una amistad inesperada significa que quizá no tenga que hacerlo solo."
PROYECTO SALVACIÓN,"Phil Lord, Christopher Miller Phil Lord, Christopher Miller",156,09,20:00,2026-04-05,Renoir Princesa,https://www.pillalas.com/pase/1063145/,https://www.cinesrenoir.com/pelicula/proyecto-salvacion/,https://media.pillalas.com/imagenes/726afb526abffa83e6c1feb7321af23b8801ab24f13c97e12e3fed44336b2dfb4a257af2.jpg,Inglés,No recomendada para menores de 7 años,Viernes 27 Marzo 2026,"Ryan Gosling, Milana Vayntrub, Sandra Hüller, Ken Leung, Liz Kingsman, James Ortiz, Lionel Boyce, James Wright, Priya Kansara, Alice Brittain, Orion Lee, Aaron Neil, Isla Mcrae, Robert James Smith, Bastian Antonio Fuentes, Richie Cheung, Annelle Olaleye","El profesor de ciencias Ryland Grace (Ryan Gosling) se despierta en una nave espacial a años luz de casa sin recordar quién es ni cómo ha llegado hasta allí. A medida que recupera la memoria, empieza a descubrir su misión: resolver el enigma de la misteriosa sustancia que provoca la extinción del sol. Deberá recurrir a sus conocimientos científicos y a sus ideas poco ortodoxas para salvar todo lo que hay en la Tierra de la extinción... pero una amistad inesperada significa que quizá no tenga que hacerlo solo."
PROYECTO SALVACIÓN,"Phil Lord, Christopher Miller Phil Lord, Christopher Miller",156,11,21:40,2026-04-05,Renoir Princesa,https://www.pillalas.com/pase/1063220/,https://www.cinesrenoir.com/pelicula/proyecto-salvacion/,https://media.pillalas.com/imagenes/726afb526abffa83e6c1feb7321af23b8801ab24f13c97e12e3fed44336b2dfb4a257af2.jpg,Inglés,No recomendada para menores de 7 años,Viernes 27 Marzo 2026,"Ryan Gosling, Milana Vayntrub, Sandra Hüller, Ken Leung, Liz Kingsman, James Ortiz, Lionel Boyce, James Wright, Priya Kansara, Alice Brittain, Orion Lee, Aaron Neil, Isla Mcrae, Robert James Smith, Bastian Antonio Fuentes, Richie Cheung, Annelle Olaleye","El profesor de ciencias Ryland Grace (Ryan Gosling) se despierta en una nave espacial a años luz de casa sin recordar quién es ni cómo ha llegado hasta allí. A medida que recupera la memoria, empieza a descubrir su misión: resolver el enigma de la misteriosa sustancia que provoca la extinción del sol. Deberá recurrir a sus conocimientos científicos y a sus ideas poco ortodoxas para salvar todo lo que hay en la Tierra de la extinción... pero una amistad inesperada significa que quizá no tenga que hacerlo solo."
SUPER MARIO GALAXY LA PELÍCULA,"Aaron Horvath, Michael Jelenic",98,04,15:50,2026-04-05,Renoir Princesa,https://www.pillalas.com/pase/1063020/,https://www.cinesrenoir.com/pelicula/super-mario-galaxy-la-pelicula/,https://media.pillalas.com/imagenes/726afb526abffa83e3d00dd4194aace4c471be49f67b75bbca3feb3a09d7a0a206d53691.jpg,Inglés,No recomendada para menores de 7 años  y distintivo especialmente recomendada para la infancia,Miércoles 1 Abril 2026,Animación,"La película tiene lugar después de los acontecimientos de la primera, en la que dos hermanos, Mario y Luigi, y la princesa Peach emprenden una aventura hasta los confines del espacio y a través de la galaxia. Secuela de ""Super Mario Bros: La película"", basada en la saga ""Mario Galaxy""."
SUPER MARIO GALAXY LA PELÍCULA,"Aaron Horvath, Michael Jelenic",98,10,18:00,2026-04-05,Renoir Princesa,https://www.pillalas.com/pase/1063217/,https://www.cinesrenoir.com/pelicula/super-mario-galaxy-la-pelicula/,https://media.pillalas.com/imagenes/726afb526abffa83e3d00dd4194aace4c471be49f67b75bbca3feb3a09d7a0a206d53691.jpg,Inglés,No recomendada para menores de 7 años  y distintivo especialmente recomendada para la infancia,Miércoles 1 Abril 2026,Animación,"La película tiene lugar después de los acontecimientos de la primera, en la que dos hermanos, Mario y Luigi, y la princesa Peach emprenden una aventura hasta los confines del espacio y a través de la galaxia. Secuela de ""Super Mario Bros: La película"", basada en la saga ""Mario Galaxy""."
SUPER MARIO GALAXY LA PELÍCULA,"Aaron Horvath, Michael Jelenic",98,10,20:00,2026-04-05,Renoir Princesa,https://www.pillalas.com/pase/1063219/,https://www.cinesrenoir.com/pelicula/super-mario-galaxy-la-pelicula/,https://media.pillalas.com/imagenes/726afb526abffa83e3d00dd4194aace4c471be49f67b75bbca3feb3a09d7a0a206d53691.jpg,Inglés,No recomendada para menores de 7 años  y distintivo especialmente recomendada para la infancia,Miércoles 1 Abril 2026,Animación,"La película tiene lugar después de los acontecimientos de la primera, en la que dos hermanos, Mario y Luigi, y la princesa Peach emprenden una aventura hasta los confines del espacio y a través de la galaxia. Secuela de ""Super Mario Bros: La película"", basada en la saga ""Mario Galaxy""."
SUPER MARIO GALAXY LA PELÍCULA,"Aaron Horvath, Michael Jelenic",98,04,22:45,2026-04-05,Renoir Princesa,https://www.pillalas.com/pase/1063035/,https://www.cinesrenoir.com/pelicula/super-mario-galaxy-la-pelicula/,https://media.pillalas.com/imagenes/726afb526abffa83e3d00dd4194aace4c471be49f67b75bbca3feb3a09d7a0a206d53691.jpg,Inglés,No recomendada para menores de 7 años  y distintivo especialmente recomendada para la infancia,Miércoles 1 Abril 2026,Animación,"La película tiene lugar después de los acontecimientos de la primera, en la que dos hermanos, Mario y Luigi, y la princesa Peach emprenden una aventura hasta los confines del espacio y a través de la galaxia. Secuela de ""Super Mario Bros: La película"", basada en la saga ""Mario Galaxy""."
TORRENTE PRESIDENTE,Santiago Segura,103,07,15:50,2026-04-05,Renoir Princesa,https://www.pillalas.com/pase/1063140/,https://www.cinesrenoir.com/pelicula/torrente-presidente/,https://www.cinesrenoir.com/media/Peliculas/Cartel/torrente_presidente1.jpg,Castellano,No recomendada para menores de 16 años,Viernes 13 Marzo 2026,"Santiago Segura, Leo Harlem, Ramón Langa",Sexta entrega de Torrente.
TORRENTE PRESIDENTE,Santiago Segura,103,02,18:20,2026-04-05,Renoir Princesa,https://www.pillalas.com/pase/1062924/,https://www.cinesrenoir.com/pelicula/torrente-presidente/,https://www.cinesrenoir.com/media/Peliculas/Cartel/torrente_presidente1.jpg,Castellano,No recomendada para menores de 16 años,Viernes 13 Marzo 2026,"Santiago Segura, Leo Harlem, Ramón Langa",Sexta entrega de Torrente.
TORRENTE PRESIDENTE,Santiago Segura,103,02,20:15,2026-04-05,Renoir Princesa,https://www.pillalas.com/pase/1062925/,https://www.cinesrenoir.com/pelicula/torrente-presidente/,https://www.cinesrenoir.com/media/Peliculas/Cartel/torrente_presidente1.jpg,Castellano,No recomendada para menores de 16 años,Viernes 13 Marzo 2026,"Santiago Segura, Leo Harlem, Ramón Langa",Sexta entrega de Torrente.
TORRENTE PRESIDENTE,Santiago Segura,103,07,22:30,2026-04-05,Renoir Princesa,https://www.pillalas.com/pase/1063148/,https://www.cinesrenoir.com/pelicula/torrente-presidente/,https://www.cinesrenoir.com/media/Peliculas/Cartel/torrente_presidente1.jpg,Castellano,No recomendada para menores de 16 años,Viernes 13 Marzo 2026,"Santiago Segura, Leo Harlem, Ramón Langa",Sexta entrega de Torrente.
TRES ADIOSES,Isabel Coixet,122,08,16:00,2026-04-05,Renoir Princesa,https://www.pillalas.com/pase/1063141/,https://www.cinesrenoir.com/pelicula/tres-adioses/,https://media.pillalas.com/imagenes/726afb526abffa832ea2a44a189894de905fc7e94534a8bf4ef6bf13e5ccdfe90922c22e.jpg,Italiano,No recomendada para menores de 12 años,Viernes 6 Febrero 2026,"Alba Rohrwacher, Elio Germano, Francesco Carril, Silvia D Amico, Galatea Bellugi, Sarita Choudhury","Tras lo que parecía una discusión sin importancia, Marta (Alba Rohrwacher) y Antonio (Elio Germano) se separan. Él, un chef prometedor, se refugia en sus fogones; ella, en su silencio, empieza a notar algo más que tristeza: ha perdido el apetito… y no solo por desamor. Cuando descubre que detrás hay un problema de salud, todo da un giro inesperado: la comida sabe mejor, la música le llega como nunca y el deseo despierta sus ganas de vivir sin miedo.
Una historia sobre el amor, la vida y esos momentos que lo cambian todo para siempre."
TRES ADIOSES,Isabel Coixet,122,08,20:25,2026-04-05,Renoir Princesa,https://www.pillalas.com/pase/1063147/,https://www.cinesrenoir.com/pelicula/tres-adioses/,https://media.pillalas.com/imagenes/726afb526abffa832ea2a44a189894de905fc7e94534a8bf4ef6bf13e5ccdfe90922c22e.jpg,Italiano,No recomendada para menores de 12 años,Viernes 6 Febrero 2026,"Alba Rohrwacher, Elio Germano, Francesco Carril, Silvia D Amico, Galatea Bellugi, Sarita Choudhury","Tras lo que parecía una discusión sin importancia, Marta (Alba Rohrwacher) y Antonio (Elio Germano) se separan. Él, un chef prometedor, se refugia en sus fogones; ella, en su silencio, empieza a notar algo más que tristeza: ha perdido el apetito… y no solo por desamor. Cuando descubre que detrás hay un problema de salud, todo da un giro inesperado: la comida sabe mejor, la música le llega como nunca y el deseo despierta sus ganas de vivir sin miedo.
Una historia sobre el amor, la vida y esos momentos que lo cambian todo para siempre."
UNA HIJA EN TOKIO,Guillaume Senez,99,01,16:00,2026-04-05,Renoir Princesa,https://www.pillalas.com/pase/1062921/,https://www.cinesrenoir.com/pelicula/una-hija-en-tokio/,https://media.pillalas.com/imagenes/726afb526abffa8327fbd986c984eb728e0f1c714c7a6aa328ebfc96eb29c6586b207f0e.jpg,Francés,No recomendada para menores de 7 años,Viernes 20 Marzo 2026,"Romain Duris, Judith Chemla, Mei Cirne-Masuki","Cada día, Jérôme (Romain Duris) recorre Tokio con su taxi mientras intenta encontrar a su hija, Lily. Nueve años después de separarse y sin haber logrado su custodia, empieza a pensar que es hora de rendirse y volver a Francia. Pero cuando está a punto de hacerlo, Lily sube a su taxi."
ALTAS CAPACIDADES,Víctor García León,101,10,16:00,2026-04-06,Renoir Princesa,https://www.pillalas.com/pase/1063222/,https://www.cinesrenoir.com/pelicula/altas-capacidades/,https://media.pillalas.com/imagenes/726afb526abffa83d22d791f6bb1a5c2569f3d5a548c994a3c4d94a4c257992f931f1da5.jpg,Castellano,No recomendada para menores de 16 años,Viernes 27 Marzo 2026,"Marian Álvarez, Israel Elejalde, Juan Diego Botto, Pilar Castro, Natalia Reyes, Fran Cantos, Bea Segura, Elena Sanz, Celine Tyll, Suso Nanclares","Alicia y Gonzalo, una pareja de clase media, se encuentran con la oportunidad de matricular a su hijo Fer en un colegio laico de élite. Para los padres supone asomar la cabeza en la clase alta, nuevas amistades, mayores ingresos, ventajas incontables. Dicen hacerlo por su hijo.   
En esta maravillosa contradicción entre los miedos y los principios morales, las aspiraciones de la pareja se llevarán por delante lo que, hasta entonces, creían incuestionable."
ALTAS CAPACIDADES,Víctor García León,101,06,18:30,2026-04-06,Renoir Princesa,https://www.pillalas.com/pase/1063043/,https://www.cinesrenoir.com/pelicula/altas-capacidades/,https://media.pillalas.com/imagenes/726afb526abffa83d22d791f6bb1a5c2569f3d5a548c994a3c4d94a4c257992f931f1da5.jpg,Castellano,No recomendada para menores de 16 años,Viernes 27 Marzo 2026,"Marian Álvarez, Israel Elejalde, Juan Diego Botto, Pilar Castro, Natalia Reyes, Fran Cantos, Bea Segura, Elena Sanz, Celine Tyll, Suso Nanclares","Alicia y Gonzalo, una pareja de clase media, se encuentran con la oportunidad de matricular a su hijo Fer en un colegio laico de élite. Para los padres supone asomar la cabeza en la clase alta, nuevas amistades, mayores ingresos, ventajas incontables. Dicen hacerlo por su hijo.   
En esta maravillosa contradicción entre los miedos y los principios morales, las aspiraciones de la pareja se llevarán por delante lo que, hasta entonces, creían incuestionable."
ALTAS CAPACIDADES,Víctor García León,101,06,20:25,2026-04-06,Renoir Princesa,https://www.pillalas.com/pase/1063047/,https://www.cinesrenoir.com/pelicula/altas-capacidades/,https://media.pillalas.com/imagenes/726afb526abffa83d22d791f6bb1a5c2569f3d5a548c994a3c4d94a4c257992f931f1da5.jpg,Castellano,No recomendada para menores de 16 años,Viernes 27 Marzo 2026,"Marian Álvarez, Israel Elejalde, Juan Diego Botto, Pilar Castro, Natalia Reyes, Fran Cantos, Bea Segura, Elena Sanz, Celine Tyll, Suso Nanclares","Alicia y Gonzalo, una pareja de clase media, se encuentran con la oportunidad de matricular a su hijo Fer en un colegio laico de élite. Para los padres supone asomar la cabeza en la clase alta, nuevas amistades, mayores ingresos, ventajas incontables. Dicen hacerlo por su hijo.   
En esta maravillosa contradicción entre los miedos y los principios morales, las aspiraciones de la pareja se llevarán por delante lo que, hasta entonces, creían incuestionable."
ALTAS CAPACIDADES,Víctor García León,101,08,22:45,2026-04-06,Renoir Princesa,https://www.pillalas.com/pase/1063159/,https://www.cinesrenoir.com/pelicula/altas-capacidades/,https://media.pillalas.com/imagenes/726afb526abffa83d22d791f6bb1a5c2569f3d5a548c994a3c4d94a4c257992f931f1da5.jpg,Castellano,No recomendada para menores de 16 años,Viernes 27 Marzo 2026,"Marian Álvarez, Israel Elejalde, Juan Diego Botto, Pilar Castro, Natalia Reyes, Fran Cantos, Bea Segura, Elena Sanz, Celine Tyll, Suso Nanclares","Alicia y Gonzalo, una pareja de clase media, se encuentran con la oportunidad de matricular a su hijo Fer en un colegio laico de élite. Para los padres supone asomar la cabeza en la clase alta, nuevas amistades, mayores ingresos, ventajas incontables. Dicen hacerlo por su hijo.   
En esta maravillosa contradicción entre los miedos y los principios morales, las aspiraciones de la pareja se llevarán por delante lo que, hasta entonces, creían incuestionable."
AMARGA NAVIDAD,Pedro Almodóvar,111,05,16:00,2026-04-06,Renoir Princesa,https://www.pillalas.com/pase/1063039/,https://www.cinesrenoir.com/pelicula/amarga-navidad/,https://media.pillalas.com/imagenes/726afb526abffa83b60c45c3634993c0e9bd987d873c6c32a8009c3b4ee414d3a40e41c1.jpg,Castellano,No recomendada para menores de 12 años,Viernes 20 Marzo 2026,"Bárbara Lennie, Leonardo Sbaraglia, Aitana Sánchez-Gijón, Victoria Luengo, Patrick Criado, Milena Smit, Quim Gutiérrez, Rossy De Palma, Carmen Machi, Gloria Muñoz","Elsa es una directora de publicidad cuya madre muere durante un largo puente del mes de diciembre. Encuentra refugio en el trabajo, aunque es más bien una huida hacia adelante. Trabaja sin parar y, sin darse cuenta, no se concede el tiempo necesario para guardar el duelo por la ausencia materna. Hasta que una crisis de pánico la obliga a detenerse e imponerse un descanso. Su pareja, Bonifacio, es su tabla de salvación en esos momentos de crisis. Elsa decide viajar a la isla de Lanzarote acompañada por su amiga Patricia, que también necesita alejarse de Madrid, mientras que Bonifacio se queda en la ciudad.
La historia de estos tres personajes, y algunos más, se narran paralelamente a la del guionista y director de cine Raúl Durán, entremezclando ficción y realidad. Porque ‘Amarga Navidad’ desarrolla cómo la vida y la ficción están unidas de un modo indisoluble, incluso doloroso en ocasiones."
AMARGA NAVIDAD,Pedro Almodóvar,111,05,18:10,2026-04-06,Renoir Princesa,https://www.pillalas.com/pase/1063042/,https://www.cinesrenoir.com/pelicula/amarga-navidad/,https://media.pillalas.com/imagenes/726afb526abffa83b60c45c3634993c0e9bd987d873c6c32a8009c3b4ee414d3a40e41c1.jpg,Castellano,No recomendada para menores de 12 años,Viernes 20 Marzo 2026,"Bárbara Lennie, Leonardo Sbaraglia, Aitana Sánchez-Gijón, Victoria Luengo, Patrick Criado, Milena Smit, Quim Gutiérrez, Rossy De Palma, Carmen Machi, Gloria Muñoz","Elsa es una directora de publicidad cuya madre muere durante un largo puente del mes de diciembre. Encuentra refugio en el trabajo, aunque es más bien una huida hacia adelante. Trabaja sin parar y, sin darse cuenta, no se concede el tiempo necesario para guardar el duelo por la ausencia materna. Hasta que una crisis de pánico la obliga a detenerse e imponerse un descanso. Su pareja, Bonifacio, es su tabla de salvación en esos momentos de crisis. Elsa decide viajar a la isla de Lanzarote acompañada por su amiga Patricia, que también necesita alejarse de Madrid, mientras que Bonifacio se queda en la ciudad.
La historia de estos tres personajes, y algunos más, se narran paralelamente a la del guionista y director de cine Raúl Durán, entremezclando ficción y realidad. Porque ‘Amarga Navidad’ desarrolla cómo la vida y la ficción están unidas de un modo indisoluble, incluso doloroso en ocasiones."
AMARGA NAVIDAD,Pedro Almodóvar,111,05,20:20,2026-04-06,Renoir Princesa,https://www.pillalas.com/pase/1063046/,https://www.cinesrenoir.com/pelicula/amarga-navidad/,https://media.pillalas.com/imagenes/726afb526abffa83b60c45c3634993c0e9bd987d873c6c32a8009c3b4ee414d3a40e41c1.jpg,Castellano,No recomendada para menores de 12 años,Viernes 20 Marzo 2026,"Bárbara Lennie, Leonardo Sbaraglia, Aitana Sánchez-Gijón, Victoria Luengo, Patrick Criado, Milena Smit, Quim Gutiérrez, Rossy De Palma, Carmen Machi, Gloria Muñoz","Elsa es una directora de publicidad cuya madre muere durante un largo puente del mes de diciembre. Encuentra refugio en el trabajo, aunque es más bien una huida hacia adelante. Trabaja sin parar y, sin darse cuenta, no se concede el tiempo necesario para guardar el duelo por la ausencia materna. Hasta que una crisis de pánico la obliga a detenerse e imponerse un descanso. Su pareja, Bonifacio, es su tabla de salvación en esos momentos de crisis. Elsa decide viajar a la isla de Lanzarote acompañada por su amiga Patricia, que también necesita alejarse de Madrid, mientras que Bonifacio se queda en la ciudad.
La historia de estos tres personajes, y algunos más, se narran paralelamente a la del guionista y director de cine Raúl Durán, entremezclando ficción y realidad. Porque ‘Amarga Navidad’ desarrolla cómo la vida y la ficción están unidas de un modo indisoluble, incluso doloroso en ocasiones."
AMARGA NAVIDAD,Pedro Almodóvar,111,05,22:30,2026-04-06,Renoir Princesa,https://www.pillalas.com/pase/1063050/,https://www.cinesrenoir.com/pelicula/amarga-navidad/,https://media.pillalas.com/imagenes/726afb526abffa83b60c45c3634993c0e9bd987d873c6c32a8009c3b4ee414d3a40e41c1.jpg,Castellano,No recomendada para menores de 12 años,Viernes 20 Marzo 2026,"Bárbara Lennie, Leonardo Sbaraglia, Aitana Sánchez-Gijón, Victoria Luengo, Patrick Criado, Milena Smit, Quim Gutiérrez, Rossy De Palma, Carmen Machi, Gloria Muñoz","Elsa es una directora de publicidad cuya madre muere durante un largo puente del mes de diciembre. Encuentra refugio en el trabajo, aunque es más bien una huida hacia adelante. Trabaja sin parar y, sin darse cuenta, no se concede el tiempo necesario para guardar el duelo por la ausencia materna. Hasta que una crisis de pánico la obliga a detenerse e imponerse un descanso. Su pareja, Bonifacio, es su tabla de salvación en esos momentos de crisis. Elsa decide viajar a la isla de Lanzarote acompañada por su amiga Patricia, que también necesita alejarse de Madrid, mientras que Bonifacio se queda en la ciudad.
La historia de estos tres personajes, y algunos más, se narran paralelamente a la del guionista y director de cine Raúl Durán, entremezclando ficción y realidad. Porque ‘Amarga Navidad’ desarrolla cómo la vida y la ficción están unidas de un modo indisoluble, incluso doloroso en ocasiones."
DOS FISCALES,Sergei Loznitsa,118,03,18:00,2026-04-06,Renoir Princesa,https://www.pillalas.com/pase/1063041/,https://www.cinesrenoir.com/pelicula/dos-fiscales/,https://media.pillalas.com/imagenes/726afb526abffa830c3c423779c946ba39f1040130fd9fcd8d9eaeea39e4fd89a12b03d5.jpg,Ruso Y Ucraniano,No recomendada para menores de 12 años,Viernes 27 Marzo 2026,"Alexander Kuznetsov, Anatoliy Beliy, Aleksandr Filippenko, Vytautas Kaniusonis, Andris Keiss, Valentin Novopolskij, Orest Pasko, Lukas Petrauskas, Sergey Podymin, Ivgeny Terletsky","Unión Soviética, 1937. Miles de cartas de detenidos acusados falsamente por el régimen son quemadas en una celda de la prisión. Contra todo pronóstico, una de ellas llega a su destino, el escritorio del recién nombrado fiscal local, Alexander Kornyev. Kornyev hace todo lo posible por reunirse con el prisionero, víctima de los agentes de la policía secreta, la NKVD. El joven fiscal, un bolchevique íntegro y dedicado, sospecha que se trata de un juego sucio. Su búsqueda de justicia lo llevará hasta la oficina del Fiscal General en Moscú. En la época de las grandes purgas estalinistas, un hombre se sumerge en los pasillos de un régimen que no quiere ser llamado totalitario."
DOS FISCALES,Sergei Loznitsa,118,03,22:25,2026-04-06,Renoir Princesa,https://www.pillalas.com/pase/1063048/,https://www.cinesrenoir.com/pelicula/dos-fiscales/,https://media.pillalas.com/imagenes/726afb526abffa830c3c423779c946ba39f1040130fd9fcd8d9eaeea39e4fd89a12b03d5.jpg,Ruso Y Ucraniano,No recomendada para menores de 12 años,Viernes 27 Marzo 2026,"Alexander Kuznetsov, Anatoliy Beliy, Aleksandr Filippenko, Vytautas Kaniusonis, Andris Keiss, Valentin Novopolskij, Orest Pasko, Lukas Petrauskas, Sergey Podymin, Ivgeny Terletsky","Unión Soviética, 1937. Miles de cartas de detenidos acusados falsamente por el régimen son quemadas en una celda de la prisión. Contra todo pronóstico, una de ellas llega a su destino, el escritorio del recién nombrado fiscal local, Alexander Kornyev. Kornyev hace todo lo posible por reunirse con el prisionero, víctima de los agentes de la policía secreta, la NKVD. El joven fiscal, un bolchevique íntegro y dedicado, sospecha que se trata de un juego sucio. Su búsqueda de justicia lo llevará hasta la oficina del Fiscal General en Moscú. En la época de las grandes purgas estalinistas, un hombre se sumerge en los pasillos de un régimen que no quiere ser llamado totalitario."
EL AGENTE SECRETO,Kleber Mendonça Filho,160,01,18:00,2026-04-06,Renoir Princesa,https://www.pillalas.com/pase/1062930/,https://www.cinesrenoir.com/pelicula/el-agente-secreto/,https://media.pillalas.com/imagenes/726afb526abffa83bdba0b90e98cf11293bcd8b9c8be1af817aa6c045cd8f479730f7511.jpg,Portugués,No recomendada para menores de 16 años,Viernes 20 Febrero 2026,"Wagner Moura, Gabriel Leone, Udo Kier, Maria Fernanda Cândido","1977. En un Brasil atormentado por la dictadura militar, Marcelo, un cuarentón que huye de un pasado turbulento, llega a la ciudad de Recife, donde espera construir una nueva vida y reencontrarse con su hijo. Todo se complica cuando descubre que las fuerzas gubernamentales le persiguen y las amenazas de muerte se ciernen sobre su cabeza."
EL AGENTE SECRETO,Kleber Mendonça Filho,160,01,21:30,2026-04-06,Renoir Princesa,https://www.pillalas.com/pase/1062933/,https://www.cinesrenoir.com/pelicula/el-agente-secreto/,https://media.pillalas.com/imagenes/726afb526abffa83bdba0b90e98cf11293bcd8b9c8be1af817aa6c045cd8f479730f7511.jpg,Portugués,No recomendada para menores de 16 años,Viernes 20 Febrero 2026,"Wagner Moura, Gabriel Leone, Udo Kier, Maria Fernanda Cândido","1977. En un Brasil atormentado por la dictadura militar, Marcelo, un cuarentón que huye de un pasado turbulento, llega a la ciudad de Recife, donde espera construir una nueva vida y reencontrarse con su hijo. Todo se complica cuando descubre que las fuerzas gubernamentales le persiguen y las amenazas de muerte se ciernen sobre su cabeza."
HAMNET,Chloé Zhao,125,02,16:00,2026-04-06,Renoir Princesa,https://www.pillalas.com/pase/1062929/,https://www.cinesrenoir.com/pelicula/hamnet/,https://www.cinesrenoir.com/media/Peliculas/Cartel/HAMNET_Cartel_Digital_8Nominaciones_Oscar_YaEnCines_v2_2.jpg,Inglés,No recomendada para menores de 12 años,Viernes 23 Enero 2026,"Jessie Buckley, Paul Mescal, Joe Alwyn, Emily Watson","Año 1596, Stratford-upon-Avon, Inglaterra. La vida de Agnes transcurre plácidamente junto a su marido y sus tres hijos. Ella cultiva plantas medicinales mientras William trabaja en Londres. El destino, sin embargo, les reservará un duro golpe cuando su hijo Hamnet, de once años, muera repentinamente tras contraer la peste. A raíz de esta tragedia, su padre creará uno de los grandes personajes de la literatura universal, de nombre casi idéntico al de su hijo.


Pero esta película no habla de famosos sucesos sino de algo íntimo y olvidado: La vida de esta familia, y especialmente la de la mujer que la sostenía y que tuvo que cargar con una insoportable pérdida."
HAMNET,Chloé Zhao,125,07,17:50,2026-04-06,Renoir Princesa,https://www.pillalas.com/pase/1063153/,https://www.cinesrenoir.com/pelicula/hamnet/,https://www.cinesrenoir.com/media/Peliculas/Cartel/HAMNET_Cartel_Digital_8Nominaciones_Oscar_YaEnCines_v2_2.jpg,Inglés,No recomendada para menores de 12 años,Viernes 23 Enero 2026,"Jessie Buckley, Paul Mescal, Joe Alwyn, Emily Watson","Año 1596, Stratford-upon-Avon, Inglaterra. La vida de Agnes transcurre plácidamente junto a su marido y sus tres hijos. Ella cultiva plantas medicinales mientras William trabaja en Londres. El destino, sin embargo, les reservará un duro golpe cuando su hijo Hamnet, de once años, muera repentinamente tras contraer la peste. A raíz de esta tragedia, su padre creará uno de los grandes personajes de la literatura universal, de nombre casi idéntico al de su hijo.


Pero esta película no habla de famosos sucesos sino de algo íntimo y olvidado: La vida de esta familia, y especialmente la de la mujer que la sostenía y que tuvo que cargar con una insoportable pérdida."
HAMNET,Chloé Zhao,125,07,20:10,2026-04-06,Renoir Princesa,https://www.pillalas.com/pase/1063156/,https://www.cinesrenoir.com/pelicula/hamnet/,https://www.cinesrenoir.com/media/Peliculas/Cartel/HAMNET_Cartel_Digital_8Nominaciones_Oscar_YaEnCines_v2_2.jpg,Inglés,No recomendada para menores de 12 años,Viernes 23 Enero 2026,"Jessie Buckley, Paul Mescal, Joe Alwyn, Emily Watson","Año 1596, Stratford-upon-Avon, Inglaterra. La vida de Agnes transcurre plácidamente junto a su marido y sus tres hijos. Ella cultiva plantas medicinales mientras William trabaja en Londres. El destino, sin embargo, les reservará un duro golpe cuando su hijo Hamnet, de once años, muera repentinamente tras contraer la peste. A raíz de esta tragedia, su padre creará uno de los grandes personajes de la literatura universal, de nombre casi idéntico al de su hijo.


Pero esta película no habla de famosos sucesos sino de algo íntimo y olvidado: La vida de esta familia, y especialmente la de la mujer que la sostenía y que tuvo que cargar con una insoportable pérdida."
HAMNET,Chloé Zhao,125,02,22:15,2026-04-06,Renoir Princesa,https://www.pillalas.com/pase/1062934/,https://www.cinesrenoir.com/pelicula/hamnet/,https://www.cinesrenoir.com/media/Peliculas/Cartel/HAMNET_Cartel_Digital_8Nominaciones_Oscar_YaEnCines_v2_2.jpg,Inglés,No recomendada para menores de 12 años,Viernes 23 Enero 2026,"Jessie Buckley, Paul Mescal, Joe Alwyn, Emily Watson","Año 1596, Stratford-upon-Avon, Inglaterra. La vida de Agnes transcurre plácidamente junto a su marido y sus tres hijos. Ella cultiva plantas medicinales mientras William trabaja en Londres. El destino, sin embargo, les reservará un duro golpe cuando su hijo Hamnet, de once años, muera repentinamente tras contraer la peste. A raíz de esta tragedia, su padre creará uno de los grandes personajes de la literatura universal, de nombre casi idéntico al de su hijo.


Pero esta película no habla de famosos sucesos sino de algo íntimo y olvidado: La vida de esta familia, y especialmente la de la mujer que la sostenía y que tuvo que cargar con una insoportable pérdida."
LA GRAZIA,Paolo Sorrentino,132,06,16:00,2026-04-06,Renoir Princesa,https://www.pillalas.com/pase/1063037/,https://www.cinesrenoir.com/pelicula/la-grazia/,https://media.pillalas.com/imagenes/726afb526abffa83c3be0b516c5fe20d16fbf7645320946527da276b1bc1ba4b27744cb3.jpg,Italiano,No recomendada para menores de 12 años,Miércoles 1 Abril 2026,"Toni Servillo, Anna Ferzetti, Orlando Cinque, Massimo Venturiello, Milvia Marigliano","El mandato de Mariano De Santis como presidente de Italia llega a su fin y se ve obligado a tomar desgarradoras decisiones políticas y personales. Entre dilemas morales, debe enfrentarse a su propia conciencia y buscar consejo en sus seres más cercanos, entre ellos Dorotea, su confidente e hija."
LA GRAZIA,Paolo Sorrentino,132,04,17:45,2026-04-06,Renoir Princesa,https://www.pillalas.com/pase/1063040/,https://www.cinesrenoir.com/pelicula/la-grazia/,https://media.pillalas.com/imagenes/726afb526abffa83c3be0b516c5fe20d16fbf7645320946527da276b1bc1ba4b27744cb3.jpg,Italiano,No recomendada para menores de 12 años,Miércoles 1 Abril 2026,"Toni Servillo, Anna Ferzetti, Orlando Cinque, Massimo Venturiello, Milvia Marigliano","El mandato de Mariano De Santis como presidente de Italia llega a su fin y se ve obligado a tomar desgarradoras decisiones políticas y personales. Entre dilemas morales, debe enfrentarse a su propia conciencia y buscar consejo en sus seres más cercanos, entre ellos Dorotea, su confidente e hija."
LA GRAZIA,Paolo Sorrentino,132,04,20:15,2026-04-06,Renoir Princesa,https://www.pillalas.com/pase/1063044/,https://www.cinesrenoir.com/pelicula/la-grazia/,https://media.pillalas.com/imagenes/726afb526abffa83c3be0b516c5fe20d16fbf7645320946527da276b1bc1ba4b27744cb3.jpg,Italiano,No recomendada para menores de 12 años,Miércoles 1 Abril 2026,"Toni Servillo, Anna Ferzetti, Orlando Cinque, Massimo Venturiello, Milvia Marigliano","El mandato de Mariano De Santis como presidente de Italia llega a su fin y se ve obligado a tomar desgarradoras decisiones políticas y personales. Entre dilemas morales, debe enfrentarse a su propia conciencia y buscar consejo en sus seres más cercanos, entre ellos Dorotea, su confidente e hija."
LA GRAZIA,Paolo Sorrentino,132,10,22:00,2026-04-06,Renoir Princesa,https://www.pillalas.com/pase/1063228/,https://www.cinesrenoir.com/pelicula/la-grazia/,https://media.pillalas.com/imagenes/726afb526abffa83c3be0b516c5fe20d16fbf7645320946527da276b1bc1ba4b27744cb3.jpg,Italiano,No recomendada para menores de 12 años,Miércoles 1 Abril 2026,"Toni Servillo, Anna Ferzetti, Orlando Cinque, Massimo Venturiello, Milvia Marigliano","El mandato de Mariano De Santis como presidente de Italia llega a su fin y se ve obligado a tomar desgarradoras decisiones políticas y personales. Entre dilemas morales, debe enfrentarse a su propia conciencia y buscar consejo en sus seres más cercanos, entre ellos Dorotea, su confidente e hija."
LOS DOMINGOS,Alauda Ruiz De Azúa,115,08,18:15,2026-04-06,Renoir Princesa,https://www.pillalas.com/pase/1063154/,https://www.cinesrenoir.com/pelicula/los-domingos/,https://www.cinesrenoir.com/media/Peliculas/Cartel/los_domingos_poster.jpg,Castellano,No recomendada para menores de 12 años,Viernes 24 Octubre 2025,"Patricia López Arnaiz, Blanca Soroa, Miguel Garcés, Juan Minujín, Mabel Rivera, Nagore Aramburu","'Los domingos' cuenta la historia de Ainara (Soroa), una joven idealista y brillante de 17 años que ha de decidir qué carrera universitaria estudiará. O, al menos, eso espera su familia que haga. Sin embargo, la joven manifiesta que se siente cada vez más cerca de Dios y que se plantea abrazar la vida de monja de clausura. La noticia pilla por sorpresa a toda la familia provocando un abismo y una prueba de fuego para todos."
LOS DOMINGOS,Alauda Ruiz De Azúa,115,06,22:25,2026-04-06,Renoir Princesa,https://www.pillalas.com/pase/1063049/,https://www.cinesrenoir.com/pelicula/los-domingos/,https://www.cinesrenoir.com/media/Peliculas/Cartel/los_domingos_poster.jpg,Castellano,No recomendada para menores de 12 años,Viernes 24 Octubre 2025,"Patricia López Arnaiz, Blanca Soroa, Miguel Garcés, Juan Minujín, Mabel Rivera, Nagore Aramburu","'Los domingos' cuenta la historia de Ainara (Soroa), una joven idealista y brillante de 17 años que ha de decidir qué carrera universitaria estudiará. O, al menos, eso espera su familia que haga. Sin embargo, la joven manifiesta que se siente cada vez más cerca de Dios y que se plantea abrazar la vida de monja de clausura. La noticia pilla por sorpresa a toda la familia provocando un abismo y una prueba de fuego para todos."
PILLION,Harry Lighton,106,03,16:00,2026-04-06,Renoir Princesa,https://www.pillalas.com/pase/1063038/,https://www.cinesrenoir.com/pelicula/pillion/,https://www.cinesrenoir.com/media/Peliculas/Cartel/POSTER_2_3_web_1_1_1.png,Inglés,No recomendada para menores de 16 años,Viernes 6 Marzo 2026,"Harry Melling, Alexander Skarsgård, Lesley Sharp, Douglas Hodge","Colin, un chico introvertido, se queda prendado de Ray, el carismático y atractivo líder de una banda de moteros que le toma como su sumiso, dinamitando su rutina y cambiándole la vida."
PILLION,Harry Lighton,106,03,20:20,2026-04-06,Renoir Princesa,https://www.pillalas.com/pase/1063045/,https://www.cinesrenoir.com/pelicula/pillion/,https://www.cinesrenoir.com/media/Peliculas/Cartel/POSTER_2_3_web_1_1_1.png,Inglés,No recomendada para menores de 16 años,Viernes 6 Marzo 2026,"Harry Melling, Alexander Skarsgård, Lesley Sharp, Douglas Hodge","Colin, un chico introvertido, se queda prendado de Ray, el carismático y atractivo líder de una banda de moteros que le toma como su sumiso, dinamitando su rutina y cambiándole la vida."
PROYECTO SALVACIÓN,"Phil Lord, Christopher Miller Phil Lord, Christopher Miller",156,11,16:00,2026-04-06,Renoir Princesa,https://www.pillalas.com/pase/1063223/,https://www.cinesrenoir.com/pelicula/proyecto-salvacion/,https://media.pillalas.com/imagenes/726afb526abffa83e6c1feb7321af23b8801ab24f13c97e12e3fed44336b2dfb4a257af2.jpg,Inglés,No recomendada para menores de 7 años,Viernes 27 Marzo 2026,"Ryan Gosling, Milana Vayntrub, Sandra Hüller, Ken Leung, Liz Kingsman, James Ortiz, Lionel Boyce, James Wright, Priya Kansara, Alice Brittain, Orion Lee, Aaron Neil, Isla Mcrae, Robert James Smith, Bastian Antonio Fuentes, Richie Cheung, Annelle Olaleye","El profesor de ciencias Ryland Grace (Ryan Gosling) se despierta en una nave espacial a años luz de casa sin recordar quién es ni cómo ha llegado hasta allí. A medida que recupera la memoria, empieza a descubrir su misión: resolver el enigma de la misteriosa sustancia que provoca la extinción del sol. Deberá recurrir a sus conocimientos científicos y a sus ideas poco ortodoxas para salvar todo lo que hay en la Tierra de la extinción... pero una amistad inesperada significa que quizá no tenga que hacerlo solo."
PROYECTO SALVACIÓN,"Phil Lord, Christopher Miller Phil Lord, Christopher Miller",156,09,17:00,2026-04-06,Renoir Princesa,https://www.pillalas.com/pase/1063152/,https://www.cinesrenoir.com/pelicula/proyecto-salvacion/,https://media.pillalas.com/imagenes/726afb526abffa83e6c1feb7321af23b8801ab24f13c97e12e3fed44336b2dfb4a257af2.jpg,Inglés,No recomendada para menores de 7 años,Viernes 27 Marzo 2026,"Ryan Gosling, Milana Vayntrub, Sandra Hüller, Ken Leung, Liz Kingsman, James Ortiz, Lionel Boyce, James Wright, Priya Kansara, Alice Brittain, Orion Lee, Aaron Neil, Isla Mcrae, Robert James Smith, Bastian Antonio Fuentes, Richie Cheung, Annelle Olaleye","El profesor de ciencias Ryland Grace (Ryan Gosling) se despierta en una nave espacial a años luz de casa sin recordar quién es ni cómo ha llegado hasta allí. A medida que recupera la memoria, empieza a descubrir su misión: resolver el enigma de la misteriosa sustancia que provoca la extinción del sol. Deberá recurrir a sus conocimientos científicos y a sus ideas poco ortodoxas para salvar todo lo que hay en la Tierra de la extinción... pero una amistad inesperada significa que quizá no tenga que hacerlo solo."
PROYECTO SALVACIÓN,"Phil Lord, Christopher Miller Phil Lord, Christopher Miller",156,11,18:50,2026-04-06,Renoir Princesa,https://www.pillalas.com/pase/1063225/,https://www.cinesrenoir.com/pelicula/proyecto-salvacion/,https://media.pillalas.com/imagenes/726afb526abffa83e6c1feb7321af23b8801ab24f13c97e12e3fed44336b2dfb4a257af2.jpg,Inglés,No recomendada para menores de 7 años,Viernes 27 Marzo 2026,"Ryan Gosling, Milana Vayntrub, Sandra Hüller, Ken Leung, Liz Kingsman, James Ortiz, Lionel Boyce, James Wright, Priya Kansara, Alice Brittain, Orion Lee, Aaron Neil, Isla Mcrae, Robert James Smith, Bastian Antonio Fuentes, Richie Cheung, Annelle Olaleye","El profesor de ciencias Ryland Grace (Ryan Gosling) se despierta en una nave espacial a años luz de casa sin recordar quién es ni cómo ha llegado hasta allí. A medida que recupera la memoria, empieza a descubrir su misión: resolver el enigma de la misteriosa sustancia que provoca la extinción del sol. Deberá recurrir a sus conocimientos científicos y a sus ideas poco ortodoxas para salvar todo lo que hay en la Tierra de la extinción... pero una amistad inesperada significa que quizá no tenga que hacerlo solo."
PROYECTO SALVACIÓN,"Phil Lord, Christopher Miller Phil Lord, Christopher Miller",156,09,20:00,2026-04-06,Renoir Princesa,https://www.pillalas.com/pase/1063155/,https://www.cinesrenoir.com/pelicula/proyecto-salvacion/,https://media.pillalas.com/imagenes/726afb526abffa83e6c1feb7321af23b8801ab24f13c97e12e3fed44336b2dfb4a257af2.jpg,Inglés,No recomendada para menores de 7 años,Viernes 27 Marzo 2026,"Ryan Gosling, Milana Vayntrub, Sandra Hüller, Ken Leung, Liz Kingsman, James Ortiz, Lionel Boyce, James Wright, Priya Kansara, Alice Brittain, Orion Lee, Aaron Neil, Isla Mcrae, Robert James Smith, Bastian Antonio Fuentes, Richie Cheung, Annelle Olaleye","El profesor de ciencias Ryland Grace (Ryan Gosling) se despierta en una nave espacial a años luz de casa sin recordar quién es ni cómo ha llegado hasta allí. A medida que recupera la memoria, empieza a descubrir su misión: resolver el enigma de la misteriosa sustancia que provoca la extinción del sol. Deberá recurrir a sus conocimientos científicos y a sus ideas poco ortodoxas para salvar todo lo que hay en la Tierra de la extinción... pero una amistad inesperada significa que quizá no tenga que hacerlo solo."
PROYECTO SALVACIÓN,"Phil Lord, Christopher Miller Phil Lord, Christopher Miller",156,11,21:40,2026-04-06,Renoir Princesa,https://www.pillalas.com/pase/1063227/,https://www.cinesrenoir.com/pelicula/proyecto-salvacion/,https://media.pillalas.com/imagenes/726afb526abffa83e6c1feb7321af23b8801ab24f13c97e12e3fed44336b2dfb4a257af2.jpg,Inglés,No recomendada para menores de 7 años,Viernes 27 Marzo 2026,"Ryan Gosling, Milana Vayntrub, Sandra Hüller, Ken Leung, Liz Kingsman, James Ortiz, Lionel Boyce, James Wright, Priya Kansara, Alice Brittain, Orion Lee, Aaron Neil, Isla Mcrae, Robert James Smith, Bastian Antonio Fuentes, Richie Cheung, Annelle Olaleye","El profesor de ciencias Ryland Grace (Ryan Gosling) se despierta en una nave espacial a años luz de casa sin recordar quién es ni cómo ha llegado hasta allí. A medida que recupera la memoria, empieza a descubrir su misión: resolver el enigma de la misteriosa sustancia que provoca la extinción del sol. Deberá recurrir a sus conocimientos científicos y a sus ideas poco ortodoxas para salvar todo lo que hay en la Tierra de la extinción... pero una amistad inesperada significa que quizá no tenga que hacerlo solo."
SUPER MARIO GALAXY LA PELÍCULA,"Aaron Horvath, Michael Jelenic",98,04,15:50,2026-04-06,Renoir Princesa,https://www.pillalas.com/pase/1063036/,https://www.cinesrenoir.com/pelicula/super-mario-galaxy-la-pelicula/,https://media.pillalas.com/imagenes/726afb526abffa83e3d00dd4194aace4c471be49f67b75bbca3feb3a09d7a0a206d53691.jpg,Inglés,No recomendada para menores de 7 años  y distintivo especialmente recomendada para la infancia,Miércoles 1 Abril 2026,Animación,"La película tiene lugar después de los acontecimientos de la primera, en la que dos hermanos, Mario y Luigi, y la princesa Peach emprenden una aventura hasta los confines del espacio y a través de la galaxia. Secuela de ""Super Mario Bros: La película"", basada en la saga ""Mario Galaxy""."
SUPER MARIO GALAXY LA PELÍCULA,"Aaron Horvath, Michael Jelenic",98,10,18:00,2026-04-06,Renoir Princesa,https://www.pillalas.com/pase/1063224/,https://www.cinesrenoir.com/pelicula/super-mario-galaxy-la-pelicula/,https://media.pillalas.com/imagenes/726afb526abffa83e3d00dd4194aace4c471be49f67b75bbca3feb3a09d7a0a206d53691.jpg,Inglés,No recomendada para menores de 7 años  y distintivo especialmente recomendada para la infancia,Miércoles 1 Abril 2026,Animación,"La película tiene lugar después de los acontecimientos de la primera, en la que dos hermanos, Mario y Luigi, y la princesa Peach emprenden una aventura hasta los confines del espacio y a través de la galaxia. Secuela de ""Super Mario Bros: La película"", basada en la saga ""Mario Galaxy""."
SUPER MARIO GALAXY LA PELÍCULA,"Aaron Horvath, Michael Jelenic",98,10,20:00,2026-04-06,Renoir Princesa,https://www.pillalas.com/pase/1063226/,https://www.cinesrenoir.com/pelicula/super-mario-galaxy-la-pelicula/,https://media.pillalas.com/imagenes/726afb526abffa83e3d00dd4194aace4c471be49f67b75bbca3feb3a09d7a0a206d53691.jpg,Inglés,No recomendada para menores de 7 años  y distintivo especialmente recomendada para la infancia,Miércoles 1 Abril 2026,Animación,"La película tiene lugar después de los acontecimientos de la primera, en la que dos hermanos, Mario y Luigi, y la princesa Peach emprenden una aventura hasta los confines del espacio y a través de la galaxia. Secuela de ""Super Mario Bros: La película"", basada en la saga ""Mario Galaxy""."
SUPER MARIO GALAXY LA PELÍCULA,"Aaron Horvath, Michael Jelenic",98,04,22:45,2026-04-06,Renoir Princesa,https://www.pillalas.com/pase/1063051/,https://www.cinesrenoir.com/pelicula/super-mario-galaxy-la-pelicula/,https://media.pillalas.com/imagenes/726afb526abffa83e3d00dd4194aace4c471be49f67b75bbca3feb3a09d7a0a206d53691.jpg,Inglés,No recomendada para menores de 7 años  y distintivo especialmente recomendada para la infancia,Miércoles 1 Abril 2026,Animación,"La película tiene lugar después de los acontecimientos de la primera, en la que dos hermanos, Mario y Luigi, y la princesa Peach emprenden una aventura hasta los confines del espacio y a través de la galaxia. Secuela de ""Super Mario Bros: La película"", basada en la saga ""Mario Galaxy""."
TORRENTE PRESIDENTE,Santiago Segura,103,07,15:50,2026-04-06,Renoir Princesa,https://www.pillalas.com/pase/1063150/,https://www.cinesrenoir.com/pelicula/torrente-presidente/,https://www.cinesrenoir.com/media/Peliculas/Cartel/torrente_presidente1.jpg,Castellano,No recomendada para menores de 16 años,Viernes 13 Marzo 2026,"Santiago Segura, Leo Harlem, Ramón Langa",Sexta entrega de Torrente.
TORRENTE PRESIDENTE,Santiago Segura,103,02,18:20,2026-04-06,Renoir Princesa,https://www.pillalas.com/pase/1062931/,https://www.cinesrenoir.com/pelicula/torrente-presidente/,https://www.cinesrenoir.com/media/Peliculas/Cartel/torrente_presidente1.jpg,Castellano,No recomendada para menores de 16 años,Viernes 13 Marzo 2026,"Santiago Segura, Leo Harlem, Ramón Langa",Sexta entrega de Torrente.
TORRENTE PRESIDENTE,Santiago Segura,103,02,20:15,2026-04-06,Renoir Princesa,https://www.pillalas.com/pase/1062932/,https://www.cinesrenoir.com/pelicula/torrente-presidente/,https://www.cinesrenoir.com/media/Peliculas/Cartel/torrente_presidente1.jpg,Castellano,No recomendada para menores de 16 años,Viernes 13 Marzo 2026,"Santiago Segura, Leo Harlem, Ramón Langa",Sexta entrega de Torrente.
TORRENTE PRESIDENTE,Santiago Segura,103,07,22:30,2026-04-06,Renoir Princesa,https://www.pillalas.com/pase/1063158/,https://www.cinesrenoir.com/pelicula/torrente-presidente/,https://www.cinesrenoir.com/media/Peliculas/Cartel/torrente_presidente1.jpg,Castellano,No recomendada para menores de 16 años,Viernes 13 Marzo 2026,"Santiago Segura, Leo Harlem, Ramón Langa",Sexta entrega de Torrente.
TRES ADIOSES,Isabel Coixet,122,08,16:00,2026-04-06,Renoir Princesa,https://www.pillalas.com/pase/1063151/,https://www.cinesrenoir.com/pelicula/tres-adioses/,https://media.pillalas.com/imagenes/726afb526abffa832ea2a44a189894de905fc7e94534a8bf4ef6bf13e5ccdfe90922c22e.jpg,Italiano,No recomendada para menores de 12 años,Viernes 6 Febrero 2026,"Alba Rohrwacher, Elio Germano, Francesco Carril, Silvia D Amico, Galatea Bellugi, Sarita Choudhury","Tras lo que parecía una discusión sin importancia, Marta (Alba Rohrwacher) y Antonio (Elio Germano) se separan. Él, un chef prometedor, se refugia en sus fogones; ella, en su silencio, empieza a notar algo más que tristeza: ha perdido el apetito… y no solo por desamor. Cuando descubre que detrás hay un problema de salud, todo da un giro inesperado: la comida sabe mejor, la música le llega como nunca y el deseo despierta sus ganas de vivir sin miedo.
Una historia sobre el amor, la vida y esos momentos que lo cambian todo para siempre."
TRES ADIOSES,Isabel Coixet,122,08,20:25,2026-04-06,Renoir Princesa,https://www.pillalas.com/pase/1063157/,https://www.cinesrenoir.com/pelicula/tres-adioses/,https://media.pillalas.com/imagenes/726afb526abffa832ea2a44a189894de905fc7e94534a8bf4ef6bf13e5ccdfe90922c22e.jpg,Italiano,No recomendada para menores de 12 años,Viernes 6 Febrero 2026,"Alba Rohrwacher, Elio Germano, Francesco Carril, Silvia D Amico, Galatea Bellugi, Sarita Choudhury","Tras lo que parecía una discusión sin importancia, Marta (Alba Rohrwacher) y Antonio (Elio Germano) se separan. Él, un chef prometedor, se refugia en sus fogones; ella, en su silencio, empieza a notar algo más que tristeza: ha perdido el apetito… y no solo por desamor. Cuando descubre que detrás hay un problema de salud, todo da un giro inesperado: la comida sabe mejor, la música le llega como nunca y el deseo despierta sus ganas de vivir sin miedo.
Una historia sobre el amor, la vida y esos momentos que lo cambian todo para siempre."
UNA HIJA EN TOKIO,Guillaume Senez,99,01,16:00,2026-04-06,Renoir Princesa,https://www.pillalas.com/pase/1062928/,https://www.cinesrenoir.com/pelicula/una-hija-en-tokio/,https://media.pillalas.com/imagenes/726afb526abffa8327fbd986c984eb728e0f1c714c7a6aa328ebfc96eb29c6586b207f0e.jpg,Francés,No recomendada para menores de 7 años,Viernes 20 Marzo 2026,"Romain Duris, Judith Chemla, Mei Cirne-Masuki","Cada día, Jérôme (Romain Duris) recorre Tokio con su taxi mientras intenta encontrar a su hija, Lily. Nueve años después de separarse y sin haber logrado su custodia, empieza a pensar que es hora de rendirse y volver a Francia. Pero cuando está a punto de hacerlo, Lily sube a su taxi."
ALTAS CAPACIDADES,Víctor García León,101,10,16:00,2026-04-07,Renoir Princesa,https://www.pillalas.com/pase/1063229/,https://www.cinesrenoir.com/pelicula/altas-capacidades/,https://media.pillalas.com/imagenes/726afb526abffa83d22d791f6bb1a5c2569f3d5a548c994a3c4d94a4c257992f931f1da5.jpg,Castellano,No recomendada para menores de 16 años,Viernes 27 Marzo 2026,"Marian Álvarez, Israel Elejalde, Juan Diego Botto, Pilar Castro, Natalia Reyes, Fran Cantos, Bea Segura, Elena Sanz, Celine Tyll, Suso Nanclares","Alicia y Gonzalo, una pareja de clase media, se encuentran con la oportunidad de matricular a su hijo Fer en un colegio laico de élite. Para los padres supone asomar la cabeza en la clase alta, nuevas amistades, mayores ingresos, ventajas incontables. Dicen hacerlo por su hijo.   
En esta maravillosa contradicción entre los miedos y los principios morales, las aspiraciones de la pareja se llevarán por delante lo que, hasta entonces, creían incuestionable."
ALTAS CAPACIDADES,Víctor García León,101,06,18:30,2026-04-07,Renoir Princesa,https://www.pillalas.com/pase/1063059/,https://www.cinesrenoir.com/pelicula/altas-capacidades/,https://media.pillalas.com/imagenes/726afb526abffa83d22d791f6bb1a5c2569f3d5a548c994a3c4d94a4c257992f931f1da5.jpg,Castellano,No recomendada para menores de 16 años,Viernes 27 Marzo 2026,"Marian Álvarez, Israel Elejalde, Juan Diego Botto, Pilar Castro, Natalia Reyes, Fran Cantos, Bea Segura, Elena Sanz, Celine Tyll, Suso Nanclares","Alicia y Gonzalo, una pareja de clase media, se encuentran con la oportunidad de matricular a su hijo Fer en un colegio laico de élite. Para los padres supone asomar la cabeza en la clase alta, nuevas amistades, mayores ingresos, ventajas incontables. Dicen hacerlo por su hijo.   
En esta maravillosa contradicción entre los miedos y los principios morales, las aspiraciones de la pareja se llevarán por delante lo que, hasta entonces, creían incuestionable."
ALTAS CAPACIDADES,Víctor García León,101,06,20:25,2026-04-07,Renoir Princesa,https://www.pillalas.com/pase/1063063/,https://www.cinesrenoir.com/pelicula/altas-capacidades/,https://media.pillalas.com/imagenes/726afb526abffa83d22d791f6bb1a5c2569f3d5a548c994a3c4d94a4c257992f931f1da5.jpg,Castellano,No recomendada para menores de 16 años,Viernes 27 Marzo 2026,"Marian Álvarez, Israel Elejalde, Juan Diego Botto, Pilar Castro, Natalia Reyes, Fran Cantos, Bea Segura, Elena Sanz, Celine Tyll, Suso Nanclares","Alicia y Gonzalo, una pareja de clase media, se encuentran con la oportunidad de matricular a su hijo Fer en un colegio laico de élite. Para los padres supone asomar la cabeza en la clase alta, nuevas amistades, mayores ingresos, ventajas incontables. Dicen hacerlo por su hijo.   
En esta maravillosa contradicción entre los miedos y los principios morales, las aspiraciones de la pareja se llevarán por delante lo que, hasta entonces, creían incuestionable."
ALTAS CAPACIDADES,Víctor García León,101,08,22:45,2026-04-07,Renoir Princesa,https://www.pillalas.com/pase/1063168/,https://www.cinesrenoir.com/pelicula/altas-capacidades/,https://media.pillalas.com/imagenes/726afb526abffa83d22d791f6bb1a5c2569f3d5a548c994a3c4d94a4c257992f931f1da5.jpg,Castellano,No recomendada para menores de 16 años,Viernes 27 Marzo 2026,"Marian Álvarez, Israel Elejalde, Juan Diego Botto, Pilar Castro, Natalia Reyes, Fran Cantos, Bea Segura, Elena Sanz, Celine Tyll, Suso Nanclares","Alicia y Gonzalo, una pareja de clase media, se encuentran con la oportunidad de matricular a su hijo Fer en un colegio laico de élite. Para los padres supone asomar la cabeza en la clase alta, nuevas amistades, mayores ingresos, ventajas incontables. Dicen hacerlo por su hijo.   
En esta maravillosa contradicción entre los miedos y los principios morales, las aspiraciones de la pareja se llevarán por delante lo que, hasta entonces, creían incuestionable."
AMARGA NAVIDAD,Pedro Almodóvar,111,05,16:00,2026-04-07,Renoir Princesa,https://www.pillalas.com/pase/1063054/,https://www.cinesrenoir.com/pelicula/amarga-navidad/,https://media.pillalas.com/imagenes/726afb526abffa83b60c45c3634993c0e9bd987d873c6c32a8009c3b4ee414d3a40e41c1.jpg,Castellano,No recomendada para menores de 12 años,Viernes 20 Marzo 2026,"Bárbara Lennie, Leonardo Sbaraglia, Aitana Sánchez-Gijón, Victoria Luengo, Patrick Criado, Milena Smit, Quim Gutiérrez, Rossy De Palma, Carmen Machi, Gloria Muñoz","Elsa es una directora de publicidad cuya madre muere durante un largo puente del mes de diciembre. Encuentra refugio en el trabajo, aunque es más bien una huida hacia adelante. Trabaja sin parar y, sin darse cuenta, no se concede el tiempo necesario para guardar el duelo por la ausencia materna. Hasta que una crisis de pánico la obliga a detenerse e imponerse un descanso. Su pareja, Bonifacio, es su tabla de salvación en esos momentos de crisis. Elsa decide viajar a la isla de Lanzarote acompañada por su amiga Patricia, que también necesita alejarse de Madrid, mientras que Bonifacio se queda en la ciudad.
La historia de estos tres personajes, y algunos más, se narran paralelamente a la del guionista y director de cine Raúl Durán, entremezclando ficción y realidad. Porque ‘Amarga Navidad’ desarrolla cómo la vida y la ficción están unidas de un modo indisoluble, incluso doloroso en ocasiones."
AMARGA NAVIDAD,Pedro Almodóvar,111,05,18:10,2026-04-07,Renoir Princesa,https://www.pillalas.com/pase/1063058/,https://www.cinesrenoir.com/pelicula/amarga-navidad/,https://media.pillalas.com/imagenes/726afb526abffa83b60c45c3634993c0e9bd987d873c6c32a8009c3b4ee414d3a40e41c1.jpg,Castellano,No recomendada para menores de 12 años,Viernes 20 Marzo 2026,"Bárbara Lennie, Leonardo Sbaraglia, Aitana Sánchez-Gijón, Victoria Luengo, Patrick Criado, Milena Smit, Quim Gutiérrez, Rossy De Palma, Carmen Machi, Gloria Muñoz","Elsa es una directora de publicidad cuya madre muere durante un largo puente del mes de diciembre. Encuentra refugio en el trabajo, aunque es más bien una huida hacia adelante. Trabaja sin parar y, sin darse cuenta, no se concede el tiempo necesario para guardar el duelo por la ausencia materna. Hasta que una crisis de pánico la obliga a detenerse e imponerse un descanso. Su pareja, Bonifacio, es su tabla de salvación en esos momentos de crisis. Elsa decide viajar a la isla de Lanzarote acompañada por su amiga Patricia, que también necesita alejarse de Madrid, mientras que Bonifacio se queda en la ciudad.
La historia de estos tres personajes, y algunos más, se narran paralelamente a la del guionista y director de cine Raúl Durán, entremezclando ficción y realidad. Porque ‘Amarga Navidad’ desarrolla cómo la vida y la ficción están unidas de un modo indisoluble, incluso doloroso en ocasiones."
AMARGA NAVIDAD,Pedro Almodóvar,111,05,20:20,2026-04-07,Renoir Princesa,https://www.pillalas.com/pase/1063062/,https://www.cinesrenoir.com/pelicula/amarga-navidad/,https://media.pillalas.com/imagenes/726afb526abffa83b60c45c3634993c0e9bd987d873c6c32a8009c3b4ee414d3a40e41c1.jpg,Castellano,No recomendada para menores de 12 años,Viernes 20 Marzo 2026,"Bárbara Lennie, Leonardo Sbaraglia, Aitana Sánchez-Gijón, Victoria Luengo, Patrick Criado, Milena Smit, Quim Gutiérrez, Rossy De Palma, Carmen Machi, Gloria Muñoz","Elsa es una directora de publicidad cuya madre muere durante un largo puente del mes de diciembre. Encuentra refugio en el trabajo, aunque es más bien una huida hacia adelante. Trabaja sin parar y, sin darse cuenta, no se concede el tiempo necesario para guardar el duelo por la ausencia materna. Hasta que una crisis de pánico la obliga a detenerse e imponerse un descanso. Su pareja, Bonifacio, es su tabla de salvación en esos momentos de crisis. Elsa decide viajar a la isla de Lanzarote acompañada por su amiga Patricia, que también necesita alejarse de Madrid, mientras que Bonifacio se queda en la ciudad.
La historia de estos tres personajes, y algunos más, se narran paralelamente a la del guionista y director de cine Raúl Durán, entremezclando ficción y realidad. Porque ‘Amarga Navidad’ desarrolla cómo la vida y la ficción están unidas de un modo indisoluble, incluso doloroso en ocasiones."
AMARGA NAVIDAD,Pedro Almodóvar,111,05,22:30,2026-04-07,Renoir Princesa,https://www.pillalas.com/pase/1063066/,https://www.cinesrenoir.com/pelicula/amarga-navidad/,https://media.pillalas.com/imagenes/726afb526abffa83b60c45c3634993c0e9bd987d873c6c32a8009c3b4ee414d3a40e41c1.jpg,Castellano,No recomendada para menores de 12 años,Viernes 20 Marzo 2026,"Bárbara Lennie, Leonardo Sbaraglia, Aitana Sánchez-Gijón, Victoria Luengo, Patrick Criado, Milena Smit, Quim Gutiérrez, Rossy De Palma, Carmen Machi, Gloria Muñoz","Elsa es una directora de publicidad cuya madre muere durante un largo puente del mes de diciembre. Encuentra refugio en el trabajo, aunque es más bien una huida hacia adelante. Trabaja sin parar y, sin darse cuenta, no se concede el tiempo necesario para guardar el duelo por la ausencia materna. Hasta que una crisis de pánico la obliga a detenerse e imponerse un descanso. Su pareja, Bonifacio, es su tabla de salvación en esos momentos de crisis. Elsa decide viajar a la isla de Lanzarote acompañada por su amiga Patricia, que también necesita alejarse de Madrid, mientras que Bonifacio se queda en la ciudad.
La historia de estos tres personajes, y algunos más, se narran paralelamente a la del guionista y director de cine Raúl Durán, entremezclando ficción y realidad. Porque ‘Amarga Navidad’ desarrolla cómo la vida y la ficción están unidas de un modo indisoluble, incluso doloroso en ocasiones."
DOS FISCALES,Sergei Loznitsa,118,03,18:00,2026-04-07,Renoir Princesa,https://www.pillalas.com/pase/1063057/,https://www.cinesrenoir.com/pelicula/dos-fiscales/,https://media.pillalas.com/imagenes/726afb526abffa830c3c423779c946ba39f1040130fd9fcd8d9eaeea39e4fd89a12b03d5.jpg,Ruso Y Ucraniano,No recomendada para menores de 12 años,Viernes 27 Marzo 2026,"Alexander Kuznetsov, Anatoliy Beliy, Aleksandr Filippenko, Vytautas Kaniusonis, Andris Keiss, Valentin Novopolskij, Orest Pasko, Lukas Petrauskas, Sergey Podymin, Ivgeny Terletsky","Unión Soviética, 1937. Miles de cartas de detenidos acusados falsamente por el régimen son quemadas en una celda de la prisión. Contra todo pronóstico, una de ellas llega a su destino, el escritorio del recién nombrado fiscal local, Alexander Kornyev. Kornyev hace todo lo posible por reunirse con el prisionero, víctima de los agentes de la policía secreta, la NKVD. El joven fiscal, un bolchevique íntegro y dedicado, sospecha que se trata de un juego sucio. Su búsqueda de justicia lo llevará hasta la oficina del Fiscal General en Moscú. En la época de las grandes purgas estalinistas, un hombre se sumerge en los pasillos de un régimen que no quiere ser llamado totalitario."
DOS FISCALES,Sergei Loznitsa,118,03,22:25,2026-04-07,Renoir Princesa,https://www.pillalas.com/pase/1063065/,https://www.cinesrenoir.com/pelicula/dos-fiscales/,https://media.pillalas.com/imagenes/726afb526abffa830c3c423779c946ba39f1040130fd9fcd8d9eaeea39e4fd89a12b03d5.jpg,Ruso Y Ucraniano,No recomendada para menores de 12 años,Viernes 27 Marzo 2026,"Alexander Kuznetsov, Anatoliy Beliy, Aleksandr Filippenko, Vytautas Kaniusonis, Andris Keiss, Valentin Novopolskij, Orest Pasko, Lukas Petrauskas, Sergey Podymin, Ivgeny Terletsky","Unión Soviética, 1937. Miles de cartas de detenidos acusados falsamente por el régimen son quemadas en una celda de la prisión. Contra todo pronóstico, una de ellas llega a su destino, el escritorio del recién nombrado fiscal local, Alexander Kornyev. Kornyev hace todo lo posible por reunirse con el prisionero, víctima de los agentes de la policía secreta, la NKVD. El joven fiscal, un bolchevique íntegro y dedicado, sospecha que se trata de un juego sucio. Su búsqueda de justicia lo llevará hasta la oficina del Fiscal General en Moscú. En la época de las grandes purgas estalinistas, un hombre se sumerge en los pasillos de un régimen que no quiere ser llamado totalitario."
EL AGENTE SECRETO,Kleber Mendonça Filho,160,01,18:00,2026-04-07,Renoir Princesa,https://www.pillalas.com/pase/1062937/,https://www.cinesrenoir.com/pelicula/el-agente-secreto/,https://media.pillalas.com/imagenes/726afb526abffa83bdba0b90e98cf11293bcd8b9c8be1af817aa6c045cd8f479730f7511.jpg,Portugués,No recomendada para menores de 16 años,Viernes 20 Febrero 2026,"Wagner Moura, Gabriel Leone, Udo Kier, Maria Fernanda Cândido","1977. En un Brasil atormentado por la dictadura militar, Marcelo, un cuarentón que huye de un pasado turbulento, llega a la ciudad de Recife, donde espera construir una nueva vida y reencontrarse con su hijo. Todo se complica cuando descubre que las fuerzas gubernamentales le persiguen y las amenazas de muerte se ciernen sobre su cabeza."
EL AGENTE SECRETO,Kleber Mendonça Filho,160,01,21:30,2026-04-07,Renoir Princesa,https://www.pillalas.com/pase/1062940/,https://www.cinesrenoir.com/pelicula/el-agente-secreto/,https://media.pillalas.com/imagenes/726afb526abffa83bdba0b90e98cf11293bcd8b9c8be1af817aa6c045cd8f479730f7511.jpg,Portugués,No recomendada para menores de 16 años,Viernes 20 Febrero 2026,"Wagner Moura, Gabriel Leone, Udo Kier, Maria Fernanda Cândido","1977. En un Brasil atormentado por la dictadura militar, Marcelo, un cuarentón que huye de un pasado turbulento, llega a la ciudad de Recife, donde espera construir una nueva vida y reencontrarse con su hijo. Todo se complica cuando descubre que las fuerzas gubernamentales le persiguen y las amenazas de muerte se ciernen sobre su cabeza."
EL TERCER HOMBRE [WILDER CINEMA],Carol Reed,108,07,20:00,2026-04-07,Renoir Princesa,https://www.pillalas.com/pase/1061873/,https://www.cinesrenoir.com/pelicula/el-tercer-hombre-wilder-cinema/,https://media.pillalas.com/imagenes/726afb526abffa837e3e4e0af4a47c0c7aa38eb6cfcd471b5ae73b678890c233c9949eb2.jpg,Inglés,Apta para todos los públicos,Martes 7 Abril 2026,"Joseph Cotten, Alida Valli, Trevor Howard, Orson Welles, Bernard Lee, Paul Hörbiger, Ernst Deutsch, Siegfried Breuer, Erich Ponto, Wilfrid Hyde-White, Hedwig Bleibtreu","Ambientada en una Viena devastada tras la Segunda Guerra Mundial, El tercer hombre es uno de los grandes clásicos del cine negro europeo. Carol Reed construye un thriller elegante y atmosférico donde la amistad, la moral y la ambigüedad se entrelazan en un paisaje urbano lleno de sombras. Con una puesta en escena inolvidable, una música icónica y la legendaria aparición de Orson Welles, la película sigue siendo una referencia absoluta del cine de suspense.“Uno de los thrillers más influyentes de la historia.” — El País“Un clásico absoluto del cine negro.” — Fotogramas“Elegancia, tensión y una atmósfera irrepetible.” — Cinemanía“Una obra maestra del suspense.” — The Guardian"
HAMNET,Chloé Zhao,125,02,16:00,2026-04-07,Renoir Princesa,https://www.pillalas.com/pase/1062935/,https://www.cinesrenoir.com/pelicula/hamnet/,https://www.cinesrenoir.com/media/Peliculas/Cartel/HAMNET_Cartel_Digital_8Nominaciones_Oscar_YaEnCines_v2_2.jpg,Inglés,No recomendada para menores de 12 años,Viernes 23 Enero 2026,"Jessie Buckley, Paul Mescal, Joe Alwyn, Emily Watson","Año 1596, Stratford-upon-Avon, Inglaterra. La vida de Agnes transcurre plácidamente junto a su marido y sus tres hijos. Ella cultiva plantas medicinales mientras William trabaja en Londres. El destino, sin embargo, les reservará un duro golpe cuando su hijo Hamnet, de once años, muera repentinamente tras contraer la peste. A raíz de esta tragedia, su padre creará uno de los grandes personajes de la literatura universal, de nombre casi idéntico al de su hijo.


Pero esta película no habla de famosos sucesos sino de algo íntimo y olvidado: La vida de esta familia, y especialmente la de la mujer que la sostenía y que tuvo que cargar con una insoportable pérdida."
HAMNET,Chloé Zhao,125,07,17:50,2026-04-07,Renoir Princesa,https://www.pillalas.com/pase/1063163/,https://www.cinesrenoir.com/pelicula/hamnet/,https://www.cinesrenoir.com/media/Peliculas/Cartel/HAMNET_Cartel_Digital_8Nominaciones_Oscar_YaEnCines_v2_2.jpg,Inglés,No recomendada para menores de 12 años,Viernes 23 Enero 2026,"Jessie Buckley, Paul Mescal, Joe Alwyn, Emily Watson","Año 1596, Stratford-upon-Avon, Inglaterra. La vida de Agnes transcurre plácidamente junto a su marido y sus tres hijos. Ella cultiva plantas medicinales mientras William trabaja en Londres. El destino, sin embargo, les reservará un duro golpe cuando su hijo Hamnet, de once años, muera repentinamente tras contraer la peste. A raíz de esta tragedia, su padre creará uno de los grandes personajes de la literatura universal, de nombre casi idéntico al de su hijo.


Pero esta película no habla de famosos sucesos sino de algo íntimo y olvidado: La vida de esta familia, y especialmente la de la mujer que la sostenía y que tuvo que cargar con una insoportable pérdida."
HAMNET,Chloé Zhao,125,02,22:15,2026-04-07,Renoir Princesa,https://www.pillalas.com/pase/1062941/,https://www.cinesrenoir.com/pelicula/hamnet/,https://www.cinesrenoir.com/media/Peliculas/Cartel/HAMNET_Cartel_Digital_8Nominaciones_Oscar_YaEnCines_v2_2.jpg,Inglés,No recomendada para menores de 12 años,Viernes 23 Enero 2026,"Jessie Buckley, Paul Mescal, Joe Alwyn, Emily Watson","Año 1596, Stratford-upon-Avon, Inglaterra. La vida de Agnes transcurre plácidamente junto a su marido y sus tres hijos. Ella cultiva plantas medicinales mientras William trabaja en Londres. El destino, sin embargo, les reservará un duro golpe cuando su hijo Hamnet, de once años, muera repentinamente tras contraer la peste. A raíz de esta tragedia, su padre creará uno de los grandes personajes de la literatura universal, de nombre casi idéntico al de su hijo.


Pero esta película no habla de famosos sucesos sino de algo íntimo y olvidado: La vida de esta familia, y especialmente la de la mujer que la sostenía y que tuvo que cargar con una insoportable pérdida."
LA GRAZIA,Paolo Sorrentino,132,06,16:00,2026-04-07,Renoir Princesa,https://www.pillalas.com/pase/1063053/,https://www.cinesrenoir.com/pelicula/la-grazia/,https://media.pillalas.com/imagenes/726afb526abffa83c3be0b516c5fe20d16fbf7645320946527da276b1bc1ba4b27744cb3.jpg,Italiano,No recomendada para menores de 12 años,Miércoles 1 Abril 2026,"Toni Servillo, Anna Ferzetti, Orlando Cinque, Massimo Venturiello, Milvia Marigliano","El mandato de Mariano De Santis como presidente de Italia llega a su fin y se ve obligado a tomar desgarradoras decisiones políticas y personales. Entre dilemas morales, debe enfrentarse a su propia conciencia y buscar consejo en sus seres más cercanos, entre ellos Dorotea, su confidente e hija."
LA GRAZIA,Paolo Sorrentino,132,04,17:45,2026-04-07,Renoir Princesa,https://www.pillalas.com/pase/1063056/,https://www.cinesrenoir.com/pelicula/la-grazia/,https://media.pillalas.com/imagenes/726afb526abffa83c3be0b516c5fe20d16fbf7645320946527da276b1bc1ba4b27744cb3.jpg,Italiano,No recomendada para menores de 12 años,Miércoles 1 Abril 2026,"Toni Servillo, Anna Ferzetti, Orlando Cinque, Massimo Venturiello, Milvia Marigliano","El mandato de Mariano De Santis como presidente de Italia llega a su fin y se ve obligado a tomar desgarradoras decisiones políticas y personales. Entre dilemas morales, debe enfrentarse a su propia conciencia y buscar consejo en sus seres más cercanos, entre ellos Dorotea, su confidente e hija."
LA GRAZIA,Paolo Sorrentino,132,04,20:15,2026-04-07,Renoir Princesa,https://www.pillalas.com/pase/1063060/,https://www.cinesrenoir.com/pelicula/la-grazia/,https://media.pillalas.com/imagenes/726afb526abffa83c3be0b516c5fe20d16fbf7645320946527da276b1bc1ba4b27744cb3.jpg,Italiano,No recomendada para menores de 12 años,Miércoles 1 Abril 2026,"Toni Servillo, Anna Ferzetti, Orlando Cinque, Massimo Venturiello, Milvia Marigliano","El mandato de Mariano De Santis como presidente de Italia llega a su fin y se ve obligado a tomar desgarradoras decisiones políticas y personales. Entre dilemas morales, debe enfrentarse a su propia conciencia y buscar consejo en sus seres más cercanos, entre ellos Dorotea, su confidente e hija."
LA GRAZIA,Paolo Sorrentino,132,10,22:00,2026-04-07,Renoir Princesa,https://www.pillalas.com/pase/1063235/,https://www.cinesrenoir.com/pelicula/la-grazia/,https://media.pillalas.com/imagenes/726afb526abffa83c3be0b516c5fe20d16fbf7645320946527da276b1bc1ba4b27744cb3.jpg,Italiano,No recomendada para menores de 12 años,Miércoles 1 Abril 2026,"Toni Servillo, Anna Ferzetti, Orlando Cinque, Massimo Venturiello, Milvia Marigliano","El mandato de Mariano De Santis como presidente de Italia llega a su fin y se ve obligado a tomar desgarradoras decisiones políticas y personales. Entre dilemas morales, debe enfrentarse a su propia conciencia y buscar consejo en sus seres más cercanos, entre ellos Dorotea, su confidente e hija."
LOS DOMINGOS,Alauda Ruiz De Azúa,115,08,18:15,2026-04-07,Renoir Princesa,https://www.pillalas.com/pase/1063164/,https://www.cinesrenoir.com/pelicula/los-domingos/,https://www.cinesrenoir.com/media/Peliculas/Cartel/los_domingos_poster.jpg,Castellano,No recomendada para menores de 12 años,Viernes 24 Octubre 2025,"Patricia López Arnaiz, Blanca Soroa, Miguel Garcés, Juan Minujín, Mabel Rivera, Nagore Aramburu","'Los domingos' cuenta la historia de Ainara (Soroa), una joven idealista y brillante de 17 años que ha de decidir qué carrera universitaria estudiará. O, al menos, eso espera su familia que haga. Sin embargo, la joven manifiesta que se siente cada vez más cerca de Dios y que se plantea abrazar la vida de monja de clausura. La noticia pilla por sorpresa a toda la familia provocando un abismo y una prueba de fuego para todos."
LOS DOMINGOS,Alauda Ruiz De Azúa,115,06,22:25,2026-04-07,Renoir Princesa,https://www.pillalas.com/pase/1063064/,https://www.cinesrenoir.com/pelicula/los-domingos/,https://www.cinesrenoir.com/media/Peliculas/Cartel/los_domingos_poster.jpg,Castellano,No recomendada para menores de 12 años,Viernes 24 Octubre 2025,"Patricia López Arnaiz, Blanca Soroa, Miguel Garcés, Juan Minujín, Mabel Rivera, Nagore Aramburu","'Los domingos' cuenta la historia de Ainara (Soroa), una joven idealista y brillante de 17 años que ha de decidir qué carrera universitaria estudiará. O, al menos, eso espera su familia que haga. Sin embargo, la joven manifiesta que se siente cada vez más cerca de Dios y que se plantea abrazar la vida de monja de clausura. La noticia pilla por sorpresa a toda la familia provocando un abismo y una prueba de fuego para todos."
PILLION,Harry Lighton,106,03,16:00,2026-04-07,Renoir Princesa,https://www.pillalas.com/pase/1063055/,https://www.cinesrenoir.com/pelicula/pillion/,https://www.cinesrenoir.com/media/Peliculas/Cartel/POSTER_2_3_web_1_1_1.png,Inglés,No recomendada para menores de 16 años,Viernes 6 Marzo 2026,"Harry Melling, Alexander Skarsgård, Lesley Sharp, Douglas Hodge","Colin, un chico introvertido, se queda prendado de Ray, el carismático y atractivo líder de una banda de moteros que le toma como su sumiso, dinamitando su rutina y cambiándole la vida."
PILLION,Harry Lighton,106,03,20:20,2026-04-07,Renoir Princesa,https://www.pillalas.com/pase/1063061/,https://www.cinesrenoir.com/pelicula/pillion/,https://www.cinesrenoir.com/media/Peliculas/Cartel/POSTER_2_3_web_1_1_1.png,Inglés,No recomendada para menores de 16 años,Viernes 6 Marzo 2026,"Harry Melling, Alexander Skarsgård, Lesley Sharp, Douglas Hodge","Colin, un chico introvertido, se queda prendado de Ray, el carismático y atractivo líder de una banda de moteros que le toma como su sumiso, dinamitando su rutina y cambiándole la vida."
PROYECTO SALVACIÓN,"Phil Lord, Christopher Miller Phil Lord, Christopher Miller",156,11,16:00,2026-04-07,Renoir Princesa,https://www.pillalas.com/pase/1063230/,https://www.cinesrenoir.com/pelicula/proyecto-salvacion/,https://media.pillalas.com/imagenes/726afb526abffa83e6c1feb7321af23b8801ab24f13c97e12e3fed44336b2dfb4a257af2.jpg,Inglés,No recomendada para menores de 7 años,Viernes 27 Marzo 2026,"Ryan Gosling, Milana Vayntrub, Sandra Hüller, Ken Leung, Liz Kingsman, James Ortiz, Lionel Boyce, James Wright, Priya Kansara, Alice Brittain, Orion Lee, Aaron Neil, Isla Mcrae, Robert James Smith, Bastian Antonio Fuentes, Richie Cheung, Annelle Olaleye","El profesor de ciencias Ryland Grace (Ryan Gosling) se despierta en una nave espacial a años luz de casa sin recordar quién es ni cómo ha llegado hasta allí. A medida que recupera la memoria, empieza a descubrir su misión: resolver el enigma de la misteriosa sustancia que provoca la extinción del sol. Deberá recurrir a sus conocimientos científicos y a sus ideas poco ortodoxas para salvar todo lo que hay en la Tierra de la extinción... pero una amistad inesperada significa que quizá no tenga que hacerlo solo."
PROYECTO SALVACIÓN,"Phil Lord, Christopher Miller Phil Lord, Christopher Miller",156,11,18:50,2026-04-07,Renoir Princesa,https://www.pillalas.com/pase/1063232/,https://www.cinesrenoir.com/pelicula/proyecto-salvacion/,https://media.pillalas.com/imagenes/726afb526abffa83e6c1feb7321af23b8801ab24f13c97e12e3fed44336b2dfb4a257af2.jpg,Inglés,No recomendada para menores de 7 años,Viernes 27 Marzo 2026,"Ryan Gosling, Milana Vayntrub, Sandra Hüller, Ken Leung, Liz Kingsman, James Ortiz, Lionel Boyce, James Wright, Priya Kansara, Alice Brittain, Orion Lee, Aaron Neil, Isla Mcrae, Robert James Smith, Bastian Antonio Fuentes, Richie Cheung, Annelle Olaleye","El profesor de ciencias Ryland Grace (Ryan Gosling) se despierta en una nave espacial a años luz de casa sin recordar quién es ni cómo ha llegado hasta allí. A medida que recupera la memoria, empieza a descubrir su misión: resolver el enigma de la misteriosa sustancia que provoca la extinción del sol. Deberá recurrir a sus conocimientos científicos y a sus ideas poco ortodoxas para salvar todo lo que hay en la Tierra de la extinción... pero una amistad inesperada significa que quizá no tenga que hacerlo solo."
PROYECTO SALVACIÓN,"Phil Lord, Christopher Miller Phil Lord, Christopher Miller",156,11,21:40,2026-04-07,Renoir Princesa,https://www.pillalas.com/pase/1063234/,https://www.cinesrenoir.com/pelicula/proyecto-salvacion/,https://media.pillalas.com/imagenes/726afb526abffa83e6c1feb7321af23b8801ab24f13c97e12e3fed44336b2dfb4a257af2.jpg,Inglés,No recomendada para menores de 7 años,Viernes 27 Marzo 2026,"Ryan Gosling, Milana Vayntrub, Sandra Hüller, Ken Leung, Liz Kingsman, James Ortiz, Lionel Boyce, James Wright, Priya Kansara, Alice Brittain, Orion Lee, Aaron Neil, Isla Mcrae, Robert James Smith, Bastian Antonio Fuentes, Richie Cheung, Annelle Olaleye","El profesor de ciencias Ryland Grace (Ryan Gosling) se despierta en una nave espacial a años luz de casa sin recordar quién es ni cómo ha llegado hasta allí. A medida que recupera la memoria, empieza a descubrir su misión: resolver el enigma de la misteriosa sustancia que provoca la extinción del sol. Deberá recurrir a sus conocimientos científicos y a sus ideas poco ortodoxas para salvar todo lo que hay en la Tierra de la extinción... pero una amistad inesperada significa que quizá no tenga que hacerlo solo."
SUPER MARIO GALAXY LA PELÍCULA,"Aaron Horvath, Michael Jelenic",98,04,15:50,2026-04-07,Renoir Princesa,https://www.pillalas.com/pase/1063052/,https://www.cinesrenoir.com/pelicula/super-mario-galaxy-la-pelicula/,https://media.pillalas.com/imagenes/726afb526abffa83e3d00dd4194aace4c471be49f67b75bbca3feb3a09d7a0a206d53691.jpg,Inglés,No recomendada para menores de 7 años  y distintivo especialmente recomendada para la infancia,Miércoles 1 Abril 2026,Animación,"La película tiene lugar después de los acontecimientos de la primera, en la que dos hermanos, Mario y Luigi, y la princesa Peach emprenden una aventura hasta los confines del espacio y a través de la galaxia. Secuela de ""Super Mario Bros: La película"", basada en la saga ""Mario Galaxy""."
SUPER MARIO GALAXY LA PELÍCULA,"Aaron Horvath, Michael Jelenic",98,10,18:00,2026-04-07,Renoir Princesa,https://www.pillalas.com/pase/1063231/,https://www.cinesrenoir.com/pelicula/super-mario-galaxy-la-pelicula/,https://media.pillalas.com/imagenes/726afb526abffa83e3d00dd4194aace4c471be49f67b75bbca3feb3a09d7a0a206d53691.jpg,Inglés,No recomendada para menores de 7 años  y distintivo especialmente recomendada para la infancia,Miércoles 1 Abril 2026,Animación,"La película tiene lugar después de los acontecimientos de la primera, en la que dos hermanos, Mario y Luigi, y la princesa Peach emprenden una aventura hasta los confines del espacio y a través de la galaxia. Secuela de ""Super Mario Bros: La película"", basada en la saga ""Mario Galaxy""."
SUPER MARIO GALAXY LA PELÍCULA,"Aaron Horvath, Michael Jelenic",98,10,20:00,2026-04-07,Renoir Princesa,https://www.pillalas.com/pase/1063233/,https://www.cinesrenoir.com/pelicula/super-mario-galaxy-la-pelicula/,https://media.pillalas.com/imagenes/726afb526abffa83e3d00dd4194aace4c471be49f67b75bbca3feb3a09d7a0a206d53691.jpg,Inglés,No recomendada para menores de 7 años  y distintivo especialmente recomendada para la infancia,Miércoles 1 Abril 2026,Animación,"La película tiene lugar después de los acontecimientos de la primera, en la que dos hermanos, Mario y Luigi, y la princesa Peach emprenden una aventura hasta los confines del espacio y a través de la galaxia. Secuela de ""Super Mario Bros: La película"", basada en la saga ""Mario Galaxy""."
SUPER MARIO GALAXY LA PELÍCULA,"Aaron Horvath, Michael Jelenic",98,04,22:45,2026-04-07,Renoir Princesa,https://www.pillalas.com/pase/1063067/,https://www.cinesrenoir.com/pelicula/super-mario-galaxy-la-pelicula/,https://media.pillalas.com/imagenes/726afb526abffa83e3d00dd4194aace4c471be49f67b75bbca3feb3a09d7a0a206d53691.jpg,Inglés,No recomendada para menores de 7 años  y distintivo especialmente recomendada para la infancia,Miércoles 1 Abril 2026,Animación,"La película tiene lugar después de los acontecimientos de la primera, en la que dos hermanos, Mario y Luigi, y la princesa Peach emprenden una aventura hasta los confines del espacio y a través de la galaxia. Secuela de ""Super Mario Bros: La película"", basada en la saga ""Mario Galaxy""."
TORRENTE PRESIDENTE,Santiago Segura,103,07,15:50,2026-04-07,Renoir Princesa,https://www.pillalas.com/pase/1063160/,https://www.cinesrenoir.com/pelicula/torrente-presidente/,https://www.cinesrenoir.com/media/Peliculas/Cartel/torrente_presidente1.jpg,Castellano,No recomendada para menores de 16 años,Viernes 13 Marzo 2026,"Santiago Segura, Leo Harlem, Ramón Langa",Sexta entrega de Torrente.
TORRENTE PRESIDENTE,Santiago Segura,103,02,18:20,2026-04-07,Renoir Princesa,https://www.pillalas.com/pase/1062938/,https://www.cinesrenoir.com/pelicula/torrente-presidente/,https://www.cinesrenoir.com/media/Peliculas/Cartel/torrente_presidente1.jpg,Castellano,No recomendada para menores de 16 años,Viernes 13 Marzo 2026,"Santiago Segura, Leo Harlem, Ramón Langa",Sexta entrega de Torrente.
TORRENTE PRESIDENTE,Santiago Segura,103,02,20:15,2026-04-07,Renoir Princesa,https://www.pillalas.com/pase/1062939/,https://www.cinesrenoir.com/pelicula/torrente-presidente/,https://www.cinesrenoir.com/media/Peliculas/Cartel/torrente_presidente1.jpg,Castellano,No recomendada para menores de 16 años,Viernes 13 Marzo 2026,"Santiago Segura, Leo Harlem, Ramón Langa",Sexta entrega de Torrente.
TORRENTE PRESIDENTE,Santiago Segura,103,07,22:30,2026-04-07,Renoir Princesa,https://www.pillalas.com/pase/1063167/,https://www.cinesrenoir.com/pelicula/torrente-presidente/,https://www.cinesrenoir.com/media/Peliculas/Cartel/torrente_presidente1.jpg,Castellano,No recomendada para menores de 16 años,Viernes 13 Marzo 2026,"Santiago Segura, Leo Harlem, Ramón Langa",Sexta entrega de Torrente.
TRES ADIOSES,Isabel Coixet,122,08,16:00,2026-04-07,Renoir Princesa,https://www.pillalas.com/pase/1063161/,https://www.cinesrenoir.com/pelicula/tres-adioses/,https://media.pillalas.com/imagenes/726afb526abffa832ea2a44a189894de905fc7e94534a8bf4ef6bf13e5ccdfe90922c22e.jpg,Italiano,No recomendada para menores de 12 años,Viernes 6 Febrero 2026,"Alba Rohrwacher, Elio Germano, Francesco Carril, Silvia D Amico, Galatea Bellugi, Sarita Choudhury","Tras lo que parecía una discusión sin importancia, Marta (Alba Rohrwacher) y Antonio (Elio Germano) se separan. Él, un chef prometedor, se refugia en sus fogones; ella, en su silencio, empieza a notar algo más que tristeza: ha perdido el apetito… y no solo por desamor. Cuando descubre que detrás hay un problema de salud, todo da un giro inesperado: la comida sabe mejor, la música le llega como nunca y el deseo despierta sus ganas de vivir sin miedo.
Una historia sobre el amor, la vida y esos momentos que lo cambian todo para siempre."
TRES ADIOSES,Isabel Coixet,122,08,20:25,2026-04-07,Renoir Princesa,https://www.pillalas.com/pase/1063166/,https://www.cinesrenoir.com/pelicula/tres-adioses/,https://media.pillalas.com/imagenes/726afb526abffa832ea2a44a189894de905fc7e94534a8bf4ef6bf13e5ccdfe90922c22e.jpg,Italiano,No recomendada para menores de 12 años,Viernes 6 Febrero 2026,"Alba Rohrwacher, Elio Germano, Francesco Carril, Silvia D Amico, Galatea Bellugi, Sarita Choudhury","Tras lo que parecía una discusión sin importancia, Marta (Alba Rohrwacher) y Antonio (Elio Germano) se separan. Él, un chef prometedor, se refugia en sus fogones; ella, en su silencio, empieza a notar algo más que tristeza: ha perdido el apetito… y no solo por desamor. Cuando descubre que detrás hay un problema de salud, todo da un giro inesperado: la comida sabe mejor, la música le llega como nunca y el deseo despierta sus ganas de vivir sin miedo.
Una historia sobre el amor, la vida y esos momentos que lo cambian todo para siempre."
UNA HIJA EN TOKIO,Guillaume Senez,99,01,16:00,2026-04-07,Renoir Princesa,https://www.pillalas.com/pase/1062936/,https://www.cinesrenoir.com/pelicula/una-hija-en-tokio/,https://media.pillalas.com/imagenes/726afb526abffa8327fbd986c984eb728e0f1c714c7a6aa328ebfc96eb29c6586b207f0e.jpg,Francés,No recomendada para menores de 7 años,Viernes 20 Marzo 2026,"Romain Duris, Judith Chemla, Mei Cirne-Masuki","Cada día, Jérôme (Romain Duris) recorre Tokio con su taxi mientras intenta encontrar a su hija, Lily. Nueve años después de separarse y sin haber logrado su custodia, empieza a pensar que es hora de rendirse y volver a Francia. Pero cuando está a punto de hacerlo, Lily sube a su taxi."
ALTAS CAPACIDADES,Víctor García León,101,10,16:00,2026-04-08,Renoir Princesa,https://www.pillalas.com/pase/1063236/,https://www.cinesrenoir.com/pelicula/altas-capacidades/,https://media.pillalas.com/imagenes/726afb526abffa83d22d791f6bb1a5c2569f3d5a548c994a3c4d94a4c257992f931f1da5.jpg,Castellano,No recomendada para menores de 16 años,Viernes 27 Marzo 2026,"Marian Álvarez, Israel Elejalde, Juan Diego Botto, Pilar Castro, Natalia Reyes, Fran Cantos, Bea Segura, Elena Sanz, Celine Tyll, Suso Nanclares","Alicia y Gonzalo, una pareja de clase media, se encuentran con la oportunidad de matricular a su hijo Fer en un colegio laico de élite. Para los padres supone asomar la cabeza en la clase alta, nuevas amistades, mayores ingresos, ventajas incontables. Dicen hacerlo por su hijo.   
En esta maravillosa contradicción entre los miedos y los principios morales, las aspiraciones de la pareja se llevarán por delante lo que, hasta entonces, creían incuestionable."
ALTAS CAPACIDADES,Víctor García León,101,06,18:30,2026-04-08,Renoir Princesa,https://www.pillalas.com/pase/1063075/,https://www.cinesrenoir.com/pelicula/altas-capacidades/,https://media.pillalas.com/imagenes/726afb526abffa83d22d791f6bb1a5c2569f3d5a548c994a3c4d94a4c257992f931f1da5.jpg,Castellano,No recomendada para menores de 16 años,Viernes 27 Marzo 2026,"Marian Álvarez, Israel Elejalde, Juan Diego Botto, Pilar Castro, Natalia Reyes, Fran Cantos, Bea Segura, Elena Sanz, Celine Tyll, Suso Nanclares","Alicia y Gonzalo, una pareja de clase media, se encuentran con la oportunidad de matricular a su hijo Fer en un colegio laico de élite. Para los padres supone asomar la cabeza en la clase alta, nuevas amistades, mayores ingresos, ventajas incontables. Dicen hacerlo por su hijo.   
En esta maravillosa contradicción entre los miedos y los principios morales, las aspiraciones de la pareja se llevarán por delante lo que, hasta entonces, creían incuestionable."
ALTAS CAPACIDADES,Víctor García León,101,06,20:25,2026-04-08,Renoir Princesa,https://www.pillalas.com/pase/1063079/,https://www.cinesrenoir.com/pelicula/altas-capacidades/,https://media.pillalas.com/imagenes/726afb526abffa83d22d791f6bb1a5c2569f3d5a548c994a3c4d94a4c257992f931f1da5.jpg,Castellano,No recomendada para menores de 16 años,Viernes 27 Marzo 2026,"Marian Álvarez, Israel Elejalde, Juan Diego Botto, Pilar Castro, Natalia Reyes, Fran Cantos, Bea Segura, Elena Sanz, Celine Tyll, Suso Nanclares","Alicia y Gonzalo, una pareja de clase media, se encuentran con la oportunidad de matricular a su hijo Fer en un colegio laico de élite. Para los padres supone asomar la cabeza en la clase alta, nuevas amistades, mayores ingresos, ventajas incontables. Dicen hacerlo por su hijo.   
En esta maravillosa contradicción entre los miedos y los principios morales, las aspiraciones de la pareja se llevarán por delante lo que, hasta entonces, creían incuestionable."
ALTAS CAPACIDADES,Víctor García León,101,08,22:45,2026-04-08,Renoir Princesa,https://www.pillalas.com/pase/1063178/,https://www.cinesrenoir.com/pelicula/altas-capacidades/,https://media.pillalas.com/imagenes/726afb526abffa83d22d791f6bb1a5c2569f3d5a548c994a3c4d94a4c257992f931f1da5.jpg,Castellano,No recomendada para menores de 16 años,Viernes 27 Marzo 2026,"Marian Álvarez, Israel Elejalde, Juan Diego Botto, Pilar Castro, Natalia Reyes, Fran Cantos, Bea Segura, Elena Sanz, Celine Tyll, Suso Nanclares","Alicia y Gonzalo, una pareja de clase media, se encuentran con la oportunidad de matricular a su hijo Fer en un colegio laico de élite. Para los padres supone asomar la cabeza en la clase alta, nuevas amistades, mayores ingresos, ventajas incontables. Dicen hacerlo por su hijo.   
En esta maravillosa contradicción entre los miedos y los principios morales, las aspiraciones de la pareja se llevarán por delante lo que, hasta entonces, creían incuestionable."
AMARGA NAVIDAD,Pedro Almodóvar,111,05,16:00,2026-04-08,Renoir Princesa,https://www.pillalas.com/pase/1063069/,https://www.cinesrenoir.com/pelicula/amarga-navidad/,https://media.pillalas.com/imagenes/726afb526abffa83b60c45c3634993c0e9bd987d873c6c32a8009c3b4ee414d3a40e41c1.jpg,Castellano,No recomendada para menores de 12 años,Viernes 20 Marzo 2026,"Bárbara Lennie, Leonardo Sbaraglia, Aitana Sánchez-Gijón, Victoria Luengo, Patrick Criado, Milena Smit, Quim Gutiérrez, Rossy De Palma, Carmen Machi, Gloria Muñoz","Elsa es una directora de publicidad cuya madre muere durante un largo puente del mes de diciembre. Encuentra refugio en el trabajo, aunque es más bien una huida hacia adelante. Trabaja sin parar y, sin darse cuenta, no se concede el tiempo necesario para guardar el duelo por la ausencia materna. Hasta que una crisis de pánico la obliga a detenerse e imponerse un descanso. Su pareja, Bonifacio, es su tabla de salvación en esos momentos de crisis. Elsa decide viajar a la isla de Lanzarote acompañada por su amiga Patricia, que también necesita alejarse de Madrid, mientras que Bonifacio se queda en la ciudad.
La historia de estos tres personajes, y algunos más, se narran paralelamente a la del guionista y director de cine Raúl Durán, entremezclando ficción y realidad. Porque ‘Amarga Navidad’ desarrolla cómo la vida y la ficción están unidas de un modo indisoluble, incluso doloroso en ocasiones."
AMARGA NAVIDAD,Pedro Almodóvar,111,05,18:10,2026-04-08,Renoir Princesa,https://www.pillalas.com/pase/1063074/,https://www.cinesrenoir.com/pelicula/amarga-navidad/,https://media.pillalas.com/imagenes/726afb526abffa83b60c45c3634993c0e9bd987d873c6c32a8009c3b4ee414d3a40e41c1.jpg,Castellano,No recomendada para menores de 12 años,Viernes 20 Marzo 2026,"Bárbara Lennie, Leonardo Sbaraglia, Aitana Sánchez-Gijón, Victoria Luengo, Patrick Criado, Milena Smit, Quim Gutiérrez, Rossy De Palma, Carmen Machi, Gloria Muñoz","Elsa es una directora de publicidad cuya madre muere durante un largo puente del mes de diciembre. Encuentra refugio en el trabajo, aunque es más bien una huida hacia adelante. Trabaja sin parar y, sin darse cuenta, no se concede el tiempo necesario para guardar el duelo por la ausencia materna. Hasta que una crisis de pánico la obliga a detenerse e imponerse un descanso. Su pareja, Bonifacio, es su tabla de salvación en esos momentos de crisis. Elsa decide viajar a la isla de Lanzarote acompañada por su amiga Patricia, que también necesita alejarse de Madrid, mientras que Bonifacio se queda en la ciudad.
La historia de estos tres personajes, y algunos más, se narran paralelamente a la del guionista y director de cine Raúl Durán, entremezclando ficción y realidad. Porque ‘Amarga Navidad’ desarrolla cómo la vida y la ficción están unidas de un modo indisoluble, incluso doloroso en ocasiones."
AMARGA NAVIDAD,Pedro Almodóvar,111,05,20:20,2026-04-08,Renoir Princesa,https://www.pillalas.com/pase/1063078/,https://www.cinesrenoir.com/pelicula/amarga-navidad/,https://media.pillalas.com/imagenes/726afb526abffa83b60c45c3634993c0e9bd987d873c6c32a8009c3b4ee414d3a40e41c1.jpg,Castellano,No recomendada para menores de 12 años,Viernes 20 Marzo 2026,"Bárbara Lennie, Leonardo Sbaraglia, Aitana Sánchez-Gijón, Victoria Luengo, Patrick Criado, Milena Smit, Quim Gutiérrez, Rossy De Palma, Carmen Machi, Gloria Muñoz","Elsa es una directora de publicidad cuya madre muere durante un largo puente del mes de diciembre. Encuentra refugio en el trabajo, aunque es más bien una huida hacia adelante. Trabaja sin parar y, sin darse cuenta, no se concede el tiempo necesario para guardar el duelo por la ausencia materna. Hasta que una crisis de pánico la obliga a detenerse e imponerse un descanso. Su pareja, Bonifacio, es su tabla de salvación en esos momentos de crisis. Elsa decide viajar a la isla de Lanzarote acompañada por su amiga Patricia, que también necesita alejarse de Madrid, mientras que Bonifacio se queda en la ciudad.
La historia de estos tres personajes, y algunos más, se narran paralelamente a la del guionista y director de cine Raúl Durán, entremezclando ficción y realidad. Porque ‘Amarga Navidad’ desarrolla cómo la vida y la ficción están unidas de un modo indisoluble, incluso doloroso en ocasiones."
AMARGA NAVIDAD,Pedro Almodóvar,111,05,22:30,2026-04-08,Renoir Princesa,https://www.pillalas.com/pase/1063082/,https://www.cinesrenoir.com/pelicula/amarga-navidad/,https://media.pillalas.com/imagenes/726afb526abffa83b60c45c3634993c0e9bd987d873c6c32a8009c3b4ee414d3a40e41c1.jpg,Castellano,No recomendada para menores de 12 años,Viernes 20 Marzo 2026,"Bárbara Lennie, Leonardo Sbaraglia, Aitana Sánchez-Gijón, Victoria Luengo, Patrick Criado, Milena Smit, Quim Gutiérrez, Rossy De Palma, Carmen Machi, Gloria Muñoz","Elsa es una directora de publicidad cuya madre muere durante un largo puente del mes de diciembre. Encuentra refugio en el trabajo, aunque es más bien una huida hacia adelante. Trabaja sin parar y, sin darse cuenta, no se concede el tiempo necesario para guardar el duelo por la ausencia materna. Hasta que una crisis de pánico la obliga a detenerse e imponerse un descanso. Su pareja, Bonifacio, es su tabla de salvación en esos momentos de crisis. Elsa decide viajar a la isla de Lanzarote acompañada por su amiga Patricia, que también necesita alejarse de Madrid, mientras que Bonifacio se queda en la ciudad.
La historia de estos tres personajes, y algunos más, se narran paralelamente a la del guionista y director de cine Raúl Durán, entremezclando ficción y realidad. Porque ‘Amarga Navidad’ desarrolla cómo la vida y la ficción están unidas de un modo indisoluble, incluso doloroso en ocasiones."
DOS FISCALES,Sergei Loznitsa,118,03,18:00,2026-04-08,Renoir Princesa,https://www.pillalas.com/pase/1063073/,https://www.cinesrenoir.com/pelicula/dos-fiscales/,https://media.pillalas.com/imagenes/726afb526abffa830c3c423779c946ba39f1040130fd9fcd8d9eaeea39e4fd89a12b03d5.jpg,Ruso Y Ucraniano,No recomendada para menores de 12 años,Viernes 27 Marzo 2026,"Alexander Kuznetsov, Anatoliy Beliy, Aleksandr Filippenko, Vytautas Kaniusonis, Andris Keiss, Valentin Novopolskij, Orest Pasko, Lukas Petrauskas, Sergey Podymin, Ivgeny Terletsky","Unión Soviética, 1937. Miles de cartas de detenidos acusados falsamente por el régimen son quemadas en una celda de la prisión. Contra todo pronóstico, una de ellas llega a su destino, el escritorio del recién nombrado fiscal local, Alexander Kornyev. Kornyev hace todo lo posible por reunirse con el prisionero, víctima de los agentes de la policía secreta, la NKVD. El joven fiscal, un bolchevique íntegro y dedicado, sospecha que se trata de un juego sucio. Su búsqueda de justicia lo llevará hasta la oficina del Fiscal General en Moscú. En la época de las grandes purgas estalinistas, un hombre se sumerge en los pasillos de un régimen que no quiere ser llamado totalitario."
DOS FISCALES,Sergei Loznitsa,118,03,22:25,2026-04-08,Renoir Princesa,https://www.pillalas.com/pase/1063080/,https://www.cinesrenoir.com/pelicula/dos-fiscales/,https://media.pillalas.com/imagenes/726afb526abffa830c3c423779c946ba39f1040130fd9fcd8d9eaeea39e4fd89a12b03d5.jpg,Ruso Y Ucraniano,No recomendada para menores de 12 años,Viernes 27 Marzo 2026,"Alexander Kuznetsov, Anatoliy Beliy, Aleksandr Filippenko, Vytautas Kaniusonis, Andris Keiss, Valentin Novopolskij, Orest Pasko, Lukas Petrauskas, Sergey Podymin, Ivgeny Terletsky","Unión Soviética, 1937. Miles de cartas de detenidos acusados falsamente por el régimen son quemadas en una celda de la prisión. Contra todo pronóstico, una de ellas llega a su destino, el escritorio del recién nombrado fiscal local, Alexander Kornyev. Kornyev hace todo lo posible por reunirse con el prisionero, víctima de los agentes de la policía secreta, la NKVD. El joven fiscal, un bolchevique íntegro y dedicado, sospecha que se trata de un juego sucio. Su búsqueda de justicia lo llevará hasta la oficina del Fiscal General en Moscú. En la época de las grandes purgas estalinistas, un hombre se sumerge en los pasillos de un régimen que no quiere ser llamado totalitario."
EL AGENTE SECRETO,Kleber Mendonça Filho,160,01,18:00,2026-04-08,Renoir Princesa,https://www.pillalas.com/pase/1062944/,https://www.cinesrenoir.com/pelicula/el-agente-secreto/,https://media.pillalas.com/imagenes/726afb526abffa83bdba0b90e98cf11293bcd8b9c8be1af817aa6c045cd8f479730f7511.jpg,Portugués,No recomendada para menores de 16 años,Viernes 20 Febrero 2026,"Wagner Moura, Gabriel Leone, Udo Kier, Maria Fernanda Cândido","1977. En un Brasil atormentado por la dictadura militar, Marcelo, un cuarentón que huye de un pasado turbulento, llega a la ciudad de Recife, donde espera construir una nueva vida y reencontrarse con su hijo. Todo se complica cuando descubre que las fuerzas gubernamentales le persiguen y las amenazas de muerte se ciernen sobre su cabeza."
EL AGENTE SECRETO,Kleber Mendonça Filho,160,01,21:30,2026-04-08,Renoir Princesa,https://www.pillalas.com/pase/1062947/,https://www.cinesrenoir.com/pelicula/el-agente-secreto/,https://media.pillalas.com/imagenes/726afb526abffa83bdba0b90e98cf11293bcd8b9c8be1af817aa6c045cd8f479730f7511.jpg,Portugués,No recomendada para menores de 16 años,Viernes 20 Febrero 2026,"Wagner Moura, Gabriel Leone, Udo Kier, Maria Fernanda Cândido","1977. En un Brasil atormentado por la dictadura militar, Marcelo, un cuarentón que huye de un pasado turbulento, llega a la ciudad de Recife, donde espera construir una nueva vida y reencontrarse con su hijo. Todo se complica cuando descubre que las fuerzas gubernamentales le persiguen y las amenazas de muerte se ciernen sobre su cabeza."
HAMNET,Chloé Zhao,125,02,16:00,2026-04-08,Renoir Princesa,https://www.pillalas.com/pase/1062942/,https://www.cinesrenoir.com/pelicula/hamnet/,https://www.cinesrenoir.com/media/Peliculas/Cartel/HAMNET_Cartel_Digital_8Nominaciones_Oscar_YaEnCines_v2_2.jpg,Inglés,No recomendada para menores de 12 años,Viernes 23 Enero 2026,"Jessie Buckley, Paul Mescal, Joe Alwyn, Emily Watson","Año 1596, Stratford-upon-Avon, Inglaterra. La vida de Agnes transcurre plácidamente junto a su marido y sus tres hijos. Ella cultiva plantas medicinales mientras William trabaja en Londres. El destino, sin embargo, les reservará un duro golpe cuando su hijo Hamnet, de once años, muera repentinamente tras contraer la peste. A raíz de esta tragedia, su padre creará uno de los grandes personajes de la literatura universal, de nombre casi idéntico al de su hijo.


Pero esta película no habla de famosos sucesos sino de algo íntimo y olvidado: La vida de esta familia, y especialmente la de la mujer que la sostenía y que tuvo que cargar con una insoportable pérdida."
HAMNET,Chloé Zhao,125,07,17:50,2026-04-08,Renoir Princesa,https://www.pillalas.com/pase/1063172/,https://www.cinesrenoir.com/pelicula/hamnet/,https://www.cinesrenoir.com/media/Peliculas/Cartel/HAMNET_Cartel_Digital_8Nominaciones_Oscar_YaEnCines_v2_2.jpg,Inglés,No recomendada para menores de 12 años,Viernes 23 Enero 2026,"Jessie Buckley, Paul Mescal, Joe Alwyn, Emily Watson","Año 1596, Stratford-upon-Avon, Inglaterra. La vida de Agnes transcurre plácidamente junto a su marido y sus tres hijos. Ella cultiva plantas medicinales mientras William trabaja en Londres. El destino, sin embargo, les reservará un duro golpe cuando su hijo Hamnet, de once años, muera repentinamente tras contraer la peste. A raíz de esta tragedia, su padre creará uno de los grandes personajes de la literatura universal, de nombre casi idéntico al de su hijo.


Pero esta película no habla de famosos sucesos sino de algo íntimo y olvidado: La vida de esta familia, y especialmente la de la mujer que la sostenía y que tuvo que cargar con una insoportable pérdida."
HAMNET,Chloé Zhao,125,07,20:10,2026-04-08,Renoir Princesa,https://www.pillalas.com/pase/1063175/,https://www.cinesrenoir.com/pelicula/hamnet/,https://www.cinesrenoir.com/media/Peliculas/Cartel/HAMNET_Cartel_Digital_8Nominaciones_Oscar_YaEnCines_v2_2.jpg,Inglés,No recomendada para menores de 12 años,Viernes 23 Enero 2026,"Jessie Buckley, Paul Mescal, Joe Alwyn, Emily Watson","Año 1596, Stratford-upon-Avon, Inglaterra. La vida de Agnes transcurre plácidamente junto a su marido y sus tres hijos. Ella cultiva plantas medicinales mientras William trabaja en Londres. El destino, sin embargo, les reservará un duro golpe cuando su hijo Hamnet, de once años, muera repentinamente tras contraer la peste. A raíz de esta tragedia, su padre creará uno de los grandes personajes de la literatura universal, de nombre casi idéntico al de su hijo.


Pero esta película no habla de famosos sucesos sino de algo íntimo y olvidado: La vida de esta familia, y especialmente la de la mujer que la sostenía y que tuvo que cargar con una insoportable pérdida."
HAMNET,Chloé Zhao,125,02,22:15,2026-04-08,Renoir Princesa,https://www.pillalas.com/pase/1062948/,https://www.cinesrenoir.com/pelicula/hamnet/,https://www.cinesrenoir.com/media/Peliculas/Cartel/HAMNET_Cartel_Digital_8Nominaciones_Oscar_YaEnCines_v2_2.jpg,Inglés,No recomendada para menores de 12 años,Viernes 23 Enero 2026,"Jessie Buckley, Paul Mescal, Joe Alwyn, Emily Watson","Año 1596, Stratford-upon-Avon, Inglaterra. La vida de Agnes transcurre plácidamente junto a su marido y sus tres hijos. Ella cultiva plantas medicinales mientras William trabaja en Londres. El destino, sin embargo, les reservará un duro golpe cuando su hijo Hamnet, de once años, muera repentinamente tras contraer la peste. A raíz de esta tragedia, su padre creará uno de los grandes personajes de la literatura universal, de nombre casi idéntico al de su hijo.


Pero esta película no habla de famosos sucesos sino de algo íntimo y olvidado: La vida de esta familia, y especialmente la de la mujer que la sostenía y que tuvo que cargar con una insoportable pérdida."
LA GRAZIA,Paolo Sorrentino,132,06,16:00,2026-04-08,Renoir Princesa,https://www.pillalas.com/pase/1063071/,https://www.cinesrenoir.com/pelicula/la-grazia/,https://media.pillalas.com/imagenes/726afb526abffa83c3be0b516c5fe20d16fbf7645320946527da276b1bc1ba4b27744cb3.jpg,Italiano,No recomendada para menores de 12 años,Miércoles 1 Abril 2026,"Toni Servillo, Anna Ferzetti, Orlando Cinque, Massimo Venturiello, Milvia Marigliano","El mandato de Mariano De Santis como presidente de Italia llega a su fin y se ve obligado a tomar desgarradoras decisiones políticas y personales. Entre dilemas morales, debe enfrentarse a su propia conciencia y buscar consejo en sus seres más cercanos, entre ellos Dorotea, su confidente e hija."
LA GRAZIA,Paolo Sorrentino,132,04,17:45,2026-04-08,Renoir Princesa,https://www.pillalas.com/pase/1063072/,https://www.cinesrenoir.com/pelicula/la-grazia/,https://media.pillalas.com/imagenes/726afb526abffa83c3be0b516c5fe20d16fbf7645320946527da276b1bc1ba4b27744cb3.jpg,Italiano,No recomendada para menores de 12 años,Miércoles 1 Abril 2026,"Toni Servillo, Anna Ferzetti, Orlando Cinque, Massimo Venturiello, Milvia Marigliano","El mandato de Mariano De Santis como presidente de Italia llega a su fin y se ve obligado a tomar desgarradoras decisiones políticas y personales. Entre dilemas morales, debe enfrentarse a su propia conciencia y buscar consejo en sus seres más cercanos, entre ellos Dorotea, su confidente e hija."
LA GRAZIA,Paolo Sorrentino,132,04,20:15,2026-04-08,Renoir Princesa,https://www.pillalas.com/pase/1063076/,https://www.cinesrenoir.com/pelicula/la-grazia/,https://media.pillalas.com/imagenes/726afb526abffa83c3be0b516c5fe20d16fbf7645320946527da276b1bc1ba4b27744cb3.jpg,Italiano,No recomendada para menores de 12 años,Miércoles 1 Abril 2026,"Toni Servillo, Anna Ferzetti, Orlando Cinque, Massimo Venturiello, Milvia Marigliano","El mandato de Mariano De Santis como presidente de Italia llega a su fin y se ve obligado a tomar desgarradoras decisiones políticas y personales. Entre dilemas morales, debe enfrentarse a su propia conciencia y buscar consejo en sus seres más cercanos, entre ellos Dorotea, su confidente e hija."
LA GRAZIA,Paolo Sorrentino,132,10,22:00,2026-04-08,Renoir Princesa,https://www.pillalas.com/pase/1063242/,https://www.cinesrenoir.com/pelicula/la-grazia/,https://media.pillalas.com/imagenes/726afb526abffa83c3be0b516c5fe20d16fbf7645320946527da276b1bc1ba4b27744cb3.jpg,Italiano,No recomendada para menores de 12 años,Miércoles 1 Abril 2026,"Toni Servillo, Anna Ferzetti, Orlando Cinque, Massimo Venturiello, Milvia Marigliano","El mandato de Mariano De Santis como presidente de Italia llega a su fin y se ve obligado a tomar desgarradoras decisiones políticas y personales. Entre dilemas morales, debe enfrentarse a su propia conciencia y buscar consejo en sus seres más cercanos, entre ellos Dorotea, su confidente e hija."
LOS DOMINGOS,Alauda Ruiz De Azúa,115,08,18:15,2026-04-08,Renoir Princesa,https://www.pillalas.com/pase/1063173/,https://www.cinesrenoir.com/pelicula/los-domingos/,https://www.cinesrenoir.com/media/Peliculas/Cartel/los_domingos_poster.jpg,Castellano,No recomendada para menores de 12 años,Viernes 24 Octubre 2025,"Patricia López Arnaiz, Blanca Soroa, Miguel Garcés, Juan Minujín, Mabel Rivera, Nagore Aramburu","'Los domingos' cuenta la historia de Ainara (Soroa), una joven idealista y brillante de 17 años que ha de decidir qué carrera universitaria estudiará. O, al menos, eso espera su familia que haga. Sin embargo, la joven manifiesta que se siente cada vez más cerca de Dios y que se plantea abrazar la vida de monja de clausura. La noticia pilla por sorpresa a toda la familia provocando un abismo y una prueba de fuego para todos."
LOS DOMINGOS,Alauda Ruiz De Azúa,115,06,22:25,2026-04-08,Renoir Princesa,https://www.pillalas.com/pase/1063081/,https://www.cinesrenoir.com/pelicula/los-domingos/,https://www.cinesrenoir.com/media/Peliculas/Cartel/los_domingos_poster.jpg,Castellano,No recomendada para menores de 12 años,Viernes 24 Octubre 2025,"Patricia López Arnaiz, Blanca Soroa, Miguel Garcés, Juan Minujín, Mabel Rivera, Nagore Aramburu","'Los domingos' cuenta la historia de Ainara (Soroa), una joven idealista y brillante de 17 años que ha de decidir qué carrera universitaria estudiará. O, al menos, eso espera su familia que haga. Sin embargo, la joven manifiesta que se siente cada vez más cerca de Dios y que se plantea abrazar la vida de monja de clausura. La noticia pilla por sorpresa a toda la familia provocando un abismo y una prueba de fuego para todos."
PILLION,Harry Lighton,106,03,16:00,2026-04-08,Renoir Princesa,https://www.pillalas.com/pase/1063070/,https://www.cinesrenoir.com/pelicula/pillion/,https://www.cinesrenoir.com/media/Peliculas/Cartel/POSTER_2_3_web_1_1_1.png,Inglés,No recomendada para menores de 16 años,Viernes 6 Marzo 2026,"Harry Melling, Alexander Skarsgård, Lesley Sharp, Douglas Hodge","Colin, un chico introvertido, se queda prendado de Ray, el carismático y atractivo líder de una banda de moteros que le toma como su sumiso, dinamitando su rutina y cambiándole la vida."
PILLION,Harry Lighton,106,03,20:20,2026-04-08,Renoir Princesa,https://www.pillalas.com/pase/1063077/,https://www.cinesrenoir.com/pelicula/pillion/,https://www.cinesrenoir.com/media/Peliculas/Cartel/POSTER_2_3_web_1_1_1.png,Inglés,No recomendada para menores de 16 años,Viernes 6 Marzo 2026,"Harry Melling, Alexander Skarsgård, Lesley Sharp, Douglas Hodge","Colin, un chico introvertido, se queda prendado de Ray, el carismático y atractivo líder de una banda de moteros que le toma como su sumiso, dinamitando su rutina y cambiándole la vida."
PROYECTO SALVACIÓN,"Phil Lord, Christopher Miller Phil Lord, Christopher Miller",156,11,16:00,2026-04-08,Renoir Princesa,https://www.pillalas.com/pase/1063237/,https://www.cinesrenoir.com/pelicula/proyecto-salvacion/,https://media.pillalas.com/imagenes/726afb526abffa83e6c1feb7321af23b8801ab24f13c97e12e3fed44336b2dfb4a257af2.jpg,Inglés,No recomendada para menores de 7 años,Viernes 27 Marzo 2026,"Ryan Gosling, Milana Vayntrub, Sandra Hüller, Ken Leung, Liz Kingsman, James Ortiz, Lionel Boyce, James Wright, Priya Kansara, Alice Brittain, Orion Lee, Aaron Neil, Isla Mcrae, Robert James Smith, Bastian Antonio Fuentes, Richie Cheung, Annelle Olaleye","El profesor de ciencias Ryland Grace (Ryan Gosling) se despierta en una nave espacial a años luz de casa sin recordar quién es ni cómo ha llegado hasta allí. A medida que recupera la memoria, empieza a descubrir su misión: resolver el enigma de la misteriosa sustancia que provoca la extinción del sol. Deberá recurrir a sus conocimientos científicos y a sus ideas poco ortodoxas para salvar todo lo que hay en la Tierra de la extinción... pero una amistad inesperada significa que quizá no tenga que hacerlo solo."
PROYECTO SALVACIÓN,"Phil Lord, Christopher Miller Phil Lord, Christopher Miller",156,09,17:00,2026-04-08,Renoir Princesa,https://www.pillalas.com/pase/1063171/,https://www.cinesrenoir.com/pelicula/proyecto-salvacion/,https://media.pillalas.com/imagenes/726afb526abffa83e6c1feb7321af23b8801ab24f13c97e12e3fed44336b2dfb4a257af2.jpg,Inglés,No recomendada para menores de 7 años,Viernes 27 Marzo 2026,"Ryan Gosling, Milana Vayntrub, Sandra Hüller, Ken Leung, Liz Kingsman, James Ortiz, Lionel Boyce, James Wright, Priya Kansara, Alice Brittain, Orion Lee, Aaron Neil, Isla Mcrae, Robert James Smith, Bastian Antonio Fuentes, Richie Cheung, Annelle Olaleye","El profesor de ciencias Ryland Grace (Ryan Gosling) se despierta en una nave espacial a años luz de casa sin recordar quién es ni cómo ha llegado hasta allí. A medida que recupera la memoria, empieza a descubrir su misión: resolver el enigma de la misteriosa sustancia que provoca la extinción del sol. Deberá recurrir a sus conocimientos científicos y a sus ideas poco ortodoxas para salvar todo lo que hay en la Tierra de la extinción... pero una amistad inesperada significa que quizá no tenga que hacerlo solo."
PROYECTO SALVACIÓN,"Phil Lord, Christopher Miller Phil Lord, Christopher Miller",156,11,18:50,2026-04-08,Renoir Princesa,https://www.pillalas.com/pase/1063239/,https://www.cinesrenoir.com/pelicula/proyecto-salvacion/,https://media.pillalas.com/imagenes/726afb526abffa83e6c1feb7321af23b8801ab24f13c97e12e3fed44336b2dfb4a257af2.jpg,Inglés,No recomendada para menores de 7 años,Viernes 27 Marzo 2026,"Ryan Gosling, Milana Vayntrub, Sandra Hüller, Ken Leung, Liz Kingsman, James Ortiz, Lionel Boyce, James Wright, Priya Kansara, Alice Brittain, Orion Lee, Aaron Neil, Isla Mcrae, Robert James Smith, Bastian Antonio Fuentes, Richie Cheung, Annelle Olaleye","El profesor de ciencias Ryland Grace (Ryan Gosling) se despierta en una nave espacial a años luz de casa sin recordar quién es ni cómo ha llegado hasta allí. A medida que recupera la memoria, empieza a descubrir su misión: resolver el enigma de la misteriosa sustancia que provoca la extinción del sol. Deberá recurrir a sus conocimientos científicos y a sus ideas poco ortodoxas para salvar todo lo que hay en la Tierra de la extinción... pero una amistad inesperada significa que quizá no tenga que hacerlo solo."
PROYECTO SALVACIÓN,"Phil Lord, Christopher Miller Phil Lord, Christopher Miller",156,09,20:00,2026-04-08,Renoir Princesa,https://www.pillalas.com/pase/1063174/,https://www.cinesrenoir.com/pelicula/proyecto-salvacion/,https://media.pillalas.com/imagenes/726afb526abffa83e6c1feb7321af23b8801ab24f13c97e12e3fed44336b2dfb4a257af2.jpg,Inglés,No recomendada para menores de 7 años,Viernes 27 Marzo 2026,"Ryan Gosling, Milana Vayntrub, Sandra Hüller, Ken Leung, Liz Kingsman, James Ortiz, Lionel Boyce, James Wright, Priya Kansara, Alice Brittain, Orion Lee, Aaron Neil, Isla Mcrae, Robert James Smith, Bastian Antonio Fuentes, Richie Cheung, Annelle Olaleye","El profesor de ciencias Ryland Grace (Ryan Gosling) se despierta en una nave espacial a años luz de casa sin recordar quién es ni cómo ha llegado hasta allí. A medida que recupera la memoria, empieza a descubrir su misión: resolver el enigma de la misteriosa sustancia que provoca la extinción del sol. Deberá recurrir a sus conocimientos científicos y a sus ideas poco ortodoxas para salvar todo lo que hay en la Tierra de la extinción... pero una amistad inesperada significa que quizá no tenga que hacerlo solo."
PROYECTO SALVACIÓN,"Phil Lord, Christopher Miller Phil Lord, Christopher Miller",156,11,21:40,2026-04-08,Renoir Princesa,https://www.pillalas.com/pase/1063241/,https://www.cinesrenoir.com/pelicula/proyecto-salvacion/,https://media.pillalas.com/imagenes/726afb526abffa83e6c1feb7321af23b8801ab24f13c97e12e3fed44336b2dfb4a257af2.jpg,Inglés,No recomendada para menores de 7 años,Viernes 27 Marzo 2026,"Ryan Gosling, Milana Vayntrub, Sandra Hüller, Ken Leung, Liz Kingsman, James Ortiz, Lionel Boyce, James Wright, Priya Kansara, Alice Brittain, Orion Lee, Aaron Neil, Isla Mcrae, Robert James Smith, Bastian Antonio Fuentes, Richie Cheung, Annelle Olaleye","El profesor de ciencias Ryland Grace (Ryan Gosling) se despierta en una nave espacial a años luz de casa sin recordar quién es ni cómo ha llegado hasta allí. A medida que recupera la memoria, empieza a descubrir su misión: resolver el enigma de la misteriosa sustancia que provoca la extinción del sol. Deberá recurrir a sus conocimientos científicos y a sus ideas poco ortodoxas para salvar todo lo que hay en la Tierra de la extinción... pero una amistad inesperada significa que quizá no tenga que hacerlo solo."
SUPER MARIO GALAXY LA PELÍCULA,"Aaron Horvath, Michael Jelenic",98,04,15:50,2026-04-08,Renoir Princesa,https://www.pillalas.com/pase/1063068/,https://www.cinesrenoir.com/pelicula/super-mario-galaxy-la-pelicula/,https://media.pillalas.com/imagenes/726afb526abffa83e3d00dd4194aace4c471be49f67b75bbca3feb3a09d7a0a206d53691.jpg,Inglés,No recomendada para menores de 7 años  y distintivo especialmente recomendada para la infancia,Miércoles 1 Abril 2026,Animación,"La película tiene lugar después de los acontecimientos de la primera, en la que dos hermanos, Mario y Luigi, y la princesa Peach emprenden una aventura hasta los confines del espacio y a través de la galaxia. Secuela de ""Super Mario Bros: La película"", basada en la saga ""Mario Galaxy""."
SUPER MARIO GALAXY LA PELÍCULA,"Aaron Horvath, Michael Jelenic",98,10,18:00,2026-04-08,Renoir Princesa,https://www.pillalas.com/pase/1063238/,https://www.cinesrenoir.com/pelicula/super-mario-galaxy-la-pelicula/,https://media.pillalas.com/imagenes/726afb526abffa83e3d00dd4194aace4c471be49f67b75bbca3feb3a09d7a0a206d53691.jpg,Inglés,No recomendada para menores de 7 años  y distintivo especialmente recomendada para la infancia,Miércoles 1 Abril 2026,Animación,"La película tiene lugar después de los acontecimientos de la primera, en la que dos hermanos, Mario y Luigi, y la princesa Peach emprenden una aventura hasta los confines del espacio y a través de la galaxia. Secuela de ""Super Mario Bros: La película"", basada en la saga ""Mario Galaxy""."
SUPER MARIO GALAXY LA PELÍCULA,"Aaron Horvath, Michael Jelenic",98,10,20:00,2026-04-08,Renoir Princesa,https://www.pillalas.com/pase/1063240/,https://www.cinesrenoir.com/pelicula/super-mario-galaxy-la-pelicula/,https://media.pillalas.com/imagenes/726afb526abffa83e3d00dd4194aace4c471be49f67b75bbca3feb3a09d7a0a206d53691.jpg,Inglés,No recomendada para menores de 7 años  y distintivo especialmente recomendada para la infancia,Miércoles 1 Abril 2026,Animación,"La película tiene lugar después de los acontecimientos de la primera, en la que dos hermanos, Mario y Luigi, y la princesa Peach emprenden una aventura hasta los confines del espacio y a través de la galaxia. Secuela de ""Super Mario Bros: La película"", basada en la saga ""Mario Galaxy""."
SUPER MARIO GALAXY LA PELÍCULA,"Aaron Horvath, Michael Jelenic",98,04,22:45,2026-04-08,Renoir Princesa,https://www.pillalas.com/pase/1063083/,https://www.cinesrenoir.com/pelicula/super-mario-galaxy-la-pelicula/,https://media.pillalas.com/imagenes/726afb526abffa83e3d00dd4194aace4c471be49f67b75bbca3feb3a09d7a0a206d53691.jpg,Inglés,No recomendada para menores de 7 años  y distintivo especialmente recomendada para la infancia,Miércoles 1 Abril 2026,Animación,"La película tiene lugar después de los acontecimientos de la primera, en la que dos hermanos, Mario y Luigi, y la princesa Peach emprenden una aventura hasta los confines del espacio y a través de la galaxia. Secuela de ""Super Mario Bros: La película"", basada en la saga ""Mario Galaxy""."
TORRENTE PRESIDENTE,Santiago Segura,103,07,15:50,2026-04-08,Renoir Princesa,https://www.pillalas.com/pase/1063169/,https://www.cinesrenoir.com/pelicula/torrente-presidente/,https://www.cinesrenoir.com/media/Peliculas/Cartel/torrente_presidente1.jpg,Castellano,No recomendada para menores de 16 años,Viernes 13 Marzo 2026,"Santiago Segura, Leo Harlem, Ramón Langa",Sexta entrega de Torrente.
TORRENTE PRESIDENTE,Santiago Segura,103,02,18:20,2026-04-08,Renoir Princesa,https://www.pillalas.com/pase/1062945/,https://www.cinesrenoir.com/pelicula/torrente-presidente/,https://www.cinesrenoir.com/media/Peliculas/Cartel/torrente_presidente1.jpg,Castellano,No recomendada para menores de 16 años,Viernes 13 Marzo 2026,"Santiago Segura, Leo Harlem, Ramón Langa",Sexta entrega de Torrente.
TORRENTE PRESIDENTE,Santiago Segura,103,02,20:15,2026-04-08,Renoir Princesa,https://www.pillalas.com/pase/1062946/,https://www.cinesrenoir.com/pelicula/torrente-presidente/,https://www.cinesrenoir.com/media/Peliculas/Cartel/torrente_presidente1.jpg,Castellano,No recomendada para menores de 16 años,Viernes 13 Marzo 2026,"Santiago Segura, Leo Harlem, Ramón Langa",Sexta entrega de Torrente.
TORRENTE PRESIDENTE,Santiago Segura,103,07,22:30,2026-04-08,Renoir Princesa,https://www.pillalas.com/pase/1063177/,https://www.cinesrenoir.com/pelicula/torrente-presidente/,https://www.cinesrenoir.com/media/Peliculas/Cartel/torrente_presidente1.jpg,Castellano,No recomendada para menores de 16 años,Viernes 13 Marzo 2026,"Santiago Segura, Leo Harlem, Ramón Langa",Sexta entrega de Torrente.
TRES ADIOSES,Isabel Coixet,122,08,16:00,2026-04-08,Renoir Princesa,https://www.pillalas.com/pase/1063170/,https://www.cinesrenoir.com/pelicula/tres-adioses/,https://media.pillalas.com/imagenes/726afb526abffa832ea2a44a189894de905fc7e94534a8bf4ef6bf13e5ccdfe90922c22e.jpg,Italiano,No recomendada para menores de 12 años,Viernes 6 Febrero 2026,"Alba Rohrwacher, Elio Germano, Francesco Carril, Silvia D Amico, Galatea Bellugi, Sarita Choudhury","Tras lo que parecía una discusión sin importancia, Marta (Alba Rohrwacher) y Antonio (Elio Germano) se separan. Él, un chef prometedor, se refugia en sus fogones; ella, en su silencio, empieza a notar algo más que tristeza: ha perdido el apetito… y no solo por desamor. Cuando descubre que detrás hay un problema de salud, todo da un giro inesperado: la comida sabe mejor, la música le llega como nunca y el deseo despierta sus ganas de vivir sin miedo.
Una historia sobre el amor, la vida y esos momentos que lo cambian todo para siempre."
TRES ADIOSES,Isabel Coixet,122,08,20:25,2026-04-08,Renoir Princesa,https://www.pillalas.com/pase/1063176/,https://www.cinesrenoir.com/pelicula/tres-adioses/,https://media.pillalas.com/imagenes/726afb526abffa832ea2a44a189894de905fc7e94534a8bf4ef6bf13e5ccdfe90922c22e.jpg,Italiano,No recomendada para menores de 12 años,Viernes 6 Febrero 2026,"Alba Rohrwacher, Elio Germano, Francesco Carril, Silvia D Amico, Galatea Bellugi, Sarita Choudhury","Tras lo que parecía una discusión sin importancia, Marta (Alba Rohrwacher) y Antonio (Elio Germano) se separan. Él, un chef prometedor, se refugia en sus fogones; ella, en su silencio, empieza a notar algo más que tristeza: ha perdido el apetito… y no solo por desamor. Cuando descubre que detrás hay un problema de salud, todo da un giro inesperado: la comida sabe mejor, la música le llega como nunca y el deseo despierta sus ganas de vivir sin miedo.
Una historia sobre el amor, la vida y esos momentos que lo cambian todo para siempre."
UNA HIJA EN TOKIO,Guillaume Senez,99,01,16:00,2026-04-08,Renoir Princesa,https://www.pillalas.com/pase/1062943/,https://www.cinesrenoir.com/pelicula/una-hija-en-tokio/,https://media.pillalas.com/imagenes/726afb526abffa8327fbd986c984eb728e0f1c714c7a6aa328ebfc96eb29c6586b207f0e.jpg,Francés,No recomendada para menores de 7 años,Viernes 20 Marzo 2026,"Romain Duris, Judith Chemla, Mei Cirne-Masuki","Cada día, Jérôme (Romain Duris) recorre Tokio con su taxi mientras intenta encontrar a su hija, Lily. Nueve años después de separarse y sin haber logrado su custodia, empieza a pensar que es hora de rendirse y volver a Francia. Pero cuando está a punto de hacerlo, Lily sube a su taxi."
ALTAS CAPACIDADES,Víctor García León,101,10,16:00,2026-04-09,Renoir Princesa,https://www.pillalas.com/pase/1063243/,https://www.cinesrenoir.com/pelicula/altas-capacidades/,https://media.pillalas.com/imagenes/726afb526abffa83d22d791f6bb1a5c2569f3d5a548c994a3c4d94a4c257992f931f1da5.jpg,Castellano,No recomendada para menores de 16 años,Viernes 27 Marzo 2026,"Marian Álvarez, Israel Elejalde, Juan Diego Botto, Pilar Castro, Natalia Reyes, Fran Cantos, Bea Segura, Elena Sanz, Celine Tyll, Suso Nanclares","Alicia y Gonzalo, una pareja de clase media, se encuentran con la oportunidad de matricular a su hijo Fer en un colegio laico de élite. Para los padres supone asomar la cabeza en la clase alta, nuevas amistades, mayores ingresos, ventajas incontables. Dicen hacerlo por su hijo.   
En esta maravillosa contradicción entre los miedos y los principios morales, las aspiraciones de la pareja se llevarán por delante lo que, hasta entonces, creían incuestionable."
ALTAS CAPACIDADES,Víctor García León,101,06,18:30,2026-04-09,Renoir Princesa,https://www.pillalas.com/pase/1063091/,https://www.cinesrenoir.com/pelicula/altas-capacidades/,https://media.pillalas.com/imagenes/726afb526abffa83d22d791f6bb1a5c2569f3d5a548c994a3c4d94a4c257992f931f1da5.jpg,Castellano,No recomendada para menores de 16 años,Viernes 27 Marzo 2026,"Marian Álvarez, Israel Elejalde, Juan Diego Botto, Pilar Castro, Natalia Reyes, Fran Cantos, Bea Segura, Elena Sanz, Celine Tyll, Suso Nanclares","Alicia y Gonzalo, una pareja de clase media, se encuentran con la oportunidad de matricular a su hijo Fer en un colegio laico de élite. Para los padres supone asomar la cabeza en la clase alta, nuevas amistades, mayores ingresos, ventajas incontables. Dicen hacerlo por su hijo.   
En esta maravillosa contradicción entre los miedos y los principios morales, las aspiraciones de la pareja se llevarán por delante lo que, hasta entonces, creían incuestionable."
ALTAS CAPACIDADES,Víctor García León,101,06,20:25,2026-04-09,Renoir Princesa,https://www.pillalas.com/pase/1063095/,https://www.cinesrenoir.com/pelicula/altas-capacidades/,https://media.pillalas.com/imagenes/726afb526abffa83d22d791f6bb1a5c2569f3d5a548c994a3c4d94a4c257992f931f1da5.jpg,Castellano,No recomendada para menores de 16 años,Viernes 27 Marzo 2026,"Marian Álvarez, Israel Elejalde, Juan Diego Botto, Pilar Castro, Natalia Reyes, Fran Cantos, Bea Segura, Elena Sanz, Celine Tyll, Suso Nanclares","Alicia y Gonzalo, una pareja de clase media, se encuentran con la oportunidad de matricular a su hijo Fer en un colegio laico de élite. Para los padres supone asomar la cabeza en la clase alta, nuevas amistades, mayores ingresos, ventajas incontables. Dicen hacerlo por su hijo.   
En esta maravillosa contradicción entre los miedos y los principios morales, las aspiraciones de la pareja se llevarán por delante lo que, hasta entonces, creían incuestionable."
ALTAS CAPACIDADES,Víctor García León,101,08,22:45,2026-04-09,Renoir Princesa,https://www.pillalas.com/pase/1063186/,https://www.cinesrenoir.com/pelicula/altas-capacidades/,https://media.pillalas.com/imagenes/726afb526abffa83d22d791f6bb1a5c2569f3d5a548c994a3c4d94a4c257992f931f1da5.jpg,Castellano,No recomendada para menores de 16 años,Viernes 27 Marzo 2026,"Marian Álvarez, Israel Elejalde, Juan Diego Botto, Pilar Castro, Natalia Reyes, Fran Cantos, Bea Segura, Elena Sanz, Celine Tyll, Suso Nanclares","Alicia y Gonzalo, una pareja de clase media, se encuentran con la oportunidad de matricular a su hijo Fer en un colegio laico de élite. Para los padres supone asomar la cabeza en la clase alta, nuevas amistades, mayores ingresos, ventajas incontables. Dicen hacerlo por su hijo.   
En esta maravillosa contradicción entre los miedos y los principios morales, las aspiraciones de la pareja se llevarán por delante lo que, hasta entonces, creían incuestionable."
AMARGA NAVIDAD,Pedro Almodóvar,111,05,16:00,2026-04-09,Renoir Princesa,https://www.pillalas.com/pase/1063087/,https://www.cinesrenoir.com/pelicula/amarga-navidad/,https://media.pillalas.com/imagenes/726afb526abffa83b60c45c3634993c0e9bd987d873c6c32a8009c3b4ee414d3a40e41c1.jpg,Castellano,No recomendada para menores de 12 años,Viernes 20 Marzo 2026,"Bárbara Lennie, Leonardo Sbaraglia, Aitana Sánchez-Gijón, Victoria Luengo, Patrick Criado, Milena Smit, Quim Gutiérrez, Rossy De Palma, Carmen Machi, Gloria Muñoz","Elsa es una directora de publicidad cuya madre muere durante un largo puente del mes de diciembre. Encuentra refugio en el trabajo, aunque es más bien una huida hacia adelante. Trabaja sin parar y, sin darse cuenta, no se concede el tiempo necesario para guardar el duelo por la ausencia materna. Hasta que una crisis de pánico la obliga a detenerse e imponerse un descanso. Su pareja, Bonifacio, es su tabla de salvación en esos momentos de crisis. Elsa decide viajar a la isla de Lanzarote acompañada por su amiga Patricia, que también necesita alejarse de Madrid, mientras que Bonifacio se queda en la ciudad.
La historia de estos tres personajes, y algunos más, se narran paralelamente a la del guionista y director de cine Raúl Durán, entremezclando ficción y realidad. Porque ‘Amarga Navidad’ desarrolla cómo la vida y la ficción están unidas de un modo indisoluble, incluso doloroso en ocasiones."
AMARGA NAVIDAD,Pedro Almodóvar,111,05,18:10,2026-04-09,Renoir Princesa,https://www.pillalas.com/pase/1063090/,https://www.cinesrenoir.com/pelicula/amarga-navidad/,https://media.pillalas.com/imagenes/726afb526abffa83b60c45c3634993c0e9bd987d873c6c32a8009c3b4ee414d3a40e41c1.jpg,Castellano,No recomendada para menores de 12 años,Viernes 20 Marzo 2026,"Bárbara Lennie, Leonardo Sbaraglia, Aitana Sánchez-Gijón, Victoria Luengo, Patrick Criado, Milena Smit, Quim Gutiérrez, Rossy De Palma, Carmen Machi, Gloria Muñoz","Elsa es una directora de publicidad cuya madre muere durante un largo puente del mes de diciembre. Encuentra refugio en el trabajo, aunque es más bien una huida hacia adelante. Trabaja sin parar y, sin darse cuenta, no se concede el tiempo necesario para guardar el duelo por la ausencia materna. Hasta que una crisis de pánico la obliga a detenerse e imponerse un descanso. Su pareja, Bonifacio, es su tabla de salvación en esos momentos de crisis. Elsa decide viajar a la isla de Lanzarote acompañada por su amiga Patricia, que también necesita alejarse de Madrid, mientras que Bonifacio se queda en la ciudad.
La historia de estos tres personajes, y algunos más, se narran paralelamente a la del guionista y director de cine Raúl Durán, entremezclando ficción y realidad. Porque ‘Amarga Navidad’ desarrolla cómo la vida y la ficción están unidas de un modo indisoluble, incluso doloroso en ocasiones."
AMARGA NAVIDAD,Pedro Almodóvar,111,05,20:20,2026-04-09,Renoir Princesa,https://www.pillalas.com/pase/1063094/,https://www.cinesrenoir.com/pelicula/amarga-navidad/,https://media.pillalas.com/imagenes/726afb526abffa83b60c45c3634993c0e9bd987d873c6c32a8009c3b4ee414d3a40e41c1.jpg,Castellano,No recomendada para menores de 12 años,Viernes 20 Marzo 2026,"Bárbara Lennie, Leonardo Sbaraglia, Aitana Sánchez-Gijón, Victoria Luengo, Patrick Criado, Milena Smit, Quim Gutiérrez, Rossy De Palma, Carmen Machi, Gloria Muñoz","Elsa es una directora de publicidad cuya madre muere durante un largo puente del mes de diciembre. Encuentra refugio en el trabajo, aunque es más bien una huida hacia adelante. Trabaja sin parar y, sin darse cuenta, no se concede el tiempo necesario para guardar el duelo por la ausencia materna. Hasta que una crisis de pánico la obliga a detenerse e imponerse un descanso. Su pareja, Bonifacio, es su tabla de salvación en esos momentos de crisis. Elsa decide viajar a la isla de Lanzarote acompañada por su amiga Patricia, que también necesita alejarse de Madrid, mientras que Bonifacio se queda en la ciudad.
La historia de estos tres personajes, y algunos más, se narran paralelamente a la del guionista y director de cine Raúl Durán, entremezclando ficción y realidad. Porque ‘Amarga Navidad’ desarrolla cómo la vida y la ficción están unidas de un modo indisoluble, incluso doloroso en ocasiones."
AMARGA NAVIDAD,Pedro Almodóvar,111,05,22:30,2026-04-09,Renoir Princesa,https://www.pillalas.com/pase/1063098/,https://www.cinesrenoir.com/pelicula/amarga-navidad/,https://media.pillalas.com/imagenes/726afb526abffa83b60c45c3634993c0e9bd987d873c6c32a8009c3b4ee414d3a40e41c1.jpg,Castellano,No recomendada para menores de 12 años,Viernes 20 Marzo 2026,"Bárbara Lennie, Leonardo Sbaraglia, Aitana Sánchez-Gijón, Victoria Luengo, Patrick Criado, Milena Smit, Quim Gutiérrez, Rossy De Palma, Carmen Machi, Gloria Muñoz","Elsa es una directora de publicidad cuya madre muere durante un largo puente del mes de diciembre. Encuentra refugio en el trabajo, aunque es más bien una huida hacia adelante. Trabaja sin parar y, sin darse cuenta, no se concede el tiempo necesario para guardar el duelo por la ausencia materna. Hasta que una crisis de pánico la obliga a detenerse e imponerse un descanso. Su pareja, Bonifacio, es su tabla de salvación en esos momentos de crisis. Elsa decide viajar a la isla de Lanzarote acompañada por su amiga Patricia, que también necesita alejarse de Madrid, mientras que Bonifacio se queda en la ciudad.
La historia de estos tres personajes, y algunos más, se narran paralelamente a la del guionista y director de cine Raúl Durán, entremezclando ficción y realidad. Porque ‘Amarga Navidad’ desarrolla cómo la vida y la ficción están unidas de un modo indisoluble, incluso doloroso en ocasiones."
"BAJO LAS BANDERAS, EL SOL",Juanjo Pereira,90,08,20:30,2026-04-09,Renoir Princesa,https://www.pillalas.com/pase/1061871/,https://www.cinesrenoir.com/pelicula/bajo-las-banderas-el-sol/,https://media.pillalas.com/imagenes/726afb526abffa831dd219c488172e2d8711f2668454dbaccfdb6c5220bd0ec5c998e0a4.jpg,Castellano,No recomendada para menores de 12 años,Martes 7 Abril 2026,Documental,"A través de material de archivo inédito y largamente olvidado, este documental descubre la maquinaria oculta de la dictadura de Alfredo Stroessner (1912-2006) en Paraguay, uno de los regímenes más largos de la historia. Desde la propaganda hasta las emisiones internacionales, la película expone cómo los medios modelaron el poder, controlaron la memoria y construyeron un legado que todavía perdura hoy."
DOS FISCALES,Sergei Loznitsa,118,03,18:00,2026-04-09,Renoir Princesa,https://www.pillalas.com/pase/1063089/,https://www.cinesrenoir.com/pelicula/dos-fiscales/,https://media.pillalas.com/imagenes/726afb526abffa830c3c423779c946ba39f1040130fd9fcd8d9eaeea39e4fd89a12b03d5.jpg,Ruso Y Ucraniano,No recomendada para menores de 12 años,Viernes 27 Marzo 2026,"Alexander Kuznetsov, Anatoliy Beliy, Aleksandr Filippenko, Vytautas Kaniusonis, Andris Keiss, Valentin Novopolskij, Orest Pasko, Lukas Petrauskas, Sergey Podymin, Ivgeny Terletsky","Unión Soviética, 1937. Miles de cartas de detenidos acusados falsamente por el régimen son quemadas en una celda de la prisión. Contra todo pronóstico, una de ellas llega a su destino, el escritorio del recién nombrado fiscal local, Alexander Kornyev. Kornyev hace todo lo posible por reunirse con el prisionero, víctima de los agentes de la policía secreta, la NKVD. El joven fiscal, un bolchevique íntegro y dedicado, sospecha que se trata de un juego sucio. Su búsqueda de justicia lo llevará hasta la oficina del Fiscal General en Moscú. En la época de las grandes purgas estalinistas, un hombre se sumerge en los pasillos de un régimen que no quiere ser llamado totalitario."
DOS FISCALES,Sergei Loznitsa,118,03,22:25,2026-04-09,Renoir Princesa,https://www.pillalas.com/pase/1063096/,https://www.cinesrenoir.com/pelicula/dos-fiscales/,https://media.pillalas.com/imagenes/726afb526abffa830c3c423779c946ba39f1040130fd9fcd8d9eaeea39e4fd89a12b03d5.jpg,Ruso Y Ucraniano,No recomendada para menores de 12 años,Viernes 27 Marzo 2026,"Alexander Kuznetsov, Anatoliy Beliy, Aleksandr Filippenko, Vytautas Kaniusonis, Andris Keiss, Valentin Novopolskij, Orest Pasko, Lukas Petrauskas, Sergey Podymin, Ivgeny Terletsky","Unión Soviética, 1937. Miles de cartas de detenidos acusados falsamente por el régimen son quemadas en una celda de la prisión. Contra todo pronóstico, una de ellas llega a su destino, el escritorio del recién nombrado fiscal local, Alexander Kornyev. Kornyev hace todo lo posible por reunirse con el prisionero, víctima de los agentes de la policía secreta, la NKVD. El joven fiscal, un bolchevique íntegro y dedicado, sospecha que se trata de un juego sucio. Su búsqueda de justicia lo llevará hasta la oficina del Fiscal General en Moscú. En la época de las grandes purgas estalinistas, un hombre se sumerge en los pasillos de un régimen que no quiere ser llamado totalitario."
EL AGENTE SECRETO,Kleber Mendonça Filho,160,01,18:00,2026-04-09,Renoir Princesa,https://www.pillalas.com/pase/1062951/,https://www.cinesrenoir.com/pelicula/el-agente-secreto/,https://media.pillalas.com/imagenes/726afb526abffa83bdba0b90e98cf11293bcd8b9c8be1af817aa6c045cd8f479730f7511.jpg,Portugués,No recomendada para menores de 16 años,Viernes 20 Febrero 2026,"Wagner Moura, Gabriel Leone, Udo Kier, Maria Fernanda Cândido","1977. En un Brasil atormentado por la dictadura militar, Marcelo, un cuarentón que huye de un pasado turbulento, llega a la ciudad de Recife, donde espera construir una nueva vida y reencontrarse con su hijo. Todo se complica cuando descubre que las fuerzas gubernamentales le persiguen y las amenazas de muerte se ciernen sobre su cabeza."
EL AGENTE SECRETO,Kleber Mendonça Filho,160,01,21:30,2026-04-09,Renoir Princesa,https://www.pillalas.com/pase/1062954/,https://www.cinesrenoir.com/pelicula/el-agente-secreto/,https://media.pillalas.com/imagenes/726afb526abffa83bdba0b90e98cf11293bcd8b9c8be1af817aa6c045cd8f479730f7511.jpg,Portugués,No recomendada para menores de 16 años,Viernes 20 Febrero 2026,"Wagner Moura, Gabriel Leone, Udo Kier, Maria Fernanda Cândido","1977. En un Brasil atormentado por la dictadura militar, Marcelo, un cuarentón que huye de un pasado turbulento, llega a la ciudad de Recife, donde espera construir una nueva vida y reencontrarse con su hijo. Todo se complica cuando descubre que las fuerzas gubernamentales le persiguen y las amenazas de muerte se ciernen sobre su cabeza."
HAMNET,Chloé Zhao,125,02,16:00,2026-04-09,Renoir Princesa,https://www.pillalas.com/pase/1062950/,https://www.cinesrenoir.com/pelicula/hamnet/,https://www.cinesrenoir.com/media/Peliculas/Cartel/HAMNET_Cartel_Digital_8Nominaciones_Oscar_YaEnCines_v2_2.jpg,Inglés,No recomendada para menores de 12 años,Viernes 23 Enero 2026,"Jessie Buckley, Paul Mescal, Joe Alwyn, Emily Watson","Año 1596, Stratford-upon-Avon, Inglaterra. La vida de Agnes transcurre plácidamente junto a su marido y sus tres hijos. Ella cultiva plantas medicinales mientras William trabaja en Londres. El destino, sin embargo, les reservará un duro golpe cuando su hijo Hamnet, de once años, muera repentinamente tras contraer la peste. A raíz de esta tragedia, su padre creará uno de los grandes personajes de la literatura universal, de nombre casi idéntico al de su hijo.


Pero esta película no habla de famosos sucesos sino de algo íntimo y olvidado: La vida de esta familia, y especialmente la de la mujer que la sostenía y que tuvo que cargar con una insoportable pérdida."
HAMNET,Chloé Zhao,125,07,17:50,2026-04-09,Renoir Princesa,https://www.pillalas.com/pase/1063182/,https://www.cinesrenoir.com/pelicula/hamnet/,https://www.cinesrenoir.com/media/Peliculas/Cartel/HAMNET_Cartel_Digital_8Nominaciones_Oscar_YaEnCines_v2_2.jpg,Inglés,No recomendada para menores de 12 años,Viernes 23 Enero 2026,"Jessie Buckley, Paul Mescal, Joe Alwyn, Emily Watson","Año 1596, Stratford-upon-Avon, Inglaterra. La vida de Agnes transcurre plácidamente junto a su marido y sus tres hijos. Ella cultiva plantas medicinales mientras William trabaja en Londres. El destino, sin embargo, les reservará un duro golpe cuando su hijo Hamnet, de once años, muera repentinamente tras contraer la peste. A raíz de esta tragedia, su padre creará uno de los grandes personajes de la literatura universal, de nombre casi idéntico al de su hijo.


Pero esta película no habla de famosos sucesos sino de algo íntimo y olvidado: La vida de esta familia, y especialmente la de la mujer que la sostenía y que tuvo que cargar con una insoportable pérdida."
HAMNET,Chloé Zhao,125,02,22:15,2026-04-09,Renoir Princesa,https://www.pillalas.com/pase/1062955/,https://www.cinesrenoir.com/pelicula/hamnet/,https://www.cinesrenoir.com/media/Peliculas/Cartel/HAMNET_Cartel_Digital_8Nominaciones_Oscar_YaEnCines_v2_2.jpg,Inglés,No recomendada para menores de 12 años,Viernes 23 Enero 2026,"Jessie Buckley, Paul Mescal, Joe Alwyn, Emily Watson","Año 1596, Stratford-upon-Avon, Inglaterra. La vida de Agnes transcurre plácidamente junto a su marido y sus tres hijos. Ella cultiva plantas medicinales mientras William trabaja en Londres. El destino, sin embargo, les reservará un duro golpe cuando su hijo Hamnet, de once años, muera repentinamente tras contraer la peste. A raíz de esta tragedia, su padre creará uno de los grandes personajes de la literatura universal, de nombre casi idéntico al de su hijo.


Pero esta película no habla de famosos sucesos sino de algo íntimo y olvidado: La vida de esta familia, y especialmente la de la mujer que la sostenía y que tuvo que cargar con una insoportable pérdida."
LA GRAZIA,Paolo Sorrentino,132,06,16:00,2026-04-09,Renoir Princesa,https://www.pillalas.com/pase/1063085/,https://www.cinesrenoir.com/pelicula/la-grazia/,https://media.pillalas.com/imagenes/726afb526abffa83c3be0b516c5fe20d16fbf7645320946527da276b1bc1ba4b27744cb3.jpg,Italiano,No recomendada para menores de 12 años,Miércoles 1 Abril 2026,"Toni Servillo, Anna Ferzetti, Orlando Cinque, Massimo Venturiello, Milvia Marigliano","El mandato de Mariano De Santis como presidente de Italia llega a su fin y se ve obligado a tomar desgarradoras decisiones políticas y personales. Entre dilemas morales, debe enfrentarse a su propia conciencia y buscar consejo en sus seres más cercanos, entre ellos Dorotea, su confidente e hija."
LA GRAZIA,Paolo Sorrentino,132,04,17:45,2026-04-09,Renoir Princesa,https://www.pillalas.com/pase/1063088/,https://www.cinesrenoir.com/pelicula/la-grazia/,https://media.pillalas.com/imagenes/726afb526abffa83c3be0b516c5fe20d16fbf7645320946527da276b1bc1ba4b27744cb3.jpg,Italiano,No recomendada para menores de 12 años,Miércoles 1 Abril 2026,"Toni Servillo, Anna Ferzetti, Orlando Cinque, Massimo Venturiello, Milvia Marigliano","El mandato de Mariano De Santis como presidente de Italia llega a su fin y se ve obligado a tomar desgarradoras decisiones políticas y personales. Entre dilemas morales, debe enfrentarse a su propia conciencia y buscar consejo en sus seres más cercanos, entre ellos Dorotea, su confidente e hija."
LA GRAZIA,Paolo Sorrentino,132,04,20:15,2026-04-09,Renoir Princesa,https://www.pillalas.com/pase/1063092/,https://www.cinesrenoir.com/pelicula/la-grazia/,https://media.pillalas.com/imagenes/726afb526abffa83c3be0b516c5fe20d16fbf7645320946527da276b1bc1ba4b27744cb3.jpg,Italiano,No recomendada para menores de 12 años,Miércoles 1 Abril 2026,"Toni Servillo, Anna Ferzetti, Orlando Cinque, Massimo Venturiello, Milvia Marigliano","El mandato de Mariano De Santis como presidente de Italia llega a su fin y se ve obligado a tomar desgarradoras decisiones políticas y personales. Entre dilemas morales, debe enfrentarse a su propia conciencia y buscar consejo en sus seres más cercanos, entre ellos Dorotea, su confidente e hija."
LA GRAZIA,Paolo Sorrentino,132,10,22:00,2026-04-09,Renoir Princesa,https://www.pillalas.com/pase/1063249/,https://www.cinesrenoir.com/pelicula/la-grazia/,https://media.pillalas.com/imagenes/726afb526abffa83c3be0b516c5fe20d16fbf7645320946527da276b1bc1ba4b27744cb3.jpg,Italiano,No recomendada para menores de 12 años,Miércoles 1 Abril 2026,"Toni Servillo, Anna Ferzetti, Orlando Cinque, Massimo Venturiello, Milvia Marigliano","El mandato de Mariano De Santis como presidente de Italia llega a su fin y se ve obligado a tomar desgarradoras decisiones políticas y personales. Entre dilemas morales, debe enfrentarse a su propia conciencia y buscar consejo en sus seres más cercanos, entre ellos Dorotea, su confidente e hija."
LOS DOMINGOS,Alauda Ruiz De Azúa,115,08,18:15,2026-04-09,Renoir Princesa,https://www.pillalas.com/pase/1063183/,https://www.cinesrenoir.com/pelicula/los-domingos/,https://www.cinesrenoir.com/media/Peliculas/Cartel/los_domingos_poster.jpg,Castellano,No recomendada para menores de 12 años,Viernes 24 Octubre 2025,"Patricia López Arnaiz, Blanca Soroa, Miguel Garcés, Juan Minujín, Mabel Rivera, Nagore Aramburu","'Los domingos' cuenta la historia de Ainara (Soroa), una joven idealista y brillante de 17 años que ha de decidir qué carrera universitaria estudiará. O, al menos, eso espera su familia que haga. Sin embargo, la joven manifiesta que se siente cada vez más cerca de Dios y que se plantea abrazar la vida de monja de clausura. La noticia pilla por sorpresa a toda la familia provocando un abismo y una prueba de fuego para todos."
LOS DOMINGOS,Alauda Ruiz De Azúa,115,06,22:25,2026-04-09,Renoir Princesa,https://www.pillalas.com/pase/1063097/,https://www.cinesrenoir.com/pelicula/los-domingos/,https://www.cinesrenoir.com/media/Peliculas/Cartel/los_domingos_poster.jpg,Castellano,No recomendada para menores de 12 años,Viernes 24 Octubre 2025,"Patricia López Arnaiz, Blanca Soroa, Miguel Garcés, Juan Minujín, Mabel Rivera, Nagore Aramburu","'Los domingos' cuenta la historia de Ainara (Soroa), una joven idealista y brillante de 17 años que ha de decidir qué carrera universitaria estudiará. O, al menos, eso espera su familia que haga. Sin embargo, la joven manifiesta que se siente cada vez más cerca de Dios y que se plantea abrazar la vida de monja de clausura. La noticia pilla por sorpresa a toda la familia provocando un abismo y una prueba de fuego para todos."
PERSÉPOLIS [WILDER CINEMA],"Marjane     Satrapi, Vincent     Paronnaud",97,07,20:00,2026-04-09,Renoir Princesa,https://www.pillalas.com/pase/1061880/,https://www.cinesrenoir.com/pelicula/persepolis-wilder-cinema/,https://media.pillalas.com/imagenes/726afb526abffa8371c0ff77ad85e2a1373b56623a678641dad10a574d43aca15cb2238c.jpg,Francés,No recomendada para menores de 7 años,Jueves 9 Abril 2026,Chiara Mastroianni,"Adaptación de la célebre novela gráfica de Marjane Satrapi, Persépolis es un retrato íntimo, político y profundamente humano sobre crecer entre revoluciones. A través de la mirada de una joven iraní que descubre el mundo mientras su país cambia radicalmente, la película combina humor, emoción y memoria histórica. Con una animación elegante y una voz narrativa muy personal, se ha convertido en una de las grandes obras del cine de animación contemporáneo."
PILLION,Harry Lighton,106,03,16:00,2026-04-09,Renoir Princesa,https://www.pillalas.com/pase/1063086/,https://www.cinesrenoir.com/pelicula/pillion/,https://www.cinesrenoir.com/media/Peliculas/Cartel/POSTER_2_3_web_1_1_1.png,Inglés,No recomendada para menores de 16 años,Viernes 6 Marzo 2026,"Harry Melling, Alexander Skarsgård, Lesley Sharp, Douglas Hodge","Colin, un chico introvertido, se queda prendado de Ray, el carismático y atractivo líder de una banda de moteros que le toma como su sumiso, dinamitando su rutina y cambiándole la vida."
PILLION,Harry Lighton,106,03,20:20,2026-04-09,Renoir Princesa,https://www.pillalas.com/pase/1063093/,https://www.cinesrenoir.com/pelicula/pillion/,https://www.cinesrenoir.com/media/Peliculas/Cartel/POSTER_2_3_web_1_1_1.png,Inglés,No recomendada para menores de 16 años,Viernes 6 Marzo 2026,"Harry Melling, Alexander Skarsgård, Lesley Sharp, Douglas Hodge","Colin, un chico introvertido, se queda prendado de Ray, el carismático y atractivo líder de una banda de moteros que le toma como su sumiso, dinamitando su rutina y cambiándole la vida."
PROYECTO SALVACIÓN,"Phil Lord, Christopher Miller Phil Lord, Christopher Miller",156,11,16:00,2026-04-09,Renoir Princesa,https://www.pillalas.com/pase/1063244/,https://www.cinesrenoir.com/pelicula/proyecto-salvacion/,https://media.pillalas.com/imagenes/726afb526abffa83e6c1feb7321af23b8801ab24f13c97e12e3fed44336b2dfb4a257af2.jpg,Inglés,No recomendada para menores de 7 años,Viernes 27 Marzo 2026,"Ryan Gosling, Milana Vayntrub, Sandra Hüller, Ken Leung, Liz Kingsman, James Ortiz, Lionel Boyce, James Wright, Priya Kansara, Alice Brittain, Orion Lee, Aaron Neil, Isla Mcrae, Robert James Smith, Bastian Antonio Fuentes, Richie Cheung, Annelle Olaleye","El profesor de ciencias Ryland Grace (Ryan Gosling) se despierta en una nave espacial a años luz de casa sin recordar quién es ni cómo ha llegado hasta allí. A medida que recupera la memoria, empieza a descubrir su misión: resolver el enigma de la misteriosa sustancia que provoca la extinción del sol. Deberá recurrir a sus conocimientos científicos y a sus ideas poco ortodoxas para salvar todo lo que hay en la Tierra de la extinción... pero una amistad inesperada significa que quizá no tenga que hacerlo solo."
PROYECTO SALVACIÓN,"Phil Lord, Christopher Miller Phil Lord, Christopher Miller",156,09,17:00,2026-04-09,Renoir Princesa,https://www.pillalas.com/pase/1063181/,https://www.cinesrenoir.com/pelicula/proyecto-salvacion/,https://media.pillalas.com/imagenes/726afb526abffa83e6c1feb7321af23b8801ab24f13c97e12e3fed44336b2dfb4a257af2.jpg,Inglés,No recomendada para menores de 7 años,Viernes 27 Marzo 2026,"Ryan Gosling, Milana Vayntrub, Sandra Hüller, Ken Leung, Liz Kingsman, James Ortiz, Lionel Boyce, James Wright, Priya Kansara, Alice Brittain, Orion Lee, Aaron Neil, Isla Mcrae, Robert James Smith, Bastian Antonio Fuentes, Richie Cheung, Annelle Olaleye","El profesor de ciencias Ryland Grace (Ryan Gosling) se despierta en una nave espacial a años luz de casa sin recordar quién es ni cómo ha llegado hasta allí. A medida que recupera la memoria, empieza a descubrir su misión: resolver el enigma de la misteriosa sustancia que provoca la extinción del sol. Deberá recurrir a sus conocimientos científicos y a sus ideas poco ortodoxas para salvar todo lo que hay en la Tierra de la extinción... pero una amistad inesperada significa que quizá no tenga que hacerlo solo."
PROYECTO SALVACIÓN,"Phil Lord, Christopher Miller Phil Lord, Christopher Miller",156,11,18:50,2026-04-09,Renoir Princesa,https://www.pillalas.com/pase/1063246/,https://www.cinesrenoir.com/pelicula/proyecto-salvacion/,https://media.pillalas.com/imagenes/726afb526abffa83e6c1feb7321af23b8801ab24f13c97e12e3fed44336b2dfb4a257af2.jpg,Inglés,No recomendada para menores de 7 años,Viernes 27 Marzo 2026,"Ryan Gosling, Milana Vayntrub, Sandra Hüller, Ken Leung, Liz Kingsman, James Ortiz, Lionel Boyce, James Wright, Priya Kansara, Alice Brittain, Orion Lee, Aaron Neil, Isla Mcrae, Robert James Smith, Bastian Antonio Fuentes, Richie Cheung, Annelle Olaleye","El profesor de ciencias Ryland Grace (Ryan Gosling) se despierta en una nave espacial a años luz de casa sin recordar quién es ni cómo ha llegado hasta allí. A medida que recupera la memoria, empieza a descubrir su misión: resolver el enigma de la misteriosa sustancia que provoca la extinción del sol. Deberá recurrir a sus conocimientos científicos y a sus ideas poco ortodoxas para salvar todo lo que hay en la Tierra de la extinción... pero una amistad inesperada significa que quizá no tenga que hacerlo solo."
PROYECTO SALVACIÓN,"Phil Lord, Christopher Miller Phil Lord, Christopher Miller",156,09,20:00,2026-04-09,Renoir Princesa,https://www.pillalas.com/pase/1063184/,https://www.cinesrenoir.com/pelicula/proyecto-salvacion/,https://media.pillalas.com/imagenes/726afb526abffa83e6c1feb7321af23b8801ab24f13c97e12e3fed44336b2dfb4a257af2.jpg,Inglés,No recomendada para menores de 7 años,Viernes 27 Marzo 2026,"Ryan Gosling, Milana Vayntrub, Sandra Hüller, Ken Leung, Liz Kingsman, James Ortiz, Lionel Boyce, James Wright, Priya Kansara, Alice Brittain, Orion Lee, Aaron Neil, Isla Mcrae, Robert James Smith, Bastian Antonio Fuentes, Richie Cheung, Annelle Olaleye","El profesor de ciencias Ryland Grace (Ryan Gosling) se despierta en una nave espacial a años luz de casa sin recordar quién es ni cómo ha llegado hasta allí. A medida que recupera la memoria, empieza a descubrir su misión: resolver el enigma de la misteriosa sustancia que provoca la extinción del sol. Deberá recurrir a sus conocimientos científicos y a sus ideas poco ortodoxas para salvar todo lo que hay en la Tierra de la extinción... pero una amistad inesperada significa que quizá no tenga que hacerlo solo."
PROYECTO SALVACIÓN,"Phil Lord, Christopher Miller Phil Lord, Christopher Miller",156,11,21:40,2026-04-09,Renoir Princesa,https://www.pillalas.com/pase/1063248/,https://www.cinesrenoir.com/pelicula/proyecto-salvacion/,https://media.pillalas.com/imagenes/726afb526abffa83e6c1feb7321af23b8801ab24f13c97e12e3fed44336b2dfb4a257af2.jpg,Inglés,No recomendada para menores de 7 años,Viernes 27 Marzo 2026,"Ryan Gosling, Milana Vayntrub, Sandra Hüller, Ken Leung, Liz Kingsman, James Ortiz, Lionel Boyce, James Wright, Priya Kansara, Alice Brittain, Orion Lee, Aaron Neil, Isla Mcrae, Robert James Smith, Bastian Antonio Fuentes, Richie Cheung, Annelle Olaleye","El profesor de ciencias Ryland Grace (Ryan Gosling) se despierta en una nave espacial a años luz de casa sin recordar quién es ni cómo ha llegado hasta allí. A medida que recupera la memoria, empieza a descubrir su misión: resolver el enigma de la misteriosa sustancia que provoca la extinción del sol. Deberá recurrir a sus conocimientos científicos y a sus ideas poco ortodoxas para salvar todo lo que hay en la Tierra de la extinción... pero una amistad inesperada significa que quizá no tenga que hacerlo solo."
SUPER MARIO GALAXY LA PELÍCULA,"Aaron Horvath, Michael Jelenic",98,04,15:50,2026-04-09,Renoir Princesa,https://www.pillalas.com/pase/1063084/,https://www.cinesrenoir.com/pelicula/super-mario-galaxy-la-pelicula/,https://media.pillalas.com/imagenes/726afb526abffa83e3d00dd4194aace4c471be49f67b75bbca3feb3a09d7a0a206d53691.jpg,Inglés,No recomendada para menores de 7 años  y distintivo especialmente recomendada para la infancia,Miércoles 1 Abril 2026,Animación,"La película tiene lugar después de los acontecimientos de la primera, en la que dos hermanos, Mario y Luigi, y la princesa Peach emprenden una aventura hasta los confines del espacio y a través de la galaxia. Secuela de ""Super Mario Bros: La película"", basada en la saga ""Mario Galaxy""."
SUPER MARIO GALAXY LA PELÍCULA,"Aaron Horvath, Michael Jelenic",98,10,18:00,2026-04-09,Renoir Princesa,https://www.pillalas.com/pase/1063245/,https://www.cinesrenoir.com/pelicula/super-mario-galaxy-la-pelicula/,https://media.pillalas.com/imagenes/726afb526abffa83e3d00dd4194aace4c471be49f67b75bbca3feb3a09d7a0a206d53691.jpg,Inglés,No recomendada para menores de 7 años  y distintivo especialmente recomendada para la infancia,Miércoles 1 Abril 2026,Animación,"La película tiene lugar después de los acontecimientos de la primera, en la que dos hermanos, Mario y Luigi, y la princesa Peach emprenden una aventura hasta los confines del espacio y a través de la galaxia. Secuela de ""Super Mario Bros: La película"", basada en la saga ""Mario Galaxy""."
SUPER MARIO GALAXY LA PELÍCULA,"Aaron Horvath, Michael Jelenic",98,10,20:00,2026-04-09,Renoir Princesa,https://www.pillalas.com/pase/1063247/,https://www.cinesrenoir.com/pelicula/super-mario-galaxy-la-pelicula/,https://media.pillalas.com/imagenes/726afb526abffa83e3d00dd4194aace4c471be49f67b75bbca3feb3a09d7a0a206d53691.jpg,Inglés,No recomendada para menores de 7 años  y distintivo especialmente recomendada para la infancia,Miércoles 1 Abril 2026,Animación,"La película tiene lugar después de los acontecimientos de la primera, en la que dos hermanos, Mario y Luigi, y la princesa Peach emprenden una aventura hasta los confines del espacio y a través de la galaxia. Secuela de ""Super Mario Bros: La película"", basada en la saga ""Mario Galaxy""."
SUPER MARIO GALAXY LA PELÍCULA,"Aaron Horvath, Michael Jelenic",98,04,22:45,2026-04-09,Renoir Princesa,https://www.pillalas.com/pase/1063099/,https://www.cinesrenoir.com/pelicula/super-mario-galaxy-la-pelicula/,https://media.pillalas.com/imagenes/726afb526abffa83e3d00dd4194aace4c471be49f67b75bbca3feb3a09d7a0a206d53691.jpg,Inglés,No recomendada para menores de 7 años  y distintivo especialmente recomendada para la infancia,Miércoles 1 Abril 2026,Animación,"La película tiene lugar después de los acontecimientos de la primera, en la que dos hermanos, Mario y Luigi, y la princesa Peach emprenden una aventura hasta los confines del espacio y a través de la galaxia. Secuela de ""Super Mario Bros: La película"", basada en la saga ""Mario Galaxy""."
TORRENTE PRESIDENTE,Santiago Segura,103,07,15:50,2026-04-09,Renoir Princesa,https://www.pillalas.com/pase/1063179/,https://www.cinesrenoir.com/pelicula/torrente-presidente/,https://www.cinesrenoir.com/media/Peliculas/Cartel/torrente_presidente1.jpg,Castellano,No recomendada para menores de 16 años,Viernes 13 Marzo 2026,"Santiago Segura, Leo Harlem, Ramón Langa",Sexta entrega de Torrente.
TORRENTE PRESIDENTE,Santiago Segura,103,02,18:20,2026-04-09,Renoir Princesa,https://www.pillalas.com/pase/1062952/,https://www.cinesrenoir.com/pelicula/torrente-presidente/,https://www.cinesrenoir.com/media/Peliculas/Cartel/torrente_presidente1.jpg,Castellano,No recomendada para menores de 16 años,Viernes 13 Marzo 2026,"Santiago Segura, Leo Harlem, Ramón Langa",Sexta entrega de Torrente.
TORRENTE PRESIDENTE,Santiago Segura,103,02,20:15,2026-04-09,Renoir Princesa,https://www.pillalas.com/pase/1062953/,https://www.cinesrenoir.com/pelicula/torrente-presidente/,https://www.cinesrenoir.com/media/Peliculas/Cartel/torrente_presidente1.jpg,Castellano,No recomendada para menores de 16 años,Viernes 13 Marzo 2026,"Santiago Segura, Leo Harlem, Ramón Langa",Sexta entrega de Torrente.
TORRENTE PRESIDENTE,Santiago Segura,103,07,22:30,2026-04-09,Renoir Princesa,https://www.pillalas.com/pase/1063185/,https://www.cinesrenoir.com/pelicula/torrente-presidente/,https://www.cinesrenoir.com/media/Peliculas/Cartel/torrente_presidente1.jpg,Castellano,No recomendada para menores de 16 años,Viernes 13 Marzo 2026,"Santiago Segura, Leo Harlem, Ramón Langa",Sexta entrega de Torrente.
TRES ADIOSES,Isabel Coixet,122,08,16:00,2026-04-09,Renoir Princesa,https://www.pillalas.com/pase/1063180/,https://www.cinesrenoir.com/pelicula/tres-adioses/,https://media.pillalas.com/imagenes/726afb526abffa832ea2a44a189894de905fc7e94534a8bf4ef6bf13e5ccdfe90922c22e.jpg,Italiano,No recomendada para menores de 12 años,Viernes 6 Febrero 2026,"Alba Rohrwacher, Elio Germano, Francesco Carril, Silvia D Amico, Galatea Bellugi, Sarita Choudhury","Tras lo que parecía una discusión sin importancia, Marta (Alba Rohrwacher) y Antonio (Elio Germano) se separan. Él, un chef prometedor, se refugia en sus fogones; ella, en su silencio, empieza a notar algo más que tristeza: ha perdido el apetito… y no solo por desamor. Cuando descubre que detrás hay un problema de salud, todo da un giro inesperado: la comida sabe mejor, la música le llega como nunca y el deseo despierta sus ganas de vivir sin miedo.
Una historia sobre el amor, la vida y esos momentos que lo cambian todo para siempre."
UNA HIJA EN TOKIO,Guillaume Senez,99,01,16:00,2026-04-09,Renoir Princesa,https://www.pillalas.com/pase/1062949/,https://www.cinesrenoir.com/pelicula/una-hija-en-tokio/,https://media.pillalas.com/imagenes/726afb526abffa8327fbd986c984eb728e0f1c714c7a6aa328ebfc96eb29c6586b207f0e.jpg,Francés,No recomendada para menores de 7 años,Viernes 20 Marzo 2026,"Romain Duris, Judith Chemla, Mei Cirne-Masuki","Cada día, Jérôme (Romain Duris) recorre Tokio con su taxi mientras intenta encontrar a su hija, Lily. Nueve años después de separarse y sin haber logrado su custodia, empieza a pensar que es hora de rendirse y volver a Francia. Pero cuando está a punto de hacerlo, Lily sube a su taxi."
KILL BILL: THE WHOLE BLOODY AFFAIR,Quentin Tarantino,275,09,19:00,2026-04-10,Renoir Princesa,https://www.pillalas.com/pase/1061843/,https://www.cinesrenoir.com/pelicula/kill-bill-the-whole-bloody-affair/,https://media.pillalas.com/imagenes/726afb526abffa8374463ff576888bf4681e406eeeea140f0d9890a12750f0185245b664.png,Inglés,Pendiente de calificación,Viernes 10 Abril 2026,"Uma Thurman, Lucy Liu, Vivica A. Fox, Michael Madsen, Daryl Hannah, Gordon Liu, Michael Parks, David Carradine","Uma Thurman interpreta a La Novia, dada por muerta después de que su antiguo jefe y amante, Bill, irrumpiera en el ensayo de su boda, le disparara en la cabeza y le robara a su hijo por nacer. Pero, para consumar su venganza, antes de enfrentarse al propio Bill, primero debe dar caza a los cuatro miembros restantes del Escuadrón Asesino Víbora Letal."
KILL BILL: THE WHOLE BLOODY AFFAIR,Quentin Tarantino,275,09,19:00,2026-04-11,Renoir Princesa,https://www.pillalas.com/pase/1061844/,https://www.cinesrenoir.com/pelicula/kill-bill-the-whole-bloody-affair/,https://media.pillalas.com/imagenes/726afb526abffa8374463ff576888bf4681e406eeeea140f0d9890a12750f0185245b664.png,Inglés,Pendiente de calificación,Viernes 10 Abril 2026,"Uma Thurman, Lucy Liu, Vivica A. Fox, Michael Madsen, Daryl Hannah, Gordon Liu, Michael Parks, David Carradine","Uma Thurman interpreta a La Novia, dada por muerta después de que su antiguo jefe y amante, Bill, irrumpiera en el ensayo de su boda, le disparara en la cabeza y le robara a su hijo por nacer. Pero, para consumar su venganza, antes de enfrentarse al propio Bill, primero debe dar caza a los cuatro miembros restantes del Escuadrón Asesino Víbora Letal."
KILL BILL: THE WHOLE BLOODY AFFAIR,Quentin Tarantino,275,09,19:00,2026-04-12,Renoir Princesa,https://www.pillalas.com/pase/1061845/,https://www.cinesrenoir.com/pelicula/kill-bill-the-whole-bloody-affair/,https://media.pillalas.com/imagenes/726afb526abffa8374463ff576888bf4681e406eeeea140f0d9890a12750f0185245b664.png,Inglés,Pendiente de calificación,Viernes 10 Abril 2026,"Uma Thurman, Lucy Liu, Vivica A. Fox, Michael Madsen, Daryl Hannah, Gordon Liu, Michael Parks, David Carradine","Uma Thurman interpreta a La Novia, dada por muerta después de que su antiguo jefe y amante, Bill, irrumpiera en el ensayo de su boda, le disparara en la cabeza y le robara a su hijo por nacer. Pero, para consumar su venganza, antes de enfrentarse al propio Bill, primero debe dar caza a los cuatro miembros restantes del Escuadrón Asesino Víbora Letal."
KILL BILL: THE WHOLE BLOODY AFFAIR,Quentin Tarantino,275,11,19:00,2026-04-13,Renoir Princesa,https://www.pillalas.com/pase/1061846/,https://www.cinesrenoir.com/pelicula/kill-bill-the-whole-bloody-affair/,https://media.pillalas.com/imagenes/726afb526abffa8374463ff576888bf4681e406eeeea140f0d9890a12750f0185245b664.png,Inglés,Pendiente de calificación,Viernes 10 Abril 2026,"Uma Thurman, Lucy Liu, Vivica A. Fox, Michael Madsen, Daryl Hannah, Gordon Liu, Michael Parks, David Carradine","Uma Thurman interpreta a La Novia, dada por muerta después de que su antiguo jefe y amante, Bill, irrumpiera en el ensayo de su boda, le disparara en la cabeza y le robara a su hijo por nacer. Pero, para consumar su venganza, antes de enfrentarse al propio Bill, primero debe dar caza a los cuatro miembros restantes del Escuadrón Asesino Víbora Letal."
LA MUJER MÁS RICA DEL MUNDO [PROYECTO VIRIDIANA],Thierry Klifa,122,09,19:00,2026-04-13,Renoir Princesa,https://www.pillalas.com/pase/1063263/,https://www.cinesrenoir.com/pelicula/la-mujer-mas-rica-del-mundo-proyecto-viridiana/,https://media.pillalas.com/imagenes/726afb526abffa83d28aa61c23b2e0da2b974d7416f8f041e47dc688e352461510445907.jpg,Francés,No recomendada para menores de 12 años,Lunes 13 Abril 2026,"Isabelle Hupert, Marina Foïs, Laurent Lafitte, Raphaël Personnaz, André Marcon","La mujer más rica del mundo: su belleza, su inteligencia, su poder. Un fotógrafo: su ambición, su audacia, su locura. Un amor a primera vista que los arrastra. Una heredera desconfiada que lucha por ser amada. Un mayordomo vigilante que sabe más de lo que dice. Secretos de familia. Donaciones astronómicas. Una guerra en la que todo vale. Historia inspirada en el escándalo de la familia Bettencourt"
ENCADENADOS [WILDER CINEMA],"Hitchcock, Alfred",101,07,20:00,2026-04-14,Renoir Princesa,https://www.pillalas.com/pase/1061881/,https://www.cinesrenoir.com/pelicula/encadenados-wilder-cinema/,https://media.pillalas.com/imagenes/726afb526abffa83780a11501d0e7ad76e7f9770b4ac170425736447f1cd01770b2caeaa.jpg,Inglés,No recomendada para menores de 7 años,Martes 14 Abril 2026,"Cary Grant, Ingrid Bergman, Claude Rains, Louis Calhern, Leopoldine Konstantin, Reinhold Schünzel, Moroni Olsen, Ivan Triesault, Alex Minotis, Wally Brown, Charles Mendl, Ricardo Costa, Eberhard Krumschmidt, Fay Baker","Alicia Huberman, una mujer hermosa con un pasado accidentado, es reclutada por Devlin, un misterioso y afable agente de inteligencia, para espiar para los EE.UU. Enamorada de Devlin, se entera de que su misión es seducir a un empresario alemán nazi refugiado en América del Sur, que años atrás estuvo enamorado de ella. Alicia tendrá que acercarse para sacar la máxima información de él y sus contactos en una misión repleta de peligros."
KILL BILL: THE WHOLE BLOODY AFFAIR,Quentin Tarantino,275,09,19:00,2026-04-14,Renoir Princesa,https://www.pillalas.com/pase/1061847/,https://www.cinesrenoir.com/pelicula/kill-bill-the-whole-bloody-affair/,https://media.pillalas.com/imagenes/726afb526abffa8374463ff576888bf4681e406eeeea140f0d9890a12750f0185245b664.png,Inglés,Pendiente de calificación,Viernes 10 Abril 2026,"Uma Thurman, Lucy Liu, Vivica A. Fox, Michael Madsen, Daryl Hannah, Gordon Liu, Michael Parks, David Carradine","Uma Thurman interpreta a La Novia, dada por muerta después de que su antiguo jefe y amante, Bill, irrumpiera en el ensayo de su boda, le disparara en la cabeza y le robara a su hijo por nacer. Pero, para consumar su venganza, antes de enfrentarse al propio Bill, primero debe dar caza a los cuatro miembros restantes del Escuadrón Asesino Víbora Letal."
CLÁSICOS AL DETALLE – TALLER DE ANÁLISIS FÍLMICO Y METACINE SORPRESA [RENOIR],Jl & Bea,270,03,10:00,2026-04-15,Renoir Princesa,https://www.pillalas.com/pase/1061872/,https://www.cinesrenoir.com/pelicula/clasicos-al-detalle-taller-de-analisis-filmico-y-metacine-sorpresa-renoir/,https://media.pillalas.com/imagenes/726afb526abffa839228705ddb69200f5bb14087ace744cb1bc812bec75b2358c50a374b.png,Castellano,Pendiente de calificación,Miércoles 15 Abril 2026,Jl & Bea,"Los CINES RENOIR acogen unos talleres en los que poder analizar, diseccionar y comentar algunos temas clásicos de la historia del cine de forma innovadora y original. Se trata de una inmersión, analizando y diseccionando de forma participativa, algunos de los grandes temas y películas de todos los tiempos. Ideal para cinéfilos y cinéfilas que quieran conocer y analizar cine clásico al detalle, disfrutando y aprendiendo del cine desde el propio cine. En esta ocasión, excepcionalmente, será sorpresa el contenido y temática del mismo."
KILL BILL: THE WHOLE BLOODY AFFAIR,Quentin Tarantino,275,09,19:00,2026-04-15,Renoir Princesa,https://www.pillalas.com/pase/1061848/,https://www.cinesrenoir.com/pelicula/kill-bill-the-whole-bloody-affair/,https://media.pillalas.com/imagenes/726afb526abffa8374463ff576888bf4681e406eeeea140f0d9890a12750f0185245b664.png,Inglés,Pendiente de calificación,Viernes 10 Abril 2026,"Uma Thurman, Lucy Liu, Vivica A. Fox, Michael Madsen, Daryl Hannah, Gordon Liu, Michael Parks, David Carradine","Uma Thurman interpreta a La Novia, dada por muerta después de que su antiguo jefe y amante, Bill, irrumpiera en el ensayo de su boda, le disparara en la cabeza y le robara a su hijo por nacer. Pero, para consumar su venganza, antes de enfrentarse al propio Bill, primero debe dar caza a los cuatro miembros restantes del Escuadrón Asesino Víbora Letal."
UN POETA,Simon Mesa Soto,123,06,19:15,2026-04-15,Renoir Princesa,https://www.pillalas.com/pase/1061865/,https://www.cinesrenoir.com/pelicula/un-poeta/,https://media.pillalas.com/imagenes/726afb526abffa833fe40dc532766d4edd5f8bd99d62c174bf9a25ca7373e14deb0efcab.jpg,Castellano,No recomendada para menores de 16 años,Viernes 17 Abril 2026,Ubeimar Ríos,"La obsesión de Óscar Restrepo por la poesía no le ha reportado ninguna gloria. Envejecido y errático, ha sucumbido al tópico del poeta en la sombra. Conocer a Yurlady, una adolescente de origen humilde, y ayudarla a cultivar su talento trae algo de luz a sus días, pero arrastrarla al mundo de la poesía quizá no sea el camino."
AMARGA NAVIDAD,Pedro Almodóvar,111,02,17:00,2026-04-05,Renoir Plaza de España,https://www.pillalas.com/pase/1062274/,https://www.cinesrenoir.com/pelicula/amarga-navidad/,https://media.pillalas.com/imagenes/726afb526abffa83b60c45c3634993c0e9bd987d873c6c32a8009c3b4ee414d3a40e41c1.jpg,Castellano,No recomendada para menores de 12 años,Viernes 20 Marzo 2026,"Bárbara Lennie, Leonardo Sbaraglia, Aitana Sánchez-Gijón, Victoria Luengo, Patrick Criado, Milena Smit, Quim Gutiérrez, Rossy De Palma, Carmen Machi, Gloria Muñoz","Elsa es una directora de publicidad cuya madre muere durante un largo puente del mes de diciembre. Encuentra refugio en el trabajo, aunque es más bien una huida hacia adelante. Trabaja sin parar y, sin darse cuenta, no se concede el tiempo necesario para guardar el duelo por la ausencia materna. Hasta que una crisis de pánico la obliga a detenerse e imponerse un descanso. Su pareja, Bonifacio, es su tabla de salvación en esos momentos de crisis. Elsa decide viajar a la isla de Lanzarote acompañada por su amiga Patricia, que también necesita alejarse de Madrid, mientras que Bonifacio se queda en la ciudad.
La historia de estos tres personajes, y algunos más, se narran paralelamente a la del guionista y director de cine Raúl Durán, entremezclando ficción y realidad. Porque ‘Amarga Navidad’ desarrolla cómo la vida y la ficción están unidas de un modo indisoluble, incluso doloroso en ocasiones."
AMARGA NAVIDAD,Pedro Almodóvar,111,02,19:15,2026-04-05,Renoir Plaza de España,https://www.pillalas.com/pase/1062277/,https://www.cinesrenoir.com/pelicula/amarga-navidad/,https://media.pillalas.com/imagenes/726afb526abffa83b60c45c3634993c0e9bd987d873c6c32a8009c3b4ee414d3a40e41c1.jpg,Castellano,No recomendada para menores de 12 años,Viernes 20 Marzo 2026,"Bárbara Lennie, Leonardo Sbaraglia, Aitana Sánchez-Gijón, Victoria Luengo, Patrick Criado, Milena Smit, Quim Gutiérrez, Rossy De Palma, Carmen Machi, Gloria Muñoz","Elsa es una directora de publicidad cuya madre muere durante un largo puente del mes de diciembre. Encuentra refugio en el trabajo, aunque es más bien una huida hacia adelante. Trabaja sin parar y, sin darse cuenta, no se concede el tiempo necesario para guardar el duelo por la ausencia materna. Hasta que una crisis de pánico la obliga a detenerse e imponerse un descanso. Su pareja, Bonifacio, es su tabla de salvación en esos momentos de crisis. Elsa decide viajar a la isla de Lanzarote acompañada por su amiga Patricia, que también necesita alejarse de Madrid, mientras que Bonifacio se queda en la ciudad.
La historia de estos tres personajes, y algunos más, se narran paralelamente a la del guionista y director de cine Raúl Durán, entremezclando ficción y realidad. Porque ‘Amarga Navidad’ desarrolla cómo la vida y la ficción están unidas de un modo indisoluble, incluso doloroso en ocasiones."
AMARGA NAVIDAD,Pedro Almodóvar,111,02,21:30,2026-04-05,Renoir Plaza de España,https://www.pillalas.com/pase/1062281/,https://www.cinesrenoir.com/pelicula/amarga-navidad/,https://media.pillalas.com/imagenes/726afb526abffa83b60c45c3634993c0e9bd987d873c6c32a8009c3b4ee414d3a40e41c1.jpg,Castellano,No recomendada para menores de 12 años,Viernes 20 Marzo 2026,"Bárbara Lennie, Leonardo Sbaraglia, Aitana Sánchez-Gijón, Victoria Luengo, Patrick Criado, Milena Smit, Quim Gutiérrez, Rossy De Palma, Carmen Machi, Gloria Muñoz","Elsa es una directora de publicidad cuya madre muere durante un largo puente del mes de diciembre. Encuentra refugio en el trabajo, aunque es más bien una huida hacia adelante. Trabaja sin parar y, sin darse cuenta, no se concede el tiempo necesario para guardar el duelo por la ausencia materna. Hasta que una crisis de pánico la obliga a detenerse e imponerse un descanso. Su pareja, Bonifacio, es su tabla de salvación en esos momentos de crisis. Elsa decide viajar a la isla de Lanzarote acompañada por su amiga Patricia, que también necesita alejarse de Madrid, mientras que Bonifacio se queda en la ciudad.
La historia de estos tres personajes, y algunos más, se narran paralelamente a la del guionista y director de cine Raúl Durán, entremezclando ficción y realidad. Porque ‘Amarga Navidad’ desarrolla cómo la vida y la ficción están unidas de un modo indisoluble, incluso doloroso en ocasiones."
CALLE MÁLAGA,Maryam Touzani,116,01,15:55,2026-04-05,Renoir Plaza de España,https://www.pillalas.com/pase/1062167/,https://www.cinesrenoir.com/pelicula/calle-malaga/,https://www.cinesrenoir.com/media/Peliculas/Cartel/calle_malaga-474473414-large.jpg,Castellano Y Árabe,No recomendada para menores de 12 años,Miércoles 1 Abril 2026,"Carmen Maura, Marta Etura, Ahmed Boulane, María Alfonsa Rosso, Sanae Regragui, Miguel Garcés","María Ángeles (Carmen Maura), una española de 79 años que vive sola en Tánger, en el norte de Marruecos, disfruta de su ciudad y de su día a día. Su vida da un giro cuando su hija Clara (Marta Etura) llega desde Madrid para vender el apartamento en el que siempre ha vivido. Decidida a quedarse en la ciudad que la vio crecer, hará todo lo posible para mantener su hogar y recuperar los objetos de toda una vida. Por el camino, redescubre, contra todo pronóstico, el amor y el deseo."
CALLE MÁLAGA,Maryam Touzani,116,01,18:10,2026-04-05,Renoir Plaza de España,https://www.pillalas.com/pase/1062168/,https://www.cinesrenoir.com/pelicula/calle-malaga/,https://www.cinesrenoir.com/media/Peliculas/Cartel/calle_malaga-474473414-large.jpg,Castellano Y Árabe,No recomendada para menores de 12 años,Miércoles 1 Abril 2026,"Carmen Maura, Marta Etura, Ahmed Boulane, María Alfonsa Rosso, Sanae Regragui, Miguel Garcés","María Ángeles (Carmen Maura), una española de 79 años que vive sola en Tánger, en el norte de Marruecos, disfruta de su ciudad y de su día a día. Su vida da un giro cuando su hija Clara (Marta Etura) llega desde Madrid para vender el apartamento en el que siempre ha vivido. Decidida a quedarse en la ciudad que la vio crecer, hará todo lo posible para mantener su hogar y recuperar los objetos de toda una vida. Por el camino, redescubre, contra todo pronóstico, el amor y el deseo."
CALLE MÁLAGA,Maryam Touzani,116,01,20:30,2026-04-05,Renoir Plaza de España,https://www.pillalas.com/pase/1062169/,https://www.cinesrenoir.com/pelicula/calle-malaga/,https://www.cinesrenoir.com/media/Peliculas/Cartel/calle_malaga-474473414-large.jpg,Castellano Y Árabe,No recomendada para menores de 12 años,Miércoles 1 Abril 2026,"Carmen Maura, Marta Etura, Ahmed Boulane, María Alfonsa Rosso, Sanae Regragui, Miguel Garcés","María Ángeles (Carmen Maura), una española de 79 años que vive sola en Tánger, en el norte de Marruecos, disfruta de su ciudad y de su día a día. Su vida da un giro cuando su hija Clara (Marta Etura) llega desde Madrid para vender el apartamento en el que siempre ha vivido. Decidida a quedarse en la ciudad que la vio crecer, hará todo lo posible para mantener su hogar y recuperar los objetos de toda una vida. Por el camino, redescubre, contra todo pronóstico, el amor y el deseo."
CALLE MÁLAGA,Maryam Touzani,116,03,21:45,2026-04-05,Renoir Plaza de España,https://www.pillalas.com/pase/1062282/,https://www.cinesrenoir.com/pelicula/calle-malaga/,https://www.cinesrenoir.com/media/Peliculas/Cartel/calle_malaga-474473414-large.jpg,Castellano Y Árabe,No recomendada para menores de 12 años,Miércoles 1 Abril 2026,"Carmen Maura, Marta Etura, Ahmed Boulane, María Alfonsa Rosso, Sanae Regragui, Miguel Garcés","María Ángeles (Carmen Maura), una española de 79 años que vive sola en Tánger, en el norte de Marruecos, disfruta de su ciudad y de su día a día. Su vida da un giro cuando su hija Clara (Marta Etura) llega desde Madrid para vender el apartamento en el que siempre ha vivido. Decidida a quedarse en la ciudad que la vio crecer, hará todo lo posible para mantener su hogar y recuperar los objetos de toda una vida. Por el camino, redescubre, contra todo pronóstico, el amor y el deseo."
EL ÚLTIMO VIKINGO,Anders Thomas Jensen,116,05,17:55,2026-04-05,Renoir Plaza de España,https://www.pillalas.com/pase/1062339/,https://www.cinesrenoir.com/pelicula/el-ultimo-vikingo/,https://media.pillalas.com/imagenes/726afb526abffa831071fdb7895dda5a8f5443f58bef959385371bd83d00b407e021267b.jpg,Danés,No recomendada para menores de 16 años,Viernes 6 Marzo 2026,"Mads Mikkelsen, Nikolaj Lie Kaas, Søren Malling, Sofie Gråbøl","Anker sale de prisión tras cumplir una condena de quince años por robo. El dinero del atraco fue enterrado por su hermano Manfred. Solo él sabe dónde está. Por desgracia, desde entonces Manfred ha desarrollado un trastorno mental que le ha hecho olvidarlo todo. Juntos, los hermanos emprenden un viaje inesperado para encontrar el dinero y descubrir quiénes son en realidad."
EL ÚLTIMO VIKINGO,Anders Thomas Jensen,116,05,21:50,2026-04-05,Renoir Plaza de España,https://www.pillalas.com/pase/1062340/,https://www.cinesrenoir.com/pelicula/el-ultimo-vikingo/,https://media.pillalas.com/imagenes/726afb526abffa831071fdb7895dda5a8f5443f58bef959385371bd83d00b407e021267b.jpg,Danés,No recomendada para menores de 16 años,Viernes 6 Marzo 2026,"Mads Mikkelsen, Nikolaj Lie Kaas, Søren Malling, Sofie Gråbøl","Anker sale de prisión tras cumplir una condena de quince años por robo. El dinero del atraco fue enterrado por su hermano Manfred. Solo él sabe dónde está. Por desgracia, desde entonces Manfred ha desarrollado un trastorno mental que le ha hecho olvidarlo todo. Juntos, los hermanos emprenden un viaje inesperado para encontrar el dinero y descubrir quiénes son en realidad."
LAPÖNIA,David Serrano,89,04,16:00,2026-04-05,Renoir Plaza de España,https://www.pillalas.com/pase/1062272/,https://www.cinesrenoir.com/pelicula/laponia/,https://media.pillalas.com/imagenes/726afb526abffa83d35a675bb44f9e867e4f74293b1e78b17a07e4ea9dda1eeafb7aeddd.jpg,Castellano,No recomendada para menores de 12 años,Miércoles 1 Abril 2026,"Natalia Verbeke, Julián López, Ángela Cervantes, Vebjørn Enger","Una familia española viaja a Laponia para celebrar la Navidad con sus parientes del norte en un sitio idílico. Pero cuando uno de los primos pequeños suelta la verdad sobre Papá Noel, estalla un choque cultural y personal que demuestra que, a veces, las pequeñas mentiras pueden salvar las fiestas y la familia."
LAPÖNIA,David Serrano,89,03,18:15,2026-04-05,Renoir Plaza de España,https://www.pillalas.com/pase/1062276/,https://www.cinesrenoir.com/pelicula/laponia/,https://media.pillalas.com/imagenes/726afb526abffa83d35a675bb44f9e867e4f74293b1e78b17a07e4ea9dda1eeafb7aeddd.jpg,Castellano,No recomendada para menores de 12 años,Miércoles 1 Abril 2026,"Natalia Verbeke, Julián López, Ángela Cervantes, Vebjørn Enger","Una familia española viaja a Laponia para celebrar la Navidad con sus parientes del norte en un sitio idílico. Pero cuando uno de los primos pequeños suelta la verdad sobre Papá Noel, estalla un choque cultural y personal que demuestra que, a veces, las pequeñas mentiras pueden salvar las fiestas y la familia."
LAPÖNIA,David Serrano,89,03,20:00,2026-04-05,Renoir Plaza de España,https://www.pillalas.com/pase/1062278/,https://www.cinesrenoir.com/pelicula/laponia/,https://media.pillalas.com/imagenes/726afb526abffa83d35a675bb44f9e867e4f74293b1e78b17a07e4ea9dda1eeafb7aeddd.jpg,Castellano,No recomendada para menores de 12 años,Miércoles 1 Abril 2026,"Natalia Verbeke, Julián López, Ángela Cervantes, Vebjørn Enger","Una familia española viaja a Laponia para celebrar la Navidad con sus parientes del norte en un sitio idílico. Pero cuando uno de los primos pequeños suelta la verdad sobre Papá Noel, estalla un choque cultural y personal que demuestra que, a veces, las pequeñas mentiras pueden salvar las fiestas y la familia."
LAPÖNIA,David Serrano,89,01,22:45,2026-04-05,Renoir Plaza de España,https://www.pillalas.com/pase/1062170/,https://www.cinesrenoir.com/pelicula/laponia/,https://media.pillalas.com/imagenes/726afb526abffa83d35a675bb44f9e867e4f74293b1e78b17a07e4ea9dda1eeafb7aeddd.jpg,Castellano,No recomendada para menores de 12 años,Miércoles 1 Abril 2026,"Natalia Verbeke, Julián López, Ángela Cervantes, Vebjørn Enger","Una familia española viaja a Laponia para celebrar la Navidad con sus parientes del norte en un sitio idílico. Pero cuando uno de los primos pequeños suelta la verdad sobre Papá Noel, estalla un choque cultural y personal que demuestra que, a veces, las pequeñas mentiras pueden salvar las fiestas y la familia."
ORWELL 2+2 = 5,Raoul Peck,119,03,16:00,2026-04-05,Renoir Plaza de España,https://www.pillalas.com/pase/1062271/,https://www.cinesrenoir.com/pelicula/orwell-22-5/,https://media.pillalas.com/imagenes/726afb526abffa83b83d4cc400c9761fa7472981f7fc060c0bd7e85b0217a3f74541294d.jpg,Inglés Y Otros,No recomendada para menores de 16 años,Viernes 27 Febrero 2026,Damian Lewis,"George Orwell fue uno de los autores más visionarios del siglo XX, cuyas novelas, 1984 y Rebelión en la granja, predijeron un futuro autoritario y escalofriante. El aclamado director Raoul Peck (I Am Not Your Negro) entrelaza clips, lecturas del diario de Orwell, referencias cinematográficas e imágenes actuales para crear no solo un retrato del escritor, sino también una nueva perspectiva sobre lo profética que se ha vuelto su obra."
VALOR SENTIMENTAL,Joachim Trier,133,04,17:50,2026-04-05,Renoir Plaza de España,https://www.pillalas.com/pase/1062275/,https://www.cinesrenoir.com/pelicula/valor-sentimental/,https://media.pillalas.com/imagenes/726afb526abffa83fe1b3adc6f8909539f80c9a958e909b641f78d7648edf8e1f62ca547.jpg,Noruego E Inglés,No recomendada para menores de 12 años,Viernes 5 Diciembre 2025,"Renate Reinsve, Stellan Skarsgård, Inga Ibsdotter Lilleaas, Elle Fanning, Anders Danielsen Lie, Jesper Christensen, Lena Endre, Cory Michael Smith, Catherine Cohen, Andreas Stoltenberg Granerud, Øyvind Hesjedal Loven, Lars Väringer, Ida Marianne Vassbotn Klasson, Vilde Søyland","Las hermanas Nora y Agnes se reencuentran con su padre ausente, un director de cine muy reconocido en el pasado que ha vuelto para ofrecer a Nora el papel principal de su próxima película. Aunque ella lo rechaza, Gustav decide seguir adelante y utilizar la casa familiar como escenario de su nuevo rodaje, lo que reaviva las tensiones entre ellos, especialmente tras la llegada de una joven actriz de Hollywood que acepta el papel en su lugar. El vínculo entre las hermanas se convertirá en su mayor refugio frente a las heridas del pasado."
VALOR SENTIMENTAL,Joachim Trier,133,04,20:25,2026-04-05,Renoir Plaza de España,https://www.pillalas.com/pase/1062280/,https://www.cinesrenoir.com/pelicula/valor-sentimental/,https://media.pillalas.com/imagenes/726afb526abffa83fe1b3adc6f8909539f80c9a958e909b641f78d7648edf8e1f62ca547.jpg,Noruego E Inglés,No recomendada para menores de 12 años,Viernes 5 Diciembre 2025,"Renate Reinsve, Stellan Skarsgård, Inga Ibsdotter Lilleaas, Elle Fanning, Anders Danielsen Lie, Jesper Christensen, Lena Endre, Cory Michael Smith, Catherine Cohen, Andreas Stoltenberg Granerud, Øyvind Hesjedal Loven, Lars Väringer, Ida Marianne Vassbotn Klasson, Vilde Søyland","Las hermanas Nora y Agnes se reencuentran con su padre ausente, un director de cine muy reconocido en el pasado que ha vuelto para ofrecer a Nora el papel principal de su próxima película. Aunque ella lo rechaza, Gustav decide seguir adelante y utilizar la casa familiar como escenario de su nuevo rodaje, lo que reaviva las tensiones entre ellos, especialmente tras la llegada de una joven actriz de Hollywood que acepta el papel en su lugar. El vínculo entre las hermanas se convertirá en su mayor refugio frente a las heridas del pasado."
YO TE CREO,"Charlotte Devillers, Arnaud Dufeys",78,05,16:10,2026-04-05,Renoir Plaza de España,https://www.pillalas.com/pase/1062273/,https://www.cinesrenoir.com/pelicula/yo-te-creo/,https://media.pillalas.com/imagenes/726afb526abffa835a11812331b0224948b3b81847280d9179c8f92485ad90c47d38fafc.jpg,Francés,No recomendada para menores de 16 años y distintivo especialmente recomendada para el fomento de la igualdad de género,Viernes 27 Marzo 2026,"Myriem Akeddiou, Laurent Capelluto, Natali Broods, Ulysse Goffin","Hoy es un día decisivo. Alice comparece ante un tribunal para defender la custodia de sus dos hijos. A su lado el padre persigue exactamente lo mismo. En una audiencia donde no hay margen para el error, la justicia deberá decidir qué es lo mejor para los menores y dictar sentencia. Para ello será necesario escucharlos a todos y considerar cada punto de vista. Pero ¿cómo distinguir la verdad de la mentira cuando ambos aseguran actuar por el bien de sus hijos?"
YO TE CREO,"Charlotte Devillers, Arnaud Dufeys",78,05,20:10,2026-04-05,Renoir Plaza de España,https://www.pillalas.com/pase/1062279/,https://www.cinesrenoir.com/pelicula/yo-te-creo/,https://media.pillalas.com/imagenes/726afb526abffa835a11812331b0224948b3b81847280d9179c8f92485ad90c47d38fafc.jpg,Francés,No recomendada para menores de 16 años y distintivo especialmente recomendada para el fomento de la igualdad de género,Viernes 27 Marzo 2026,"Myriem Akeddiou, Laurent Capelluto, Natali Broods, Ulysse Goffin","Hoy es un día decisivo. Alice comparece ante un tribunal para defender la custodia de sus dos hijos. A su lado el padre persigue exactamente lo mismo. En una audiencia donde no hay margen para el error, la justicia deberá decidir qué es lo mejor para los menores y dictar sentencia. Para ello será necesario escucharlos a todos y considerar cada punto de vista. Pero ¿cómo distinguir la verdad de la mentira cuando ambos aseguran actuar por el bien de sus hijos?"
AMARGA NAVIDAD,Pedro Almodóvar,111,02,17:00,2026-04-06,Renoir Plaza de España,https://www.pillalas.com/pase/1062286/,https://www.cinesrenoir.com/pelicula/amarga-navidad/,https://media.pillalas.com/imagenes/726afb526abffa83b60c45c3634993c0e9bd987d873c6c32a8009c3b4ee414d3a40e41c1.jpg,Castellano,No recomendada para menores de 12 años,Viernes 20 Marzo 2026,"Bárbara Lennie, Leonardo Sbaraglia, Aitana Sánchez-Gijón, Victoria Luengo, Patrick Criado, Milena Smit, Quim Gutiérrez, Rossy De Palma, Carmen Machi, Gloria Muñoz","Elsa es una directora de publicidad cuya madre muere durante un largo puente del mes de diciembre. Encuentra refugio en el trabajo, aunque es más bien una huida hacia adelante. Trabaja sin parar y, sin darse cuenta, no se concede el tiempo necesario para guardar el duelo por la ausencia materna. Hasta que una crisis de pánico la obliga a detenerse e imponerse un descanso. Su pareja, Bonifacio, es su tabla de salvación en esos momentos de crisis. Elsa decide viajar a la isla de Lanzarote acompañada por su amiga Patricia, que también necesita alejarse de Madrid, mientras que Bonifacio se queda en la ciudad.
La historia de estos tres personajes, y algunos más, se narran paralelamente a la del guionista y director de cine Raúl Durán, entremezclando ficción y realidad. Porque ‘Amarga Navidad’ desarrolla cómo la vida y la ficción están unidas de un modo indisoluble, incluso doloroso en ocasiones."
AMARGA NAVIDAD,Pedro Almodóvar,111,02,19:15,2026-04-06,Renoir Plaza de España,https://www.pillalas.com/pase/1062289/,https://www.cinesrenoir.com/pelicula/amarga-navidad/,https://media.pillalas.com/imagenes/726afb526abffa83b60c45c3634993c0e9bd987d873c6c32a8009c3b4ee414d3a40e41c1.jpg,Castellano,No recomendada para menores de 12 años,Viernes 20 Marzo 2026,"Bárbara Lennie, Leonardo Sbaraglia, Aitana Sánchez-Gijón, Victoria Luengo, Patrick Criado, Milena Smit, Quim Gutiérrez, Rossy De Palma, Carmen Machi, Gloria Muñoz","Elsa es una directora de publicidad cuya madre muere durante un largo puente del mes de diciembre. Encuentra refugio en el trabajo, aunque es más bien una huida hacia adelante. Trabaja sin parar y, sin darse cuenta, no se concede el tiempo necesario para guardar el duelo por la ausencia materna. Hasta que una crisis de pánico la obliga a detenerse e imponerse un descanso. Su pareja, Bonifacio, es su tabla de salvación en esos momentos de crisis. Elsa decide viajar a la isla de Lanzarote acompañada por su amiga Patricia, que también necesita alejarse de Madrid, mientras que Bonifacio se queda en la ciudad.
La historia de estos tres personajes, y algunos más, se narran paralelamente a la del guionista y director de cine Raúl Durán, entremezclando ficción y realidad. Porque ‘Amarga Navidad’ desarrolla cómo la vida y la ficción están unidas de un modo indisoluble, incluso doloroso en ocasiones."
AMARGA NAVIDAD,Pedro Almodóvar,111,02,21:30,2026-04-06,Renoir Plaza de España,https://www.pillalas.com/pase/1062293/,https://www.cinesrenoir.com/pelicula/amarga-navidad/,https://media.pillalas.com/imagenes/726afb526abffa83b60c45c3634993c0e9bd987d873c6c32a8009c3b4ee414d3a40e41c1.jpg,Castellano,No recomendada para menores de 12 años,Viernes 20 Marzo 2026,"Bárbara Lennie, Leonardo Sbaraglia, Aitana Sánchez-Gijón, Victoria Luengo, Patrick Criado, Milena Smit, Quim Gutiérrez, Rossy De Palma, Carmen Machi, Gloria Muñoz","Elsa es una directora de publicidad cuya madre muere durante un largo puente del mes de diciembre. Encuentra refugio en el trabajo, aunque es más bien una huida hacia adelante. Trabaja sin parar y, sin darse cuenta, no se concede el tiempo necesario para guardar el duelo por la ausencia materna. Hasta que una crisis de pánico la obliga a detenerse e imponerse un descanso. Su pareja, Bonifacio, es su tabla de salvación en esos momentos de crisis. Elsa decide viajar a la isla de Lanzarote acompañada por su amiga Patricia, que también necesita alejarse de Madrid, mientras que Bonifacio se queda en la ciudad.
La historia de estos tres personajes, y algunos más, se narran paralelamente a la del guionista y director de cine Raúl Durán, entremezclando ficción y realidad. Porque ‘Amarga Navidad’ desarrolla cómo la vida y la ficción están unidas de un modo indisoluble, incluso doloroso en ocasiones."
CALLE MÁLAGA,Maryam Touzani,116,01,15:55,2026-04-06,Renoir Plaza de España,https://www.pillalas.com/pase/1062171/,https://www.cinesrenoir.com/pelicula/calle-malaga/,https://www.cinesrenoir.com/media/Peliculas/Cartel/calle_malaga-474473414-large.jpg,Castellano Y Árabe,No recomendada para menores de 12 años,Miércoles 1 Abril 2026,"Carmen Maura, Marta Etura, Ahmed Boulane, María Alfonsa Rosso, Sanae Regragui, Miguel Garcés","María Ángeles (Carmen Maura), una española de 79 años que vive sola en Tánger, en el norte de Marruecos, disfruta de su ciudad y de su día a día. Su vida da un giro cuando su hija Clara (Marta Etura) llega desde Madrid para vender el apartamento en el que siempre ha vivido. Decidida a quedarse en la ciudad que la vio crecer, hará todo lo posible para mantener su hogar y recuperar los objetos de toda una vida. Por el camino, redescubre, contra todo pronóstico, el amor y el deseo."
CALLE MÁLAGA,Maryam Touzani,116,01,18:10,2026-04-06,Renoir Plaza de España,https://www.pillalas.com/pase/1062172/,https://www.cinesrenoir.com/pelicula/calle-malaga/,https://www.cinesrenoir.com/media/Peliculas/Cartel/calle_malaga-474473414-large.jpg,Castellano Y Árabe,No recomendada para menores de 12 años,Miércoles 1 Abril 2026,"Carmen Maura, Marta Etura, Ahmed Boulane, María Alfonsa Rosso, Sanae Regragui, Miguel Garcés","María Ángeles (Carmen Maura), una española de 79 años que vive sola en Tánger, en el norte de Marruecos, disfruta de su ciudad y de su día a día. Su vida da un giro cuando su hija Clara (Marta Etura) llega desde Madrid para vender el apartamento en el que siempre ha vivido. Decidida a quedarse en la ciudad que la vio crecer, hará todo lo posible para mantener su hogar y recuperar los objetos de toda una vida. Por el camino, redescubre, contra todo pronóstico, el amor y el deseo."
CALLE MÁLAGA,Maryam Touzani,116,01,20:30,2026-04-06,Renoir Plaza de España,https://www.pillalas.com/pase/1062173/,https://www.cinesrenoir.com/pelicula/calle-malaga/,https://www.cinesrenoir.com/media/Peliculas/Cartel/calle_malaga-474473414-large.jpg,Castellano Y Árabe,No recomendada para menores de 12 años,Miércoles 1 Abril 2026,"Carmen Maura, Marta Etura, Ahmed Boulane, María Alfonsa Rosso, Sanae Regragui, Miguel Garcés","María Ángeles (Carmen Maura), una española de 79 años que vive sola en Tánger, en el norte de Marruecos, disfruta de su ciudad y de su día a día. Su vida da un giro cuando su hija Clara (Marta Etura) llega desde Madrid para vender el apartamento en el que siempre ha vivido. Decidida a quedarse en la ciudad que la vio crecer, hará todo lo posible para mantener su hogar y recuperar los objetos de toda una vida. Por el camino, redescubre, contra todo pronóstico, el amor y el deseo."
CALLE MÁLAGA,Maryam Touzani,116,03,21:45,2026-04-06,Renoir Plaza de España,https://www.pillalas.com/pase/1062294/,https://www.cinesrenoir.com/pelicula/calle-malaga/,https://www.cinesrenoir.com/media/Peliculas/Cartel/calle_malaga-474473414-large.jpg,Castellano Y Árabe,No recomendada para menores de 12 años,Miércoles 1 Abril 2026,"Carmen Maura, Marta Etura, Ahmed Boulane, María Alfonsa Rosso, Sanae Regragui, Miguel Garcés","María Ángeles (Carmen Maura), una española de 79 años que vive sola en Tánger, en el norte de Marruecos, disfruta de su ciudad y de su día a día. Su vida da un giro cuando su hija Clara (Marta Etura) llega desde Madrid para vender el apartamento en el que siempre ha vivido. Decidida a quedarse en la ciudad que la vio crecer, hará todo lo posible para mantener su hogar y recuperar los objetos de toda una vida. Por el camino, redescubre, contra todo pronóstico, el amor y el deseo."
EL ÚLTIMO VIKINGO,Anders Thomas Jensen,116,05,17:55,2026-04-06,Renoir Plaza de España,https://www.pillalas.com/pase/1062341/,https://www.cinesrenoir.com/pelicula/el-ultimo-vikingo/,https://media.pillalas.com/imagenes/726afb526abffa831071fdb7895dda5a8f5443f58bef959385371bd83d00b407e021267b.jpg,Danés,No recomendada para menores de 16 años,Viernes 6 Marzo 2026,"Mads Mikkelsen, Nikolaj Lie Kaas, Søren Malling, Sofie Gråbøl","Anker sale de prisión tras cumplir una condena de quince años por robo. El dinero del atraco fue enterrado por su hermano Manfred. Solo él sabe dónde está. Por desgracia, desde entonces Manfred ha desarrollado un trastorno mental que le ha hecho olvidarlo todo. Juntos, los hermanos emprenden un viaje inesperado para encontrar el dinero y descubrir quiénes son en realidad."
EL ÚLTIMO VIKINGO,Anders Thomas Jensen,116,05,21:50,2026-04-06,Renoir Plaza de España,https://www.pillalas.com/pase/1062342/,https://www.cinesrenoir.com/pelicula/el-ultimo-vikingo/,https://media.pillalas.com/imagenes/726afb526abffa831071fdb7895dda5a8f5443f58bef959385371bd83d00b407e021267b.jpg,Danés,No recomendada para menores de 16 años,Viernes 6 Marzo 2026,"Mads Mikkelsen, Nikolaj Lie Kaas, Søren Malling, Sofie Gråbøl","Anker sale de prisión tras cumplir una condena de quince años por robo. El dinero del atraco fue enterrado por su hermano Manfred. Solo él sabe dónde está. Por desgracia, desde entonces Manfred ha desarrollado un trastorno mental que le ha hecho olvidarlo todo. Juntos, los hermanos emprenden un viaje inesperado para encontrar el dinero y descubrir quiénes son en realidad."
LAPÖNIA,David Serrano,89,04,16:00,2026-04-06,Renoir Plaza de España,https://www.pillalas.com/pase/1062283/,https://www.cinesrenoir.com/pelicula/laponia/,https://media.pillalas.com/imagenes/726afb526abffa83d35a675bb44f9e867e4f74293b1e78b17a07e4ea9dda1eeafb7aeddd.jpg,Castellano,No recomendada para menores de 12 años,Miércoles 1 Abril 2026,"Natalia Verbeke, Julián López, Ángela Cervantes, Vebjørn Enger","Una familia española viaja a Laponia para celebrar la Navidad con sus parientes del norte en un sitio idílico. Pero cuando uno de los primos pequeños suelta la verdad sobre Papá Noel, estalla un choque cultural y personal que demuestra que, a veces, las pequeñas mentiras pueden salvar las fiestas y la familia."
LAPÖNIA,David Serrano,89,03,18:15,2026-04-06,Renoir Plaza de España,https://www.pillalas.com/pase/1062288/,https://www.cinesrenoir.com/pelicula/laponia/,https://media.pillalas.com/imagenes/726afb526abffa83d35a675bb44f9e867e4f74293b1e78b17a07e4ea9dda1eeafb7aeddd.jpg,Castellano,No recomendada para menores de 12 años,Miércoles 1 Abril 2026,"Natalia Verbeke, Julián López, Ángela Cervantes, Vebjørn Enger","Una familia española viaja a Laponia para celebrar la Navidad con sus parientes del norte en un sitio idílico. Pero cuando uno de los primos pequeños suelta la verdad sobre Papá Noel, estalla un choque cultural y personal que demuestra que, a veces, las pequeñas mentiras pueden salvar las fiestas y la familia."
LAPÖNIA,David Serrano,89,03,20:00,2026-04-06,Renoir Plaza de España,https://www.pillalas.com/pase/1062290/,https://www.cinesrenoir.com/pelicula/laponia/,https://media.pillalas.com/imagenes/726afb526abffa83d35a675bb44f9e867e4f74293b1e78b17a07e4ea9dda1eeafb7aeddd.jpg,Castellano,No recomendada para menores de 12 años,Miércoles 1 Abril 2026,"Natalia Verbeke, Julián López, Ángela Cervantes, Vebjørn Enger","Una familia española viaja a Laponia para celebrar la Navidad con sus parientes del norte en un sitio idílico. Pero cuando uno de los primos pequeños suelta la verdad sobre Papá Noel, estalla un choque cultural y personal que demuestra que, a veces, las pequeñas mentiras pueden salvar las fiestas y la familia."
LAPÖNIA,David Serrano,89,01,22:45,2026-04-06,Renoir Plaza de España,https://www.pillalas.com/pase/1062174/,https://www.cinesrenoir.com/pelicula/laponia/,https://media.pillalas.com/imagenes/726afb526abffa83d35a675bb44f9e867e4f74293b1e78b17a07e4ea9dda1eeafb7aeddd.jpg,Castellano,No recomendada para menores de 12 años,Miércoles 1 Abril 2026,"Natalia Verbeke, Julián López, Ángela Cervantes, Vebjørn Enger","Una familia española viaja a Laponia para celebrar la Navidad con sus parientes del norte en un sitio idílico. Pero cuando uno de los primos pequeños suelta la verdad sobre Papá Noel, estalla un choque cultural y personal que demuestra que, a veces, las pequeñas mentiras pueden salvar las fiestas y la familia."
ORWELL 2+2 = 5,Raoul Peck,119,03,16:00,2026-04-06,Renoir Plaza de España,https://www.pillalas.com/pase/1062284/,https://www.cinesrenoir.com/pelicula/orwell-22-5/,https://media.pillalas.com/imagenes/726afb526abffa83b83d4cc400c9761fa7472981f7fc060c0bd7e85b0217a3f74541294d.jpg,Inglés Y Otros,No recomendada para menores de 16 años,Viernes 27 Febrero 2026,Damian Lewis,"George Orwell fue uno de los autores más visionarios del siglo XX, cuyas novelas, 1984 y Rebelión en la granja, predijeron un futuro autoritario y escalofriante. El aclamado director Raoul Peck (I Am Not Your Negro) entrelaza clips, lecturas del diario de Orwell, referencias cinematográficas e imágenes actuales para crear no solo un retrato del escritor, sino también una nueva perspectiva sobre lo profética que se ha vuelto su obra."
VALOR SENTIMENTAL,Joachim Trier,133,04,17:50,2026-04-06,Renoir Plaza de España,https://www.pillalas.com/pase/1062287/,https://www.cinesrenoir.com/pelicula/valor-sentimental/,https://media.pillalas.com/imagenes/726afb526abffa83fe1b3adc6f8909539f80c9a958e909b641f78d7648edf8e1f62ca547.jpg,Noruego E Inglés,No recomendada para menores de 12 años,Viernes 5 Diciembre 2025,"Renate Reinsve, Stellan Skarsgård, Inga Ibsdotter Lilleaas, Elle Fanning, Anders Danielsen Lie, Jesper Christensen, Lena Endre, Cory Michael Smith, Catherine Cohen, Andreas Stoltenberg Granerud, Øyvind Hesjedal Loven, Lars Väringer, Ida Marianne Vassbotn Klasson, Vilde Søyland","Las hermanas Nora y Agnes se reencuentran con su padre ausente, un director de cine muy reconocido en el pasado que ha vuelto para ofrecer a Nora el papel principal de su próxima película. Aunque ella lo rechaza, Gustav decide seguir adelante y utilizar la casa familiar como escenario de su nuevo rodaje, lo que reaviva las tensiones entre ellos, especialmente tras la llegada de una joven actriz de Hollywood que acepta el papel en su lugar. El vínculo entre las hermanas se convertirá en su mayor refugio frente a las heridas del pasado."
VALOR SENTIMENTAL,Joachim Trier,133,04,20:25,2026-04-06,Renoir Plaza de España,https://www.pillalas.com/pase/1062292/,https://www.cinesrenoir.com/pelicula/valor-sentimental/,https://media.pillalas.com/imagenes/726afb526abffa83fe1b3adc6f8909539f80c9a958e909b641f78d7648edf8e1f62ca547.jpg,Noruego E Inglés,No recomendada para menores de 12 años,Viernes 5 Diciembre 2025,"Renate Reinsve, Stellan Skarsgård, Inga Ibsdotter Lilleaas, Elle Fanning, Anders Danielsen Lie, Jesper Christensen, Lena Endre, Cory Michael Smith, Catherine Cohen, Andreas Stoltenberg Granerud, Øyvind Hesjedal Loven, Lars Väringer, Ida Marianne Vassbotn Klasson, Vilde Søyland","Las hermanas Nora y Agnes se reencuentran con su padre ausente, un director de cine muy reconocido en el pasado que ha vuelto para ofrecer a Nora el papel principal de su próxima película. Aunque ella lo rechaza, Gustav decide seguir adelante y utilizar la casa familiar como escenario de su nuevo rodaje, lo que reaviva las tensiones entre ellos, especialmente tras la llegada de una joven actriz de Hollywood que acepta el papel en su lugar. El vínculo entre las hermanas se convertirá en su mayor refugio frente a las heridas del pasado."
YO TE CREO,"Charlotte Devillers, Arnaud Dufeys",78,05,16:10,2026-04-06,Renoir Plaza de España,https://www.pillalas.com/pase/1062285/,https://www.cinesrenoir.com/pelicula/yo-te-creo/,https://media.pillalas.com/imagenes/726afb526abffa835a11812331b0224948b3b81847280d9179c8f92485ad90c47d38fafc.jpg,Francés,No recomendada para menores de 16 años y distintivo especialmente recomendada para el fomento de la igualdad de género,Viernes 27 Marzo 2026,"Myriem Akeddiou, Laurent Capelluto, Natali Broods, Ulysse Goffin","Hoy es un día decisivo. Alice comparece ante un tribunal para defender la custodia de sus dos hijos. A su lado el padre persigue exactamente lo mismo. En una audiencia donde no hay margen para el error, la justicia deberá decidir qué es lo mejor para los menores y dictar sentencia. Para ello será necesario escucharlos a todos y considerar cada punto de vista. Pero ¿cómo distinguir la verdad de la mentira cuando ambos aseguran actuar por el bien de sus hijos?"
YO TE CREO,"Charlotte Devillers, Arnaud Dufeys",78,05,20:10,2026-04-06,Renoir Plaza de España,https://www.pillalas.com/pase/1062291/,https://www.cinesrenoir.com/pelicula/yo-te-creo/,https://media.pillalas.com/imagenes/726afb526abffa835a11812331b0224948b3b81847280d9179c8f92485ad90c47d38fafc.jpg,Francés,No recomendada para menores de 16 años y distintivo especialmente recomendada para el fomento de la igualdad de género,Viernes 27 Marzo 2026,"Myriem Akeddiou, Laurent Capelluto, Natali Broods, Ulysse Goffin","Hoy es un día decisivo. Alice comparece ante un tribunal para defender la custodia de sus dos hijos. A su lado el padre persigue exactamente lo mismo. En una audiencia donde no hay margen para el error, la justicia deberá decidir qué es lo mejor para los menores y dictar sentencia. Para ello será necesario escucharlos a todos y considerar cada punto de vista. Pero ¿cómo distinguir la verdad de la mentira cuando ambos aseguran actuar por el bien de sus hijos?"
AMARGA NAVIDAD,Pedro Almodóvar,111,02,17:00,2026-04-07,Renoir Plaza de España,https://www.pillalas.com/pase/1062298/,https://www.cinesrenoir.com/pelicula/amarga-navidad/,https://media.pillalas.com/imagenes/726afb526abffa83b60c45c3634993c0e9bd987d873c6c32a8009c3b4ee414d3a40e41c1.jpg,Castellano,No recomendada para menores de 12 años,Viernes 20 Marzo 2026,"Bárbara Lennie, Leonardo Sbaraglia, Aitana Sánchez-Gijón, Victoria Luengo, Patrick Criado, Milena Smit, Quim Gutiérrez, Rossy De Palma, Carmen Machi, Gloria Muñoz","Elsa es una directora de publicidad cuya madre muere durante un largo puente del mes de diciembre. Encuentra refugio en el trabajo, aunque es más bien una huida hacia adelante. Trabaja sin parar y, sin darse cuenta, no se concede el tiempo necesario para guardar el duelo por la ausencia materna. Hasta que una crisis de pánico la obliga a detenerse e imponerse un descanso. Su pareja, Bonifacio, es su tabla de salvación en esos momentos de crisis. Elsa decide viajar a la isla de Lanzarote acompañada por su amiga Patricia, que también necesita alejarse de Madrid, mientras que Bonifacio se queda en la ciudad.
La historia de estos tres personajes, y algunos más, se narran paralelamente a la del guionista y director de cine Raúl Durán, entremezclando ficción y realidad. Porque ‘Amarga Navidad’ desarrolla cómo la vida y la ficción están unidas de un modo indisoluble, incluso doloroso en ocasiones."
AMARGA NAVIDAD,Pedro Almodóvar,111,02,19:15,2026-04-07,Renoir Plaza de España,https://www.pillalas.com/pase/1062301/,https://www.cinesrenoir.com/pelicula/amarga-navidad/,https://media.pillalas.com/imagenes/726afb526abffa83b60c45c3634993c0e9bd987d873c6c32a8009c3b4ee414d3a40e41c1.jpg,Castellano,No recomendada para menores de 12 años,Viernes 20 Marzo 2026,"Bárbara Lennie, Leonardo Sbaraglia, Aitana Sánchez-Gijón, Victoria Luengo, Patrick Criado, Milena Smit, Quim Gutiérrez, Rossy De Palma, Carmen Machi, Gloria Muñoz","Elsa es una directora de publicidad cuya madre muere durante un largo puente del mes de diciembre. Encuentra refugio en el trabajo, aunque es más bien una huida hacia adelante. Trabaja sin parar y, sin darse cuenta, no se concede el tiempo necesario para guardar el duelo por la ausencia materna. Hasta que una crisis de pánico la obliga a detenerse e imponerse un descanso. Su pareja, Bonifacio, es su tabla de salvación en esos momentos de crisis. Elsa decide viajar a la isla de Lanzarote acompañada por su amiga Patricia, que también necesita alejarse de Madrid, mientras que Bonifacio se queda en la ciudad.
La historia de estos tres personajes, y algunos más, se narran paralelamente a la del guionista y director de cine Raúl Durán, entremezclando ficción y realidad. Porque ‘Amarga Navidad’ desarrolla cómo la vida y la ficción están unidas de un modo indisoluble, incluso doloroso en ocasiones."
AMARGA NAVIDAD,Pedro Almodóvar,111,02,21:30,2026-04-07,Renoir Plaza de España,https://www.pillalas.com/pase/1062305/,https://www.cinesrenoir.com/pelicula/amarga-navidad/,https://media.pillalas.com/imagenes/726afb526abffa83b60c45c3634993c0e9bd987d873c6c32a8009c3b4ee414d3a40e41c1.jpg,Castellano,No recomendada para menores de 12 años,Viernes 20 Marzo 2026,"Bárbara Lennie, Leonardo Sbaraglia, Aitana Sánchez-Gijón, Victoria Luengo, Patrick Criado, Milena Smit, Quim Gutiérrez, Rossy De Palma, Carmen Machi, Gloria Muñoz","Elsa es una directora de publicidad cuya madre muere durante un largo puente del mes de diciembre. Encuentra refugio en el trabajo, aunque es más bien una huida hacia adelante. Trabaja sin parar y, sin darse cuenta, no se concede el tiempo necesario para guardar el duelo por la ausencia materna. Hasta que una crisis de pánico la obliga a detenerse e imponerse un descanso. Su pareja, Bonifacio, es su tabla de salvación en esos momentos de crisis. Elsa decide viajar a la isla de Lanzarote acompañada por su amiga Patricia, que también necesita alejarse de Madrid, mientras que Bonifacio se queda en la ciudad.
La historia de estos tres personajes, y algunos más, se narran paralelamente a la del guionista y director de cine Raúl Durán, entremezclando ficción y realidad. Porque ‘Amarga Navidad’ desarrolla cómo la vida y la ficción están unidas de un modo indisoluble, incluso doloroso en ocasiones."
CALLE MÁLAGA,Maryam Touzani,116,01,15:55,2026-04-07,Renoir Plaza de España,https://www.pillalas.com/pase/1062175/,https://www.cinesrenoir.com/pelicula/calle-malaga/,https://www.cinesrenoir.com/media/Peliculas/Cartel/calle_malaga-474473414-large.jpg,Castellano Y Árabe,No recomendada para menores de 12 años,Miércoles 1 Abril 2026,"Carmen Maura, Marta Etura, Ahmed Boulane, María Alfonsa Rosso, Sanae Regragui, Miguel Garcés","María Ángeles (Carmen Maura), una española de 79 años que vive sola en Tánger, en el norte de Marruecos, disfruta de su ciudad y de su día a día. Su vida da un giro cuando su hija Clara (Marta Etura) llega desde Madrid para vender el apartamento en el que siempre ha vivido. Decidida a quedarse en la ciudad que la vio crecer, hará todo lo posible para mantener su hogar y recuperar los objetos de toda una vida. Por el camino, redescubre, contra todo pronóstico, el amor y el deseo."
CALLE MÁLAGA,Maryam Touzani,116,01,18:10,2026-04-07,Renoir Plaza de España,https://www.pillalas.com/pase/1062176/,https://www.cinesrenoir.com/pelicula/calle-malaga/,https://www.cinesrenoir.com/media/Peliculas/Cartel/calle_malaga-474473414-large.jpg,Castellano Y Árabe,No recomendada para menores de 12 años,Miércoles 1 Abril 2026,"Carmen Maura, Marta Etura, Ahmed Boulane, María Alfonsa Rosso, Sanae Regragui, Miguel Garcés","María Ángeles (Carmen Maura), una española de 79 años que vive sola en Tánger, en el norte de Marruecos, disfruta de su ciudad y de su día a día. Su vida da un giro cuando su hija Clara (Marta Etura) llega desde Madrid para vender el apartamento en el que siempre ha vivido. Decidida a quedarse en la ciudad que la vio crecer, hará todo lo posible para mantener su hogar y recuperar los objetos de toda una vida. Por el camino, redescubre, contra todo pronóstico, el amor y el deseo."
CALLE MÁLAGA,Maryam Touzani,116,01,20:30,2026-04-07,Renoir Plaza de España,https://www.pillalas.com/pase/1062177/,https://www.cinesrenoir.com/pelicula/calle-malaga/,https://www.cinesrenoir.com/media/Peliculas/Cartel/calle_malaga-474473414-large.jpg,Castellano Y Árabe,No recomendada para menores de 12 años,Miércoles 1 Abril 2026,"Carmen Maura, Marta Etura, Ahmed Boulane, María Alfonsa Rosso, Sanae Regragui, Miguel Garcés","María Ángeles (Carmen Maura), una española de 79 años que vive sola en Tánger, en el norte de Marruecos, disfruta de su ciudad y de su día a día. Su vida da un giro cuando su hija Clara (Marta Etura) llega desde Madrid para vender el apartamento en el que siempre ha vivido. Decidida a quedarse en la ciudad que la vio crecer, hará todo lo posible para mantener su hogar y recuperar los objetos de toda una vida. Por el camino, redescubre, contra todo pronóstico, el amor y el deseo."
CALLE MÁLAGA,Maryam Touzani,116,03,21:45,2026-04-07,Renoir Plaza de España,https://www.pillalas.com/pase/1062306/,https://www.cinesrenoir.com/pelicula/calle-malaga/,https://www.cinesrenoir.com/media/Peliculas/Cartel/calle_malaga-474473414-large.jpg,Castellano Y Árabe,No recomendada para menores de 12 años,Miércoles 1 Abril 2026,"Carmen Maura, Marta Etura, Ahmed Boulane, María Alfonsa Rosso, Sanae Regragui, Miguel Garcés","María Ángeles (Carmen Maura), una española de 79 años que vive sola en Tánger, en el norte de Marruecos, disfruta de su ciudad y de su día a día. Su vida da un giro cuando su hija Clara (Marta Etura) llega desde Madrid para vender el apartamento en el que siempre ha vivido. Decidida a quedarse en la ciudad que la vio crecer, hará todo lo posible para mantener su hogar y recuperar los objetos de toda una vida. Por el camino, redescubre, contra todo pronóstico, el amor y el deseo."
EL ÚLTIMO VIKINGO,Anders Thomas Jensen,116,05,17:55,2026-04-07,Renoir Plaza de España,https://www.pillalas.com/pase/1062343/,https://www.cinesrenoir.com/pelicula/el-ultimo-vikingo/,https://media.pillalas.com/imagenes/726afb526abffa831071fdb7895dda5a8f5443f58bef959385371bd83d00b407e021267b.jpg,Danés,No recomendada para menores de 16 años,Viernes 6 Marzo 2026,"Mads Mikkelsen, Nikolaj Lie Kaas, Søren Malling, Sofie Gråbøl","Anker sale de prisión tras cumplir una condena de quince años por robo. El dinero del atraco fue enterrado por su hermano Manfred. Solo él sabe dónde está. Por desgracia, desde entonces Manfred ha desarrollado un trastorno mental que le ha hecho olvidarlo todo. Juntos, los hermanos emprenden un viaje inesperado para encontrar el dinero y descubrir quiénes son en realidad."
EL ÚLTIMO VIKINGO,Anders Thomas Jensen,116,05,21:50,2026-04-07,Renoir Plaza de España,https://www.pillalas.com/pase/1062344/,https://www.cinesrenoir.com/pelicula/el-ultimo-vikingo/,https://media.pillalas.com/imagenes/726afb526abffa831071fdb7895dda5a8f5443f58bef959385371bd83d00b407e021267b.jpg,Danés,No recomendada para menores de 16 años,Viernes 6 Marzo 2026,"Mads Mikkelsen, Nikolaj Lie Kaas, Søren Malling, Sofie Gråbøl","Anker sale de prisión tras cumplir una condena de quince años por robo. El dinero del atraco fue enterrado por su hermano Manfred. Solo él sabe dónde está. Por desgracia, desde entonces Manfred ha desarrollado un trastorno mental que le ha hecho olvidarlo todo. Juntos, los hermanos emprenden un viaje inesperado para encontrar el dinero y descubrir quiénes son en realidad."
LAPÖNIA,David Serrano,89,04,16:00,2026-04-07,Renoir Plaza de España,https://www.pillalas.com/pase/1062295/,https://www.cinesrenoir.com/pelicula/laponia/,https://media.pillalas.com/imagenes/726afb526abffa83d35a675bb44f9e867e4f74293b1e78b17a07e4ea9dda1eeafb7aeddd.jpg,Castellano,No recomendada para menores de 12 años,Miércoles 1 Abril 2026,"Natalia Verbeke, Julián López, Ángela Cervantes, Vebjørn Enger","Una familia española viaja a Laponia para celebrar la Navidad con sus parientes del norte en un sitio idílico. Pero cuando uno de los primos pequeños suelta la verdad sobre Papá Noel, estalla un choque cultural y personal que demuestra que, a veces, las pequeñas mentiras pueden salvar las fiestas y la familia."
LAPÖNIA,David Serrano,89,03,18:15,2026-04-07,Renoir Plaza de España,https://www.pillalas.com/pase/1062300/,https://www.cinesrenoir.com/pelicula/laponia/,https://media.pillalas.com/imagenes/726afb526abffa83d35a675bb44f9e867e4f74293b1e78b17a07e4ea9dda1eeafb7aeddd.jpg,Castellano,No recomendada para menores de 12 años,Miércoles 1 Abril 2026,"Natalia Verbeke, Julián López, Ángela Cervantes, Vebjørn Enger","Una familia española viaja a Laponia para celebrar la Navidad con sus parientes del norte en un sitio idílico. Pero cuando uno de los primos pequeños suelta la verdad sobre Papá Noel, estalla un choque cultural y personal que demuestra que, a veces, las pequeñas mentiras pueden salvar las fiestas y la familia."
LAPÖNIA,David Serrano,89,03,20:00,2026-04-07,Renoir Plaza de España,https://www.pillalas.com/pase/1062302/,https://www.cinesrenoir.com/pelicula/laponia/,https://media.pillalas.com/imagenes/726afb526abffa83d35a675bb44f9e867e4f74293b1e78b17a07e4ea9dda1eeafb7aeddd.jpg,Castellano,No recomendada para menores de 12 años,Miércoles 1 Abril 2026,"Natalia Verbeke, Julián López, Ángela Cervantes, Vebjørn Enger","Una familia española viaja a Laponia para celebrar la Navidad con sus parientes del norte en un sitio idílico. Pero cuando uno de los primos pequeños suelta la verdad sobre Papá Noel, estalla un choque cultural y personal que demuestra que, a veces, las pequeñas mentiras pueden salvar las fiestas y la familia."
LAPÖNIA,David Serrano,89,01,22:45,2026-04-07,Renoir Plaza de España,https://www.pillalas.com/pase/1062178/,https://www.cinesrenoir.com/pelicula/laponia/,https://media.pillalas.com/imagenes/726afb526abffa83d35a675bb44f9e867e4f74293b1e78b17a07e4ea9dda1eeafb7aeddd.jpg,Castellano,No recomendada para menores de 12 años,Miércoles 1 Abril 2026,"Natalia Verbeke, Julián López, Ángela Cervantes, Vebjørn Enger","Una familia española viaja a Laponia para celebrar la Navidad con sus parientes del norte en un sitio idílico. Pero cuando uno de los primos pequeños suelta la verdad sobre Papá Noel, estalla un choque cultural y personal que demuestra que, a veces, las pequeñas mentiras pueden salvar las fiestas y la familia."
ORWELL 2+2 = 5,Raoul Peck,119,03,16:00,2026-04-07,Renoir Plaza de España,https://www.pillalas.com/pase/1062296/,https://www.cinesrenoir.com/pelicula/orwell-22-5/,https://media.pillalas.com/imagenes/726afb526abffa83b83d4cc400c9761fa7472981f7fc060c0bd7e85b0217a3f74541294d.jpg,Inglés Y Otros,No recomendada para menores de 16 años,Viernes 27 Febrero 2026,Damian Lewis,"George Orwell fue uno de los autores más visionarios del siglo XX, cuyas novelas, 1984 y Rebelión en la granja, predijeron un futuro autoritario y escalofriante. El aclamado director Raoul Peck (I Am Not Your Negro) entrelaza clips, lecturas del diario de Orwell, referencias cinematográficas e imágenes actuales para crear no solo un retrato del escritor, sino también una nueva perspectiva sobre lo profética que se ha vuelto su obra."
VALOR SENTIMENTAL,Joachim Trier,133,04,17:50,2026-04-07,Renoir Plaza de España,https://www.pillalas.com/pase/1062299/,https://www.cinesrenoir.com/pelicula/valor-sentimental/,https://media.pillalas.com/imagenes/726afb526abffa83fe1b3adc6f8909539f80c9a958e909b641f78d7648edf8e1f62ca547.jpg,Noruego E Inglés,No recomendada para menores de 12 años,Viernes 5 Diciembre 2025,"Renate Reinsve, Stellan Skarsgård, Inga Ibsdotter Lilleaas, Elle Fanning, Anders Danielsen Lie, Jesper Christensen, Lena Endre, Cory Michael Smith, Catherine Cohen, Andreas Stoltenberg Granerud, Øyvind Hesjedal Loven, Lars Väringer, Ida Marianne Vassbotn Klasson, Vilde Søyland","Las hermanas Nora y Agnes se reencuentran con su padre ausente, un director de cine muy reconocido en el pasado que ha vuelto para ofrecer a Nora el papel principal de su próxima película. Aunque ella lo rechaza, Gustav decide seguir adelante y utilizar la casa familiar como escenario de su nuevo rodaje, lo que reaviva las tensiones entre ellos, especialmente tras la llegada de una joven actriz de Hollywood que acepta el papel en su lugar. El vínculo entre las hermanas se convertirá en su mayor refugio frente a las heridas del pasado."
VALOR SENTIMENTAL,Joachim Trier,133,04,20:25,2026-04-07,Renoir Plaza de España,https://www.pillalas.com/pase/1062304/,https://www.cinesrenoir.com/pelicula/valor-sentimental/,https://media.pillalas.com/imagenes/726afb526abffa83fe1b3adc6f8909539f80c9a958e909b641f78d7648edf8e1f62ca547.jpg,Noruego E Inglés,No recomendada para menores de 12 años,Viernes 5 Diciembre 2025,"Renate Reinsve, Stellan Skarsgård, Inga Ibsdotter Lilleaas, Elle Fanning, Anders Danielsen Lie, Jesper Christensen, Lena Endre, Cory Michael Smith, Catherine Cohen, Andreas Stoltenberg Granerud, Øyvind Hesjedal Loven, Lars Väringer, Ida Marianne Vassbotn Klasson, Vilde Søyland","Las hermanas Nora y Agnes se reencuentran con su padre ausente, un director de cine muy reconocido en el pasado que ha vuelto para ofrecer a Nora el papel principal de su próxima película. Aunque ella lo rechaza, Gustav decide seguir adelante y utilizar la casa familiar como escenario de su nuevo rodaje, lo que reaviva las tensiones entre ellos, especialmente tras la llegada de una joven actriz de Hollywood que acepta el papel en su lugar. El vínculo entre las hermanas se convertirá en su mayor refugio frente a las heridas del pasado."
YO TE CREO,"Charlotte Devillers, Arnaud Dufeys",78,05,16:10,2026-04-07,Renoir Plaza de España,https://www.pillalas.com/pase/1062297/,https://www.cinesrenoir.com/pelicula/yo-te-creo/,https://media.pillalas.com/imagenes/726afb526abffa835a11812331b0224948b3b81847280d9179c8f92485ad90c47d38fafc.jpg,Francés,No recomendada para menores de 16 años y distintivo especialmente recomendada para el fomento de la igualdad de género,Viernes 27 Marzo 2026,"Myriem Akeddiou, Laurent Capelluto, Natali Broods, Ulysse Goffin","Hoy es un día decisivo. Alice comparece ante un tribunal para defender la custodia de sus dos hijos. A su lado el padre persigue exactamente lo mismo. En una audiencia donde no hay margen para el error, la justicia deberá decidir qué es lo mejor para los menores y dictar sentencia. Para ello será necesario escucharlos a todos y considerar cada punto de vista. Pero ¿cómo distinguir la verdad de la mentira cuando ambos aseguran actuar por el bien de sus hijos?"
YO TE CREO,"Charlotte Devillers, Arnaud Dufeys",78,05,20:10,2026-04-07,Renoir Plaza de España,https://www.pillalas.com/pase/1062303/,https://www.cinesrenoir.com/pelicula/yo-te-creo/,https://media.pillalas.com/imagenes/726afb526abffa835a11812331b0224948b3b81847280d9179c8f92485ad90c47d38fafc.jpg,Francés,No recomendada para menores de 16 años y distintivo especialmente recomendada para el fomento de la igualdad de género,Viernes 27 Marzo 2026,"Myriem Akeddiou, Laurent Capelluto, Natali Broods, Ulysse Goffin","Hoy es un día decisivo. Alice comparece ante un tribunal para defender la custodia de sus dos hijos. A su lado el padre persigue exactamente lo mismo. En una audiencia donde no hay margen para el error, la justicia deberá decidir qué es lo mejor para los menores y dictar sentencia. Para ello será necesario escucharlos a todos y considerar cada punto de vista. Pero ¿cómo distinguir la verdad de la mentira cuando ambos aseguran actuar por el bien de sus hijos?"
AMARGA NAVIDAD,Pedro Almodóvar,111,02,17:00,2026-04-08,Renoir Plaza de España,https://www.pillalas.com/pase/1062310/,https://www.cinesrenoir.com/pelicula/amarga-navidad/,https://media.pillalas.com/imagenes/726afb526abffa83b60c45c3634993c0e9bd987d873c6c32a8009c3b4ee414d3a40e41c1.jpg,Castellano,No recomendada para menores de 12 años,Viernes 20 Marzo 2026,"Bárbara Lennie, Leonardo Sbaraglia, Aitana Sánchez-Gijón, Victoria Luengo, Patrick Criado, Milena Smit, Quim Gutiérrez, Rossy De Palma, Carmen Machi, Gloria Muñoz","Elsa es una directora de publicidad cuya madre muere durante un largo puente del mes de diciembre. Encuentra refugio en el trabajo, aunque es más bien una huida hacia adelante. Trabaja sin parar y, sin darse cuenta, no se concede el tiempo necesario para guardar el duelo por la ausencia materna. Hasta que una crisis de pánico la obliga a detenerse e imponerse un descanso. Su pareja, Bonifacio, es su tabla de salvación en esos momentos de crisis. Elsa decide viajar a la isla de Lanzarote acompañada por su amiga Patricia, que también necesita alejarse de Madrid, mientras que Bonifacio se queda en la ciudad.
La historia de estos tres personajes, y algunos más, se narran paralelamente a la del guionista y director de cine Raúl Durán, entremezclando ficción y realidad. Porque ‘Amarga Navidad’ desarrolla cómo la vida y la ficción están unidas de un modo indisoluble, incluso doloroso en ocasiones."
AMARGA NAVIDAD,Pedro Almodóvar,111,02,19:15,2026-04-08,Renoir Plaza de España,https://www.pillalas.com/pase/1062313/,https://www.cinesrenoir.com/pelicula/amarga-navidad/,https://media.pillalas.com/imagenes/726afb526abffa83b60c45c3634993c0e9bd987d873c6c32a8009c3b4ee414d3a40e41c1.jpg,Castellano,No recomendada para menores de 12 años,Viernes 20 Marzo 2026,"Bárbara Lennie, Leonardo Sbaraglia, Aitana Sánchez-Gijón, Victoria Luengo, Patrick Criado, Milena Smit, Quim Gutiérrez, Rossy De Palma, Carmen Machi, Gloria Muñoz","Elsa es una directora de publicidad cuya madre muere durante un largo puente del mes de diciembre. Encuentra refugio en el trabajo, aunque es más bien una huida hacia adelante. Trabaja sin parar y, sin darse cuenta, no se concede el tiempo necesario para guardar el duelo por la ausencia materna. Hasta que una crisis de pánico la obliga a detenerse e imponerse un descanso. Su pareja, Bonifacio, es su tabla de salvación en esos momentos de crisis. Elsa decide viajar a la isla de Lanzarote acompañada por su amiga Patricia, que también necesita alejarse de Madrid, mientras que Bonifacio se queda en la ciudad.
La historia de estos tres personajes, y algunos más, se narran paralelamente a la del guionista y director de cine Raúl Durán, entremezclando ficción y realidad. Porque ‘Amarga Navidad’ desarrolla cómo la vida y la ficción están unidas de un modo indisoluble, incluso doloroso en ocasiones."
AMARGA NAVIDAD,Pedro Almodóvar,111,02,21:30,2026-04-08,Renoir Plaza de España,https://www.pillalas.com/pase/1062317/,https://www.cinesrenoir.com/pelicula/amarga-navidad/,https://media.pillalas.com/imagenes/726afb526abffa83b60c45c3634993c0e9bd987d873c6c32a8009c3b4ee414d3a40e41c1.jpg,Castellano,No recomendada para menores de 12 años,Viernes 20 Marzo 2026,"Bárbara Lennie, Leonardo Sbaraglia, Aitana Sánchez-Gijón, Victoria Luengo, Patrick Criado, Milena Smit, Quim Gutiérrez, Rossy De Palma, Carmen Machi, Gloria Muñoz","Elsa es una directora de publicidad cuya madre muere durante un largo puente del mes de diciembre. Encuentra refugio en el trabajo, aunque es más bien una huida hacia adelante. Trabaja sin parar y, sin darse cuenta, no se concede el tiempo necesario para guardar el duelo por la ausencia materna. Hasta que una crisis de pánico la obliga a detenerse e imponerse un descanso. Su pareja, Bonifacio, es su tabla de salvación en esos momentos de crisis. Elsa decide viajar a la isla de Lanzarote acompañada por su amiga Patricia, que también necesita alejarse de Madrid, mientras que Bonifacio se queda en la ciudad.
La historia de estos tres personajes, y algunos más, se narran paralelamente a la del guionista y director de cine Raúl Durán, entremezclando ficción y realidad. Porque ‘Amarga Navidad’ desarrolla cómo la vida y la ficción están unidas de un modo indisoluble, incluso doloroso en ocasiones."
CALLE MÁLAGA,Maryam Touzani,116,01,15:55,2026-04-08,Renoir Plaza de España,https://www.pillalas.com/pase/1062179/,https://www.cinesrenoir.com/pelicula/calle-malaga/,https://www.cinesrenoir.com/media/Peliculas/Cartel/calle_malaga-474473414-large.jpg,Castellano Y Árabe,No recomendada para menores de 12 años,Miércoles 1 Abril 2026,"Carmen Maura, Marta Etura, Ahmed Boulane, María Alfonsa Rosso, Sanae Regragui, Miguel Garcés","María Ángeles (Carmen Maura), una española de 79 años que vive sola en Tánger, en el norte de Marruecos, disfruta de su ciudad y de su día a día. Su vida da un giro cuando su hija Clara (Marta Etura) llega desde Madrid para vender el apartamento en el que siempre ha vivido. Decidida a quedarse en la ciudad que la vio crecer, hará todo lo posible para mantener su hogar y recuperar los objetos de toda una vida. Por el camino, redescubre, contra todo pronóstico, el amor y el deseo."
CALLE MÁLAGA,Maryam Touzani,116,01,18:10,2026-04-08,Renoir Plaza de España,https://www.pillalas.com/pase/1062180/,https://www.cinesrenoir.com/pelicula/calle-malaga/,https://www.cinesrenoir.com/media/Peliculas/Cartel/calle_malaga-474473414-large.jpg,Castellano Y Árabe,No recomendada para menores de 12 años,Miércoles 1 Abril 2026,"Carmen Maura, Marta Etura, Ahmed Boulane, María Alfonsa Rosso, Sanae Regragui, Miguel Garcés","María Ángeles (Carmen Maura), una española de 79 años que vive sola en Tánger, en el norte de Marruecos, disfruta de su ciudad y de su día a día. Su vida da un giro cuando su hija Clara (Marta Etura) llega desde Madrid para vender el apartamento en el que siempre ha vivido. Decidida a quedarse en la ciudad que la vio crecer, hará todo lo posible para mantener su hogar y recuperar los objetos de toda una vida. Por el camino, redescubre, contra todo pronóstico, el amor y el deseo."
CALLE MÁLAGA,Maryam Touzani,116,01,20:30,2026-04-08,Renoir Plaza de España,https://www.pillalas.com/pase/1062181/,https://www.cinesrenoir.com/pelicula/calle-malaga/,https://www.cinesrenoir.com/media/Peliculas/Cartel/calle_malaga-474473414-large.jpg,Castellano Y Árabe,No recomendada para menores de 12 años,Miércoles 1 Abril 2026,"Carmen Maura, Marta Etura, Ahmed Boulane, María Alfonsa Rosso, Sanae Regragui, Miguel Garcés","María Ángeles (Carmen Maura), una española de 79 años que vive sola en Tánger, en el norte de Marruecos, disfruta de su ciudad y de su día a día. Su vida da un giro cuando su hija Clara (Marta Etura) llega desde Madrid para vender el apartamento en el que siempre ha vivido. Decidida a quedarse en la ciudad que la vio crecer, hará todo lo posible para mantener su hogar y recuperar los objetos de toda una vida. Por el camino, redescubre, contra todo pronóstico, el amor y el deseo."
CALLE MÁLAGA,Maryam Touzani,116,03,21:45,2026-04-08,Renoir Plaza de España,https://www.pillalas.com/pase/1062318/,https://www.cinesrenoir.com/pelicula/calle-malaga/,https://www.cinesrenoir.com/media/Peliculas/Cartel/calle_malaga-474473414-large.jpg,Castellano Y Árabe,No recomendada para menores de 12 años,Miércoles 1 Abril 2026,"Carmen Maura, Marta Etura, Ahmed Boulane, María Alfonsa Rosso, Sanae Regragui, Miguel Garcés","María Ángeles (Carmen Maura), una española de 79 años que vive sola en Tánger, en el norte de Marruecos, disfruta de su ciudad y de su día a día. Su vida da un giro cuando su hija Clara (Marta Etura) llega desde Madrid para vender el apartamento en el que siempre ha vivido. Decidida a quedarse en la ciudad que la vio crecer, hará todo lo posible para mantener su hogar y recuperar los objetos de toda una vida. Por el camino, redescubre, contra todo pronóstico, el amor y el deseo."
EL ÚLTIMO VIKINGO,Anders Thomas Jensen,116,05,17:55,2026-04-08,Renoir Plaza de España,https://www.pillalas.com/pase/1062345/,https://www.cinesrenoir.com/pelicula/el-ultimo-vikingo/,https://media.pillalas.com/imagenes/726afb526abffa831071fdb7895dda5a8f5443f58bef959385371bd83d00b407e021267b.jpg,Danés,No recomendada para menores de 16 años,Viernes 6 Marzo 2026,"Mads Mikkelsen, Nikolaj Lie Kaas, Søren Malling, Sofie Gråbøl","Anker sale de prisión tras cumplir una condena de quince años por robo. El dinero del atraco fue enterrado por su hermano Manfred. Solo él sabe dónde está. Por desgracia, desde entonces Manfred ha desarrollado un trastorno mental que le ha hecho olvidarlo todo. Juntos, los hermanos emprenden un viaje inesperado para encontrar el dinero y descubrir quiénes son en realidad."
EL ÚLTIMO VIKINGO,Anders Thomas Jensen,116,05,21:50,2026-04-08,Renoir Plaza de España,https://www.pillalas.com/pase/1062346/,https://www.cinesrenoir.com/pelicula/el-ultimo-vikingo/,https://media.pillalas.com/imagenes/726afb526abffa831071fdb7895dda5a8f5443f58bef959385371bd83d00b407e021267b.jpg,Danés,No recomendada para menores de 16 años,Viernes 6 Marzo 2026,"Mads Mikkelsen, Nikolaj Lie Kaas, Søren Malling, Sofie Gråbøl","Anker sale de prisión tras cumplir una condena de quince años por robo. El dinero del atraco fue enterrado por su hermano Manfred. Solo él sabe dónde está. Por desgracia, desde entonces Manfred ha desarrollado un trastorno mental que le ha hecho olvidarlo todo. Juntos, los hermanos emprenden un viaje inesperado para encontrar el dinero y descubrir quiénes son en realidad."
LAPÖNIA,David Serrano,89,04,16:00,2026-04-08,Renoir Plaza de España,https://www.pillalas.com/pase/1062308/,https://www.cinesrenoir.com/pelicula/laponia/,https://media.pillalas.com/imagenes/726afb526abffa83d35a675bb44f9e867e4f74293b1e78b17a07e4ea9dda1eeafb7aeddd.jpg,Castellano,No recomendada para menores de 12 años,Miércoles 1 Abril 2026,"Natalia Verbeke, Julián López, Ángela Cervantes, Vebjørn Enger","Una familia española viaja a Laponia para celebrar la Navidad con sus parientes del norte en un sitio idílico. Pero cuando uno de los primos pequeños suelta la verdad sobre Papá Noel, estalla un choque cultural y personal que demuestra que, a veces, las pequeñas mentiras pueden salvar las fiestas y la familia."
LAPÖNIA,David Serrano,89,03,18:15,2026-04-08,Renoir Plaza de España,https://www.pillalas.com/pase/1062312/,https://www.cinesrenoir.com/pelicula/laponia/,https://media.pillalas.com/imagenes/726afb526abffa83d35a675bb44f9e867e4f74293b1e78b17a07e4ea9dda1eeafb7aeddd.jpg,Castellano,No recomendada para menores de 12 años,Miércoles 1 Abril 2026,"Natalia Verbeke, Julián López, Ángela Cervantes, Vebjørn Enger","Una familia española viaja a Laponia para celebrar la Navidad con sus parientes del norte en un sitio idílico. Pero cuando uno de los primos pequeños suelta la verdad sobre Papá Noel, estalla un choque cultural y personal que demuestra que, a veces, las pequeñas mentiras pueden salvar las fiestas y la familia."
LAPÖNIA,David Serrano,89,03,20:00,2026-04-08,Renoir Plaza de España,https://www.pillalas.com/pase/1062314/,https://www.cinesrenoir.com/pelicula/laponia/,https://media.pillalas.com/imagenes/726afb526abffa83d35a675bb44f9e867e4f74293b1e78b17a07e4ea9dda1eeafb7aeddd.jpg,Castellano,No recomendada para menores de 12 años,Miércoles 1 Abril 2026,"Natalia Verbeke, Julián López, Ángela Cervantes, Vebjørn Enger","Una familia española viaja a Laponia para celebrar la Navidad con sus parientes del norte en un sitio idílico. Pero cuando uno de los primos pequeños suelta la verdad sobre Papá Noel, estalla un choque cultural y personal que demuestra que, a veces, las pequeñas mentiras pueden salvar las fiestas y la familia."
LAPÖNIA,David Serrano,89,01,22:45,2026-04-08,Renoir Plaza de España,https://www.pillalas.com/pase/1062182/,https://www.cinesrenoir.com/pelicula/laponia/,https://media.pillalas.com/imagenes/726afb526abffa83d35a675bb44f9e867e4f74293b1e78b17a07e4ea9dda1eeafb7aeddd.jpg,Castellano,No recomendada para menores de 12 años,Miércoles 1 Abril 2026,"Natalia Verbeke, Julián López, Ángela Cervantes, Vebjørn Enger","Una familia española viaja a Laponia para celebrar la Navidad con sus parientes del norte en un sitio idílico. Pero cuando uno de los primos pequeños suelta la verdad sobre Papá Noel, estalla un choque cultural y personal que demuestra que, a veces, las pequeñas mentiras pueden salvar las fiestas y la familia."
ORWELL 2+2 = 5,Raoul Peck,119,03,16:00,2026-04-08,Renoir Plaza de España,https://www.pillalas.com/pase/1062307/,https://www.cinesrenoir.com/pelicula/orwell-22-5/,https://media.pillalas.com/imagenes/726afb526abffa83b83d4cc400c9761fa7472981f7fc060c0bd7e85b0217a3f74541294d.jpg,Inglés Y Otros,No recomendada para menores de 16 años,Viernes 27 Febrero 2026,Damian Lewis,"George Orwell fue uno de los autores más visionarios del siglo XX, cuyas novelas, 1984 y Rebelión en la granja, predijeron un futuro autoritario y escalofriante. El aclamado director Raoul Peck (I Am Not Your Negro) entrelaza clips, lecturas del diario de Orwell, referencias cinematográficas e imágenes actuales para crear no solo un retrato del escritor, sino también una nueva perspectiva sobre lo profética que se ha vuelto su obra."
VALOR SENTIMENTAL,Joachim Trier,133,04,17:50,2026-04-08,Renoir Plaza de España,https://www.pillalas.com/pase/1062311/,https://www.cinesrenoir.com/pelicula/valor-sentimental/,https://media.pillalas.com/imagenes/726afb526abffa83fe1b3adc6f8909539f80c9a958e909b641f78d7648edf8e1f62ca547.jpg,Noruego E Inglés,No recomendada para menores de 12 años,Viernes 5 Diciembre 2025,"Renate Reinsve, Stellan Skarsgård, Inga Ibsdotter Lilleaas, Elle Fanning, Anders Danielsen Lie, Jesper Christensen, Lena Endre, Cory Michael Smith, Catherine Cohen, Andreas Stoltenberg Granerud, Øyvind Hesjedal Loven, Lars Väringer, Ida Marianne Vassbotn Klasson, Vilde Søyland","Las hermanas Nora y Agnes se reencuentran con su padre ausente, un director de cine muy reconocido en el pasado que ha vuelto para ofrecer a Nora el papel principal de su próxima película. Aunque ella lo rechaza, Gustav decide seguir adelante y utilizar la casa familiar como escenario de su nuevo rodaje, lo que reaviva las tensiones entre ellos, especialmente tras la llegada de una joven actriz de Hollywood que acepta el papel en su lugar. El vínculo entre las hermanas se convertirá en su mayor refugio frente a las heridas del pasado."
VALOR SENTIMENTAL,Joachim Trier,133,04,20:25,2026-04-08,Renoir Plaza de España,https://www.pillalas.com/pase/1062316/,https://www.cinesrenoir.com/pelicula/valor-sentimental/,https://media.pillalas.com/imagenes/726afb526abffa83fe1b3adc6f8909539f80c9a958e909b641f78d7648edf8e1f62ca547.jpg,Noruego E Inglés,No recomendada para menores de 12 años,Viernes 5 Diciembre 2025,"Renate Reinsve, Stellan Skarsgård, Inga Ibsdotter Lilleaas, Elle Fanning, Anders Danielsen Lie, Jesper Christensen, Lena Endre, Cory Michael Smith, Catherine Cohen, Andreas Stoltenberg Granerud, Øyvind Hesjedal Loven, Lars Väringer, Ida Marianne Vassbotn Klasson, Vilde Søyland","Las hermanas Nora y Agnes se reencuentran con su padre ausente, un director de cine muy reconocido en el pasado que ha vuelto para ofrecer a Nora el papel principal de su próxima película. Aunque ella lo rechaza, Gustav decide seguir adelante y utilizar la casa familiar como escenario de su nuevo rodaje, lo que reaviva las tensiones entre ellos, especialmente tras la llegada de una joven actriz de Hollywood que acepta el papel en su lugar. El vínculo entre las hermanas se convertirá en su mayor refugio frente a las heridas del pasado."
YO TE CREO,"Charlotte Devillers, Arnaud Dufeys",78,05,16:10,2026-04-08,Renoir Plaza de España,https://www.pillalas.com/pase/1062309/,https://www.cinesrenoir.com/pelicula/yo-te-creo/,https://media.pillalas.com/imagenes/726afb526abffa835a11812331b0224948b3b81847280d9179c8f92485ad90c47d38fafc.jpg,Francés,No recomendada para menores de 16 años y distintivo especialmente recomendada para el fomento de la igualdad de género,Viernes 27 Marzo 2026,"Myriem Akeddiou, Laurent Capelluto, Natali Broods, Ulysse Goffin","Hoy es un día decisivo. Alice comparece ante un tribunal para defender la custodia de sus dos hijos. A su lado el padre persigue exactamente lo mismo. En una audiencia donde no hay margen para el error, la justicia deberá decidir qué es lo mejor para los menores y dictar sentencia. Para ello será necesario escucharlos a todos y considerar cada punto de vista. Pero ¿cómo distinguir la verdad de la mentira cuando ambos aseguran actuar por el bien de sus hijos?"
YO TE CREO,"Charlotte Devillers, Arnaud Dufeys",78,05,20:10,2026-04-08,Renoir Plaza de España,https://www.pillalas.com/pase/1062315/,https://www.cinesrenoir.com/pelicula/yo-te-creo/,https://media.pillalas.com/imagenes/726afb526abffa835a11812331b0224948b3b81847280d9179c8f92485ad90c47d38fafc.jpg,Francés,No recomendada para menores de 16 años y distintivo especialmente recomendada para el fomento de la igualdad de género,Viernes 27 Marzo 2026,"Myriem Akeddiou, Laurent Capelluto, Natali Broods, Ulysse Goffin","Hoy es un día decisivo. Alice comparece ante un tribunal para defender la custodia de sus dos hijos. A su lado el padre persigue exactamente lo mismo. En una audiencia donde no hay margen para el error, la justicia deberá decidir qué es lo mejor para los menores y dictar sentencia. Para ello será necesario escucharlos a todos y considerar cada punto de vista. Pero ¿cómo distinguir la verdad de la mentira cuando ambos aseguran actuar por el bien de sus hijos?"
AMARGA NAVIDAD,Pedro Almodóvar,111,02,17:00,2026-04-09,Renoir Plaza de España,https://www.pillalas.com/pase/1062322/,https://www.cinesrenoir.com/pelicula/amarga-navidad/,https://media.pillalas.com/imagenes/726afb526abffa83b60c45c3634993c0e9bd987d873c6c32a8009c3b4ee414d3a40e41c1.jpg,Castellano,No recomendada para menores de 12 años,Viernes 20 Marzo 2026,"Bárbara Lennie, Leonardo Sbaraglia, Aitana Sánchez-Gijón, Victoria Luengo, Patrick Criado, Milena Smit, Quim Gutiérrez, Rossy De Palma, Carmen Machi, Gloria Muñoz","Elsa es una directora de publicidad cuya madre muere durante un largo puente del mes de diciembre. Encuentra refugio en el trabajo, aunque es más bien una huida hacia adelante. Trabaja sin parar y, sin darse cuenta, no se concede el tiempo necesario para guardar el duelo por la ausencia materna. Hasta que una crisis de pánico la obliga a detenerse e imponerse un descanso. Su pareja, Bonifacio, es su tabla de salvación en esos momentos de crisis. Elsa decide viajar a la isla de Lanzarote acompañada por su amiga Patricia, que también necesita alejarse de Madrid, mientras que Bonifacio se queda en la ciudad.
La historia de estos tres personajes, y algunos más, se narran paralelamente a la del guionista y director de cine Raúl Durán, entremezclando ficción y realidad. Porque ‘Amarga Navidad’ desarrolla cómo la vida y la ficción están unidas de un modo indisoluble, incluso doloroso en ocasiones."
AMARGA NAVIDAD,Pedro Almodóvar,111,02,19:15,2026-04-09,Renoir Plaza de España,https://www.pillalas.com/pase/1062325/,https://www.cinesrenoir.com/pelicula/amarga-navidad/,https://media.pillalas.com/imagenes/726afb526abffa83b60c45c3634993c0e9bd987d873c6c32a8009c3b4ee414d3a40e41c1.jpg,Castellano,No recomendada para menores de 12 años,Viernes 20 Marzo 2026,"Bárbara Lennie, Leonardo Sbaraglia, Aitana Sánchez-Gijón, Victoria Luengo, Patrick Criado, Milena Smit, Quim Gutiérrez, Rossy De Palma, Carmen Machi, Gloria Muñoz","Elsa es una directora de publicidad cuya madre muere durante un largo puente del mes de diciembre. Encuentra refugio en el trabajo, aunque es más bien una huida hacia adelante. Trabaja sin parar y, sin darse cuenta, no se concede el tiempo necesario para guardar el duelo por la ausencia materna. Hasta que una crisis de pánico la obliga a detenerse e imponerse un descanso. Su pareja, Bonifacio, es su tabla de salvación en esos momentos de crisis. Elsa decide viajar a la isla de Lanzarote acompañada por su amiga Patricia, que también necesita alejarse de Madrid, mientras que Bonifacio se queda en la ciudad.
La historia de estos tres personajes, y algunos más, se narran paralelamente a la del guionista y director de cine Raúl Durán, entremezclando ficción y realidad. Porque ‘Amarga Navidad’ desarrolla cómo la vida y la ficción están unidas de un modo indisoluble, incluso doloroso en ocasiones."
AMARGA NAVIDAD,Pedro Almodóvar,111,02,21:30,2026-04-09,Renoir Plaza de España,https://www.pillalas.com/pase/1062329/,https://www.cinesrenoir.com/pelicula/amarga-navidad/,https://media.pillalas.com/imagenes/726afb526abffa83b60c45c3634993c0e9bd987d873c6c32a8009c3b4ee414d3a40e41c1.jpg,Castellano,No recomendada para menores de 12 años,Viernes 20 Marzo 2026,"Bárbara Lennie, Leonardo Sbaraglia, Aitana Sánchez-Gijón, Victoria Luengo, Patrick Criado, Milena Smit, Quim Gutiérrez, Rossy De Palma, Carmen Machi, Gloria Muñoz","Elsa es una directora de publicidad cuya madre muere durante un largo puente del mes de diciembre. Encuentra refugio en el trabajo, aunque es más bien una huida hacia adelante. Trabaja sin parar y, sin darse cuenta, no se concede el tiempo necesario para guardar el duelo por la ausencia materna. Hasta que una crisis de pánico la obliga a detenerse e imponerse un descanso. Su pareja, Bonifacio, es su tabla de salvación en esos momentos de crisis. Elsa decide viajar a la isla de Lanzarote acompañada por su amiga Patricia, que también necesita alejarse de Madrid, mientras que Bonifacio se queda en la ciudad.
La historia de estos tres personajes, y algunos más, se narran paralelamente a la del guionista y director de cine Raúl Durán, entremezclando ficción y realidad. Porque ‘Amarga Navidad’ desarrolla cómo la vida y la ficción están unidas de un modo indisoluble, incluso doloroso en ocasiones."
CALLE MÁLAGA,Maryam Touzani,116,01,15:55,2026-04-09,Renoir Plaza de España,https://www.pillalas.com/pase/1062183/,https://www.cinesrenoir.com/pelicula/calle-malaga/,https://www.cinesrenoir.com/media/Peliculas/Cartel/calle_malaga-474473414-large.jpg,Castellano Y Árabe,No recomendada para menores de 12 años,Miércoles 1 Abril 2026,"Carmen Maura, Marta Etura, Ahmed Boulane, María Alfonsa Rosso, Sanae Regragui, Miguel Garcés","María Ángeles (Carmen Maura), una española de 79 años que vive sola en Tánger, en el norte de Marruecos, disfruta de su ciudad y de su día a día. Su vida da un giro cuando su hija Clara (Marta Etura) llega desde Madrid para vender el apartamento en el que siempre ha vivido. Decidida a quedarse en la ciudad que la vio crecer, hará todo lo posible para mantener su hogar y recuperar los objetos de toda una vida. Por el camino, redescubre, contra todo pronóstico, el amor y el deseo."
CALLE MÁLAGA,Maryam Touzani,116,01,18:10,2026-04-09,Renoir Plaza de España,https://www.pillalas.com/pase/1062184/,https://www.cinesrenoir.com/pelicula/calle-malaga/,https://www.cinesrenoir.com/media/Peliculas/Cartel/calle_malaga-474473414-large.jpg,Castellano Y Árabe,No recomendada para menores de 12 años,Miércoles 1 Abril 2026,"Carmen Maura, Marta Etura, Ahmed Boulane, María Alfonsa Rosso, Sanae Regragui, Miguel Garcés","María Ángeles (Carmen Maura), una española de 79 años que vive sola en Tánger, en el norte de Marruecos, disfruta de su ciudad y de su día a día. Su vida da un giro cuando su hija Clara (Marta Etura) llega desde Madrid para vender el apartamento en el que siempre ha vivido. Decidida a quedarse en la ciudad que la vio crecer, hará todo lo posible para mantener su hogar y recuperar los objetos de toda una vida. Por el camino, redescubre, contra todo pronóstico, el amor y el deseo."
CALLE MÁLAGA,Maryam Touzani,116,01,20:30,2026-04-09,Renoir Plaza de España,https://www.pillalas.com/pase/1062185/,https://www.cinesrenoir.com/pelicula/calle-malaga/,https://www.cinesrenoir.com/media/Peliculas/Cartel/calle_malaga-474473414-large.jpg,Castellano Y Árabe,No recomendada para menores de 12 años,Miércoles 1 Abril 2026,"Carmen Maura, Marta Etura, Ahmed Boulane, María Alfonsa Rosso, Sanae Regragui, Miguel Garcés","María Ángeles (Carmen Maura), una española de 79 años que vive sola en Tánger, en el norte de Marruecos, disfruta de su ciudad y de su día a día. Su vida da un giro cuando su hija Clara (Marta Etura) llega desde Madrid para vender el apartamento en el que siempre ha vivido. Decidida a quedarse en la ciudad que la vio crecer, hará todo lo posible para mantener su hogar y recuperar los objetos de toda una vida. Por el camino, redescubre, contra todo pronóstico, el amor y el deseo."
CALLE MÁLAGA,Maryam Touzani,116,03,21:45,2026-04-09,Renoir Plaza de España,https://www.pillalas.com/pase/1062330/,https://www.cinesrenoir.com/pelicula/calle-malaga/,https://www.cinesrenoir.com/media/Peliculas/Cartel/calle_malaga-474473414-large.jpg,Castellano Y Árabe,No recomendada para menores de 12 años,Miércoles 1 Abril 2026,"Carmen Maura, Marta Etura, Ahmed Boulane, María Alfonsa Rosso, Sanae Regragui, Miguel Garcés","María Ángeles (Carmen Maura), una española de 79 años que vive sola en Tánger, en el norte de Marruecos, disfruta de su ciudad y de su día a día. Su vida da un giro cuando su hija Clara (Marta Etura) llega desde Madrid para vender el apartamento en el que siempre ha vivido. Decidida a quedarse en la ciudad que la vio crecer, hará todo lo posible para mantener su hogar y recuperar los objetos de toda una vida. Por el camino, redescubre, contra todo pronóstico, el amor y el deseo."
EL ÚLTIMO VIKINGO,Anders Thomas Jensen,116,05,17:55,2026-04-09,Renoir Plaza de España,https://www.pillalas.com/pase/1062347/,https://www.cinesrenoir.com/pelicula/el-ultimo-vikingo/,https://media.pillalas.com/imagenes/726afb526abffa831071fdb7895dda5a8f5443f58bef959385371bd83d00b407e021267b.jpg,Danés,No recomendada para menores de 16 años,Viernes 6 Marzo 2026,"Mads Mikkelsen, Nikolaj Lie Kaas, Søren Malling, Sofie Gråbøl","Anker sale de prisión tras cumplir una condena de quince años por robo. El dinero del atraco fue enterrado por su hermano Manfred. Solo él sabe dónde está. Por desgracia, desde entonces Manfred ha desarrollado un trastorno mental que le ha hecho olvidarlo todo. Juntos, los hermanos emprenden un viaje inesperado para encontrar el dinero y descubrir quiénes son en realidad."
EL ÚLTIMO VIKINGO,Anders Thomas Jensen,116,05,21:50,2026-04-09,Renoir Plaza de España,https://www.pillalas.com/pase/1062348/,https://www.cinesrenoir.com/pelicula/el-ultimo-vikingo/,https://media.pillalas.com/imagenes/726afb526abffa831071fdb7895dda5a8f5443f58bef959385371bd83d00b407e021267b.jpg,Danés,No recomendada para menores de 16 años,Viernes 6 Marzo 2026,"Mads Mikkelsen, Nikolaj Lie Kaas, Søren Malling, Sofie Gråbøl","Anker sale de prisión tras cumplir una condena de quince años por robo. El dinero del atraco fue enterrado por su hermano Manfred. Solo él sabe dónde está. Por desgracia, desde entonces Manfred ha desarrollado un trastorno mental que le ha hecho olvidarlo todo. Juntos, los hermanos emprenden un viaje inesperado para encontrar el dinero y descubrir quiénes son en realidad."
LAPÖNIA,David Serrano,89,04,16:00,2026-04-09,Renoir Plaza de España,https://www.pillalas.com/pase/1062319/,https://www.cinesrenoir.com/pelicula/laponia/,https://media.pillalas.com/imagenes/726afb526abffa83d35a675bb44f9e867e4f74293b1e78b17a07e4ea9dda1eeafb7aeddd.jpg,Castellano,No recomendada para menores de 12 años,Miércoles 1 Abril 2026,"Natalia Verbeke, Julián López, Ángela Cervantes, Vebjørn Enger","Una familia española viaja a Laponia para celebrar la Navidad con sus parientes del norte en un sitio idílico. Pero cuando uno de los primos pequeños suelta la verdad sobre Papá Noel, estalla un choque cultural y personal que demuestra que, a veces, las pequeñas mentiras pueden salvar las fiestas y la familia."
LAPÖNIA,David Serrano,89,03,18:15,2026-04-09,Renoir Plaza de España,https://www.pillalas.com/pase/1062324/,https://www.cinesrenoir.com/pelicula/laponia/,https://media.pillalas.com/imagenes/726afb526abffa83d35a675bb44f9e867e4f74293b1e78b17a07e4ea9dda1eeafb7aeddd.jpg,Castellano,No recomendada para menores de 12 años,Miércoles 1 Abril 2026,"Natalia Verbeke, Julián López, Ángela Cervantes, Vebjørn Enger","Una familia española viaja a Laponia para celebrar la Navidad con sus parientes del norte en un sitio idílico. Pero cuando uno de los primos pequeños suelta la verdad sobre Papá Noel, estalla un choque cultural y personal que demuestra que, a veces, las pequeñas mentiras pueden salvar las fiestas y la familia."
LAPÖNIA,David Serrano,89,03,20:00,2026-04-09,Renoir Plaza de España,https://www.pillalas.com/pase/1062326/,https://www.cinesrenoir.com/pelicula/laponia/,https://media.pillalas.com/imagenes/726afb526abffa83d35a675bb44f9e867e4f74293b1e78b17a07e4ea9dda1eeafb7aeddd.jpg,Castellano,No recomendada para menores de 12 años,Miércoles 1 Abril 2026,"Natalia Verbeke, Julián López, Ángela Cervantes, Vebjørn Enger","Una familia española viaja a Laponia para celebrar la Navidad con sus parientes del norte en un sitio idílico. Pero cuando uno de los primos pequeños suelta la verdad sobre Papá Noel, estalla un choque cultural y personal que demuestra que, a veces, las pequeñas mentiras pueden salvar las fiestas y la familia."
LAPÖNIA,David Serrano,89,01,22:45,2026-04-09,Renoir Plaza de España,https://www.pillalas.com/pase/1062186/,https://www.cinesrenoir.com/pelicula/laponia/,https://media.pillalas.com/imagenes/726afb526abffa83d35a675bb44f9e867e4f74293b1e78b17a07e4ea9dda1eeafb7aeddd.jpg,Castellano,No recomendada para menores de 12 años,Miércoles 1 Abril 2026,"Natalia Verbeke, Julián López, Ángela Cervantes, Vebjørn Enger","Una familia española viaja a Laponia para celebrar la Navidad con sus parientes del norte en un sitio idílico. Pero cuando uno de los primos pequeños suelta la verdad sobre Papá Noel, estalla un choque cultural y personal que demuestra que, a veces, las pequeñas mentiras pueden salvar las fiestas y la familia."
ORWELL 2+2 = 5,Raoul Peck,119,03,16:00,2026-04-09,Renoir Plaza de España,https://www.pillalas.com/pase/1062320/,https://www.cinesrenoir.com/pelicula/orwell-22-5/,https://media.pillalas.com/imagenes/726afb526abffa83b83d4cc400c9761fa7472981f7fc060c0bd7e85b0217a3f74541294d.jpg,Inglés Y Otros,No recomendada para menores de 16 años,Viernes 27 Febrero 2026,Damian Lewis,"George Orwell fue uno de los autores más visionarios del siglo XX, cuyas novelas, 1984 y Rebelión en la granja, predijeron un futuro autoritario y escalofriante. El aclamado director Raoul Peck (I Am Not Your Negro) entrelaza clips, lecturas del diario de Orwell, referencias cinematográficas e imágenes actuales para crear no solo un retrato del escritor, sino también una nueva perspectiva sobre lo profética que se ha vuelto su obra."
VALOR SENTIMENTAL,Joachim Trier,133,04,17:50,2026-04-09,Renoir Plaza de España,https://www.pillalas.com/pase/1062323/,https://www.cinesrenoir.com/pelicula/valor-sentimental/,https://media.pillalas.com/imagenes/726afb526abffa83fe1b3adc6f8909539f80c9a958e909b641f78d7648edf8e1f62ca547.jpg,Noruego E Inglés,No recomendada para menores de 12 años,Viernes 5 Diciembre 2025,"Renate Reinsve, Stellan Skarsgård, Inga Ibsdotter Lilleaas, Elle Fanning, Anders Danielsen Lie, Jesper Christensen, Lena Endre, Cory Michael Smith, Catherine Cohen, Andreas Stoltenberg Granerud, Øyvind Hesjedal Loven, Lars Väringer, Ida Marianne Vassbotn Klasson, Vilde Søyland","Las hermanas Nora y Agnes se reencuentran con su padre ausente, un director de cine muy reconocido en el pasado que ha vuelto para ofrecer a Nora el papel principal de su próxima película. Aunque ella lo rechaza, Gustav decide seguir adelante y utilizar la casa familiar como escenario de su nuevo rodaje, lo que reaviva las tensiones entre ellos, especialmente tras la llegada de una joven actriz de Hollywood que acepta el papel en su lugar. El vínculo entre las hermanas se convertirá en su mayor refugio frente a las heridas del pasado."
VALOR SENTIMENTAL,Joachim Trier,133,04,20:25,2026-04-09,Renoir Plaza de España,https://www.pillalas.com/pase/1062328/,https://www.cinesrenoir.com/pelicula/valor-sentimental/,https://media.pillalas.com/imagenes/726afb526abffa83fe1b3adc6f8909539f80c9a958e909b641f78d7648edf8e1f62ca547.jpg,Noruego E Inglés,No recomendada para menores de 12 años,Viernes 5 Diciembre 2025,"Renate Reinsve, Stellan Skarsgård, Inga Ibsdotter Lilleaas, Elle Fanning, Anders Danielsen Lie, Jesper Christensen, Lena Endre, Cory Michael Smith, Catherine Cohen, Andreas Stoltenberg Granerud, Øyvind Hesjedal Loven, Lars Väringer, Ida Marianne Vassbotn Klasson, Vilde Søyland","Las hermanas Nora y Agnes se reencuentran con su padre ausente, un director de cine muy reconocido en el pasado que ha vuelto para ofrecer a Nora el papel principal de su próxima película. Aunque ella lo rechaza, Gustav decide seguir adelante y utilizar la casa familiar como escenario de su nuevo rodaje, lo que reaviva las tensiones entre ellos, especialmente tras la llegada de una joven actriz de Hollywood que acepta el papel en su lugar. El vínculo entre las hermanas se convertirá en su mayor refugio frente a las heridas del pasado."
YO TE CREO,"Charlotte Devillers, Arnaud Dufeys",78,05,16:10,2026-04-09,Renoir Plaza de España,https://www.pillalas.com/pase/1062321/,https://www.cinesrenoir.com/pelicula/yo-te-creo/,https://media.pillalas.com/imagenes/726afb526abffa835a11812331b0224948b3b81847280d9179c8f92485ad90c47d38fafc.jpg,Francés,No recomendada para menores de 16 años y distintivo especialmente recomendada para el fomento de la igualdad de género,Viernes 27 Marzo 2026,"Myriem Akeddiou, Laurent Capelluto, Natali Broods, Ulysse Goffin","Hoy es un día decisivo. Alice comparece ante un tribunal para defender la custodia de sus dos hijos. A su lado el padre persigue exactamente lo mismo. En una audiencia donde no hay margen para el error, la justicia deberá decidir qué es lo mejor para los menores y dictar sentencia. Para ello será necesario escucharlos a todos y considerar cada punto de vista. Pero ¿cómo distinguir la verdad de la mentira cuando ambos aseguran actuar por el bien de sus hijos?"
YO TE CREO,"Charlotte Devillers, Arnaud Dufeys",78,05,20:10,2026-04-09,Renoir Plaza de España,https://www.pillalas.com/pase/1062327/,https://www.cinesrenoir.com/pelicula/yo-te-creo/,https://media.pillalas.com/imagenes/726afb526abffa835a11812331b0224948b3b81847280d9179c8f92485ad90c47d38fafc.jpg,Francés,No recomendada para menores de 16 años y distintivo especialmente recomendada para el fomento de la igualdad de género,Viernes 27 Marzo 2026,"Myriem Akeddiou, Laurent Capelluto, Natali Broods, Ulysse Goffin","Hoy es un día decisivo. Alice comparece ante un tribunal para defender la custodia de sus dos hijos. A su lado el padre persigue exactamente lo mismo. En una audiencia donde no hay margen para el error, la justicia deberá decidir qué es lo mejor para los menores y dictar sentencia. Para ello será necesario escucharlos a todos y considerar cada punto de vista. Pero ¿cómo distinguir la verdad de la mentira cuando ambos aseguran actuar por el bien de sus hijos?"
