Pelicula,Director,Duración,Sala,Horario,Fecha,Cine,Tickets_URL,Film_URL,Poster_URL,Idioma_Original,Calificación,Estreno,Intérpretes,Sinopsis
CAMINANDO CON EL DIABLO,Rubén Pérez-Barrena,83,09,18:20,2026-03-11,Renoir Princesa,https://www.pillalas.com/pase/1058097/,https://www.cinesrenoir.com/pelicula/caminando-con-el-diablo/,https://media.pillalas.com/imagenes/726afb526abffa83961675500a58cf0d4c3949b70c666a7228045fb9d4e5bc88aba5c294.jpg,Castellano,No recomendada para menores de 16 años,Viernes 6 Marzo 2026,"Tamar Novas, Marina Salas, Iván Marcos, Annick Weerts, Alban Petit","España, años ochenta. Miguel y Alicia arrastran la desaparición de su hijo Gabriel. Miguel se consume por la culpa de aquella noche de alcohol en la que lo perdió. Para Alicia, en cambio, quien murió ese día no fue su hijo, sino su marido. Lejos de ese infierno, Philippe, un niño francés de diez años, viaja en caravana junto a sus padres. Sus caminos se cruzan con los de Miguel y Alicia. Ese encuentro desencadena un viaje sin retorno al lado más oscuro del ser humano."
CUMBRES BORRASCOSAS,Emerald Fennell,135,09,15:50,2026-03-11,Renoir Princesa,https://www.pillalas.com/pase/1058094/,https://www.cinesrenoir.com/pelicula/cumbres-borrascosas/,https://media.pillalas.com/imagenes/726afb526abffa83abe8577deb3c0674bd352fd2b0500497b1d5570f2dd570487210fc4e.jpg,Inglés,No recomendada para menores de 16 años,Viernes 13 Febrero 2026,"Margot Robbie, Jacob Elordi, Hong Chau, Alison Oliver, Owen Cooper, Shazad Latif, Martin Clunes, Ewan Mitchell, Amy Morgan, Jessica Knappett, Charlotte Mellington, Vy Nguyen","Adaptada a todo tipo de formatos en multitud de ocasiones, se trata de una trágica historia de pasiones encontradas en la Inglaterra rural más conservadora. Una historia de venganza y odio, de pasiones desatadas y amores desesperados que van más allá de la muerte ambientada en los brumosos y sombríos páramos de Yorkshire, al norte de Inglaterra."
CUMBRES BORRASCOSAS,Emerald Fennell,135,07,17:40,2026-03-11,Renoir Princesa,https://www.pillalas.com/pase/1058014/,https://www.cinesrenoir.com/pelicula/cumbres-borrascosas/,https://media.pillalas.com/imagenes/726afb526abffa83abe8577deb3c0674bd352fd2b0500497b1d5570f2dd570487210fc4e.jpg,Inglés,No recomendada para menores de 16 años,Viernes 13 Febrero 2026,"Margot Robbie, Jacob Elordi, Hong Chau, Alison Oliver, Owen Cooper, Shazad Latif, Martin Clunes, Ewan Mitchell, Amy Morgan, Jessica Knappett, Charlotte Mellington, Vy Nguyen","Adaptada a todo tipo de formatos en multitud de ocasiones, se trata de una trágica historia de pasiones encontradas en la Inglaterra rural más conservadora. Una historia de venganza y odio, de pasiones desatadas y amores desesperados que van más allá de la muerte ambientada en los brumosos y sombríos páramos de Yorkshire, al norte de Inglaterra."
CUMBRES BORRASCOSAS,Emerald Fennell,135,09,20:00,2026-03-11,Renoir Princesa,https://www.pillalas.com/pase/1058098/,https://www.cinesrenoir.com/pelicula/cumbres-borrascosas/,https://media.pillalas.com/imagenes/726afb526abffa83abe8577deb3c0674bd352fd2b0500497b1d5570f2dd570487210fc4e.jpg,Inglés,No recomendada para menores de 16 años,Viernes 13 Febrero 2026,"Margot Robbie, Jacob Elordi, Hong Chau, Alison Oliver, Owen Cooper, Shazad Latif, Martin Clunes, Ewan Mitchell, Amy Morgan, Jessica Knappett, Charlotte Mellington, Vy Nguyen","Adaptada a todo tipo de formatos en multitud de ocasiones, se trata de una trágica historia de pasiones encontradas en la Inglaterra rural más conservadora. Una historia de venganza y odio, de pasiones desatadas y amores desesperados que van más allá de la muerte ambientada en los brumosos y sombríos páramos de Yorkshire, al norte de Inglaterra."
CUMBRES BORRASCOSAS,Emerald Fennell,135,09,22:30,2026-03-11,Renoir Princesa,https://www.pillalas.com/pase/1058103/,https://www.cinesrenoir.com/pelicula/cumbres-borrascosas/,https://media.pillalas.com/imagenes/726afb526abffa83abe8577deb3c0674bd352fd2b0500497b1d5570f2dd570487210fc4e.jpg,Inglés,No recomendada para menores de 16 años,Viernes 13 Febrero 2026,"Margot Robbie, Jacob Elordi, Hong Chau, Alison Oliver, Owen Cooper, Shazad Latif, Martin Clunes, Ewan Mitchell, Amy Morgan, Jessica Knappett, Charlotte Mellington, Vy Nguyen","Adaptada a todo tipo de formatos en multitud de ocasiones, se trata de una trágica historia de pasiones encontradas en la Inglaterra rural más conservadora. Una historia de venganza y odio, de pasiones desatadas y amores desesperados que van más allá de la muerte ambientada en los brumosos y sombríos páramos de Yorkshire, al norte de Inglaterra."
EL AGENTE SECRETO,Kleber Mendonça Filho,160,04,16:00,2026-03-11,Renoir Princesa,https://www.pillalas.com/pase/1058013/,https://www.cinesrenoir.com/pelicula/el-agente-secreto/,https://media.pillalas.com/imagenes/726afb526abffa83bdba0b90e98cf11293bcd8b9c8be1af817aa6c045cd8f479730f7511.jpg,Portugués,No recomendada para menores de 16 años,Viernes 20 Febrero 2026,"Wagner Moura, Gabriel Leone, Udo Kier, Maria Fernanda Cândido","1977. En un Brasil atormentado por la dictadura militar, Marcelo, un cuarentón que huye de un pasado turbulento, llega a la ciudad de Recife, donde espera construir una nueva vida y reencontrarse con su hijo. Todo se complica cuando descubre que las fuerzas gubernamentales le persiguen y las amenazas de muerte se ciernen sobre su cabeza."
EL AGENTE SECRETO,Kleber Mendonça Filho,160,04,18:55,2026-03-11,Renoir Princesa,https://www.pillalas.com/pase/1058017/,https://www.cinesrenoir.com/pelicula/el-agente-secreto/,https://media.pillalas.com/imagenes/726afb526abffa83bdba0b90e98cf11293bcd8b9c8be1af817aa6c045cd8f479730f7511.jpg,Portugués,No recomendada para menores de 16 años,Viernes 20 Febrero 2026,"Wagner Moura, Gabriel Leone, Udo Kier, Maria Fernanda Cândido","1977. En un Brasil atormentado por la dictadura militar, Marcelo, un cuarentón que huye de un pasado turbulento, llega a la ciudad de Recife, donde espera construir una nueva vida y reencontrarse con su hijo. Todo se complica cuando descubre que las fuerzas gubernamentales le persiguen y las amenazas de muerte se ciernen sobre su cabeza."
EL AGENTE SECRETO,Kleber Mendonça Filho,160,07,20:15,2026-03-11,Renoir Princesa,https://www.pillalas.com/pase/1058099/,https://www.cinesrenoir.com/pelicula/el-agente-secreto/,https://media.pillalas.com/imagenes/726afb526abffa83bdba0b90e98cf11293bcd8b9c8be1af817aa6c045cd8f479730f7511.jpg,Portugués,No recomendada para menores de 16 años,Viernes 20 Febrero 2026,"Wagner Moura, Gabriel Leone, Udo Kier, Maria Fernanda Cândido","1977. En un Brasil atormentado por la dictadura militar, Marcelo, un cuarentón que huye de un pasado turbulento, llega a la ciudad de Recife, donde espera construir una nueva vida y reencontrarse con su hijo. Todo se complica cuando descubre que las fuerzas gubernamentales le persiguen y las amenazas de muerte se ciernen sobre su cabeza."
EL AGENTE SECRETO,Kleber Mendonça Filho,160,04,21:50,2026-03-11,Renoir Princesa,https://www.pillalas.com/pase/1058022/,https://www.cinesrenoir.com/pelicula/el-agente-secreto/,https://media.pillalas.com/imagenes/726afb526abffa83bdba0b90e98cf11293bcd8b9c8be1af817aa6c045cd8f479730f7511.jpg,Portugués,No recomendada para menores de 16 años,Viernes 20 Febrero 2026,"Wagner Moura, Gabriel Leone, Udo Kier, Maria Fernanda Cândido","1977. En un Brasil atormentado por la dictadura militar, Marcelo, un cuarentón que huye de un pasado turbulento, llega a la ciudad de Recife, donde espera construir una nueva vida y reencontrarse con su hijo. Todo se complica cuando descubre que las fuerzas gubernamentales le persiguen y las amenazas de muerte se ciernen sobre su cabeza."
EL MAGO DEL KREMLIN,Olivier Assayas,145,03,16:10,2026-03-11,Renoir Princesa,https://www.pillalas.com/pase/1057928/,https://www.cinesrenoir.com/pelicula/el-mago-del-kremlin/,https://media.pillalas.com/imagenes/726afb526abffa833889e44ac42f5cc54d6019702d8546ebf4550316f78770131f777f2b.jpg,Inglés,No recomendada para menores de 12 años,Viernes 6 Marzo 2026,"Paul Dano, Alicia Vikander, Jude Law, Tom Sturridge, Jeffrey Wright, Will Keen","En medio del caos postsoviético de los años 90, el joven Vadim Baranov (Paul Dano) empieza a labrarse un camino como artista y productor de televisión. Su elocuencia y conexión con las altas esferas le llevan a convertirse, de la noche a la mañana, en el asesor de un agente del KGB con un brillante porvenir: Vladimir Putin (Jude Law). Desde las entrañas del poder, ambos darán forma a la nueva Rusia, difuminando, mediante manipulación, los límites entre la verdad y la mentira."
EL MAGO DEL KREMLIN,Olivier Assayas,145,01,17:40,2026-03-11,Renoir Princesa,https://www.pillalas.com/pase/1057929/,https://www.cinesrenoir.com/pelicula/el-mago-del-kremlin/,https://media.pillalas.com/imagenes/726afb526abffa833889e44ac42f5cc54d6019702d8546ebf4550316f78770131f777f2b.jpg,Inglés,No recomendada para menores de 12 años,Viernes 6 Marzo 2026,"Paul Dano, Alicia Vikander, Jude Law, Tom Sturridge, Jeffrey Wright, Will Keen","En medio del caos postsoviético de los años 90, el joven Vadim Baranov (Paul Dano) empieza a labrarse un camino como artista y productor de televisión. Su elocuencia y conexión con las altas esferas le llevan a convertirse, de la noche a la mañana, en el asesor de un agente del KGB con un brillante porvenir: Vladimir Putin (Jude Law). Desde las entrañas del poder, ambos darán forma a la nueva Rusia, difuminando, mediante manipulación, los límites entre la verdad y la mentira."
EL MAGO DEL KREMLIN,Olivier Assayas,145,01,22:10,2026-03-11,Renoir Princesa,https://www.pillalas.com/pase/1057932/,https://www.cinesrenoir.com/pelicula/el-mago-del-kremlin/,https://media.pillalas.com/imagenes/726afb526abffa833889e44ac42f5cc54d6019702d8546ebf4550316f78770131f777f2b.jpg,Inglés,No recomendada para menores de 12 años,Viernes 6 Marzo 2026,"Paul Dano, Alicia Vikander, Jude Law, Tom Sturridge, Jeffrey Wright, Will Keen","En medio del caos postsoviético de los años 90, el joven Vadim Baranov (Paul Dano) empieza a labrarse un camino como artista y productor de televisión. Su elocuencia y conexión con las altas esferas le llevan a convertirse, de la noche a la mañana, en el asesor de un agente del KGB con un brillante porvenir: Vladimir Putin (Jude Law). Desde las entrañas del poder, ambos darán forma a la nueva Rusia, difuminando, mediante manipulación, los límites entre la verdad y la mentira."
HAMNET,Chloé Zhao,125,08,16:00,2026-03-11,Renoir Princesa,https://www.pillalas.com/pase/1058095/,https://www.cinesrenoir.com/pelicula/hamnet/,https://www.cinesrenoir.com/media/Peliculas/Cartel/HAMNET_Cartel_Digital_8Nominaciones_Oscar_YaEnCines_v2_2.jpg,Inglés,No recomendada para menores de 12 años,Viernes 23 Enero 2026,"Jessie Buckley, Paul Mescal, Joe Alwyn, Emily Watson","Año 1596, Stratford-upon-Avon, Inglaterra. La vida de Agnes transcurre plácidamente junto a su marido y sus tres hijos. Ella cultiva plantas medicinales mientras William trabaja en Londres. El destino, sin embargo, les reservará un duro golpe cuando su hijo Hamnet, de once años, muera repentinamente tras contraer la peste. A raíz de esta tragedia, su padre creará uno de los grandes personajes de la literatura universal, de nombre casi idéntico al de su hijo.


Pero esta película no habla de famosos sucesos sino de algo íntimo y olvidado: La vida de esta familia, y especialmente la de la mujer que la sostenía y que tuvo que cargar con una insoportable pérdida."
HAMNET,Chloé Zhao,125,05,17:55,2026-03-11,Renoir Princesa,https://www.pillalas.com/pase/1058015/,https://www.cinesrenoir.com/pelicula/hamnet/,https://www.cinesrenoir.com/media/Peliculas/Cartel/HAMNET_Cartel_Digital_8Nominaciones_Oscar_YaEnCines_v2_2.jpg,Inglés,No recomendada para menores de 12 años,Viernes 23 Enero 2026,"Jessie Buckley, Paul Mescal, Joe Alwyn, Emily Watson","Año 1596, Stratford-upon-Avon, Inglaterra. La vida de Agnes transcurre plácidamente junto a su marido y sus tres hijos. Ella cultiva plantas medicinales mientras William trabaja en Londres. El destino, sin embargo, les reservará un duro golpe cuando su hijo Hamnet, de once años, muera repentinamente tras contraer la peste. A raíz de esta tragedia, su padre creará uno de los grandes personajes de la literatura universal, de nombre casi idéntico al de su hijo.


Pero esta película no habla de famosos sucesos sino de algo íntimo y olvidado: La vida de esta familia, y especialmente la de la mujer que la sostenía y que tuvo que cargar con una insoportable pérdida."
HAMNET,Chloé Zhao,125,05,20:15,2026-03-11,Renoir Princesa,https://www.pillalas.com/pase/1058019/,https://www.cinesrenoir.com/pelicula/hamnet/,https://www.cinesrenoir.com/media/Peliculas/Cartel/HAMNET_Cartel_Digital_8Nominaciones_Oscar_YaEnCines_v2_2.jpg,Inglés,No recomendada para menores de 12 años,Viernes 23 Enero 2026,"Jessie Buckley, Paul Mescal, Joe Alwyn, Emily Watson","Año 1596, Stratford-upon-Avon, Inglaterra. La vida de Agnes transcurre plácidamente junto a su marido y sus tres hijos. Ella cultiva plantas medicinales mientras William trabaja en Londres. El destino, sin embargo, les reservará un duro golpe cuando su hijo Hamnet, de once años, muera repentinamente tras contraer la peste. A raíz de esta tragedia, su padre creará uno de los grandes personajes de la literatura universal, de nombre casi idéntico al de su hijo.


Pero esta película no habla de famosos sucesos sino de algo íntimo y olvidado: La vida de esta familia, y especialmente la de la mujer que la sostenía y que tuvo que cargar con una insoportable pérdida."
HAMNET,Chloé Zhao,125,05,22:35,2026-03-11,Renoir Princesa,https://www.pillalas.com/pase/1058023/,https://www.cinesrenoir.com/pelicula/hamnet/,https://www.cinesrenoir.com/media/Peliculas/Cartel/HAMNET_Cartel_Digital_8Nominaciones_Oscar_YaEnCines_v2_2.jpg,Inglés,No recomendada para menores de 12 años,Viernes 23 Enero 2026,"Jessie Buckley, Paul Mescal, Joe Alwyn, Emily Watson","Año 1596, Stratford-upon-Avon, Inglaterra. La vida de Agnes transcurre plácidamente junto a su marido y sus tres hijos. Ella cultiva plantas medicinales mientras William trabaja en Londres. El destino, sin embargo, les reservará un duro golpe cuando su hijo Hamnet, de once años, muera repentinamente tras contraer la peste. A raíz de esta tragedia, su padre creará uno de los grandes personajes de la literatura universal, de nombre casi idéntico al de su hijo.


Pero esta película no habla de famosos sucesos sino de algo íntimo y olvidado: La vida de esta familia, y especialmente la de la mujer que la sostenía y que tuvo que cargar con una insoportable pérdida."
LA SOMBRA DE MI PADRE,Akinola Davies,94,01,15:50,2026-03-11,Renoir Princesa,https://www.pillalas.com/pase/1058644/,https://www.cinesrenoir.com/pelicula/la-sombra-de-mi-padre/,https://media.pillalas.com/imagenes/726afb526abffa83b400e9327dc59948d5f51eecc0c622647e6461545b9a00169ae2e56b.jpg,Inglés,No recomendada para menores de 12 años,Viernes 6 Marzo 2026,"Sope Dirisu, Chibuike Marvellous Egbo, Godwin Egbo, Akerele David","Relato semiautobiográfico que transcurre en un solo día en Lagos, la capital de Nigeria, durante la crisis electoral de 1993."
LA SOMBRA DE MI PADRE,Akinola Davies,94,01,20:20,2026-03-11,Renoir Princesa,https://www.pillalas.com/pase/1058645/,https://www.cinesrenoir.com/pelicula/la-sombra-de-mi-padre/,https://media.pillalas.com/imagenes/726afb526abffa83b400e9327dc59948d5f51eecc0c622647e6461545b9a00169ae2e56b.jpg,Inglés,No recomendada para menores de 12 años,Viernes 6 Marzo 2026,"Sope Dirisu, Chibuike Marvellous Egbo, Godwin Egbo, Akerele David","Relato semiautobiográfico que transcurre en un solo día en Lagos, la capital de Nigeria, durante la crisis electoral de 1993."
LOS DOMINGOS,Alauda Ruiz De Azúa,115,06,16:00,2026-03-11,Renoir Princesa,https://www.pillalas.com/pase/1058012/,https://www.cinesrenoir.com/pelicula/los-domingos/,https://www.cinesrenoir.com/media/Peliculas/Cartel/los_domingos_poster.jpg,Castellano,No recomendada para menores de 12 años,Viernes 24 Octubre 2025,"Patricia López Arnaiz, Blanca Soroa, Miguel Garcés, Juan Minujín, Mabel Rivera, Nagore Aramburu","'Los domingos' cuenta la historia de Ainara (Soroa), una joven idealista y brillante de 17 años que ha de decidir qué carrera universitaria estudiará. O, al menos, eso espera su familia que haga. Sin embargo, la joven manifiesta que se siente cada vez más cerca de Dios y que se plantea abrazar la vida de monja de clausura. La noticia pilla por sorpresa a toda la familia provocando un abismo y una prueba de fuego para todos."
LOS DOMINGOS,Alauda Ruiz De Azúa,115,06,18:15,2026-03-11,Renoir Princesa,https://www.pillalas.com/pase/1058016/,https://www.cinesrenoir.com/pelicula/los-domingos/,https://www.cinesrenoir.com/media/Peliculas/Cartel/los_domingos_poster.jpg,Castellano,No recomendada para menores de 12 años,Viernes 24 Octubre 2025,"Patricia López Arnaiz, Blanca Soroa, Miguel Garcés, Juan Minujín, Mabel Rivera, Nagore Aramburu","'Los domingos' cuenta la historia de Ainara (Soroa), una joven idealista y brillante de 17 años que ha de decidir qué carrera universitaria estudiará. O, al menos, eso espera su familia que haga. Sin embargo, la joven manifiesta que se siente cada vez más cerca de Dios y que se plantea abrazar la vida de monja de clausura. La noticia pilla por sorpresa a toda la familia provocando un abismo y una prueba de fuego para todos."
LOS DOMINGOS,Alauda Ruiz De Azúa,115,06,20:30,2026-03-11,Renoir Princesa,https://www.pillalas.com/pase/1058020/,https://www.cinesrenoir.com/pelicula/los-domingos/,https://www.cinesrenoir.com/media/Peliculas/Cartel/los_domingos_poster.jpg,Castellano,No recomendada para menores de 12 años,Viernes 24 Octubre 2025,"Patricia López Arnaiz, Blanca Soroa, Miguel Garcés, Juan Minujín, Mabel Rivera, Nagore Aramburu","'Los domingos' cuenta la historia de Ainara (Soroa), una joven idealista y brillante de 17 años que ha de decidir qué carrera universitaria estudiará. O, al menos, eso espera su familia que haga. Sin embargo, la joven manifiesta que se siente cada vez más cerca de Dios y que se plantea abrazar la vida de monja de clausura. La noticia pilla por sorpresa a toda la familia provocando un abismo y una prueba de fuego para todos."
LOS DOMINGOS,Alauda Ruiz De Azúa,115,06,22:40,2026-03-11,Renoir Princesa,https://www.pillalas.com/pase/1058024/,https://www.cinesrenoir.com/pelicula/los-domingos/,https://www.cinesrenoir.com/media/Peliculas/Cartel/los_domingos_poster.jpg,Castellano,No recomendada para menores de 12 años,Viernes 24 Octubre 2025,"Patricia López Arnaiz, Blanca Soroa, Miguel Garcés, Juan Minujín, Mabel Rivera, Nagore Aramburu","'Los domingos' cuenta la historia de Ainara (Soroa), una joven idealista y brillante de 17 años que ha de decidir qué carrera universitaria estudiará. O, al menos, eso espera su familia que haga. Sin embargo, la joven manifiesta que se siente cada vez más cerca de Dios y que se plantea abrazar la vida de monja de clausura. La noticia pilla por sorpresa a toda la familia provocando un abismo y una prueba de fuego para todos."
MARTY SUPREME,Josh Safdie,149,03,19:00,2026-03-11,Renoir Princesa,https://www.pillalas.com/pase/1058018/,https://www.cinesrenoir.com/pelicula/marty-supreme/,https://media.pillalas.com/imagenes/726afb526abffa83215ea8a89c8894fb1ac44e6c3b86faba19f84e195b42d541304dcb79.jpg,Inglés,No recomendada para menores de 16 años,Viernes 30 Enero 2026,"Timothee Chalamet, Gwyneth Paltrow, Odessa A Zion, Sandra Bernhard, Fran Drescher, Abel Ferrara, Spenser Granese, Tyler The Creator, Penn Jillette, Kevin O Leary","Marty Mauser (Timothée Chalamet), un joven con una ambición desmesurada, está dispuesto a todo para cumplir su sueño. Con ayuda, entre otros, de la estrella de cine Carol Dunne (Gwyneth Paltrow) demostrará al mundo entero su grandeza."
MARTY SUPREME,Josh Safdie,149,03,21:45,2026-03-11,Renoir Princesa,https://www.pillalas.com/pase/1058021/,https://www.cinesrenoir.com/pelicula/marty-supreme/,https://media.pillalas.com/imagenes/726afb526abffa83215ea8a89c8894fb1ac44e6c3b86faba19f84e195b42d541304dcb79.jpg,Inglés,No recomendada para menores de 16 años,Viernes 30 Enero 2026,"Timothee Chalamet, Gwyneth Paltrow, Odessa A Zion, Sandra Bernhard, Fran Drescher, Abel Ferrara, Spenser Granese, Tyler The Creator, Penn Jillette, Kevin O Leary","Marty Mauser (Timothée Chalamet), un joven con una ambición desmesurada, está dispuesto a todo para cumplir su sueño. Con ayuda, entre otros, de la estrella de cine Carol Dunne (Gwyneth Paltrow) demostrará al mundo entero su grandeza."
PILLION,Harry Lighton,106,11,16:00,2026-03-11,Renoir Princesa,https://www.pillalas.com/pase/1058144/,https://www.cinesrenoir.com/pelicula/pillion/,https://www.cinesrenoir.com/media/Peliculas/Cartel/POSTER_2_3_web_1_1_1.png,Inglés,No recomendada para menores de 16 años,Viernes 6 Marzo 2026,"Harry Melling, Alexander Skarsgård, Lesley Sharp, Douglas Hodge","Colin, un chico introvertido, se queda prendado de Ray, el carismático y atractivo líder de una banda de moteros que le toma como su sumiso, dinamitando su rutina y cambiándole la vida."
PILLION,Harry Lighton,106,10,18:10,2026-03-11,Renoir Princesa,https://www.pillalas.com/pase/1058146/,https://www.cinesrenoir.com/pelicula/pillion/,https://www.cinesrenoir.com/media/Peliculas/Cartel/POSTER_2_3_web_1_1_1.png,Inglés,No recomendada para menores de 16 años,Viernes 6 Marzo 2026,"Harry Melling, Alexander Skarsgård, Lesley Sharp, Douglas Hodge","Colin, un chico introvertido, se queda prendado de Ray, el carismático y atractivo líder de una banda de moteros que le toma como su sumiso, dinamitando su rutina y cambiándole la vida."
PILLION,Harry Lighton,106,10,20:10,2026-03-11,Renoir Princesa,https://www.pillalas.com/pase/1058147/,https://www.cinesrenoir.com/pelicula/pillion/,https://www.cinesrenoir.com/media/Peliculas/Cartel/POSTER_2_3_web_1_1_1.png,Inglés,No recomendada para menores de 16 años,Viernes 6 Marzo 2026,"Harry Melling, Alexander Skarsgård, Lesley Sharp, Douglas Hodge","Colin, un chico introvertido, se queda prendado de Ray, el carismático y atractivo líder de una banda de moteros que le toma como su sumiso, dinamitando su rutina y cambiándole la vida."
PILLION,Harry Lighton,106,11,22:40,2026-03-11,Renoir Princesa,https://www.pillalas.com/pase/1058149/,https://www.cinesrenoir.com/pelicula/pillion/,https://www.cinesrenoir.com/media/Peliculas/Cartel/POSTER_2_3_web_1_1_1.png,Inglés,No recomendada para menores de 16 años,Viernes 6 Marzo 2026,"Harry Melling, Alexander Skarsgård, Lesley Sharp, Douglas Hodge","Colin, un chico introvertido, se queda prendado de Ray, el carismático y atractivo líder de una banda de moteros que le toma como su sumiso, dinamitando su rutina y cambiándole la vida."
RENTAL FAMILY (FAMILIA DE ALQUILER),Mitsuyo Miyazaki,109,05,15:50,2026-03-11,Renoir Princesa,https://www.pillalas.com/pase/1058011/,https://www.cinesrenoir.com/pelicula/rental-family-familia-de-alquiler/,https://media.pillalas.com/imagenes/726afb526abffa8354fd8d551fddc8b6f2c37df750c002f9f65d59d1707b603c58f3211d.jpg,Inglés Y Japonés,No recomendada para menores de 12 años,Viernes 9 Enero 2026,"Brendan Fraser, Mari Yamamoto, Takehiro Hira, Akira Emoto, Shannon Gorman","Comedia dramática sobre un actor estadounidense (Brendan Fraser) que lucha por encontrar un propósito en la vida en el Tokio actual. Hasta que consigue un trabajo inusual, trabajar para una agencia japonesa de ""familias de alquiler"", interpretando papeles de suplente para desconocidos."
SIRAT,Óliver Laxe,120,08,20:15,2026-03-11,Renoir Princesa,https://www.pillalas.com/pase/1058100/,https://www.cinesrenoir.com/pelicula/sirat/,https://www.cinesrenoir.com/media/Peliculas/Cartel/SIRAT_ONLINE_GOYAOSCARS.jpg,Castellano Y Otros,No recomendada para menores de 16 años,Viernes 6 Junio 2025,"Sergi López, Bruno Núñez, Stefania Gadda, Joshua Liam Herderson, Tonin Javier, Jade Ouki, Richard Bellamyun","Un hombre (López) y su hijo (Nuñez) llegan a una rave perdida en medio de las áridas y fantasmagóricas montañas del sur de Marruecos. Buscan allí a Mar, su hija y hermana, desaparecida hace meses en una de estas fiestas sin amanecer. Reparten una y otra vez su foto rodeados de música electrónica y de un tipo de libertad que desconocen. Empujados por el destino, y con la esperanza de encontrar ahí a Mar, deciden seguir a un grupo de raveros hacia la última fiesta que se celebrará en el desierto."
SIRAT,Óliver Laxe,120,08,22:25,2026-03-11,Renoir Princesa,https://www.pillalas.com/pase/1058102/,https://www.cinesrenoir.com/pelicula/sirat/,https://www.cinesrenoir.com/media/Peliculas/Cartel/SIRAT_ONLINE_GOYAOSCARS.jpg,Castellano Y Otros,No recomendada para menores de 16 años,Viernes 6 Junio 2025,"Sergi López, Bruno Núñez, Stefania Gadda, Joshua Liam Herderson, Tonin Javier, Jade Ouki, Richard Bellamyun","Un hombre (López) y su hijo (Nuñez) llegan a una rave perdida en medio de las áridas y fantasmagóricas montañas del sur de Marruecos. Buscan allí a Mar, su hija y hermana, desaparecida hace meses en una de estas fiestas sin amanecer. Reparten una y otra vez su foto rodeados de música electrónica y de un tipo de libertad que desconocen. Empujados por el destino, y con la esperanza de encontrar ahí a Mar, deciden seguir a un grupo de raveros hacia la última fiesta que se celebrará en el desierto."
"SORRY, BABY",Eva Victor,102,08,18:20,2026-03-11,Renoir Princesa,https://www.pillalas.com/pase/1058096/,https://www.cinesrenoir.com/pelicula/sorry-baby/,https://media.pillalas.com/imagenes/726afb526abffa837c59681f561d4afba82a26ef8235abdaa380a4c9cf2bacb70dacac1c.jpg,Inglés,No recomendada para menores de 16 años y distintivo especialmente recomendada para el fomento de la igualdad de género,Viernes 27 Febrero 2026,"Eva Victor, Naomi Ackie, Lucas Hedges, John Carroll Lynch, Louis Cancelmi","A Agnes le pasó algo malo. Pero la vida sigue, al menos para todos los que la rodean."
"SORRY, BABY",Eva Victor,102,02,22:45,2026-03-11,Renoir Princesa,https://www.pillalas.com/pase/1057933/,https://www.cinesrenoir.com/pelicula/sorry-baby/,https://media.pillalas.com/imagenes/726afb526abffa837c59681f561d4afba82a26ef8235abdaa380a4c9cf2bacb70dacac1c.jpg,Inglés,No recomendada para menores de 16 años y distintivo especialmente recomendada para el fomento de la igualdad de género,Viernes 27 Febrero 2026,"Eva Victor, Naomi Ackie, Lucas Hedges, John Carroll Lynch, Louis Cancelmi","A Agnes le pasó algo malo. Pero la vida sigue, al menos para todos los que la rodean."
TRES ADIOSES,Isabel Coixet,122,02,16:00,2026-03-11,Renoir Princesa,https://www.pillalas.com/pase/1057927/,https://www.cinesrenoir.com/pelicula/tres-adioses/,https://media.pillalas.com/imagenes/726afb526abffa832ea2a44a189894de905fc7e94534a8bf4ef6bf13e5ccdfe90922c22e.jpg,Italiano,No recomendada para menores de 12 años,Viernes 6 Febrero 2026,"Alba Rohrwacher, Elio Germano, Francesco Carril, Silvia D Amico, Galatea Bellugi, Sarita Choudhury","Tras lo que parecía una discusión sin importancia, Marta (Alba Rohrwacher) y Antonio (Elio Germano) se separan. Él, un chef prometedor, se refugia en sus fogones; ella, en su silencio, empieza a notar algo más que tristeza: ha perdido el apetito… y no solo por desamor. Cuando descubre que detrás hay un problema de salud, todo da un giro inesperado: la comida sabe mejor, la música le llega como nunca y el deseo despierta sus ganas de vivir sin miedo.
Una historia sobre el amor, la vida y esos momentos que lo cambian todo para siempre."
TRES ADIOSES,Isabel Coixet,122,02,18:15,2026-03-11,Renoir Princesa,https://www.pillalas.com/pase/1057930/,https://www.cinesrenoir.com/pelicula/tres-adioses/,https://media.pillalas.com/imagenes/726afb526abffa832ea2a44a189894de905fc7e94534a8bf4ef6bf13e5ccdfe90922c22e.jpg,Italiano,No recomendada para menores de 12 años,Viernes 6 Febrero 2026,"Alba Rohrwacher, Elio Germano, Francesco Carril, Silvia D Amico, Galatea Bellugi, Sarita Choudhury","Tras lo que parecía una discusión sin importancia, Marta (Alba Rohrwacher) y Antonio (Elio Germano) se separan. Él, un chef prometedor, se refugia en sus fogones; ella, en su silencio, empieza a notar algo más que tristeza: ha perdido el apetito… y no solo por desamor. Cuando descubre que detrás hay un problema de salud, todo da un giro inesperado: la comida sabe mejor, la música le llega como nunca y el deseo despierta sus ganas de vivir sin miedo.
Una historia sobre el amor, la vida y esos momentos que lo cambian todo para siempre."
TRES ADIOSES,Isabel Coixet,122,02,20:30,2026-03-11,Renoir Princesa,https://www.pillalas.com/pase/1057931/,https://www.cinesrenoir.com/pelicula/tres-adioses/,https://media.pillalas.com/imagenes/726afb526abffa832ea2a44a189894de905fc7e94534a8bf4ef6bf13e5ccdfe90922c22e.jpg,Italiano,No recomendada para menores de 12 años,Viernes 6 Febrero 2026,"Alba Rohrwacher, Elio Germano, Francesco Carril, Silvia D Amico, Galatea Bellugi, Sarita Choudhury","Tras lo que parecía una discusión sin importancia, Marta (Alba Rohrwacher) y Antonio (Elio Germano) se separan. Él, un chef prometedor, se refugia en sus fogones; ella, en su silencio, empieza a notar algo más que tristeza: ha perdido el apetito… y no solo por desamor. Cuando descubre que detrás hay un problema de salud, todo da un giro inesperado: la comida sabe mejor, la música le llega como nunca y el deseo despierta sus ganas de vivir sin miedo.
Una historia sobre el amor, la vida y esos momentos que lo cambian todo para siempre."
¡LA NOVIA!,Maggie Gyllenhaal,126,10,15:50,2026-03-11,Renoir Princesa,https://www.pillalas.com/pase/1058093/,https://www.cinesrenoir.com/pelicula/la-novia/,https://media.pillalas.com/imagenes/726afb526abffa834d5e9976411fdc20e28407e451a89b449da3736e5440bebb2e35bc4c.jpg,Inglés,No recomendada para menores de 16 años y distintivo especialmente recomendada para el fomento de la igualdad de género,Viernes 6 Marzo 2026,"Jessie Buckley, Christian Bale, Peter Sarsgaard, Annette Bening, Penelope Cruz, Jake Gyllenhaal, Julianne Hough, Louis Cancelmi, John Magaro, Linda Emond, Jeannie Berlin, Matthew Maher","En el Chicago de los años 30, un solitario Frankenstein pide la ayuda del Dr. Euphronius para crearse una compañera. Los dos resucitan a una joven asesinada y en ese momento nace la Novia, quien irá más allá de lo que cualquiera de los dos pretendía, encendiendo un romance apasionado, la atención de la policía y un movimiento social salvaje y radical."
¡LA NOVIA!,Maggie Gyllenhaal,126,11,18:00,2026-03-11,Renoir Princesa,https://www.pillalas.com/pase/1058145/,https://www.cinesrenoir.com/pelicula/la-novia/,https://media.pillalas.com/imagenes/726afb526abffa834d5e9976411fdc20e28407e451a89b449da3736e5440bebb2e35bc4c.jpg,Inglés,No recomendada para menores de 16 años y distintivo especialmente recomendada para el fomento de la igualdad de género,Viernes 6 Marzo 2026,"Jessie Buckley, Christian Bale, Peter Sarsgaard, Annette Bening, Penelope Cruz, Jake Gyllenhaal, Julianne Hough, Louis Cancelmi, John Magaro, Linda Emond, Jeannie Berlin, Matthew Maher","En el Chicago de los años 30, un solitario Frankenstein pide la ayuda del Dr. Euphronius para crearse una compañera. Los dos resucitan a una joven asesinada y en ese momento nace la Novia, quien irá más allá de lo que cualquiera de los dos pretendía, encendiendo un romance apasionado, la atención de la policía y un movimiento social salvaje y radical."
¡LA NOVIA!,Maggie Gyllenhaal,126,11,20:20,2026-03-11,Renoir Princesa,https://www.pillalas.com/pase/1058148/,https://www.cinesrenoir.com/pelicula/la-novia/,https://media.pillalas.com/imagenes/726afb526abffa834d5e9976411fdc20e28407e451a89b449da3736e5440bebb2e35bc4c.jpg,Inglés,No recomendada para menores de 16 años y distintivo especialmente recomendada para el fomento de la igualdad de género,Viernes 6 Marzo 2026,"Jessie Buckley, Christian Bale, Peter Sarsgaard, Annette Bening, Penelope Cruz, Jake Gyllenhaal, Julianne Hough, Louis Cancelmi, John Magaro, Linda Emond, Jeannie Berlin, Matthew Maher","En el Chicago de los años 30, un solitario Frankenstein pide la ayuda del Dr. Euphronius para crearse una compañera. Los dos resucitan a una joven asesinada y en ese momento nace la Novia, quien irá más allá de lo que cualquiera de los dos pretendía, encendiendo un romance apasionado, la atención de la policía y un movimiento social salvaje y radical."
¡LA NOVIA!,Maggie Gyllenhaal,126,10,22:10,2026-03-11,Renoir Princesa,https://www.pillalas.com/pase/1058101/,https://www.cinesrenoir.com/pelicula/la-novia/,https://media.pillalas.com/imagenes/726afb526abffa834d5e9976411fdc20e28407e451a89b449da3736e5440bebb2e35bc4c.jpg,Inglés,No recomendada para menores de 16 años y distintivo especialmente recomendada para el fomento de la igualdad de género,Viernes 6 Marzo 2026,"Jessie Buckley, Christian Bale, Peter Sarsgaard, Annette Bening, Penelope Cruz, Jake Gyllenhaal, Julianne Hough, Louis Cancelmi, John Magaro, Linda Emond, Jeannie Berlin, Matthew Maher","En el Chicago de los años 30, un solitario Frankenstein pide la ayuda del Dr. Euphronius para crearse una compañera. Los dos resucitan a una joven asesinada y en ese momento nace la Novia, quien irá más allá de lo que cualquiera de los dos pretendía, encendiendo un romance apasionado, la atención de la policía y un movimiento social salvaje y radical."
CAMINANDO CON EL DIABLO,Rubén Pérez-Barrena,83,09,18:20,2026-03-12,Renoir Princesa,https://www.pillalas.com/pase/1058108/,https://www.cinesrenoir.com/pelicula/caminando-con-el-diablo/,https://media.pillalas.com/imagenes/726afb526abffa83961675500a58cf0d4c3949b70c666a7228045fb9d4e5bc88aba5c294.jpg,Castellano,No recomendada para menores de 16 años,Viernes 6 Marzo 2026,"Tamar Novas, Marina Salas, Iván Marcos, Annick Weerts, Alban Petit","España, años ochenta. Miguel y Alicia arrastran la desaparición de su hijo Gabriel. Miguel se consume por la culpa de aquella noche de alcohol en la que lo perdió. Para Alicia, en cambio, quien murió ese día no fue su hijo, sino su marido. Lejos de ese infierno, Philippe, un niño francés de diez años, viaja en caravana junto a sus padres. Sus caminos se cruzan con los de Miguel y Alicia. Ese encuentro desencadena un viaje sin retorno al lado más oscuro del ser humano."
CUMBRES BORRASCOSAS,Emerald Fennell,135,09,15:50,2026-03-12,Renoir Princesa,https://www.pillalas.com/pase/1058104/,https://www.cinesrenoir.com/pelicula/cumbres-borrascosas/,https://media.pillalas.com/imagenes/726afb526abffa83abe8577deb3c0674bd352fd2b0500497b1d5570f2dd570487210fc4e.jpg,Inglés,No recomendada para menores de 16 años,Viernes 13 Febrero 2026,"Margot Robbie, Jacob Elordi, Hong Chau, Alison Oliver, Owen Cooper, Shazad Latif, Martin Clunes, Ewan Mitchell, Amy Morgan, Jessica Knappett, Charlotte Mellington, Vy Nguyen","Adaptada a todo tipo de formatos en multitud de ocasiones, se trata de una trágica historia de pasiones encontradas en la Inglaterra rural más conservadora. Una historia de venganza y odio, de pasiones desatadas y amores desesperados que van más allá de la muerte ambientada en los brumosos y sombríos páramos de Yorkshire, al norte de Inglaterra."
CUMBRES BORRASCOSAS,Emerald Fennell,135,07,17:40,2026-03-12,Renoir Princesa,https://www.pillalas.com/pase/1058028/,https://www.cinesrenoir.com/pelicula/cumbres-borrascosas/,https://media.pillalas.com/imagenes/726afb526abffa83abe8577deb3c0674bd352fd2b0500497b1d5570f2dd570487210fc4e.jpg,Inglés,No recomendada para menores de 16 años,Viernes 13 Febrero 2026,"Margot Robbie, Jacob Elordi, Hong Chau, Alison Oliver, Owen Cooper, Shazad Latif, Martin Clunes, Ewan Mitchell, Amy Morgan, Jessica Knappett, Charlotte Mellington, Vy Nguyen","Adaptada a todo tipo de formatos en multitud de ocasiones, se trata de una trágica historia de pasiones encontradas en la Inglaterra rural más conservadora. Una historia de venganza y odio, de pasiones desatadas y amores desesperados que van más allá de la muerte ambientada en los brumosos y sombríos páramos de Yorkshire, al norte de Inglaterra."
CUMBRES BORRASCOSAS,Emerald Fennell,135,09,20:00,2026-03-12,Renoir Princesa,https://www.pillalas.com/pase/1058109/,https://www.cinesrenoir.com/pelicula/cumbres-borrascosas/,https://media.pillalas.com/imagenes/726afb526abffa83abe8577deb3c0674bd352fd2b0500497b1d5570f2dd570487210fc4e.jpg,Inglés,No recomendada para menores de 16 años,Viernes 13 Febrero 2026,"Margot Robbie, Jacob Elordi, Hong Chau, Alison Oliver, Owen Cooper, Shazad Latif, Martin Clunes, Ewan Mitchell, Amy Morgan, Jessica Knappett, Charlotte Mellington, Vy Nguyen","Adaptada a todo tipo de formatos en multitud de ocasiones, se trata de una trágica historia de pasiones encontradas en la Inglaterra rural más conservadora. Una historia de venganza y odio, de pasiones desatadas y amores desesperados que van más allá de la muerte ambientada en los brumosos y sombríos páramos de Yorkshire, al norte de Inglaterra."
CUMBRES BORRASCOSAS,Emerald Fennell,135,09,22:30,2026-03-12,Renoir Princesa,https://www.pillalas.com/pase/1058113/,https://www.cinesrenoir.com/pelicula/cumbres-borrascosas/,https://media.pillalas.com/imagenes/726afb526abffa83abe8577deb3c0674bd352fd2b0500497b1d5570f2dd570487210fc4e.jpg,Inglés,No recomendada para menores de 16 años,Viernes 13 Febrero 2026,"Margot Robbie, Jacob Elordi, Hong Chau, Alison Oliver, Owen Cooper, Shazad Latif, Martin Clunes, Ewan Mitchell, Amy Morgan, Jessica Knappett, Charlotte Mellington, Vy Nguyen","Adaptada a todo tipo de formatos en multitud de ocasiones, se trata de una trágica historia de pasiones encontradas en la Inglaterra rural más conservadora. Una historia de venganza y odio, de pasiones desatadas y amores desesperados que van más allá de la muerte ambientada en los brumosos y sombríos páramos de Yorkshire, al norte de Inglaterra."
EL AGENTE SECRETO,Kleber Mendonça Filho,160,04,16:00,2026-03-12,Renoir Princesa,https://www.pillalas.com/pase/1058027/,https://www.cinesrenoir.com/pelicula/el-agente-secreto/,https://media.pillalas.com/imagenes/726afb526abffa83bdba0b90e98cf11293bcd8b9c8be1af817aa6c045cd8f479730f7511.jpg,Portugués,No recomendada para menores de 16 años,Viernes 20 Febrero 2026,"Wagner Moura, Gabriel Leone, Udo Kier, Maria Fernanda Cândido","1977. En un Brasil atormentado por la dictadura militar, Marcelo, un cuarentón que huye de un pasado turbulento, llega a la ciudad de Recife, donde espera construir una nueva vida y reencontrarse con su hijo. Todo se complica cuando descubre que las fuerzas gubernamentales le persiguen y las amenazas de muerte se ciernen sobre su cabeza."
EL AGENTE SECRETO,Kleber Mendonça Filho,160,04,18:55,2026-03-12,Renoir Princesa,https://www.pillalas.com/pase/1058031/,https://www.cinesrenoir.com/pelicula/el-agente-secreto/,https://media.pillalas.com/imagenes/726afb526abffa83bdba0b90e98cf11293bcd8b9c8be1af817aa6c045cd8f479730f7511.jpg,Portugués,No recomendada para menores de 16 años,Viernes 20 Febrero 2026,"Wagner Moura, Gabriel Leone, Udo Kier, Maria Fernanda Cândido","1977. En un Brasil atormentado por la dictadura militar, Marcelo, un cuarentón que huye de un pasado turbulento, llega a la ciudad de Recife, donde espera construir una nueva vida y reencontrarse con su hijo. Todo se complica cuando descubre que las fuerzas gubernamentales le persiguen y las amenazas de muerte se ciernen sobre su cabeza."
EL AGENTE SECRETO,Kleber Mendonça Filho,160,04,21:50,2026-03-12,Renoir Princesa,https://www.pillalas.com/pase/1058036/,https://www.cinesrenoir.com/pelicula/el-agente-secreto/,https://media.pillalas.com/imagenes/726afb526abffa83bdba0b90e98cf11293bcd8b9c8be1af817aa6c045cd8f479730f7511.jpg,Portugués,No recomendada para menores de 16 años,Viernes 20 Febrero 2026,"Wagner Moura, Gabriel Leone, Udo Kier, Maria Fernanda Cândido","1977. En un Brasil atormentado por la dictadura militar, Marcelo, un cuarentón que huye de un pasado turbulento, llega a la ciudad de Recife, donde espera construir una nueva vida y reencontrarse con su hijo. Todo se complica cuando descubre que las fuerzas gubernamentales le persiguen y las amenazas de muerte se ciernen sobre su cabeza."
EL MAGO DEL KREMLIN,Olivier Assayas,145,03,16:10,2026-03-12,Renoir Princesa,https://www.pillalas.com/pase/1057935/,https://www.cinesrenoir.com/pelicula/el-mago-del-kremlin/,https://media.pillalas.com/imagenes/726afb526abffa833889e44ac42f5cc54d6019702d8546ebf4550316f78770131f777f2b.jpg,Inglés,No recomendada para menores de 12 años,Viernes 6 Marzo 2026,"Paul Dano, Alicia Vikander, Jude Law, Tom Sturridge, Jeffrey Wright, Will Keen","En medio del caos postsoviético de los años 90, el joven Vadim Baranov (Paul Dano) empieza a labrarse un camino como artista y productor de televisión. Su elocuencia y conexión con las altas esferas le llevan a convertirse, de la noche a la mañana, en el asesor de un agente del KGB con un brillante porvenir: Vladimir Putin (Jude Law). Desde las entrañas del poder, ambos darán forma a la nueva Rusia, difuminando, mediante manipulación, los límites entre la verdad y la mentira."
EL MAGO DEL KREMLIN,Olivier Assayas,145,01,17:40,2026-03-12,Renoir Princesa,https://www.pillalas.com/pase/1057936/,https://www.cinesrenoir.com/pelicula/el-mago-del-kremlin/,https://media.pillalas.com/imagenes/726afb526abffa833889e44ac42f5cc54d6019702d8546ebf4550316f78770131f777f2b.jpg,Inglés,No recomendada para menores de 12 años,Viernes 6 Marzo 2026,"Paul Dano, Alicia Vikander, Jude Law, Tom Sturridge, Jeffrey Wright, Will Keen","En medio del caos postsoviético de los años 90, el joven Vadim Baranov (Paul Dano) empieza a labrarse un camino como artista y productor de televisión. Su elocuencia y conexión con las altas esferas le llevan a convertirse, de la noche a la mañana, en el asesor de un agente del KGB con un brillante porvenir: Vladimir Putin (Jude Law). Desde las entrañas del poder, ambos darán forma a la nueva Rusia, difuminando, mediante manipulación, los límites entre la verdad y la mentira."
EL MAGO DEL KREMLIN,Olivier Assayas,145,01,22:10,2026-03-12,Renoir Princesa,https://www.pillalas.com/pase/1057939/,https://www.cinesrenoir.com/pelicula/el-mago-del-kremlin/,https://media.pillalas.com/imagenes/726afb526abffa833889e44ac42f5cc54d6019702d8546ebf4550316f78770131f777f2b.jpg,Inglés,No recomendada para menores de 12 años,Viernes 6 Marzo 2026,"Paul Dano, Alicia Vikander, Jude Law, Tom Sturridge, Jeffrey Wright, Will Keen","En medio del caos postsoviético de los años 90, el joven Vadim Baranov (Paul Dano) empieza a labrarse un camino como artista y productor de televisión. Su elocuencia y conexión con las altas esferas le llevan a convertirse, de la noche a la mañana, en el asesor de un agente del KGB con un brillante porvenir: Vladimir Putin (Jude Law). Desde las entrañas del poder, ambos darán forma a la nueva Rusia, difuminando, mediante manipulación, los límites entre la verdad y la mentira."
HAMNET,Chloé Zhao,125,08,16:00,2026-03-12,Renoir Princesa,https://www.pillalas.com/pase/1058106/,https://www.cinesrenoir.com/pelicula/hamnet/,https://www.cinesrenoir.com/media/Peliculas/Cartel/HAMNET_Cartel_Digital_8Nominaciones_Oscar_YaEnCines_v2_2.jpg,Inglés,No recomendada para menores de 12 años,Viernes 23 Enero 2026,"Jessie Buckley, Paul Mescal, Joe Alwyn, Emily Watson","Año 1596, Stratford-upon-Avon, Inglaterra. La vida de Agnes transcurre plácidamente junto a su marido y sus tres hijos. Ella cultiva plantas medicinales mientras William trabaja en Londres. El destino, sin embargo, les reservará un duro golpe cuando su hijo Hamnet, de once años, muera repentinamente tras contraer la peste. A raíz de esta tragedia, su padre creará uno de los grandes personajes de la literatura universal, de nombre casi idéntico al de su hijo.


Pero esta película no habla de famosos sucesos sino de algo íntimo y olvidado: La vida de esta familia, y especialmente la de la mujer que la sostenía y que tuvo que cargar con una insoportable pérdida."
HAMNET,Chloé Zhao,125,05,17:55,2026-03-12,Renoir Princesa,https://www.pillalas.com/pase/1058029/,https://www.cinesrenoir.com/pelicula/hamnet/,https://www.cinesrenoir.com/media/Peliculas/Cartel/HAMNET_Cartel_Digital_8Nominaciones_Oscar_YaEnCines_v2_2.jpg,Inglés,No recomendada para menores de 12 años,Viernes 23 Enero 2026,"Jessie Buckley, Paul Mescal, Joe Alwyn, Emily Watson","Año 1596, Stratford-upon-Avon, Inglaterra. La vida de Agnes transcurre plácidamente junto a su marido y sus tres hijos. Ella cultiva plantas medicinales mientras William trabaja en Londres. El destino, sin embargo, les reservará un duro golpe cuando su hijo Hamnet, de once años, muera repentinamente tras contraer la peste. A raíz de esta tragedia, su padre creará uno de los grandes personajes de la literatura universal, de nombre casi idéntico al de su hijo.


Pero esta película no habla de famosos sucesos sino de algo íntimo y olvidado: La vida de esta familia, y especialmente la de la mujer que la sostenía y que tuvo que cargar con una insoportable pérdida."
HAMNET,Chloé Zhao,125,05,20:15,2026-03-12,Renoir Princesa,https://www.pillalas.com/pase/1058033/,https://www.cinesrenoir.com/pelicula/hamnet/,https://www.cinesrenoir.com/media/Peliculas/Cartel/HAMNET_Cartel_Digital_8Nominaciones_Oscar_YaEnCines_v2_2.jpg,Inglés,No recomendada para menores de 12 años,Viernes 23 Enero 2026,"Jessie Buckley, Paul Mescal, Joe Alwyn, Emily Watson","Año 1596, Stratford-upon-Avon, Inglaterra. La vida de Agnes transcurre plácidamente junto a su marido y sus tres hijos. Ella cultiva plantas medicinales mientras William trabaja en Londres. El destino, sin embargo, les reservará un duro golpe cuando su hijo Hamnet, de once años, muera repentinamente tras contraer la peste. A raíz de esta tragedia, su padre creará uno de los grandes personajes de la literatura universal, de nombre casi idéntico al de su hijo.


Pero esta película no habla de famosos sucesos sino de algo íntimo y olvidado: La vida de esta familia, y especialmente la de la mujer que la sostenía y que tuvo que cargar con una insoportable pérdida."
HAMNET,Chloé Zhao,125,05,22:35,2026-03-12,Renoir Princesa,https://www.pillalas.com/pase/1058037/,https://www.cinesrenoir.com/pelicula/hamnet/,https://www.cinesrenoir.com/media/Peliculas/Cartel/HAMNET_Cartel_Digital_8Nominaciones_Oscar_YaEnCines_v2_2.jpg,Inglés,No recomendada para menores de 12 años,Viernes 23 Enero 2026,"Jessie Buckley, Paul Mescal, Joe Alwyn, Emily Watson","Año 1596, Stratford-upon-Avon, Inglaterra. La vida de Agnes transcurre plácidamente junto a su marido y sus tres hijos. Ella cultiva plantas medicinales mientras William trabaja en Londres. El destino, sin embargo, les reservará un duro golpe cuando su hijo Hamnet, de once años, muera repentinamente tras contraer la peste. A raíz de esta tragedia, su padre creará uno de los grandes personajes de la literatura universal, de nombre casi idéntico al de su hijo.


Pero esta película no habla de famosos sucesos sino de algo íntimo y olvidado: La vida de esta familia, y especialmente la de la mujer que la sostenía y que tuvo que cargar con una insoportable pérdida."
LA SOMBRA DE MI PADRE,Akinola Davies,94,01,15:50,2026-03-12,Renoir Princesa,https://www.pillalas.com/pase/1058646/,https://www.cinesrenoir.com/pelicula/la-sombra-de-mi-padre/,https://media.pillalas.com/imagenes/726afb526abffa83b400e9327dc59948d5f51eecc0c622647e6461545b9a00169ae2e56b.jpg,Inglés,No recomendada para menores de 12 años,Viernes 6 Marzo 2026,"Sope Dirisu, Chibuike Marvellous Egbo, Godwin Egbo, Akerele David","Relato semiautobiográfico que transcurre en un solo día en Lagos, la capital de Nigeria, durante la crisis electoral de 1993."
LA SOMBRA DE MI PADRE,Akinola Davies,94,01,20:20,2026-03-12,Renoir Princesa,https://www.pillalas.com/pase/1058647/,https://www.cinesrenoir.com/pelicula/la-sombra-de-mi-padre/,https://media.pillalas.com/imagenes/726afb526abffa83b400e9327dc59948d5f51eecc0c622647e6461545b9a00169ae2e56b.jpg,Inglés,No recomendada para menores de 12 años,Viernes 6 Marzo 2026,"Sope Dirisu, Chibuike Marvellous Egbo, Godwin Egbo, Akerele David","Relato semiautobiográfico que transcurre en un solo día en Lagos, la capital de Nigeria, durante la crisis electoral de 1993."
LOS DOMINGOS,Alauda Ruiz De Azúa,115,06,16:00,2026-03-12,Renoir Princesa,https://www.pillalas.com/pase/1058026/,https://www.cinesrenoir.com/pelicula/los-domingos/,https://www.cinesrenoir.com/media/Peliculas/Cartel/los_domingos_poster.jpg,Castellano,No recomendada para menores de 12 años,Viernes 24 Octubre 2025,"Patricia López Arnaiz, Blanca Soroa, Miguel Garcés, Juan Minujín, Mabel Rivera, Nagore Aramburu","'Los domingos' cuenta la historia de Ainara (Soroa), una joven idealista y brillante de 17 años que ha de decidir qué carrera universitaria estudiará. O, al menos, eso espera su familia que haga. Sin embargo, la joven manifiesta que se siente cada vez más cerca de Dios y que se plantea abrazar la vida de monja de clausura. La noticia pilla por sorpresa a toda la familia provocando un abismo y una prueba de fuego para todos."
LOS DOMINGOS,Alauda Ruiz De Azúa,115,06,18:15,2026-03-12,Renoir Princesa,https://www.pillalas.com/pase/1058030/,https://www.cinesrenoir.com/pelicula/los-domingos/,https://www.cinesrenoir.com/media/Peliculas/Cartel/los_domingos_poster.jpg,Castellano,No recomendada para menores de 12 años,Viernes 24 Octubre 2025,"Patricia López Arnaiz, Blanca Soroa, Miguel Garcés, Juan Minujín, Mabel Rivera, Nagore Aramburu","'Los domingos' cuenta la historia de Ainara (Soroa), una joven idealista y brillante de 17 años que ha de decidir qué carrera universitaria estudiará. O, al menos, eso espera su familia que haga. Sin embargo, la joven manifiesta que se siente cada vez más cerca de Dios y que se plantea abrazar la vida de monja de clausura. La noticia pilla por sorpresa a toda la familia provocando un abismo y una prueba de fuego para todos."
LOS DOMINGOS,Alauda Ruiz De Azúa,115,06,22:40,2026-03-12,Renoir Princesa,https://www.pillalas.com/pase/1058038/,https://www.cinesrenoir.com/pelicula/los-domingos/,https://www.cinesrenoir.com/media/Peliculas/Cartel/los_domingos_poster.jpg,Castellano,No recomendada para menores de 12 años,Viernes 24 Octubre 2025,"Patricia López Arnaiz, Blanca Soroa, Miguel Garcés, Juan Minujín, Mabel Rivera, Nagore Aramburu","'Los domingos' cuenta la historia de Ainara (Soroa), una joven idealista y brillante de 17 años que ha de decidir qué carrera universitaria estudiará. O, al menos, eso espera su familia que haga. Sin embargo, la joven manifiesta que se siente cada vez más cerca de Dios y que se plantea abrazar la vida de monja de clausura. La noticia pilla por sorpresa a toda la familia provocando un abismo y una prueba de fuego para todos."
MARTY SUPREME,Josh Safdie,149,03,19:00,2026-03-12,Renoir Princesa,https://www.pillalas.com/pase/1058032/,https://www.cinesrenoir.com/pelicula/marty-supreme/,https://media.pillalas.com/imagenes/726afb526abffa83215ea8a89c8894fb1ac44e6c3b86faba19f84e195b42d541304dcb79.jpg,Inglés,No recomendada para menores de 16 años,Viernes 30 Enero 2026,"Timothee Chalamet, Gwyneth Paltrow, Odessa A Zion, Sandra Bernhard, Fran Drescher, Abel Ferrara, Spenser Granese, Tyler The Creator, Penn Jillette, Kevin O Leary","Marty Mauser (Timothée Chalamet), un joven con una ambición desmesurada, está dispuesto a todo para cumplir su sueño. Con ayuda, entre otros, de la estrella de cine Carol Dunne (Gwyneth Paltrow) demostrará al mundo entero su grandeza."
MARTY SUPREME,Josh Safdie,149,03,21:45,2026-03-12,Renoir Princesa,https://www.pillalas.com/pase/1058035/,https://www.cinesrenoir.com/pelicula/marty-supreme/,https://media.pillalas.com/imagenes/726afb526abffa83215ea8a89c8894fb1ac44e6c3b86faba19f84e195b42d541304dcb79.jpg,Inglés,No recomendada para menores de 16 años,Viernes 30 Enero 2026,"Timothee Chalamet, Gwyneth Paltrow, Odessa A Zion, Sandra Bernhard, Fran Drescher, Abel Ferrara, Spenser Granese, Tyler The Creator, Penn Jillette, Kevin O Leary","Marty Mauser (Timothée Chalamet), un joven con una ambición desmesurada, está dispuesto a todo para cumplir su sueño. Con ayuda, entre otros, de la estrella de cine Carol Dunne (Gwyneth Paltrow) demostrará al mundo entero su grandeza."
MILLENIUM ACTRESS [WILDER CINEMA],Satoshi Kon,87,07,20:00,2026-03-12,Renoir Princesa,https://www.pillalas.com/pase/1057647/,https://www.cinesrenoir.com/pelicula/millenium-actress-wilder-cinema/,https://media.pillalas.com/imagenes/726afb526abffa8377a637019d2afdd33872103c92990635b2aa6153f9256f0191a80dc9.jpg,Japonés,No recomendada para menores de 12 años,Jueves 12 Marzo 2026,Animación,"Delicada y profundamente emotiva, Millennium Actress es una de las obras más personales y elegantes de Satoshi Kon. A través del recuerdo de una gran actriz retirada, la película entrelaza cine, memoria y emoción, difuminando las fronteras entre vida y ficción con una fluidez deslumbrante. Romántica, melancólica y visualmente hipnótica, es una celebración del cine como refugio, como pasión y como forma de vida. Una obra luminosa y conmovedora que confirma a Kon como uno de los grandes autores de la animación moderna.Premio a la Mejor Película de Animación – Festival de Sitges“Una obra maestra de sensibilidad y elegancia.” — El País“Satoshi Kon en estado de gracia.” — Fotogramas“Una de las películas más bellas jamás realizadas en animación.” — Cinemanía“Un canto de amor al cine.” — The Guardian“Emocionante, original y profundamente humana.” — The New York Times"
PILLION,Harry Lighton,106,11,16:00,2026-03-12,Renoir Princesa,https://www.pillalas.com/pase/1058150/,https://www.cinesrenoir.com/pelicula/pillion/,https://www.cinesrenoir.com/media/Peliculas/Cartel/POSTER_2_3_web_1_1_1.png,Inglés,No recomendada para menores de 16 años,Viernes 6 Marzo 2026,"Harry Melling, Alexander Skarsgård, Lesley Sharp, Douglas Hodge","Colin, un chico introvertido, se queda prendado de Ray, el carismático y atractivo líder de una banda de moteros que le toma como su sumiso, dinamitando su rutina y cambiándole la vida."
PILLION,Harry Lighton,106,10,18:10,2026-03-12,Renoir Princesa,https://www.pillalas.com/pase/1058152/,https://www.cinesrenoir.com/pelicula/pillion/,https://www.cinesrenoir.com/media/Peliculas/Cartel/POSTER_2_3_web_1_1_1.png,Inglés,No recomendada para menores de 16 años,Viernes 6 Marzo 2026,"Harry Melling, Alexander Skarsgård, Lesley Sharp, Douglas Hodge","Colin, un chico introvertido, se queda prendado de Ray, el carismático y atractivo líder de una banda de moteros que le toma como su sumiso, dinamitando su rutina y cambiándole la vida."
PILLION,Harry Lighton,106,10,20:10,2026-03-12,Renoir Princesa,https://www.pillalas.com/pase/1058153/,https://www.cinesrenoir.com/pelicula/pillion/,https://www.cinesrenoir.com/media/Peliculas/Cartel/POSTER_2_3_web_1_1_1.png,Inglés,No recomendada para menores de 16 años,Viernes 6 Marzo 2026,"Harry Melling, Alexander Skarsgård, Lesley Sharp, Douglas Hodge","Colin, un chico introvertido, se queda prendado de Ray, el carismático y atractivo líder de una banda de moteros que le toma como su sumiso, dinamitando su rutina y cambiándole la vida."
PILLION,Harry Lighton,106,11,22:40,2026-03-12,Renoir Princesa,https://www.pillalas.com/pase/1058155/,https://www.cinesrenoir.com/pelicula/pillion/,https://www.cinesrenoir.com/media/Peliculas/Cartel/POSTER_2_3_web_1_1_1.png,Inglés,No recomendada para menores de 16 años,Viernes 6 Marzo 2026,"Harry Melling, Alexander Skarsgård, Lesley Sharp, Douglas Hodge","Colin, un chico introvertido, se queda prendado de Ray, el carismático y atractivo líder de una banda de moteros que le toma como su sumiso, dinamitando su rutina y cambiándole la vida."
RENTAL FAMILY (FAMILIA DE ALQUILER),Mitsuyo Miyazaki,109,05,15:50,2026-03-12,Renoir Princesa,https://www.pillalas.com/pase/1058025/,https://www.cinesrenoir.com/pelicula/rental-family-familia-de-alquiler/,https://media.pillalas.com/imagenes/726afb526abffa8354fd8d551fddc8b6f2c37df750c002f9f65d59d1707b603c58f3211d.jpg,Inglés Y Japonés,No recomendada para menores de 12 años,Viernes 9 Enero 2026,"Brendan Fraser, Mari Yamamoto, Takehiro Hira, Akira Emoto, Shannon Gorman","Comedia dramática sobre un actor estadounidense (Brendan Fraser) que lucha por encontrar un propósito en la vida en el Tokio actual. Hasta que consigue un trabajo inusual, trabajar para una agencia japonesa de ""familias de alquiler"", interpretando papeles de suplente para desconocidos."
SIRAT,Óliver Laxe,120,08,20:15,2026-03-12,Renoir Princesa,https://www.pillalas.com/pase/1058110/,https://www.cinesrenoir.com/pelicula/sirat/,https://www.cinesrenoir.com/media/Peliculas/Cartel/SIRAT_ONLINE_GOYAOSCARS.jpg,Castellano Y Otros,No recomendada para menores de 16 años,Viernes 6 Junio 2025,"Sergi López, Bruno Núñez, Stefania Gadda, Joshua Liam Herderson, Tonin Javier, Jade Ouki, Richard Bellamyun","Un hombre (López) y su hijo (Nuñez) llegan a una rave perdida en medio de las áridas y fantasmagóricas montañas del sur de Marruecos. Buscan allí a Mar, su hija y hermana, desaparecida hace meses en una de estas fiestas sin amanecer. Reparten una y otra vez su foto rodeados de música electrónica y de un tipo de libertad que desconocen. Empujados por el destino, y con la esperanza de encontrar ahí a Mar, deciden seguir a un grupo de raveros hacia la última fiesta que se celebrará en el desierto."
SIRAT,Óliver Laxe,120,08,22:25,2026-03-12,Renoir Princesa,https://www.pillalas.com/pase/1058112/,https://www.cinesrenoir.com/pelicula/sirat/,https://www.cinesrenoir.com/media/Peliculas/Cartel/SIRAT_ONLINE_GOYAOSCARS.jpg,Castellano Y Otros,No recomendada para menores de 16 años,Viernes 6 Junio 2025,"Sergi López, Bruno Núñez, Stefania Gadda, Joshua Liam Herderson, Tonin Javier, Jade Ouki, Richard Bellamyun","Un hombre (López) y su hijo (Nuñez) llegan a una rave perdida en medio de las áridas y fantasmagóricas montañas del sur de Marruecos. Buscan allí a Mar, su hija y hermana, desaparecida hace meses en una de estas fiestas sin amanecer. Reparten una y otra vez su foto rodeados de música electrónica y de un tipo de libertad que desconocen. Empujados por el destino, y con la esperanza de encontrar ahí a Mar, deciden seguir a un grupo de raveros hacia la última fiesta que se celebrará en el desierto."
"SORRY, BABY",Eva Victor,102,08,18:20,2026-03-12,Renoir Princesa,https://www.pillalas.com/pase/1058107/,https://www.cinesrenoir.com/pelicula/sorry-baby/,https://media.pillalas.com/imagenes/726afb526abffa837c59681f561d4afba82a26ef8235abdaa380a4c9cf2bacb70dacac1c.jpg,Inglés,No recomendada para menores de 16 años y distintivo especialmente recomendada para el fomento de la igualdad de género,Viernes 27 Febrero 2026,"Eva Victor, Naomi Ackie, Lucas Hedges, John Carroll Lynch, Louis Cancelmi","A Agnes le pasó algo malo. Pero la vida sigue, al menos para todos los que la rodean."
"SORRY, BABY",Eva Victor,102,02,22:45,2026-03-12,Renoir Princesa,https://www.pillalas.com/pase/1057940/,https://www.cinesrenoir.com/pelicula/sorry-baby/,https://media.pillalas.com/imagenes/726afb526abffa837c59681f561d4afba82a26ef8235abdaa380a4c9cf2bacb70dacac1c.jpg,Inglés,No recomendada para menores de 16 años y distintivo especialmente recomendada para el fomento de la igualdad de género,Viernes 27 Febrero 2026,"Eva Victor, Naomi Ackie, Lucas Hedges, John Carroll Lynch, Louis Cancelmi","A Agnes le pasó algo malo. Pero la vida sigue, al menos para todos los que la rodean."
TRES ADIOSES,Isabel Coixet,122,02,16:00,2026-03-12,Renoir Princesa,https://www.pillalas.com/pase/1057934/,https://www.cinesrenoir.com/pelicula/tres-adioses/,https://media.pillalas.com/imagenes/726afb526abffa832ea2a44a189894de905fc7e94534a8bf4ef6bf13e5ccdfe90922c22e.jpg,Italiano,No recomendada para menores de 12 años,Viernes 6 Febrero 2026,"Alba Rohrwacher, Elio Germano, Francesco Carril, Silvia D Amico, Galatea Bellugi, Sarita Choudhury","Tras lo que parecía una discusión sin importancia, Marta (Alba Rohrwacher) y Antonio (Elio Germano) se separan. Él, un chef prometedor, se refugia en sus fogones; ella, en su silencio, empieza a notar algo más que tristeza: ha perdido el apetito… y no solo por desamor. Cuando descubre que detrás hay un problema de salud, todo da un giro inesperado: la comida sabe mejor, la música le llega como nunca y el deseo despierta sus ganas de vivir sin miedo.
Una historia sobre el amor, la vida y esos momentos que lo cambian todo para siempre."
TRES ADIOSES,Isabel Coixet,122,02,18:15,2026-03-12,Renoir Princesa,https://www.pillalas.com/pase/1057937/,https://www.cinesrenoir.com/pelicula/tres-adioses/,https://media.pillalas.com/imagenes/726afb526abffa832ea2a44a189894de905fc7e94534a8bf4ef6bf13e5ccdfe90922c22e.jpg,Italiano,No recomendada para menores de 12 años,Viernes 6 Febrero 2026,"Alba Rohrwacher, Elio Germano, Francesco Carril, Silvia D Amico, Galatea Bellugi, Sarita Choudhury","Tras lo que parecía una discusión sin importancia, Marta (Alba Rohrwacher) y Antonio (Elio Germano) se separan. Él, un chef prometedor, se refugia en sus fogones; ella, en su silencio, empieza a notar algo más que tristeza: ha perdido el apetito… y no solo por desamor. Cuando descubre que detrás hay un problema de salud, todo da un giro inesperado: la comida sabe mejor, la música le llega como nunca y el deseo despierta sus ganas de vivir sin miedo.
Una historia sobre el amor, la vida y esos momentos que lo cambian todo para siempre."
TRES ADIOSES,Isabel Coixet,122,02,20:30,2026-03-12,Renoir Princesa,https://www.pillalas.com/pase/1057938/,https://www.cinesrenoir.com/pelicula/tres-adioses/,https://media.pillalas.com/imagenes/726afb526abffa832ea2a44a189894de905fc7e94534a8bf4ef6bf13e5ccdfe90922c22e.jpg,Italiano,No recomendada para menores de 12 años,Viernes 6 Febrero 2026,"Alba Rohrwacher, Elio Germano, Francesco Carril, Silvia D Amico, Galatea Bellugi, Sarita Choudhury","Tras lo que parecía una discusión sin importancia, Marta (Alba Rohrwacher) y Antonio (Elio Germano) se separan. Él, un chef prometedor, se refugia en sus fogones; ella, en su silencio, empieza a notar algo más que tristeza: ha perdido el apetito… y no solo por desamor. Cuando descubre que detrás hay un problema de salud, todo da un giro inesperado: la comida sabe mejor, la música le llega como nunca y el deseo despierta sus ganas de vivir sin miedo.
Una historia sobre el amor, la vida y esos momentos que lo cambian todo para siempre."
¡LA NOVIA!,Maggie Gyllenhaal,126,10,15:50,2026-03-12,Renoir Princesa,https://www.pillalas.com/pase/1058105/,https://www.cinesrenoir.com/pelicula/la-novia/,https://media.pillalas.com/imagenes/726afb526abffa834d5e9976411fdc20e28407e451a89b449da3736e5440bebb2e35bc4c.jpg,Inglés,No recomendada para menores de 16 años y distintivo especialmente recomendada para el fomento de la igualdad de género,Viernes 6 Marzo 2026,"Jessie Buckley, Christian Bale, Peter Sarsgaard, Annette Bening, Penelope Cruz, Jake Gyllenhaal, Julianne Hough, Louis Cancelmi, John Magaro, Linda Emond, Jeannie Berlin, Matthew Maher","En el Chicago de los años 30, un solitario Frankenstein pide la ayuda del Dr. Euphronius para crearse una compañera. Los dos resucitan a una joven asesinada y en ese momento nace la Novia, quien irá más allá de lo que cualquiera de los dos pretendía, encendiendo un romance apasionado, la atención de la policía y un movimiento social salvaje y radical."
¡LA NOVIA!,Maggie Gyllenhaal,126,11,18:00,2026-03-12,Renoir Princesa,https://www.pillalas.com/pase/1058151/,https://www.cinesrenoir.com/pelicula/la-novia/,https://media.pillalas.com/imagenes/726afb526abffa834d5e9976411fdc20e28407e451a89b449da3736e5440bebb2e35bc4c.jpg,Inglés,No recomendada para menores de 16 años y distintivo especialmente recomendada para el fomento de la igualdad de género,Viernes 6 Marzo 2026,"Jessie Buckley, Christian Bale, Peter Sarsgaard, Annette Bening, Penelope Cruz, Jake Gyllenhaal, Julianne Hough, Louis Cancelmi, John Magaro, Linda Emond, Jeannie Berlin, Matthew Maher","En el Chicago de los años 30, un solitario Frankenstein pide la ayuda del Dr. Euphronius para crearse una compañera. Los dos resucitan a una joven asesinada y en ese momento nace la Novia, quien irá más allá de lo que cualquiera de los dos pretendía, encendiendo un romance apasionado, la atención de la policía y un movimiento social salvaje y radical."
¡LA NOVIA!,Maggie Gyllenhaal,126,11,20:20,2026-03-12,Renoir Princesa,https://www.pillalas.com/pase/1058154/,https://www.cinesrenoir.com/pelicula/la-novia/,https://media.pillalas.com/imagenes/726afb526abffa834d5e9976411fdc20e28407e451a89b449da3736e5440bebb2e35bc4c.jpg,Inglés,No recomendada para menores de 16 años y distintivo especialmente recomendada para el fomento de la igualdad de género,Viernes 6 Marzo 2026,"Jessie Buckley, Christian Bale, Peter Sarsgaard, Annette Bening, Penelope Cruz, Jake Gyllenhaal, Julianne Hough, Louis Cancelmi, John Magaro, Linda Emond, Jeannie Berlin, Matthew Maher","En el Chicago de los años 30, un solitario Frankenstein pide la ayuda del Dr. Euphronius para crearse una compañera. Los dos resucitan a una joven asesinada y en ese momento nace la Novia, quien irá más allá de lo que cualquiera de los dos pretendía, encendiendo un romance apasionado, la atención de la policía y un movimiento social salvaje y radical."
¡LA NOVIA!,Maggie Gyllenhaal,126,10,22:10,2026-03-12,Renoir Princesa,https://www.pillalas.com/pase/1058111/,https://www.cinesrenoir.com/pelicula/la-novia/,https://media.pillalas.com/imagenes/726afb526abffa834d5e9976411fdc20e28407e451a89b449da3736e5440bebb2e35bc4c.jpg,Inglés,No recomendada para menores de 16 años y distintivo especialmente recomendada para el fomento de la igualdad de género,Viernes 6 Marzo 2026,"Jessie Buckley, Christian Bale, Peter Sarsgaard, Annette Bening, Penelope Cruz, Jake Gyllenhaal, Julianne Hough, Louis Cancelmi, John Magaro, Linda Emond, Jeannie Berlin, Matthew Maher","En el Chicago de los años 30, un solitario Frankenstein pide la ayuda del Dr. Euphronius para crearse una compañera. Los dos resucitan a una joven asesinada y en ese momento nace la Novia, quien irá más allá de lo que cualquiera de los dos pretendía, encendiendo un romance apasionado, la atención de la policía y un movimiento social salvaje y radical."
CUMBRES BORRASCOSAS,Emerald Fennell,135,11,15:50,2026-03-13,Renoir Princesa,https://www.pillalas.com/pase/1059187/,https://www.cinesrenoir.com/pelicula/cumbres-borrascosas/,https://media.pillalas.com/imagenes/726afb526abffa83abe8577deb3c0674bd352fd2b0500497b1d5570f2dd570487210fc4e.jpg,Inglés,No recomendada para menores de 16 años,Viernes 13 Febrero 2026,"Margot Robbie, Jacob Elordi, Hong Chau, Alison Oliver, Owen Cooper, Shazad Latif, Martin Clunes, Ewan Mitchell, Amy Morgan, Jessica Knappett, Charlotte Mellington, Vy Nguyen","Adaptada a todo tipo de formatos en multitud de ocasiones, se trata de una trágica historia de pasiones encontradas en la Inglaterra rural más conservadora. Una historia de venganza y odio, de pasiones desatadas y amores desesperados que van más allá de la muerte ambientada en los brumosos y sombríos páramos de Yorkshire, al norte de Inglaterra."
CUMBRES BORRASCOSAS,Emerald Fennell,135,10,19:45,2026-03-13,Renoir Princesa,https://www.pillalas.com/pase/1059189/,https://www.cinesrenoir.com/pelicula/cumbres-borrascosas/,https://media.pillalas.com/imagenes/726afb526abffa83abe8577deb3c0674bd352fd2b0500497b1d5570f2dd570487210fc4e.jpg,Inglés,No recomendada para menores de 16 años,Viernes 13 Febrero 2026,"Margot Robbie, Jacob Elordi, Hong Chau, Alison Oliver, Owen Cooper, Shazad Latif, Martin Clunes, Ewan Mitchell, Amy Morgan, Jessica Knappett, Charlotte Mellington, Vy Nguyen","Adaptada a todo tipo de formatos en multitud de ocasiones, se trata de una trágica historia de pasiones encontradas en la Inglaterra rural más conservadora. Una historia de venganza y odio, de pasiones desatadas y amores desesperados que van más allá de la muerte ambientada en los brumosos y sombríos páramos de Yorkshire, al norte de Inglaterra."
CUMBRES BORRASCOSAS,Emerald Fennell,135,09,22:10,2026-03-13,Renoir Princesa,https://www.pillalas.com/pase/1059113/,https://www.cinesrenoir.com/pelicula/cumbres-borrascosas/,https://media.pillalas.com/imagenes/726afb526abffa83abe8577deb3c0674bd352fd2b0500497b1d5570f2dd570487210fc4e.jpg,Inglés,No recomendada para menores de 16 años,Viernes 13 Febrero 2026,"Margot Robbie, Jacob Elordi, Hong Chau, Alison Oliver, Owen Cooper, Shazad Latif, Martin Clunes, Ewan Mitchell, Amy Morgan, Jessica Knappett, Charlotte Mellington, Vy Nguyen","Adaptada a todo tipo de formatos en multitud de ocasiones, se trata de una trágica historia de pasiones encontradas en la Inglaterra rural más conservadora. Una historia de venganza y odio, de pasiones desatadas y amores desesperados que van más allá de la muerte ambientada en los brumosos y sombríos páramos de Yorkshire, al norte de Inglaterra."
EL AGENTE SECRETO,Kleber Mendonça Filho,160,04,16:00,2026-03-13,Renoir Princesa,https://www.pillalas.com/pase/1059007/,https://www.cinesrenoir.com/pelicula/el-agente-secreto/,https://media.pillalas.com/imagenes/726afb526abffa83bdba0b90e98cf11293bcd8b9c8be1af817aa6c045cd8f479730f7511.jpg,Portugués,No recomendada para menores de 16 años,Viernes 20 Febrero 2026,"Wagner Moura, Gabriel Leone, Udo Kier, Maria Fernanda Cândido","1977. En un Brasil atormentado por la dictadura militar, Marcelo, un cuarentón que huye de un pasado turbulento, llega a la ciudad de Recife, donde espera construir una nueva vida y reencontrarse con su hijo. Todo se complica cuando descubre que las fuerzas gubernamentales le persiguen y las amenazas de muerte se ciernen sobre su cabeza."
EL AGENTE SECRETO,Kleber Mendonça Filho,160,04,18:55,2026-03-13,Renoir Princesa,https://www.pillalas.com/pase/1059011/,https://www.cinesrenoir.com/pelicula/el-agente-secreto/,https://media.pillalas.com/imagenes/726afb526abffa83bdba0b90e98cf11293bcd8b9c8be1af817aa6c045cd8f479730f7511.jpg,Portugués,No recomendada para menores de 16 años,Viernes 20 Febrero 2026,"Wagner Moura, Gabriel Leone, Udo Kier, Maria Fernanda Cândido","1977. En un Brasil atormentado por la dictadura militar, Marcelo, un cuarentón que huye de un pasado turbulento, llega a la ciudad de Recife, donde espera construir una nueva vida y reencontrarse con su hijo. Todo se complica cuando descubre que las fuerzas gubernamentales le persiguen y las amenazas de muerte se ciernen sobre su cabeza."
EL AGENTE SECRETO,Kleber Mendonça Filho,160,04,21:50,2026-03-13,Renoir Princesa,https://www.pillalas.com/pase/1059015/,https://www.cinesrenoir.com/pelicula/el-agente-secreto/,https://media.pillalas.com/imagenes/726afb526abffa83bdba0b90e98cf11293bcd8b9c8be1af817aa6c045cd8f479730f7511.jpg,Portugués,No recomendada para menores de 16 años,Viernes 20 Febrero 2026,"Wagner Moura, Gabriel Leone, Udo Kier, Maria Fernanda Cândido","1977. En un Brasil atormentado por la dictadura militar, Marcelo, un cuarentón que huye de un pasado turbulento, llega a la ciudad de Recife, donde espera construir una nueva vida y reencontrarse con su hijo. Todo se complica cuando descubre que las fuerzas gubernamentales le persiguen y las amenazas de muerte se ciernen sobre su cabeza."
EL ARQUITECTO,Stéphane Demoustier,107,01,16:00,2026-03-13,Renoir Princesa,https://www.pillalas.com/pase/1058937/,https://www.cinesrenoir.com/pelicula/el-arquitecto/,https://media.pillalas.com/imagenes/726afb526abffa83aa265685f6781eacb3d2a1ce9f7ae8b5cb373d34a8a32da17572eb8a.jpg,Francés Y Danés,No recomendada para menores de 12 años,Viernes 13 Marzo 2026,"Claes Bang, Sidse Babett Knudsen, Swann Arlaud, Michel Fau, Xavier Dolan","1983. El nuevo gobierno francés convoca el mayor concurso de arquitectura. Codiciado por los grandes estudios, el ganador es, sorprendentemente, un absoluto desconocido: Johan Otto von Spreckelsen, un profesor de arquitectura danés que hasta entonces sólo había construido su casa y tres pequeñas capillas."
EL ARQUITECTO,Stéphane Demoustier,107,01,18:00,2026-03-13,Renoir Princesa,https://www.pillalas.com/pase/1058938/,https://www.cinesrenoir.com/pelicula/el-arquitecto/,https://media.pillalas.com/imagenes/726afb526abffa83aa265685f6781eacb3d2a1ce9f7ae8b5cb373d34a8a32da17572eb8a.jpg,Francés Y Danés,No recomendada para menores de 12 años,Viernes 13 Marzo 2026,"Claes Bang, Sidse Babett Knudsen, Swann Arlaud, Michel Fau, Xavier Dolan","1983. El nuevo gobierno francés convoca el mayor concurso de arquitectura. Codiciado por los grandes estudios, el ganador es, sorprendentemente, un absoluto desconocido: Johan Otto von Spreckelsen, un profesor de arquitectura danés que hasta entonces sólo había construido su casa y tres pequeñas capillas."
EL ARQUITECTO,Stéphane Demoustier,107,01,20:05,2026-03-13,Renoir Princesa,https://www.pillalas.com/pase/1058940/,https://www.cinesrenoir.com/pelicula/el-arquitecto/,https://media.pillalas.com/imagenes/726afb526abffa83aa265685f6781eacb3d2a1ce9f7ae8b5cb373d34a8a32da17572eb8a.jpg,Francés Y Danés,No recomendada para menores de 12 años,Viernes 13 Marzo 2026,"Claes Bang, Sidse Babett Knudsen, Swann Arlaud, Michel Fau, Xavier Dolan","1983. El nuevo gobierno francés convoca el mayor concurso de arquitectura. Codiciado por los grandes estudios, el ganador es, sorprendentemente, un absoluto desconocido: Johan Otto von Spreckelsen, un profesor de arquitectura danés que hasta entonces sólo había construido su casa y tres pequeñas capillas."
EL ARQUITECTO,Stéphane Demoustier,107,03,22:35,2026-03-13,Renoir Princesa,https://www.pillalas.com/pase/1059018/,https://www.cinesrenoir.com/pelicula/el-arquitecto/,https://media.pillalas.com/imagenes/726afb526abffa83aa265685f6781eacb3d2a1ce9f7ae8b5cb373d34a8a32da17572eb8a.jpg,Francés Y Danés,No recomendada para menores de 12 años,Viernes 13 Marzo 2026,"Claes Bang, Sidse Babett Knudsen, Swann Arlaud, Michel Fau, Xavier Dolan","1983. El nuevo gobierno francés convoca el mayor concurso de arquitectura. Codiciado por los grandes estudios, el ganador es, sorprendentemente, un absoluto desconocido: Johan Otto von Spreckelsen, un profesor de arquitectura danés que hasta entonces sólo había construido su casa y tres pequeñas capillas."
EL MAGO DEL KREMLIN,Olivier Assayas,145,03,17:35,2026-03-13,Renoir Princesa,https://www.pillalas.com/pase/1058998/,https://www.cinesrenoir.com/pelicula/el-mago-del-kremlin/,https://media.pillalas.com/imagenes/726afb526abffa833889e44ac42f5cc54d6019702d8546ebf4550316f78770131f777f2b.jpg,Inglés,No recomendada para menores de 12 años,Viernes 6 Marzo 2026,"Paul Dano, Alicia Vikander, Jude Law, Tom Sturridge, Jeffrey Wright, Will Keen","En medio del caos postsoviético de los años 90, el joven Vadim Baranov (Paul Dano) empieza a labrarse un camino como artista y productor de televisión. Su elocuencia y conexión con las altas esferas le llevan a convertirse, de la noche a la mañana, en el asesor de un agente del KGB con un brillante porvenir: Vladimir Putin (Jude Law). Desde las entrañas del poder, ambos darán forma a la nueva Rusia, difuminando, mediante manipulación, los límites entre la verdad y la mentira."
EL MAGO DEL KREMLIN,Olivier Assayas,145,01,22:05,2026-03-13,Renoir Princesa,https://www.pillalas.com/pase/1058942/,https://www.cinesrenoir.com/pelicula/el-mago-del-kremlin/,https://media.pillalas.com/imagenes/726afb526abffa833889e44ac42f5cc54d6019702d8546ebf4550316f78770131f777f2b.jpg,Inglés,No recomendada para menores de 12 años,Viernes 6 Marzo 2026,"Paul Dano, Alicia Vikander, Jude Law, Tom Sturridge, Jeffrey Wright, Will Keen","En medio del caos postsoviético de los años 90, el joven Vadim Baranov (Paul Dano) empieza a labrarse un camino como artista y productor de televisión. Su elocuencia y conexión con las altas esferas le llevan a convertirse, de la noche a la mañana, en el asesor de un agente del KGB con un brillante porvenir: Vladimir Putin (Jude Law). Desde las entrañas del poder, ambos darán forma a la nueva Rusia, difuminando, mediante manipulación, los límites entre la verdad y la mentira."
EL TESTAMENTO DE ANN LEE,Mona Fastvold,136,08,16:10,2026-03-13,Renoir Princesa,https://www.pillalas.com/pase/1059105/,https://www.cinesrenoir.com/pelicula/el-testamento-de-ann-lee/,https://media.pillalas.com/imagenes/726afb526abffa830b789c96ee6ff3b89647f6e742111b114addcc55b2329cb2e465f4c1.jpg,Inglés,No recomendada para menores de 16 años,Viernes 13 Marzo 2026,"Amanda Seyfried, Thomasin Mckenzie, Lewis Pullman, Christopher Abbott, Tim Blake Nelson, Stacy Martin, Matthew Beard, Scott Handy, Viola Prettejohn, Jamie Bogyo, David Cale","Película en torno a la leyenda real de Ann Lee, fundadora de la secta devocional conocida como los Shakers que predicaba la igualdad de género y social y era venerada por sus seguidores."
EL TESTAMENTO DE ANN LEE,Mona Fastvold,136,08,19:00,2026-03-13,Renoir Princesa,https://www.pillalas.com/pase/1059108/,https://www.cinesrenoir.com/pelicula/el-testamento-de-ann-lee/,https://media.pillalas.com/imagenes/726afb526abffa830b789c96ee6ff3b89647f6e742111b114addcc55b2329cb2e465f4c1.jpg,Inglés,No recomendada para menores de 16 años,Viernes 13 Marzo 2026,"Amanda Seyfried, Thomasin Mckenzie, Lewis Pullman, Christopher Abbott, Tim Blake Nelson, Stacy Martin, Matthew Beard, Scott Handy, Viola Prettejohn, Jamie Bogyo, David Cale","Película en torno a la leyenda real de Ann Lee, fundadora de la secta devocional conocida como los Shakers que predicaba la igualdad de género y social y era venerada por sus seguidores."
EL TESTAMENTO DE ANN LEE,Mona Fastvold,136,08,21:50,2026-03-13,Renoir Princesa,https://www.pillalas.com/pase/1059112/,https://www.cinesrenoir.com/pelicula/el-testamento-de-ann-lee/,https://media.pillalas.com/imagenes/726afb526abffa830b789c96ee6ff3b89647f6e742111b114addcc55b2329cb2e465f4c1.jpg,Inglés,No recomendada para menores de 16 años,Viernes 13 Marzo 2026,"Amanda Seyfried, Thomasin Mckenzie, Lewis Pullman, Christopher Abbott, Tim Blake Nelson, Stacy Martin, Matthew Beard, Scott Handy, Viola Prettejohn, Jamie Bogyo, David Cale","Película en torno a la leyenda real de Ann Lee, fundadora de la secta devocional conocida como los Shakers que predicaba la igualdad de género y social y era venerada por sus seguidores."
HAMNET,Chloé Zhao,125,09,15:50,2026-03-13,Renoir Princesa,https://www.pillalas.com/pase/1059103/,https://www.cinesrenoir.com/pelicula/hamnet/,https://www.cinesrenoir.com/media/Peliculas/Cartel/HAMNET_Cartel_Digital_8Nominaciones_Oscar_YaEnCines_v2_2.jpg,Inglés,No recomendada para menores de 12 años,Viernes 23 Enero 2026,"Jessie Buckley, Paul Mescal, Joe Alwyn, Emily Watson","Año 1596, Stratford-upon-Avon, Inglaterra. La vida de Agnes transcurre plácidamente junto a su marido y sus tres hijos. Ella cultiva plantas medicinales mientras William trabaja en Londres. El destino, sin embargo, les reservará un duro golpe cuando su hijo Hamnet, de once años, muera repentinamente tras contraer la peste. A raíz de esta tragedia, su padre creará uno de los grandes personajes de la literatura universal, de nombre casi idéntico al de su hijo.


Pero esta película no habla de famosos sucesos sino de algo íntimo y olvidado: La vida de esta familia, y especialmente la de la mujer que la sostenía y que tuvo que cargar con una insoportable pérdida."
HAMNET,Chloé Zhao,125,05,17:45,2026-03-13,Renoir Princesa,https://www.pillalas.com/pase/1059009/,https://www.cinesrenoir.com/pelicula/hamnet/,https://www.cinesrenoir.com/media/Peliculas/Cartel/HAMNET_Cartel_Digital_8Nominaciones_Oscar_YaEnCines_v2_2.jpg,Inglés,No recomendada para menores de 12 años,Viernes 23 Enero 2026,"Jessie Buckley, Paul Mescal, Joe Alwyn, Emily Watson","Año 1596, Stratford-upon-Avon, Inglaterra. La vida de Agnes transcurre plácidamente junto a su marido y sus tres hijos. Ella cultiva plantas medicinales mientras William trabaja en Londres. El destino, sin embargo, les reservará un duro golpe cuando su hijo Hamnet, de once años, muera repentinamente tras contraer la peste. A raíz de esta tragedia, su padre creará uno de los grandes personajes de la literatura universal, de nombre casi idéntico al de su hijo.


Pero esta película no habla de famosos sucesos sino de algo íntimo y olvidado: La vida de esta familia, y especialmente la de la mujer que la sostenía y que tuvo que cargar con una insoportable pérdida."
HAMNET,Chloé Zhao,125,05,20:05,2026-03-13,Renoir Princesa,https://www.pillalas.com/pase/1059012/,https://www.cinesrenoir.com/pelicula/hamnet/,https://www.cinesrenoir.com/media/Peliculas/Cartel/HAMNET_Cartel_Digital_8Nominaciones_Oscar_YaEnCines_v2_2.jpg,Inglés,No recomendada para menores de 12 años,Viernes 23 Enero 2026,"Jessie Buckley, Paul Mescal, Joe Alwyn, Emily Watson","Año 1596, Stratford-upon-Avon, Inglaterra. La vida de Agnes transcurre plácidamente junto a su marido y sus tres hijos. Ella cultiva plantas medicinales mientras William trabaja en Londres. El destino, sin embargo, les reservará un duro golpe cuando su hijo Hamnet, de once años, muera repentinamente tras contraer la peste. A raíz de esta tragedia, su padre creará uno de los grandes personajes de la literatura universal, de nombre casi idéntico al de su hijo.


Pero esta película no habla de famosos sucesos sino de algo íntimo y olvidado: La vida de esta familia, y especialmente la de la mujer que la sostenía y que tuvo que cargar con una insoportable pérdida."
HAMNET,Chloé Zhao,125,05,22:25,2026-03-13,Renoir Princesa,https://www.pillalas.com/pase/1059016/,https://www.cinesrenoir.com/pelicula/hamnet/,https://www.cinesrenoir.com/media/Peliculas/Cartel/HAMNET_Cartel_Digital_8Nominaciones_Oscar_YaEnCines_v2_2.jpg,Inglés,No recomendada para menores de 12 años,Viernes 23 Enero 2026,"Jessie Buckley, Paul Mescal, Joe Alwyn, Emily Watson","Año 1596, Stratford-upon-Avon, Inglaterra. La vida de Agnes transcurre plácidamente junto a su marido y sus tres hijos. Ella cultiva plantas medicinales mientras William trabaja en Londres. El destino, sin embargo, les reservará un duro golpe cuando su hijo Hamnet, de once años, muera repentinamente tras contraer la peste. A raíz de esta tragedia, su padre creará uno de los grandes personajes de la literatura universal, de nombre casi idéntico al de su hijo.


Pero esta película no habla de famosos sucesos sino de algo íntimo y olvidado: La vida de esta familia, y especialmente la de la mujer que la sostenía y que tuvo que cargar con una insoportable pérdida."
LOS DOMINGOS,Alauda Ruiz De Azúa,115,06,15:50,2026-03-13,Renoir Princesa,https://www.pillalas.com/pase/1059006/,https://www.cinesrenoir.com/pelicula/los-domingos/,https://www.cinesrenoir.com/media/Peliculas/Cartel/los_domingos_poster.jpg,Castellano,No recomendada para menores de 12 años,Viernes 24 Octubre 2025,"Patricia López Arnaiz, Blanca Soroa, Miguel Garcés, Juan Minujín, Mabel Rivera, Nagore Aramburu","'Los domingos' cuenta la historia de Ainara (Soroa), una joven idealista y brillante de 17 años que ha de decidir qué carrera universitaria estudiará. O, al menos, eso espera su familia que haga. Sin embargo, la joven manifiesta que se siente cada vez más cerca de Dios y que se plantea abrazar la vida de monja de clausura. La noticia pilla por sorpresa a toda la familia provocando un abismo y una prueba de fuego para todos."
LOS DOMINGOS,Alauda Ruiz De Azúa,115,06,18:00,2026-03-13,Renoir Princesa,https://www.pillalas.com/pase/1059010/,https://www.cinesrenoir.com/pelicula/los-domingos/,https://www.cinesrenoir.com/media/Peliculas/Cartel/los_domingos_poster.jpg,Castellano,No recomendada para menores de 12 años,Viernes 24 Octubre 2025,"Patricia López Arnaiz, Blanca Soroa, Miguel Garcés, Juan Minujín, Mabel Rivera, Nagore Aramburu","'Los domingos' cuenta la historia de Ainara (Soroa), una joven idealista y brillante de 17 años que ha de decidir qué carrera universitaria estudiará. O, al menos, eso espera su familia que haga. Sin embargo, la joven manifiesta que se siente cada vez más cerca de Dios y que se plantea abrazar la vida de monja de clausura. La noticia pilla por sorpresa a toda la familia provocando un abismo y una prueba de fuego para todos."
LOS DOMINGOS,Alauda Ruiz De Azúa,115,06,20:15,2026-03-13,Renoir Princesa,https://www.pillalas.com/pase/1059014/,https://www.cinesrenoir.com/pelicula/los-domingos/,https://www.cinesrenoir.com/media/Peliculas/Cartel/los_domingos_poster.jpg,Castellano,No recomendada para menores de 12 años,Viernes 24 Octubre 2025,"Patricia López Arnaiz, Blanca Soroa, Miguel Garcés, Juan Minujín, Mabel Rivera, Nagore Aramburu","'Los domingos' cuenta la historia de Ainara (Soroa), una joven idealista y brillante de 17 años que ha de decidir qué carrera universitaria estudiará. O, al menos, eso espera su familia que haga. Sin embargo, la joven manifiesta que se siente cada vez más cerca de Dios y que se plantea abrazar la vida de monja de clausura. La noticia pilla por sorpresa a toda la familia provocando un abismo y una prueba de fuego para todos."
LOS DOMINGOS,Alauda Ruiz De Azúa,115,02,22:30,2026-03-13,Renoir Princesa,https://www.pillalas.com/pase/1058943/,https://www.cinesrenoir.com/pelicula/los-domingos/,https://www.cinesrenoir.com/media/Peliculas/Cartel/los_domingos_poster.jpg,Castellano,No recomendada para menores de 12 años,Viernes 24 Octubre 2025,"Patricia López Arnaiz, Blanca Soroa, Miguel Garcés, Juan Minujín, Mabel Rivera, Nagore Aramburu","'Los domingos' cuenta la historia de Ainara (Soroa), una joven idealista y brillante de 17 años que ha de decidir qué carrera universitaria estudiará. O, al menos, eso espera su familia que haga. Sin embargo, la joven manifiesta que se siente cada vez más cerca de Dios y que se plantea abrazar la vida de monja de clausura. La noticia pilla por sorpresa a toda la familia provocando un abismo y una prueba de fuego para todos."
MARTY SUPREME,Josh Safdie,149,07,21:45,2026-03-13,Renoir Princesa,https://www.pillalas.com/pase/1059111/,https://www.cinesrenoir.com/pelicula/marty-supreme/,https://media.pillalas.com/imagenes/726afb526abffa83215ea8a89c8894fb1ac44e6c3b86faba19f84e195b42d541304dcb79.jpg,Inglés,No recomendada para menores de 16 años,Viernes 30 Enero 2026,"Timothee Chalamet, Gwyneth Paltrow, Odessa A Zion, Sandra Bernhard, Fran Drescher, Abel Ferrara, Spenser Granese, Tyler The Creator, Penn Jillette, Kevin O Leary","Marty Mauser (Timothée Chalamet), un joven con una ambición desmesurada, está dispuesto a todo para cumplir su sueño. Con ayuda, entre otros, de la estrella de cine Carol Dunne (Gwyneth Paltrow) demostrará al mundo entero su grandeza."
NO TE QUEDA OTRA,Jean-Pierre Améris,90,03,15:50,2026-03-13,Renoir Princesa,https://www.pillalas.com/pase/1058935/,https://www.cinesrenoir.com/pelicula/no-te-queda-otra/,https://media.pillalas.com/imagenes/726afb526abffa83946608f50c40556b93665fbfe289c14f4d351f64f9153b0ff4a09de7.jpg,Francés,No recomendada para menores de 12 años,Viernes 13 Marzo 2026,"Valérie Lemercier, Gérard Darmon, Patrick Timsit, Alice De Lencquesaing, Aurélien Cavagna, Eric Viellard, Sophie Mounicot, François Berland, Nicole Dubois","En un tren a Ginebra, Victoire, una pasajera entrometida, se cruza con Antoine Toussaint, su ídolo, una gran estrella de la canción francesa. Entre él, que quiere poner fin a su vida, y ella, desbordante de energía, el encuentro será explosivo."
NO TE QUEDA OTRA,Jean-Pierre Améris,90,10,18:00,2026-03-13,Renoir Princesa,https://www.pillalas.com/pase/1059106/,https://www.cinesrenoir.com/pelicula/no-te-queda-otra/,https://media.pillalas.com/imagenes/726afb526abffa83946608f50c40556b93665fbfe289c14f4d351f64f9153b0ff4a09de7.jpg,Francés,No recomendada para menores de 12 años,Viernes 13 Marzo 2026,"Valérie Lemercier, Gérard Darmon, Patrick Timsit, Alice De Lencquesaing, Aurélien Cavagna, Eric Viellard, Sophie Mounicot, François Berland, Nicole Dubois","En un tren a Ginebra, Victoire, una pasajera entrometida, se cruza con Antoine Toussaint, su ídolo, una gran estrella de la canción francesa. Entre él, que quiere poner fin a su vida, y ella, desbordante de energía, el encuentro será explosivo."
PILLION,Harry Lighton,106,10,16:00,2026-03-13,Renoir Princesa,https://www.pillalas.com/pase/1059104/,https://www.cinesrenoir.com/pelicula/pillion/,https://www.cinesrenoir.com/media/Peliculas/Cartel/POSTER_2_3_web_1_1_1.png,Inglés,No recomendada para menores de 16 años,Viernes 6 Marzo 2026,"Harry Melling, Alexander Skarsgård, Lesley Sharp, Douglas Hodge","Colin, un chico introvertido, se queda prendado de Ray, el carismático y atractivo líder de una banda de moteros que le toma como su sumiso, dinamitando su rutina y cambiándole la vida."
PILLION,Harry Lighton,106,11,18:20,2026-03-13,Renoir Princesa,https://www.pillalas.com/pase/1059188/,https://www.cinesrenoir.com/pelicula/pillion/,https://www.cinesrenoir.com/media/Peliculas/Cartel/POSTER_2_3_web_1_1_1.png,Inglés,No recomendada para menores de 16 años,Viernes 6 Marzo 2026,"Harry Melling, Alexander Skarsgård, Lesley Sharp, Douglas Hodge","Colin, un chico introvertido, se queda prendado de Ray, el carismático y atractivo líder de una banda de moteros que le toma como su sumiso, dinamitando su rutina y cambiándole la vida."
PILLION,Harry Lighton,106,11,20:20,2026-03-13,Renoir Princesa,https://www.pillalas.com/pase/1059190/,https://www.cinesrenoir.com/pelicula/pillion/,https://www.cinesrenoir.com/media/Peliculas/Cartel/POSTER_2_3_web_1_1_1.png,Inglés,No recomendada para menores de 16 años,Viernes 6 Marzo 2026,"Harry Melling, Alexander Skarsgård, Lesley Sharp, Douglas Hodge","Colin, un chico introvertido, se queda prendado de Ray, el carismático y atractivo líder de una banda de moteros que le toma como su sumiso, dinamitando su rutina y cambiándole la vida."
PILLION,Harry Lighton,106,10,22:15,2026-03-13,Renoir Princesa,https://www.pillalas.com/pase/1059114/,https://www.cinesrenoir.com/pelicula/pillion/,https://www.cinesrenoir.com/media/Peliculas/Cartel/POSTER_2_3_web_1_1_1.png,Inglés,No recomendada para menores de 16 años,Viernes 6 Marzo 2026,"Harry Melling, Alexander Skarsgård, Lesley Sharp, Douglas Hodge","Colin, un chico introvertido, se queda prendado de Ray, el carismático y atractivo líder de una banda de moteros que le toma como su sumiso, dinamitando su rutina y cambiándole la vida."
SIRAT,Óliver Laxe,120,07,19:20,2026-03-13,Renoir Princesa,https://www.pillalas.com/pase/1059109/,https://www.cinesrenoir.com/pelicula/sirat/,https://www.cinesrenoir.com/media/Peliculas/Cartel/SIRAT_ONLINE_GOYAOSCARS.jpg,Castellano Y Otros,No recomendada para menores de 16 años,Viernes 6 Junio 2025,"Sergi López, Bruno Núñez, Stefania Gadda, Joshua Liam Herderson, Tonin Javier, Jade Ouki, Richard Bellamyun","Un hombre (López) y su hijo (Nuñez) llegan a una rave perdida en medio de las áridas y fantasmagóricas montañas del sur de Marruecos. Buscan allí a Mar, su hija y hermana, desaparecida hace meses en una de estas fiestas sin amanecer. Reparten una y otra vez su foto rodeados de música electrónica y de un tipo de libertad que desconocen. Empujados por el destino, y con la esperanza de encontrar ahí a Mar, deciden seguir a un grupo de raveros hacia la última fiesta que se celebrará en el desierto."
TORRENTE PRESIDENTE,Santiago Segura,103,05,15:50,2026-03-13,Renoir Princesa,https://www.pillalas.com/pase/1059005/,https://www.cinesrenoir.com/pelicula/torrente-presidente/,https://media.pillalas.com/imagenes/726afb526abffa833959064cfd7281470c1bc6e93898ef816ae1b9fbc91762414af28cc7.jpg,Castellano,No recomendada para menores de 16 años,Viernes 13 Marzo 2026,"Santiago Segura, Leo Harlem, Ramón Langa",Sexta entrega de Torrente.
TORRENTE PRESIDENTE,Santiago Segura,103,09,18:10,2026-03-13,Renoir Princesa,https://www.pillalas.com/pase/1059107/,https://www.cinesrenoir.com/pelicula/torrente-presidente/,https://media.pillalas.com/imagenes/726afb526abffa833959064cfd7281470c1bc6e93898ef816ae1b9fbc91762414af28cc7.jpg,Castellano,No recomendada para menores de 16 años,Viernes 13 Marzo 2026,"Santiago Segura, Leo Harlem, Ramón Langa",Sexta entrega de Torrente.
TORRENTE PRESIDENTE,Santiago Segura,103,09,20:10,2026-03-13,Renoir Princesa,https://www.pillalas.com/pase/1059110/,https://www.cinesrenoir.com/pelicula/torrente-presidente/,https://media.pillalas.com/imagenes/726afb526abffa833959064cfd7281470c1bc6e93898ef816ae1b9fbc91762414af28cc7.jpg,Castellano,No recomendada para menores de 16 años,Viernes 13 Marzo 2026,"Santiago Segura, Leo Harlem, Ramón Langa",Sexta entrega de Torrente.
TORRENTE PRESIDENTE,Santiago Segura,103,11,22:20,2026-03-13,Renoir Princesa,https://www.pillalas.com/pase/1059191/,https://www.cinesrenoir.com/pelicula/torrente-presidente/,https://media.pillalas.com/imagenes/726afb526abffa833959064cfd7281470c1bc6e93898ef816ae1b9fbc91762414af28cc7.jpg,Castellano,No recomendada para menores de 16 años,Viernes 13 Marzo 2026,"Santiago Segura, Leo Harlem, Ramón Langa",Sexta entrega de Torrente.
TRES ADIOSES,Isabel Coixet,122,02,15:50,2026-03-13,Renoir Princesa,https://www.pillalas.com/pase/1058936/,https://www.cinesrenoir.com/pelicula/tres-adioses/,https://media.pillalas.com/imagenes/726afb526abffa832ea2a44a189894de905fc7e94534a8bf4ef6bf13e5ccdfe90922c22e.jpg,Italiano,No recomendada para menores de 12 años,Viernes 6 Febrero 2026,"Alba Rohrwacher, Elio Germano, Francesco Carril, Silvia D Amico, Galatea Bellugi, Sarita Choudhury","Tras lo que parecía una discusión sin importancia, Marta (Alba Rohrwacher) y Antonio (Elio Germano) se separan. Él, un chef prometedor, se refugia en sus fogones; ella, en su silencio, empieza a notar algo más que tristeza: ha perdido el apetito… y no solo por desamor. Cuando descubre que detrás hay un problema de salud, todo da un giro inesperado: la comida sabe mejor, la música le llega como nunca y el deseo despierta sus ganas de vivir sin miedo.
Una historia sobre el amor, la vida y esos momentos que lo cambian todo para siempre."
TRES ADIOSES,Isabel Coixet,122,02,18:05,2026-03-13,Renoir Princesa,https://www.pillalas.com/pase/1058939/,https://www.cinesrenoir.com/pelicula/tres-adioses/,https://media.pillalas.com/imagenes/726afb526abffa832ea2a44a189894de905fc7e94534a8bf4ef6bf13e5ccdfe90922c22e.jpg,Italiano,No recomendada para menores de 12 años,Viernes 6 Febrero 2026,"Alba Rohrwacher, Elio Germano, Francesco Carril, Silvia D Amico, Galatea Bellugi, Sarita Choudhury","Tras lo que parecía una discusión sin importancia, Marta (Alba Rohrwacher) y Antonio (Elio Germano) se separan. Él, un chef prometedor, se refugia en sus fogones; ella, en su silencio, empieza a notar algo más que tristeza: ha perdido el apetito… y no solo por desamor. Cuando descubre que detrás hay un problema de salud, todo da un giro inesperado: la comida sabe mejor, la música le llega como nunca y el deseo despierta sus ganas de vivir sin miedo.
Una historia sobre el amor, la vida y esos momentos que lo cambian todo para siempre."
TRES ADIOSES,Isabel Coixet,122,02,20:20,2026-03-13,Renoir Princesa,https://www.pillalas.com/pase/1058941/,https://www.cinesrenoir.com/pelicula/tres-adioses/,https://media.pillalas.com/imagenes/726afb526abffa832ea2a44a189894de905fc7e94534a8bf4ef6bf13e5ccdfe90922c22e.jpg,Italiano,No recomendada para menores de 12 años,Viernes 6 Febrero 2026,"Alba Rohrwacher, Elio Germano, Francesco Carril, Silvia D Amico, Galatea Bellugi, Sarita Choudhury","Tras lo que parecía una discusión sin importancia, Marta (Alba Rohrwacher) y Antonio (Elio Germano) se separan. Él, un chef prometedor, se refugia en sus fogones; ella, en su silencio, empieza a notar algo más que tristeza: ha perdido el apetito… y no solo por desamor. Cuando descubre que detrás hay un problema de salud, todo da un giro inesperado: la comida sabe mejor, la música le llega como nunca y el deseo despierta sus ganas de vivir sin miedo.
Una historia sobre el amor, la vida y esos momentos que lo cambian todo para siempre."
UNA BATALLA TRAS OTRA,Paul Thomas Anderson,161,07,16:00,2026-03-13,Renoir Princesa,https://www.pillalas.com/pase/1059008/,https://www.cinesrenoir.com/pelicula/una-batalla-tras-otra/,https://media.pillalas.com/imagenes/726afb526abffa83067d351656e3959d62491a4b950d2e053e036c244c54d5060d7521c0.jpg,Inglés,No recomendada para menores de 16 años,Viernes 26 Septiembre 2025,"Leonardo Dicaprio, Sean Penn, Benicio Del Toro, Regina Hall, Teyana Taylor, Wood Harris, Alana Haim, Shayna Mchayle, Chase Infiniti, Starletta Dupois, Joe Silva, Eric Schweig, Tony Goldwyn, James Downey, John Hoogenakker, Kevin Tighe, D.W. Moffett, James Raterman","Cuando su malvado enemigo resurge después de 16 años, una banda de exrevolucionarios se reúne para rescatar a la hija de uno de los suyos, encarnado por Leonardo DiCaprio. Adaptación de la novela 'Vineland', de Thomas Pynchon, escrita en 1990, sobre los movimientos radicales de los años sesenta."
¡LA NOVIA!,Maggie Gyllenhaal,126,03,20:15,2026-03-13,Renoir Princesa,https://www.pillalas.com/pase/1059013/,https://www.cinesrenoir.com/pelicula/la-novia/,https://media.pillalas.com/imagenes/726afb526abffa834d5e9976411fdc20e28407e451a89b449da3736e5440bebb2e35bc4c.jpg,Inglés,No recomendada para menores de 16 años y distintivo especialmente recomendada para el fomento de la igualdad de género,Viernes 6 Marzo 2026,"Jessie Buckley, Christian Bale, Peter Sarsgaard, Annette Bening, Penelope Cruz, Jake Gyllenhaal, Julianne Hough, Louis Cancelmi, John Magaro, Linda Emond, Jeannie Berlin, Matthew Maher","En el Chicago de los años 30, un solitario Frankenstein pide la ayuda del Dr. Euphronius para crearse una compañera. Los dos resucitan a una joven asesinada y en ese momento nace la Novia, quien irá más allá de lo que cualquiera de los dos pretendía, encendiendo un romance apasionado, la atención de la policía y un movimiento social salvaje y radical."
¡LA NOVIA!,Maggie Gyllenhaal,126,06,22:30,2026-03-13,Renoir Princesa,https://www.pillalas.com/pase/1059017/,https://www.cinesrenoir.com/pelicula/la-novia/,https://media.pillalas.com/imagenes/726afb526abffa834d5e9976411fdc20e28407e451a89b449da3736e5440bebb2e35bc4c.jpg,Inglés,No recomendada para menores de 16 años y distintivo especialmente recomendada para el fomento de la igualdad de género,Viernes 6 Marzo 2026,"Jessie Buckley, Christian Bale, Peter Sarsgaard, Annette Bening, Penelope Cruz, Jake Gyllenhaal, Julianne Hough, Louis Cancelmi, John Magaro, Linda Emond, Jeannie Berlin, Matthew Maher","En el Chicago de los años 30, un solitario Frankenstein pide la ayuda del Dr. Euphronius para crearse una compañera. Los dos resucitan a una joven asesinada y en ese momento nace la Novia, quien irá más allá de lo que cualquiera de los dos pretendía, encendiendo un romance apasionado, la atención de la policía y un movimiento social salvaje y radical."
CUMBRES BORRASCOSAS,Emerald Fennell,135,11,15:50,2026-03-14,Renoir Princesa,https://www.pillalas.com/pase/1059192/,https://www.cinesrenoir.com/pelicula/cumbres-borrascosas/,https://media.pillalas.com/imagenes/726afb526abffa83abe8577deb3c0674bd352fd2b0500497b1d5570f2dd570487210fc4e.jpg,Inglés,No recomendada para menores de 16 años,Viernes 13 Febrero 2026,"Margot Robbie, Jacob Elordi, Hong Chau, Alison Oliver, Owen Cooper, Shazad Latif, Martin Clunes, Ewan Mitchell, Amy Morgan, Jessica Knappett, Charlotte Mellington, Vy Nguyen","Adaptada a todo tipo de formatos en multitud de ocasiones, se trata de una trágica historia de pasiones encontradas en la Inglaterra rural más conservadora. Una historia de venganza y odio, de pasiones desatadas y amores desesperados que van más allá de la muerte ambientada en los brumosos y sombríos páramos de Yorkshire, al norte de Inglaterra."
CUMBRES BORRASCOSAS,Emerald Fennell,135,10,19:45,2026-03-14,Renoir Princesa,https://www.pillalas.com/pase/1059194/,https://www.cinesrenoir.com/pelicula/cumbres-borrascosas/,https://media.pillalas.com/imagenes/726afb526abffa83abe8577deb3c0674bd352fd2b0500497b1d5570f2dd570487210fc4e.jpg,Inglés,No recomendada para menores de 16 años,Viernes 13 Febrero 2026,"Margot Robbie, Jacob Elordi, Hong Chau, Alison Oliver, Owen Cooper, Shazad Latif, Martin Clunes, Ewan Mitchell, Amy Morgan, Jessica Knappett, Charlotte Mellington, Vy Nguyen","Adaptada a todo tipo de formatos en multitud de ocasiones, se trata de una trágica historia de pasiones encontradas en la Inglaterra rural más conservadora. Una historia de venganza y odio, de pasiones desatadas y amores desesperados que van más allá de la muerte ambientada en los brumosos y sombríos páramos de Yorkshire, al norte de Inglaterra."
CUMBRES BORRASCOSAS,Emerald Fennell,135,09,22:10,2026-03-14,Renoir Princesa,https://www.pillalas.com/pase/1059125/,https://www.cinesrenoir.com/pelicula/cumbres-borrascosas/,https://media.pillalas.com/imagenes/726afb526abffa83abe8577deb3c0674bd352fd2b0500497b1d5570f2dd570487210fc4e.jpg,Inglés,No recomendada para menores de 16 años,Viernes 13 Febrero 2026,"Margot Robbie, Jacob Elordi, Hong Chau, Alison Oliver, Owen Cooper, Shazad Latif, Martin Clunes, Ewan Mitchell, Amy Morgan, Jessica Knappett, Charlotte Mellington, Vy Nguyen","Adaptada a todo tipo de formatos en multitud de ocasiones, se trata de una trágica historia de pasiones encontradas en la Inglaterra rural más conservadora. Una historia de venganza y odio, de pasiones desatadas y amores desesperados que van más allá de la muerte ambientada en los brumosos y sombríos páramos de Yorkshire, al norte de Inglaterra."
EL AGENTE SECRETO,Kleber Mendonça Filho,160,04,16:00,2026-03-14,Renoir Princesa,https://www.pillalas.com/pase/1059021/,https://www.cinesrenoir.com/pelicula/el-agente-secreto/,https://media.pillalas.com/imagenes/726afb526abffa83bdba0b90e98cf11293bcd8b9c8be1af817aa6c045cd8f479730f7511.jpg,Portugués,No recomendada para menores de 16 años,Viernes 20 Febrero 2026,"Wagner Moura, Gabriel Leone, Udo Kier, Maria Fernanda Cândido","1977. En un Brasil atormentado por la dictadura militar, Marcelo, un cuarentón que huye de un pasado turbulento, llega a la ciudad de Recife, donde espera construir una nueva vida y reencontrarse con su hijo. Todo se complica cuando descubre que las fuerzas gubernamentales le persiguen y las amenazas de muerte se ciernen sobre su cabeza."
EL AGENTE SECRETO,Kleber Mendonça Filho,160,04,18:55,2026-03-14,Renoir Princesa,https://www.pillalas.com/pase/1059025/,https://www.cinesrenoir.com/pelicula/el-agente-secreto/,https://media.pillalas.com/imagenes/726afb526abffa83bdba0b90e98cf11293bcd8b9c8be1af817aa6c045cd8f479730f7511.jpg,Portugués,No recomendada para menores de 16 años,Viernes 20 Febrero 2026,"Wagner Moura, Gabriel Leone, Udo Kier, Maria Fernanda Cândido","1977. En un Brasil atormentado por la dictadura militar, Marcelo, un cuarentón que huye de un pasado turbulento, llega a la ciudad de Recife, donde espera construir una nueva vida y reencontrarse con su hijo. Todo se complica cuando descubre que las fuerzas gubernamentales le persiguen y las amenazas de muerte se ciernen sobre su cabeza."
EL AGENTE SECRETO,Kleber Mendonça Filho,160,04,21:50,2026-03-14,Renoir Princesa,https://www.pillalas.com/pase/1059029/,https://www.cinesrenoir.com/pelicula/el-agente-secreto/,https://media.pillalas.com/imagenes/726afb526abffa83bdba0b90e98cf11293bcd8b9c8be1af817aa6c045cd8f479730f7511.jpg,Portugués,No recomendada para menores de 16 años,Viernes 20 Febrero 2026,"Wagner Moura, Gabriel Leone, Udo Kier, Maria Fernanda Cândido","1977. En un Brasil atormentado por la dictadura militar, Marcelo, un cuarentón que huye de un pasado turbulento, llega a la ciudad de Recife, donde espera construir una nueva vida y reencontrarse con su hijo. Todo se complica cuando descubre que las fuerzas gubernamentales le persiguen y las amenazas de muerte se ciernen sobre su cabeza."
EL ARQUITECTO,Stéphane Demoustier,107,01,16:00,2026-03-14,Renoir Princesa,https://www.pillalas.com/pase/1058946/,https://www.cinesrenoir.com/pelicula/el-arquitecto/,https://media.pillalas.com/imagenes/726afb526abffa83aa265685f6781eacb3d2a1ce9f7ae8b5cb373d34a8a32da17572eb8a.jpg,Francés Y Danés,No recomendada para menores de 12 años,Viernes 13 Marzo 2026,"Claes Bang, Sidse Babett Knudsen, Swann Arlaud, Michel Fau, Xavier Dolan","1983. El nuevo gobierno francés convoca el mayor concurso de arquitectura. Codiciado por los grandes estudios, el ganador es, sorprendentemente, un absoluto desconocido: Johan Otto von Spreckelsen, un profesor de arquitectura danés que hasta entonces sólo había construido su casa y tres pequeñas capillas."
EL ARQUITECTO,Stéphane Demoustier,107,01,18:00,2026-03-14,Renoir Princesa,https://www.pillalas.com/pase/1058947/,https://www.cinesrenoir.com/pelicula/el-arquitecto/,https://media.pillalas.com/imagenes/726afb526abffa83aa265685f6781eacb3d2a1ce9f7ae8b5cb373d34a8a32da17572eb8a.jpg,Francés Y Danés,No recomendada para menores de 12 años,Viernes 13 Marzo 2026,"Claes Bang, Sidse Babett Knudsen, Swann Arlaud, Michel Fau, Xavier Dolan","1983. El nuevo gobierno francés convoca el mayor concurso de arquitectura. Codiciado por los grandes estudios, el ganador es, sorprendentemente, un absoluto desconocido: Johan Otto von Spreckelsen, un profesor de arquitectura danés que hasta entonces sólo había construido su casa y tres pequeñas capillas."
EL ARQUITECTO,Stéphane Demoustier,107,01,20:05,2026-03-14,Renoir Princesa,https://www.pillalas.com/pase/1058949/,https://www.cinesrenoir.com/pelicula/el-arquitecto/,https://media.pillalas.com/imagenes/726afb526abffa83aa265685f6781eacb3d2a1ce9f7ae8b5cb373d34a8a32da17572eb8a.jpg,Francés Y Danés,No recomendada para menores de 12 años,Viernes 13 Marzo 2026,"Claes Bang, Sidse Babett Knudsen, Swann Arlaud, Michel Fau, Xavier Dolan","1983. El nuevo gobierno francés convoca el mayor concurso de arquitectura. Codiciado por los grandes estudios, el ganador es, sorprendentemente, un absoluto desconocido: Johan Otto von Spreckelsen, un profesor de arquitectura danés que hasta entonces sólo había construido su casa y tres pequeñas capillas."
EL ARQUITECTO,Stéphane Demoustier,107,03,22:35,2026-03-14,Renoir Princesa,https://www.pillalas.com/pase/1059032/,https://www.cinesrenoir.com/pelicula/el-arquitecto/,https://media.pillalas.com/imagenes/726afb526abffa83aa265685f6781eacb3d2a1ce9f7ae8b5cb373d34a8a32da17572eb8a.jpg,Francés Y Danés,No recomendada para menores de 12 años,Viernes 13 Marzo 2026,"Claes Bang, Sidse Babett Knudsen, Swann Arlaud, Michel Fau, Xavier Dolan","1983. El nuevo gobierno francés convoca el mayor concurso de arquitectura. Codiciado por los grandes estudios, el ganador es, sorprendentemente, un absoluto desconocido: Johan Otto von Spreckelsen, un profesor de arquitectura danés que hasta entonces sólo había construido su casa y tres pequeñas capillas."
EL MAGO DEL KREMLIN,Olivier Assayas,145,03,17:35,2026-03-14,Renoir Princesa,https://www.pillalas.com/pase/1058999/,https://www.cinesrenoir.com/pelicula/el-mago-del-kremlin/,https://media.pillalas.com/imagenes/726afb526abffa833889e44ac42f5cc54d6019702d8546ebf4550316f78770131f777f2b.jpg,Inglés,No recomendada para menores de 12 años,Viernes 6 Marzo 2026,"Paul Dano, Alicia Vikander, Jude Law, Tom Sturridge, Jeffrey Wright, Will Keen","En medio del caos postsoviético de los años 90, el joven Vadim Baranov (Paul Dano) empieza a labrarse un camino como artista y productor de televisión. Su elocuencia y conexión con las altas esferas le llevan a convertirse, de la noche a la mañana, en el asesor de un agente del KGB con un brillante porvenir: Vladimir Putin (Jude Law). Desde las entrañas del poder, ambos darán forma a la nueva Rusia, difuminando, mediante manipulación, los límites entre la verdad y la mentira."
EL MAGO DEL KREMLIN,Olivier Assayas,145,01,22:05,2026-03-14,Renoir Princesa,https://www.pillalas.com/pase/1058951/,https://www.cinesrenoir.com/pelicula/el-mago-del-kremlin/,https://media.pillalas.com/imagenes/726afb526abffa833889e44ac42f5cc54d6019702d8546ebf4550316f78770131f777f2b.jpg,Inglés,No recomendada para menores de 12 años,Viernes 6 Marzo 2026,"Paul Dano, Alicia Vikander, Jude Law, Tom Sturridge, Jeffrey Wright, Will Keen","En medio del caos postsoviético de los años 90, el joven Vadim Baranov (Paul Dano) empieza a labrarse un camino como artista y productor de televisión. Su elocuencia y conexión con las altas esferas le llevan a convertirse, de la noche a la mañana, en el asesor de un agente del KGB con un brillante porvenir: Vladimir Putin (Jude Law). Desde las entrañas del poder, ambos darán forma a la nueva Rusia, difuminando, mediante manipulación, los límites entre la verdad y la mentira."
EL TESTAMENTO DE ANN LEE,Mona Fastvold,136,08,16:10,2026-03-14,Renoir Princesa,https://www.pillalas.com/pase/1059117/,https://www.cinesrenoir.com/pelicula/el-testamento-de-ann-lee/,https://media.pillalas.com/imagenes/726afb526abffa830b789c96ee6ff3b89647f6e742111b114addcc55b2329cb2e465f4c1.jpg,Inglés,No recomendada para menores de 16 años,Viernes 13 Marzo 2026,"Amanda Seyfried, Thomasin Mckenzie, Lewis Pullman, Christopher Abbott, Tim Blake Nelson, Stacy Martin, Matthew Beard, Scott Handy, Viola Prettejohn, Jamie Bogyo, David Cale","Película en torno a la leyenda real de Ann Lee, fundadora de la secta devocional conocida como los Shakers que predicaba la igualdad de género y social y era venerada por sus seguidores."
EL TESTAMENTO DE ANN LEE,Mona Fastvold,136,08,19:00,2026-03-14,Renoir Princesa,https://www.pillalas.com/pase/1059120/,https://www.cinesrenoir.com/pelicula/el-testamento-de-ann-lee/,https://media.pillalas.com/imagenes/726afb526abffa830b789c96ee6ff3b89647f6e742111b114addcc55b2329cb2e465f4c1.jpg,Inglés,No recomendada para menores de 16 años,Viernes 13 Marzo 2026,"Amanda Seyfried, Thomasin Mckenzie, Lewis Pullman, Christopher Abbott, Tim Blake Nelson, Stacy Martin, Matthew Beard, Scott Handy, Viola Prettejohn, Jamie Bogyo, David Cale","Película en torno a la leyenda real de Ann Lee, fundadora de la secta devocional conocida como los Shakers que predicaba la igualdad de género y social y era venerada por sus seguidores."
EL TESTAMENTO DE ANN LEE,Mona Fastvold,136,08,21:50,2026-03-14,Renoir Princesa,https://www.pillalas.com/pase/1059124/,https://www.cinesrenoir.com/pelicula/el-testamento-de-ann-lee/,https://media.pillalas.com/imagenes/726afb526abffa830b789c96ee6ff3b89647f6e742111b114addcc55b2329cb2e465f4c1.jpg,Inglés,No recomendada para menores de 16 años,Viernes 13 Marzo 2026,"Amanda Seyfried, Thomasin Mckenzie, Lewis Pullman, Christopher Abbott, Tim Blake Nelson, Stacy Martin, Matthew Beard, Scott Handy, Viola Prettejohn, Jamie Bogyo, David Cale","Película en torno a la leyenda real de Ann Lee, fundadora de la secta devocional conocida como los Shakers que predicaba la igualdad de género y social y era venerada por sus seguidores."
HAMNET,Chloé Zhao,125,09,15:50,2026-03-14,Renoir Princesa,https://www.pillalas.com/pase/1059115/,https://www.cinesrenoir.com/pelicula/hamnet/,https://www.cinesrenoir.com/media/Peliculas/Cartel/HAMNET_Cartel_Digital_8Nominaciones_Oscar_YaEnCines_v2_2.jpg,Inglés,No recomendada para menores de 12 años,Viernes 23 Enero 2026,"Jessie Buckley, Paul Mescal, Joe Alwyn, Emily Watson","Año 1596, Stratford-upon-Avon, Inglaterra. La vida de Agnes transcurre plácidamente junto a su marido y sus tres hijos. Ella cultiva plantas medicinales mientras William trabaja en Londres. El destino, sin embargo, les reservará un duro golpe cuando su hijo Hamnet, de once años, muera repentinamente tras contraer la peste. A raíz de esta tragedia, su padre creará uno de los grandes personajes de la literatura universal, de nombre casi idéntico al de su hijo.


Pero esta película no habla de famosos sucesos sino de algo íntimo y olvidado: La vida de esta familia, y especialmente la de la mujer que la sostenía y que tuvo que cargar con una insoportable pérdida."
HAMNET,Chloé Zhao,125,05,17:45,2026-03-14,Renoir Princesa,https://www.pillalas.com/pase/1059023/,https://www.cinesrenoir.com/pelicula/hamnet/,https://www.cinesrenoir.com/media/Peliculas/Cartel/HAMNET_Cartel_Digital_8Nominaciones_Oscar_YaEnCines_v2_2.jpg,Inglés,No recomendada para menores de 12 años,Viernes 23 Enero 2026,"Jessie Buckley, Paul Mescal, Joe Alwyn, Emily Watson","Año 1596, Stratford-upon-Avon, Inglaterra. La vida de Agnes transcurre plácidamente junto a su marido y sus tres hijos. Ella cultiva plantas medicinales mientras William trabaja en Londres. El destino, sin embargo, les reservará un duro golpe cuando su hijo Hamnet, de once años, muera repentinamente tras contraer la peste. A raíz de esta tragedia, su padre creará uno de los grandes personajes de la literatura universal, de nombre casi idéntico al de su hijo.


Pero esta película no habla de famosos sucesos sino de algo íntimo y olvidado: La vida de esta familia, y especialmente la de la mujer que la sostenía y que tuvo que cargar con una insoportable pérdida."
HAMNET,Chloé Zhao,125,05,20:05,2026-03-14,Renoir Princesa,https://www.pillalas.com/pase/1059026/,https://www.cinesrenoir.com/pelicula/hamnet/,https://www.cinesrenoir.com/media/Peliculas/Cartel/HAMNET_Cartel_Digital_8Nominaciones_Oscar_YaEnCines_v2_2.jpg,Inglés,No recomendada para menores de 12 años,Viernes 23 Enero 2026,"Jessie Buckley, Paul Mescal, Joe Alwyn, Emily Watson","Año 1596, Stratford-upon-Avon, Inglaterra. La vida de Agnes transcurre plácidamente junto a su marido y sus tres hijos. Ella cultiva plantas medicinales mientras William trabaja en Londres. El destino, sin embargo, les reservará un duro golpe cuando su hijo Hamnet, de once años, muera repentinamente tras contraer la peste. A raíz de esta tragedia, su padre creará uno de los grandes personajes de la literatura universal, de nombre casi idéntico al de su hijo.


Pero esta película no habla de famosos sucesos sino de algo íntimo y olvidado: La vida de esta familia, y especialmente la de la mujer que la sostenía y que tuvo que cargar con una insoportable pérdida."
HAMNET,Chloé Zhao,125,05,22:25,2026-03-14,Renoir Princesa,https://www.pillalas.com/pase/1059030/,https://www.cinesrenoir.com/pelicula/hamnet/,https://www.cinesrenoir.com/media/Peliculas/Cartel/HAMNET_Cartel_Digital_8Nominaciones_Oscar_YaEnCines_v2_2.jpg,Inglés,No recomendada para menores de 12 años,Viernes 23 Enero 2026,"Jessie Buckley, Paul Mescal, Joe Alwyn, Emily Watson","Año 1596, Stratford-upon-Avon, Inglaterra. La vida de Agnes transcurre plácidamente junto a su marido y sus tres hijos. Ella cultiva plantas medicinales mientras William trabaja en Londres. El destino, sin embargo, les reservará un duro golpe cuando su hijo Hamnet, de once años, muera repentinamente tras contraer la peste. A raíz de esta tragedia, su padre creará uno de los grandes personajes de la literatura universal, de nombre casi idéntico al de su hijo.


Pero esta película no habla de famosos sucesos sino de algo íntimo y olvidado: La vida de esta familia, y especialmente la de la mujer que la sostenía y que tuvo que cargar con una insoportable pérdida."
LOS DOMINGOS,Alauda Ruiz De Azúa,115,06,15:50,2026-03-14,Renoir Princesa,https://www.pillalas.com/pase/1059020/,https://www.cinesrenoir.com/pelicula/los-domingos/,https://www.cinesrenoir.com/media/Peliculas/Cartel/los_domingos_poster.jpg,Castellano,No recomendada para menores de 12 años,Viernes 24 Octubre 2025,"Patricia López Arnaiz, Blanca Soroa, Miguel Garcés, Juan Minujín, Mabel Rivera, Nagore Aramburu","'Los domingos' cuenta la historia de Ainara (Soroa), una joven idealista y brillante de 17 años que ha de decidir qué carrera universitaria estudiará. O, al menos, eso espera su familia que haga. Sin embargo, la joven manifiesta que se siente cada vez más cerca de Dios y que se plantea abrazar la vida de monja de clausura. La noticia pilla por sorpresa a toda la familia provocando un abismo y una prueba de fuego para todos."
LOS DOMINGOS,Alauda Ruiz De Azúa,115,06,18:00,2026-03-14,Renoir Princesa,https://www.pillalas.com/pase/1059024/,https://www.cinesrenoir.com/pelicula/los-domingos/,https://www.cinesrenoir.com/media/Peliculas/Cartel/los_domingos_poster.jpg,Castellano,No recomendada para menores de 12 años,Viernes 24 Octubre 2025,"Patricia López Arnaiz, Blanca Soroa, Miguel Garcés, Juan Minujín, Mabel Rivera, Nagore Aramburu","'Los domingos' cuenta la historia de Ainara (Soroa), una joven idealista y brillante de 17 años que ha de decidir qué carrera universitaria estudiará. O, al menos, eso espera su familia que haga. Sin embargo, la joven manifiesta que se siente cada vez más cerca de Dios y que se plantea abrazar la vida de monja de clausura. La noticia pilla por sorpresa a toda la familia provocando un abismo y una prueba de fuego para todos."
LOS DOMINGOS,Alauda Ruiz De Azúa,115,06,20:15,2026-03-14,Renoir Princesa,https://www.pillalas.com/pase/1059028/,https://www.cinesrenoir.com/pelicula/los-domingos/,https://www.cinesrenoir.com/media/Peliculas/Cartel/los_domingos_poster.jpg,Castellano,No recomendada para menores de 12 años,Viernes 24 Octubre 2025,"Patricia López Arnaiz, Blanca Soroa, Miguel Garcés, Juan Minujín, Mabel Rivera, Nagore Aramburu","'Los domingos' cuenta la historia de Ainara (Soroa), una joven idealista y brillante de 17 años que ha de decidir qué carrera universitaria estudiará. O, al menos, eso espera su familia que haga. Sin embargo, la joven manifiesta que se siente cada vez más cerca de Dios y que se plantea abrazar la vida de monja de clausura. La noticia pilla por sorpresa a toda la familia provocando un abismo y una prueba de fuego para todos."
LOS DOMINGOS,Alauda Ruiz De Azúa,115,02,22:30,2026-03-14,Renoir Princesa,https://www.pillalas.com/pase/1058952/,https://www.cinesrenoir.com/pelicula/los-domingos/,https://www.cinesrenoir.com/media/Peliculas/Cartel/los_domingos_poster.jpg,Castellano,No recomendada para menores de 12 años,Viernes 24 Octubre 2025,"Patricia López Arnaiz, Blanca Soroa, Miguel Garcés, Juan Minujín, Mabel Rivera, Nagore Aramburu","'Los domingos' cuenta la historia de Ainara (Soroa), una joven idealista y brillante de 17 años que ha de decidir qué carrera universitaria estudiará. O, al menos, eso espera su familia que haga. Sin embargo, la joven manifiesta que se siente cada vez más cerca de Dios y que se plantea abrazar la vida de monja de clausura. La noticia pilla por sorpresa a toda la familia provocando un abismo y una prueba de fuego para todos."
MARTY SUPREME,Josh Safdie,149,07,21:45,2026-03-14,Renoir Princesa,https://www.pillalas.com/pase/1059123/,https://www.cinesrenoir.com/pelicula/marty-supreme/,https://media.pillalas.com/imagenes/726afb526abffa83215ea8a89c8894fb1ac44e6c3b86faba19f84e195b42d541304dcb79.jpg,Inglés,No recomendada para menores de 16 años,Viernes 30 Enero 2026,"Timothee Chalamet, Gwyneth Paltrow, Odessa A Zion, Sandra Bernhard, Fran Drescher, Abel Ferrara, Spenser Granese, Tyler The Creator, Penn Jillette, Kevin O Leary","Marty Mauser (Timothée Chalamet), un joven con una ambición desmesurada, está dispuesto a todo para cumplir su sueño. Con ayuda, entre otros, de la estrella de cine Carol Dunne (Gwyneth Paltrow) demostrará al mundo entero su grandeza."
NO TE QUEDA OTRA,Jean-Pierre Améris,90,03,15:50,2026-03-14,Renoir Princesa,https://www.pillalas.com/pase/1058945/,https://www.cinesrenoir.com/pelicula/no-te-queda-otra/,https://media.pillalas.com/imagenes/726afb526abffa83946608f50c40556b93665fbfe289c14f4d351f64f9153b0ff4a09de7.jpg,Francés,No recomendada para menores de 12 años,Viernes 13 Marzo 2026,"Valérie Lemercier, Gérard Darmon, Patrick Timsit, Alice De Lencquesaing, Aurélien Cavagna, Eric Viellard, Sophie Mounicot, François Berland, Nicole Dubois","En un tren a Ginebra, Victoire, una pasajera entrometida, se cruza con Antoine Toussaint, su ídolo, una gran estrella de la canción francesa. Entre él, que quiere poner fin a su vida, y ella, desbordante de energía, el encuentro será explosivo."
NO TE QUEDA OTRA,Jean-Pierre Améris,90,10,18:00,2026-03-14,Renoir Princesa,https://www.pillalas.com/pase/1059118/,https://www.cinesrenoir.com/pelicula/no-te-queda-otra/,https://media.pillalas.com/imagenes/726afb526abffa83946608f50c40556b93665fbfe289c14f4d351f64f9153b0ff4a09de7.jpg,Francés,No recomendada para menores de 12 años,Viernes 13 Marzo 2026,"Valérie Lemercier, Gérard Darmon, Patrick Timsit, Alice De Lencquesaing, Aurélien Cavagna, Eric Viellard, Sophie Mounicot, François Berland, Nicole Dubois","En un tren a Ginebra, Victoire, una pasajera entrometida, se cruza con Antoine Toussaint, su ídolo, una gran estrella de la canción francesa. Entre él, que quiere poner fin a su vida, y ella, desbordante de energía, el encuentro será explosivo."
PILLION,Harry Lighton,106,10,16:00,2026-03-14,Renoir Princesa,https://www.pillalas.com/pase/1059116/,https://www.cinesrenoir.com/pelicula/pillion/,https://www.cinesrenoir.com/media/Peliculas/Cartel/POSTER_2_3_web_1_1_1.png,Inglés,No recomendada para menores de 16 años,Viernes 6 Marzo 2026,"Harry Melling, Alexander Skarsgård, Lesley Sharp, Douglas Hodge","Colin, un chico introvertido, se queda prendado de Ray, el carismático y atractivo líder de una banda de moteros que le toma como su sumiso, dinamitando su rutina y cambiándole la vida."
PILLION,Harry Lighton,106,11,18:20,2026-03-14,Renoir Princesa,https://www.pillalas.com/pase/1059193/,https://www.cinesrenoir.com/pelicula/pillion/,https://www.cinesrenoir.com/media/Peliculas/Cartel/POSTER_2_3_web_1_1_1.png,Inglés,No recomendada para menores de 16 años,Viernes 6 Marzo 2026,"Harry Melling, Alexander Skarsgård, Lesley Sharp, Douglas Hodge","Colin, un chico introvertido, se queda prendado de Ray, el carismático y atractivo líder de una banda de moteros que le toma como su sumiso, dinamitando su rutina y cambiándole la vida."
PILLION,Harry Lighton,106,11,20:20,2026-03-14,Renoir Princesa,https://www.pillalas.com/pase/1059195/,https://www.cinesrenoir.com/pelicula/pillion/,https://www.cinesrenoir.com/media/Peliculas/Cartel/POSTER_2_3_web_1_1_1.png,Inglés,No recomendada para menores de 16 años,Viernes 6 Marzo 2026,"Harry Melling, Alexander Skarsgård, Lesley Sharp, Douglas Hodge","Colin, un chico introvertido, se queda prendado de Ray, el carismático y atractivo líder de una banda de moteros que le toma como su sumiso, dinamitando su rutina y cambiándole la vida."
PILLION,Harry Lighton,106,10,22:15,2026-03-14,Renoir Princesa,https://www.pillalas.com/pase/1059126/,https://www.cinesrenoir.com/pelicula/pillion/,https://www.cinesrenoir.com/media/Peliculas/Cartel/POSTER_2_3_web_1_1_1.png,Inglés,No recomendada para menores de 16 años,Viernes 6 Marzo 2026,"Harry Melling, Alexander Skarsgård, Lesley Sharp, Douglas Hodge","Colin, un chico introvertido, se queda prendado de Ray, el carismático y atractivo líder de una banda de moteros que le toma como su sumiso, dinamitando su rutina y cambiándole la vida."
SIRAT,Óliver Laxe,120,07,19:20,2026-03-14,Renoir Princesa,https://www.pillalas.com/pase/1059121/,https://www.cinesrenoir.com/pelicula/sirat/,https://www.cinesrenoir.com/media/Peliculas/Cartel/SIRAT_ONLINE_GOYAOSCARS.jpg,Castellano Y Otros,No recomendada para menores de 16 años,Viernes 6 Junio 2025,"Sergi López, Bruno Núñez, Stefania Gadda, Joshua Liam Herderson, Tonin Javier, Jade Ouki, Richard Bellamyun","Un hombre (López) y su hijo (Nuñez) llegan a una rave perdida en medio de las áridas y fantasmagóricas montañas del sur de Marruecos. Buscan allí a Mar, su hija y hermana, desaparecida hace meses en una de estas fiestas sin amanecer. Reparten una y otra vez su foto rodeados de música electrónica y de un tipo de libertad que desconocen. Empujados por el destino, y con la esperanza de encontrar ahí a Mar, deciden seguir a un grupo de raveros hacia la última fiesta que se celebrará en el desierto."
TORRENTE PRESIDENTE,Santiago Segura,103,05,15:50,2026-03-14,Renoir Princesa,https://www.pillalas.com/pase/1059019/,https://www.cinesrenoir.com/pelicula/torrente-presidente/,https://media.pillalas.com/imagenes/726afb526abffa833959064cfd7281470c1bc6e93898ef816ae1b9fbc91762414af28cc7.jpg,Castellano,No recomendada para menores de 16 años,Viernes 13 Marzo 2026,"Santiago Segura, Leo Harlem, Ramón Langa",Sexta entrega de Torrente.
TORRENTE PRESIDENTE,Santiago Segura,103,09,18:10,2026-03-14,Renoir Princesa,https://www.pillalas.com/pase/1059119/,https://www.cinesrenoir.com/pelicula/torrente-presidente/,https://media.pillalas.com/imagenes/726afb526abffa833959064cfd7281470c1bc6e93898ef816ae1b9fbc91762414af28cc7.jpg,Castellano,No recomendada para menores de 16 años,Viernes 13 Marzo 2026,"Santiago Segura, Leo Harlem, Ramón Langa",Sexta entrega de Torrente.
TORRENTE PRESIDENTE,Santiago Segura,103,09,20:10,2026-03-14,Renoir Princesa,https://www.pillalas.com/pase/1059122/,https://www.cinesrenoir.com/pelicula/torrente-presidente/,https://media.pillalas.com/imagenes/726afb526abffa833959064cfd7281470c1bc6e93898ef816ae1b9fbc91762414af28cc7.jpg,Castellano,No recomendada para menores de 16 años,Viernes 13 Marzo 2026,"Santiago Segura, Leo Harlem, Ramón Langa",Sexta entrega de Torrente.
TORRENTE PRESIDENTE,Santiago Segura,103,11,22:20,2026-03-14,Renoir Princesa,https://www.pillalas.com/pase/1059196/,https://www.cinesrenoir.com/pelicula/torrente-presidente/,https://media.pillalas.com/imagenes/726afb526abffa833959064cfd7281470c1bc6e93898ef816ae1b9fbc91762414af28cc7.jpg,Castellano,No recomendada para menores de 16 años,Viernes 13 Marzo 2026,"Santiago Segura, Leo Harlem, Ramón Langa",Sexta entrega de Torrente.
TRES ADIOSES,Isabel Coixet,122,02,15:50,2026-03-14,Renoir Princesa,https://www.pillalas.com/pase/1058944/,https://www.cinesrenoir.com/pelicula/tres-adioses/,https://media.pillalas.com/imagenes/726afb526abffa832ea2a44a189894de905fc7e94534a8bf4ef6bf13e5ccdfe90922c22e.jpg,Italiano,No recomendada para menores de 12 años,Viernes 6 Febrero 2026,"Alba Rohrwacher, Elio Germano, Francesco Carril, Silvia D Amico, Galatea Bellugi, Sarita Choudhury","Tras lo que parecía una discusión sin importancia, Marta (Alba Rohrwacher) y Antonio (Elio Germano) se separan. Él, un chef prometedor, se refugia en sus fogones; ella, en su silencio, empieza a notar algo más que tristeza: ha perdido el apetito… y no solo por desamor. Cuando descubre que detrás hay un problema de salud, todo da un giro inesperado: la comida sabe mejor, la música le llega como nunca y el deseo despierta sus ganas de vivir sin miedo.
Una historia sobre el amor, la vida y esos momentos que lo cambian todo para siempre."
TRES ADIOSES,Isabel Coixet,122,02,18:05,2026-03-14,Renoir Princesa,https://www.pillalas.com/pase/1058948/,https://www.cinesrenoir.com/pelicula/tres-adioses/,https://media.pillalas.com/imagenes/726afb526abffa832ea2a44a189894de905fc7e94534a8bf4ef6bf13e5ccdfe90922c22e.jpg,Italiano,No recomendada para menores de 12 años,Viernes 6 Febrero 2026,"Alba Rohrwacher, Elio Germano, Francesco Carril, Silvia D Amico, Galatea Bellugi, Sarita Choudhury","Tras lo que parecía una discusión sin importancia, Marta (Alba Rohrwacher) y Antonio (Elio Germano) se separan. Él, un chef prometedor, se refugia en sus fogones; ella, en su silencio, empieza a notar algo más que tristeza: ha perdido el apetito… y no solo por desamor. Cuando descubre que detrás hay un problema de salud, todo da un giro inesperado: la comida sabe mejor, la música le llega como nunca y el deseo despierta sus ganas de vivir sin miedo.
Una historia sobre el amor, la vida y esos momentos que lo cambian todo para siempre."
TRES ADIOSES,Isabel Coixet,122,02,20:20,2026-03-14,Renoir Princesa,https://www.pillalas.com/pase/1058950/,https://www.cinesrenoir.com/pelicula/tres-adioses/,https://media.pillalas.com/imagenes/726afb526abffa832ea2a44a189894de905fc7e94534a8bf4ef6bf13e5ccdfe90922c22e.jpg,Italiano,No recomendada para menores de 12 años,Viernes 6 Febrero 2026,"Alba Rohrwacher, Elio Germano, Francesco Carril, Silvia D Amico, Galatea Bellugi, Sarita Choudhury","Tras lo que parecía una discusión sin importancia, Marta (Alba Rohrwacher) y Antonio (Elio Germano) se separan. Él, un chef prometedor, se refugia en sus fogones; ella, en su silencio, empieza a notar algo más que tristeza: ha perdido el apetito… y no solo por desamor. Cuando descubre que detrás hay un problema de salud, todo da un giro inesperado: la comida sabe mejor, la música le llega como nunca y el deseo despierta sus ganas de vivir sin miedo.
Una historia sobre el amor, la vida y esos momentos que lo cambian todo para siempre."
UNA BATALLA TRAS OTRA,Paul Thomas Anderson,161,07,16:00,2026-03-14,Renoir Princesa,https://www.pillalas.com/pase/1059022/,https://www.cinesrenoir.com/pelicula/una-batalla-tras-otra/,https://media.pillalas.com/imagenes/726afb526abffa83067d351656e3959d62491a4b950d2e053e036c244c54d5060d7521c0.jpg,Inglés,No recomendada para menores de 16 años,Viernes 26 Septiembre 2025,"Leonardo Dicaprio, Sean Penn, Benicio Del Toro, Regina Hall, Teyana Taylor, Wood Harris, Alana Haim, Shayna Mchayle, Chase Infiniti, Starletta Dupois, Joe Silva, Eric Schweig, Tony Goldwyn, James Downey, John Hoogenakker, Kevin Tighe, D.W. Moffett, James Raterman","Cuando su malvado enemigo resurge después de 16 años, una banda de exrevolucionarios se reúne para rescatar a la hija de uno de los suyos, encarnado por Leonardo DiCaprio. Adaptación de la novela 'Vineland', de Thomas Pynchon, escrita en 1990, sobre los movimientos radicales de los años sesenta."
¡LA NOVIA!,Maggie Gyllenhaal,126,03,20:15,2026-03-14,Renoir Princesa,https://www.pillalas.com/pase/1059027/,https://www.cinesrenoir.com/pelicula/la-novia/,https://media.pillalas.com/imagenes/726afb526abffa834d5e9976411fdc20e28407e451a89b449da3736e5440bebb2e35bc4c.jpg,Inglés,No recomendada para menores de 16 años y distintivo especialmente recomendada para el fomento de la igualdad de género,Viernes 6 Marzo 2026,"Jessie Buckley, Christian Bale, Peter Sarsgaard, Annette Bening, Penelope Cruz, Jake Gyllenhaal, Julianne Hough, Louis Cancelmi, John Magaro, Linda Emond, Jeannie Berlin, Matthew Maher","En el Chicago de los años 30, un solitario Frankenstein pide la ayuda del Dr. Euphronius para crearse una compañera. Los dos resucitan a una joven asesinada y en ese momento nace la Novia, quien irá más allá de lo que cualquiera de los dos pretendía, encendiendo un romance apasionado, la atención de la policía y un movimiento social salvaje y radical."
¡LA NOVIA!,Maggie Gyllenhaal,126,06,22:30,2026-03-14,Renoir Princesa,https://www.pillalas.com/pase/1059031/,https://www.cinesrenoir.com/pelicula/la-novia/,https://media.pillalas.com/imagenes/726afb526abffa834d5e9976411fdc20e28407e451a89b449da3736e5440bebb2e35bc4c.jpg,Inglés,No recomendada para menores de 16 años y distintivo especialmente recomendada para el fomento de la igualdad de género,Viernes 6 Marzo 2026,"Jessie Buckley, Christian Bale, Peter Sarsgaard, Annette Bening, Penelope Cruz, Jake Gyllenhaal, Julianne Hough, Louis Cancelmi, John Magaro, Linda Emond, Jeannie Berlin, Matthew Maher","En el Chicago de los años 30, un solitario Frankenstein pide la ayuda del Dr. Euphronius para crearse una compañera. Los dos resucitan a una joven asesinada y en ese momento nace la Novia, quien irá más allá de lo que cualquiera de los dos pretendía, encendiendo un romance apasionado, la atención de la policía y un movimiento social salvaje y radical."
CUMBRES BORRASCOSAS,Emerald Fennell,135,11,15:50,2026-03-15,Renoir Princesa,https://www.pillalas.com/pase/1059197/,https://www.cinesrenoir.com/pelicula/cumbres-borrascosas/,https://media.pillalas.com/imagenes/726afb526abffa83abe8577deb3c0674bd352fd2b0500497b1d5570f2dd570487210fc4e.jpg,Inglés,No recomendada para menores de 16 años,Viernes 13 Febrero 2026,"Margot Robbie, Jacob Elordi, Hong Chau, Alison Oliver, Owen Cooper, Shazad Latif, Martin Clunes, Ewan Mitchell, Amy Morgan, Jessica Knappett, Charlotte Mellington, Vy Nguyen","Adaptada a todo tipo de formatos en multitud de ocasiones, se trata de una trágica historia de pasiones encontradas en la Inglaterra rural más conservadora. Una historia de venganza y odio, de pasiones desatadas y amores desesperados que van más allá de la muerte ambientada en los brumosos y sombríos páramos de Yorkshire, al norte de Inglaterra."
CUMBRES BORRASCOSAS,Emerald Fennell,135,10,19:45,2026-03-15,Renoir Princesa,https://www.pillalas.com/pase/1059199/,https://www.cinesrenoir.com/pelicula/cumbres-borrascosas/,https://media.pillalas.com/imagenes/726afb526abffa83abe8577deb3c0674bd352fd2b0500497b1d5570f2dd570487210fc4e.jpg,Inglés,No recomendada para menores de 16 años,Viernes 13 Febrero 2026,"Margot Robbie, Jacob Elordi, Hong Chau, Alison Oliver, Owen Cooper, Shazad Latif, Martin Clunes, Ewan Mitchell, Amy Morgan, Jessica Knappett, Charlotte Mellington, Vy Nguyen","Adaptada a todo tipo de formatos en multitud de ocasiones, se trata de una trágica historia de pasiones encontradas en la Inglaterra rural más conservadora. Una historia de venganza y odio, de pasiones desatadas y amores desesperados que van más allá de la muerte ambientada en los brumosos y sombríos páramos de Yorkshire, al norte de Inglaterra."
CUMBRES BORRASCOSAS,Emerald Fennell,135,09,22:10,2026-03-15,Renoir Princesa,https://www.pillalas.com/pase/1059137/,https://www.cinesrenoir.com/pelicula/cumbres-borrascosas/,https://media.pillalas.com/imagenes/726afb526abffa83abe8577deb3c0674bd352fd2b0500497b1d5570f2dd570487210fc4e.jpg,Inglés,No recomendada para menores de 16 años,Viernes 13 Febrero 2026,"Margot Robbie, Jacob Elordi, Hong Chau, Alison Oliver, Owen Cooper, Shazad Latif, Martin Clunes, Ewan Mitchell, Amy Morgan, Jessica Knappett, Charlotte Mellington, Vy Nguyen","Adaptada a todo tipo de formatos en multitud de ocasiones, se trata de una trágica historia de pasiones encontradas en la Inglaterra rural más conservadora. Una historia de venganza y odio, de pasiones desatadas y amores desesperados que van más allá de la muerte ambientada en los brumosos y sombríos páramos de Yorkshire, al norte de Inglaterra."
EL AGENTE SECRETO,Kleber Mendonça Filho,160,04,16:00,2026-03-15,Renoir Princesa,https://www.pillalas.com/pase/1059036/,https://www.cinesrenoir.com/pelicula/el-agente-secreto/,https://media.pillalas.com/imagenes/726afb526abffa83bdba0b90e98cf11293bcd8b9c8be1af817aa6c045cd8f479730f7511.jpg,Portugués,No recomendada para menores de 16 años,Viernes 20 Febrero 2026,"Wagner Moura, Gabriel Leone, Udo Kier, Maria Fernanda Cândido","1977. En un Brasil atormentado por la dictadura militar, Marcelo, un cuarentón que huye de un pasado turbulento, llega a la ciudad de Recife, donde espera construir una nueva vida y reencontrarse con su hijo. Todo se complica cuando descubre que las fuerzas gubernamentales le persiguen y las amenazas de muerte se ciernen sobre su cabeza."
EL AGENTE SECRETO,Kleber Mendonça Filho,160,04,18:55,2026-03-15,Renoir Princesa,https://www.pillalas.com/pase/1059039/,https://www.cinesrenoir.com/pelicula/el-agente-secreto/,https://media.pillalas.com/imagenes/726afb526abffa83bdba0b90e98cf11293bcd8b9c8be1af817aa6c045cd8f479730f7511.jpg,Portugués,No recomendada para menores de 16 años,Viernes 20 Febrero 2026,"Wagner Moura, Gabriel Leone, Udo Kier, Maria Fernanda Cândido","1977. En un Brasil atormentado por la dictadura militar, Marcelo, un cuarentón que huye de un pasado turbulento, llega a la ciudad de Recife, donde espera construir una nueva vida y reencontrarse con su hijo. Todo se complica cuando descubre que las fuerzas gubernamentales le persiguen y las amenazas de muerte se ciernen sobre su cabeza."
EL AGENTE SECRETO,Kleber Mendonça Filho,160,04,21:50,2026-03-15,Renoir Princesa,https://www.pillalas.com/pase/1059043/,https://www.cinesrenoir.com/pelicula/el-agente-secreto/,https://media.pillalas.com/imagenes/726afb526abffa83bdba0b90e98cf11293bcd8b9c8be1af817aa6c045cd8f479730f7511.jpg,Portugués,No recomendada para menores de 16 años,Viernes 20 Febrero 2026,"Wagner Moura, Gabriel Leone, Udo Kier, Maria Fernanda Cândido","1977. En un Brasil atormentado por la dictadura militar, Marcelo, un cuarentón que huye de un pasado turbulento, llega a la ciudad de Recife, donde espera construir una nueva vida y reencontrarse con su hijo. Todo se complica cuando descubre que las fuerzas gubernamentales le persiguen y las amenazas de muerte se ciernen sobre su cabeza."
EL ARQUITECTO,Stéphane Demoustier,107,01,16:00,2026-03-15,Renoir Princesa,https://www.pillalas.com/pase/1058955/,https://www.cinesrenoir.com/pelicula/el-arquitecto/,https://media.pillalas.com/imagenes/726afb526abffa83aa265685f6781eacb3d2a1ce9f7ae8b5cb373d34a8a32da17572eb8a.jpg,Francés Y Danés,No recomendada para menores de 12 años,Viernes 13 Marzo 2026,"Claes Bang, Sidse Babett Knudsen, Swann Arlaud, Michel Fau, Xavier Dolan","1983. El nuevo gobierno francés convoca el mayor concurso de arquitectura. Codiciado por los grandes estudios, el ganador es, sorprendentemente, un absoluto desconocido: Johan Otto von Spreckelsen, un profesor de arquitectura danés que hasta entonces sólo había construido su casa y tres pequeñas capillas."
EL ARQUITECTO,Stéphane Demoustier,107,01,18:00,2026-03-15,Renoir Princesa,https://www.pillalas.com/pase/1058956/,https://www.cinesrenoir.com/pelicula/el-arquitecto/,https://media.pillalas.com/imagenes/726afb526abffa83aa265685f6781eacb3d2a1ce9f7ae8b5cb373d34a8a32da17572eb8a.jpg,Francés Y Danés,No recomendada para menores de 12 años,Viernes 13 Marzo 2026,"Claes Bang, Sidse Babett Knudsen, Swann Arlaud, Michel Fau, Xavier Dolan","1983. El nuevo gobierno francés convoca el mayor concurso de arquitectura. Codiciado por los grandes estudios, el ganador es, sorprendentemente, un absoluto desconocido: Johan Otto von Spreckelsen, un profesor de arquitectura danés que hasta entonces sólo había construido su casa y tres pequeñas capillas."
EL ARQUITECTO,Stéphane Demoustier,107,01,20:05,2026-03-15,Renoir Princesa,https://www.pillalas.com/pase/1058958/,https://www.cinesrenoir.com/pelicula/el-arquitecto/,https://media.pillalas.com/imagenes/726afb526abffa83aa265685f6781eacb3d2a1ce9f7ae8b5cb373d34a8a32da17572eb8a.jpg,Francés Y Danés,No recomendada para menores de 12 años,Viernes 13 Marzo 2026,"Claes Bang, Sidse Babett Knudsen, Swann Arlaud, Michel Fau, Xavier Dolan","1983. El nuevo gobierno francés convoca el mayor concurso de arquitectura. Codiciado por los grandes estudios, el ganador es, sorprendentemente, un absoluto desconocido: Johan Otto von Spreckelsen, un profesor de arquitectura danés que hasta entonces sólo había construido su casa y tres pequeñas capillas."
EL ARQUITECTO,Stéphane Demoustier,107,03,22:35,2026-03-15,Renoir Princesa,https://www.pillalas.com/pase/1059046/,https://www.cinesrenoir.com/pelicula/el-arquitecto/,https://media.pillalas.com/imagenes/726afb526abffa83aa265685f6781eacb3d2a1ce9f7ae8b5cb373d34a8a32da17572eb8a.jpg,Francés Y Danés,No recomendada para menores de 12 años,Viernes 13 Marzo 2026,"Claes Bang, Sidse Babett Knudsen, Swann Arlaud, Michel Fau, Xavier Dolan","1983. El nuevo gobierno francés convoca el mayor concurso de arquitectura. Codiciado por los grandes estudios, el ganador es, sorprendentemente, un absoluto desconocido: Johan Otto von Spreckelsen, un profesor de arquitectura danés que hasta entonces sólo había construido su casa y tres pequeñas capillas."
EL MAGO DEL KREMLIN,Olivier Assayas,145,03,17:35,2026-03-15,Renoir Princesa,https://www.pillalas.com/pase/1059000/,https://www.cinesrenoir.com/pelicula/el-mago-del-kremlin/,https://media.pillalas.com/imagenes/726afb526abffa833889e44ac42f5cc54d6019702d8546ebf4550316f78770131f777f2b.jpg,Inglés,No recomendada para menores de 12 años,Viernes 6 Marzo 2026,"Paul Dano, Alicia Vikander, Jude Law, Tom Sturridge, Jeffrey Wright, Will Keen","En medio del caos postsoviético de los años 90, el joven Vadim Baranov (Paul Dano) empieza a labrarse un camino como artista y productor de televisión. Su elocuencia y conexión con las altas esferas le llevan a convertirse, de la noche a la mañana, en el asesor de un agente del KGB con un brillante porvenir: Vladimir Putin (Jude Law). Desde las entrañas del poder, ambos darán forma a la nueva Rusia, difuminando, mediante manipulación, los límites entre la verdad y la mentira."
EL MAGO DEL KREMLIN,Olivier Assayas,145,01,22:05,2026-03-15,Renoir Princesa,https://www.pillalas.com/pase/1058960/,https://www.cinesrenoir.com/pelicula/el-mago-del-kremlin/,https://media.pillalas.com/imagenes/726afb526abffa833889e44ac42f5cc54d6019702d8546ebf4550316f78770131f777f2b.jpg,Inglés,No recomendada para menores de 12 años,Viernes 6 Marzo 2026,"Paul Dano, Alicia Vikander, Jude Law, Tom Sturridge, Jeffrey Wright, Will Keen","En medio del caos postsoviético de los años 90, el joven Vadim Baranov (Paul Dano) empieza a labrarse un camino como artista y productor de televisión. Su elocuencia y conexión con las altas esferas le llevan a convertirse, de la noche a la mañana, en el asesor de un agente del KGB con un brillante porvenir: Vladimir Putin (Jude Law). Desde las entrañas del poder, ambos darán forma a la nueva Rusia, difuminando, mediante manipulación, los límites entre la verdad y la mentira."
EL TESTAMENTO DE ANN LEE,Mona Fastvold,136,08,16:10,2026-03-15,Renoir Princesa,https://www.pillalas.com/pase/1059129/,https://www.cinesrenoir.com/pelicula/el-testamento-de-ann-lee/,https://media.pillalas.com/imagenes/726afb526abffa830b789c96ee6ff3b89647f6e742111b114addcc55b2329cb2e465f4c1.jpg,Inglés,No recomendada para menores de 16 años,Viernes 13 Marzo 2026,"Amanda Seyfried, Thomasin Mckenzie, Lewis Pullman, Christopher Abbott, Tim Blake Nelson, Stacy Martin, Matthew Beard, Scott Handy, Viola Prettejohn, Jamie Bogyo, David Cale","Película en torno a la leyenda real de Ann Lee, fundadora de la secta devocional conocida como los Shakers que predicaba la igualdad de género y social y era venerada por sus seguidores."
EL TESTAMENTO DE ANN LEE,Mona Fastvold,136,08,19:00,2026-03-15,Renoir Princesa,https://www.pillalas.com/pase/1059132/,https://www.cinesrenoir.com/pelicula/el-testamento-de-ann-lee/,https://media.pillalas.com/imagenes/726afb526abffa830b789c96ee6ff3b89647f6e742111b114addcc55b2329cb2e465f4c1.jpg,Inglés,No recomendada para menores de 16 años,Viernes 13 Marzo 2026,"Amanda Seyfried, Thomasin Mckenzie, Lewis Pullman, Christopher Abbott, Tim Blake Nelson, Stacy Martin, Matthew Beard, Scott Handy, Viola Prettejohn, Jamie Bogyo, David Cale","Película en torno a la leyenda real de Ann Lee, fundadora de la secta devocional conocida como los Shakers que predicaba la igualdad de género y social y era venerada por sus seguidores."
EL TESTAMENTO DE ANN LEE,Mona Fastvold,136,08,21:50,2026-03-15,Renoir Princesa,https://www.pillalas.com/pase/1059136/,https://www.cinesrenoir.com/pelicula/el-testamento-de-ann-lee/,https://media.pillalas.com/imagenes/726afb526abffa830b789c96ee6ff3b89647f6e742111b114addcc55b2329cb2e465f4c1.jpg,Inglés,No recomendada para menores de 16 años,Viernes 13 Marzo 2026,"Amanda Seyfried, Thomasin Mckenzie, Lewis Pullman, Christopher Abbott, Tim Blake Nelson, Stacy Martin, Matthew Beard, Scott Handy, Viola Prettejohn, Jamie Bogyo, David Cale","Película en torno a la leyenda real de Ann Lee, fundadora de la secta devocional conocida como los Shakers que predicaba la igualdad de género y social y era venerada por sus seguidores."
HAMNET,Chloé Zhao,125,09,15:50,2026-03-15,Renoir Princesa,https://www.pillalas.com/pase/1059127/,https://www.cinesrenoir.com/pelicula/hamnet/,https://www.cinesrenoir.com/media/Peliculas/Cartel/HAMNET_Cartel_Digital_8Nominaciones_Oscar_YaEnCines_v2_2.jpg,Inglés,No recomendada para menores de 12 años,Viernes 23 Enero 2026,"Jessie Buckley, Paul Mescal, Joe Alwyn, Emily Watson","Año 1596, Stratford-upon-Avon, Inglaterra. La vida de Agnes transcurre plácidamente junto a su marido y sus tres hijos. Ella cultiva plantas medicinales mientras William trabaja en Londres. El destino, sin embargo, les reservará un duro golpe cuando su hijo Hamnet, de once años, muera repentinamente tras contraer la peste. A raíz de esta tragedia, su padre creará uno de los grandes personajes de la literatura universal, de nombre casi idéntico al de su hijo.


Pero esta película no habla de famosos sucesos sino de algo íntimo y olvidado: La vida de esta familia, y especialmente la de la mujer que la sostenía y que tuvo que cargar con una insoportable pérdida."
HAMNET,Chloé Zhao,125,05,17:45,2026-03-15,Renoir Princesa,https://www.pillalas.com/pase/1059037/,https://www.cinesrenoir.com/pelicula/hamnet/,https://www.cinesrenoir.com/media/Peliculas/Cartel/HAMNET_Cartel_Digital_8Nominaciones_Oscar_YaEnCines_v2_2.jpg,Inglés,No recomendada para menores de 12 años,Viernes 23 Enero 2026,"Jessie Buckley, Paul Mescal, Joe Alwyn, Emily Watson","Año 1596, Stratford-upon-Avon, Inglaterra. La vida de Agnes transcurre plácidamente junto a su marido y sus tres hijos. Ella cultiva plantas medicinales mientras William trabaja en Londres. El destino, sin embargo, les reservará un duro golpe cuando su hijo Hamnet, de once años, muera repentinamente tras contraer la peste. A raíz de esta tragedia, su padre creará uno de los grandes personajes de la literatura universal, de nombre casi idéntico al de su hijo.


Pero esta película no habla de famosos sucesos sino de algo íntimo y olvidado: La vida de esta familia, y especialmente la de la mujer que la sostenía y que tuvo que cargar con una insoportable pérdida."
HAMNET,Chloé Zhao,125,05,20:05,2026-03-15,Renoir Princesa,https://www.pillalas.com/pase/1059040/,https://www.cinesrenoir.com/pelicula/hamnet/,https://www.cinesrenoir.com/media/Peliculas/Cartel/HAMNET_Cartel_Digital_8Nominaciones_Oscar_YaEnCines_v2_2.jpg,Inglés,No recomendada para menores de 12 años,Viernes 23 Enero 2026,"Jessie Buckley, Paul Mescal, Joe Alwyn, Emily Watson","Año 1596, Stratford-upon-Avon, Inglaterra. La vida de Agnes transcurre plácidamente junto a su marido y sus tres hijos. Ella cultiva plantas medicinales mientras William trabaja en Londres. El destino, sin embargo, les reservará un duro golpe cuando su hijo Hamnet, de once años, muera repentinamente tras contraer la peste. A raíz de esta tragedia, su padre creará uno de los grandes personajes de la literatura universal, de nombre casi idéntico al de su hijo.


Pero esta película no habla de famosos sucesos sino de algo íntimo y olvidado: La vida de esta familia, y especialmente la de la mujer que la sostenía y que tuvo que cargar con una insoportable pérdida."
HAMNET,Chloé Zhao,125,05,22:25,2026-03-15,Renoir Princesa,https://www.pillalas.com/pase/1059044/,https://www.cinesrenoir.com/pelicula/hamnet/,https://www.cinesrenoir.com/media/Peliculas/Cartel/HAMNET_Cartel_Digital_8Nominaciones_Oscar_YaEnCines_v2_2.jpg,Inglés,No recomendada para menores de 12 años,Viernes 23 Enero 2026,"Jessie Buckley, Paul Mescal, Joe Alwyn, Emily Watson","Año 1596, Stratford-upon-Avon, Inglaterra. La vida de Agnes transcurre plácidamente junto a su marido y sus tres hijos. Ella cultiva plantas medicinales mientras William trabaja en Londres. El destino, sin embargo, les reservará un duro golpe cuando su hijo Hamnet, de once años, muera repentinamente tras contraer la peste. A raíz de esta tragedia, su padre creará uno de los grandes personajes de la literatura universal, de nombre casi idéntico al de su hijo.


Pero esta película no habla de famosos sucesos sino de algo íntimo y olvidado: La vida de esta familia, y especialmente la de la mujer que la sostenía y que tuvo que cargar con una insoportable pérdida."
LOS DOMINGOS,Alauda Ruiz De Azúa,115,06,15:50,2026-03-15,Renoir Princesa,https://www.pillalas.com/pase/1059033/,https://www.cinesrenoir.com/pelicula/los-domingos/,https://www.cinesrenoir.com/media/Peliculas/Cartel/los_domingos_poster.jpg,Castellano,No recomendada para menores de 12 años,Viernes 24 Octubre 2025,"Patricia López Arnaiz, Blanca Soroa, Miguel Garcés, Juan Minujín, Mabel Rivera, Nagore Aramburu","'Los domingos' cuenta la historia de Ainara (Soroa), una joven idealista y brillante de 17 años que ha de decidir qué carrera universitaria estudiará. O, al menos, eso espera su familia que haga. Sin embargo, la joven manifiesta que se siente cada vez más cerca de Dios y que se plantea abrazar la vida de monja de clausura. La noticia pilla por sorpresa a toda la familia provocando un abismo y una prueba de fuego para todos."
LOS DOMINGOS,Alauda Ruiz De Azúa,115,06,18:00,2026-03-15,Renoir Princesa,https://www.pillalas.com/pase/1059038/,https://www.cinesrenoir.com/pelicula/los-domingos/,https://www.cinesrenoir.com/media/Peliculas/Cartel/los_domingos_poster.jpg,Castellano,No recomendada para menores de 12 años,Viernes 24 Octubre 2025,"Patricia López Arnaiz, Blanca Soroa, Miguel Garcés, Juan Minujín, Mabel Rivera, Nagore Aramburu","'Los domingos' cuenta la historia de Ainara (Soroa), una joven idealista y brillante de 17 años que ha de decidir qué carrera universitaria estudiará. O, al menos, eso espera su familia que haga. Sin embargo, la joven manifiesta que se siente cada vez más cerca de Dios y que se plantea abrazar la vida de monja de clausura. La noticia pilla por sorpresa a toda la familia provocando un abismo y una prueba de fuego para todos."
LOS DOMINGOS,Alauda Ruiz De Azúa,115,06,20:15,2026-03-15,Renoir Princesa,https://www.pillalas.com/pase/1059041/,https://www.cinesrenoir.com/pelicula/los-domingos/,https://www.cinesrenoir.com/media/Peliculas/Cartel/los_domingos_poster.jpg,Castellano,No recomendada para menores de 12 años,Viernes 24 Octubre 2025,"Patricia López Arnaiz, Blanca Soroa, Miguel Garcés, Juan Minujín, Mabel Rivera, Nagore Aramburu","'Los domingos' cuenta la historia de Ainara (Soroa), una joven idealista y brillante de 17 años que ha de decidir qué carrera universitaria estudiará. O, al menos, eso espera su familia que haga. Sin embargo, la joven manifiesta que se siente cada vez más cerca de Dios y que se plantea abrazar la vida de monja de clausura. La noticia pilla por sorpresa a toda la familia provocando un abismo y una prueba de fuego para todos."
LOS DOMINGOS,Alauda Ruiz De Azúa,115,02,22:30,2026-03-15,Renoir Princesa,https://www.pillalas.com/pase/1058961/,https://www.cinesrenoir.com/pelicula/los-domingos/,https://www.cinesrenoir.com/media/Peliculas/Cartel/los_domingos_poster.jpg,Castellano,No recomendada para menores de 12 años,Viernes 24 Octubre 2025,"Patricia López Arnaiz, Blanca Soroa, Miguel Garcés, Juan Minujín, Mabel Rivera, Nagore Aramburu","'Los domingos' cuenta la historia de Ainara (Soroa), una joven idealista y brillante de 17 años que ha de decidir qué carrera universitaria estudiará. O, al menos, eso espera su familia que haga. Sin embargo, la joven manifiesta que se siente cada vez más cerca de Dios y que se plantea abrazar la vida de monja de clausura. La noticia pilla por sorpresa a toda la familia provocando un abismo y una prueba de fuego para todos."
MARTY SUPREME,Josh Safdie,149,07,21:45,2026-03-15,Renoir Princesa,https://www.pillalas.com/pase/1059135/,https://www.cinesrenoir.com/pelicula/marty-supreme/,https://media.pillalas.com/imagenes/726afb526abffa83215ea8a89c8894fb1ac44e6c3b86faba19f84e195b42d541304dcb79.jpg,Inglés,No recomendada para menores de 16 años,Viernes 30 Enero 2026,"Timothee Chalamet, Gwyneth Paltrow, Odessa A Zion, Sandra Bernhard, Fran Drescher, Abel Ferrara, Spenser Granese, Tyler The Creator, Penn Jillette, Kevin O Leary","Marty Mauser (Timothée Chalamet), un joven con una ambición desmesurada, está dispuesto a todo para cumplir su sueño. Con ayuda, entre otros, de la estrella de cine Carol Dunne (Gwyneth Paltrow) demostrará al mundo entero su grandeza."
NO TE QUEDA OTRA,Jean-Pierre Améris,90,03,15:50,2026-03-15,Renoir Princesa,https://www.pillalas.com/pase/1058954/,https://www.cinesrenoir.com/pelicula/no-te-queda-otra/,https://media.pillalas.com/imagenes/726afb526abffa83946608f50c40556b93665fbfe289c14f4d351f64f9153b0ff4a09de7.jpg,Francés,No recomendada para menores de 12 años,Viernes 13 Marzo 2026,"Valérie Lemercier, Gérard Darmon, Patrick Timsit, Alice De Lencquesaing, Aurélien Cavagna, Eric Viellard, Sophie Mounicot, François Berland, Nicole Dubois","En un tren a Ginebra, Victoire, una pasajera entrometida, se cruza con Antoine Toussaint, su ídolo, una gran estrella de la canción francesa. Entre él, que quiere poner fin a su vida, y ella, desbordante de energía, el encuentro será explosivo."
NO TE QUEDA OTRA,Jean-Pierre Améris,90,10,18:00,2026-03-15,Renoir Princesa,https://www.pillalas.com/pase/1059130/,https://www.cinesrenoir.com/pelicula/no-te-queda-otra/,https://media.pillalas.com/imagenes/726afb526abffa83946608f50c40556b93665fbfe289c14f4d351f64f9153b0ff4a09de7.jpg,Francés,No recomendada para menores de 12 años,Viernes 13 Marzo 2026,"Valérie Lemercier, Gérard Darmon, Patrick Timsit, Alice De Lencquesaing, Aurélien Cavagna, Eric Viellard, Sophie Mounicot, François Berland, Nicole Dubois","En un tren a Ginebra, Victoire, una pasajera entrometida, se cruza con Antoine Toussaint, su ídolo, una gran estrella de la canción francesa. Entre él, que quiere poner fin a su vida, y ella, desbordante de energía, el encuentro será explosivo."
PILLION,Harry Lighton,106,10,16:00,2026-03-15,Renoir Princesa,https://www.pillalas.com/pase/1059128/,https://www.cinesrenoir.com/pelicula/pillion/,https://www.cinesrenoir.com/media/Peliculas/Cartel/POSTER_2_3_web_1_1_1.png,Inglés,No recomendada para menores de 16 años,Viernes 6 Marzo 2026,"Harry Melling, Alexander Skarsgård, Lesley Sharp, Douglas Hodge","Colin, un chico introvertido, se queda prendado de Ray, el carismático y atractivo líder de una banda de moteros que le toma como su sumiso, dinamitando su rutina y cambiándole la vida."
PILLION,Harry Lighton,106,11,18:20,2026-03-15,Renoir Princesa,https://www.pillalas.com/pase/1059198/,https://www.cinesrenoir.com/pelicula/pillion/,https://www.cinesrenoir.com/media/Peliculas/Cartel/POSTER_2_3_web_1_1_1.png,Inglés,No recomendada para menores de 16 años,Viernes 6 Marzo 2026,"Harry Melling, Alexander Skarsgård, Lesley Sharp, Douglas Hodge","Colin, un chico introvertido, se queda prendado de Ray, el carismático y atractivo líder de una banda de moteros que le toma como su sumiso, dinamitando su rutina y cambiándole la vida."
PILLION,Harry Lighton,106,11,20:20,2026-03-15,Renoir Princesa,https://www.pillalas.com/pase/1059200/,https://www.cinesrenoir.com/pelicula/pillion/,https://www.cinesrenoir.com/media/Peliculas/Cartel/POSTER_2_3_web_1_1_1.png,Inglés,No recomendada para menores de 16 años,Viernes 6 Marzo 2026,"Harry Melling, Alexander Skarsgård, Lesley Sharp, Douglas Hodge","Colin, un chico introvertido, se queda prendado de Ray, el carismático y atractivo líder de una banda de moteros que le toma como su sumiso, dinamitando su rutina y cambiándole la vida."
PILLION,Harry Lighton,106,10,22:15,2026-03-15,Renoir Princesa,https://www.pillalas.com/pase/1059138/,https://www.cinesrenoir.com/pelicula/pillion/,https://www.cinesrenoir.com/media/Peliculas/Cartel/POSTER_2_3_web_1_1_1.png,Inglés,No recomendada para menores de 16 años,Viernes 6 Marzo 2026,"Harry Melling, Alexander Skarsgård, Lesley Sharp, Douglas Hodge","Colin, un chico introvertido, se queda prendado de Ray, el carismático y atractivo líder de una banda de moteros que le toma como su sumiso, dinamitando su rutina y cambiándole la vida."
SIRAT,Óliver Laxe,120,07,19:20,2026-03-15,Renoir Princesa,https://www.pillalas.com/pase/1059133/,https://www.cinesrenoir.com/pelicula/sirat/,https://www.cinesrenoir.com/media/Peliculas/Cartel/SIRAT_ONLINE_GOYAOSCARS.jpg,Castellano Y Otros,No recomendada para menores de 16 años,Viernes 6 Junio 2025,"Sergi López, Bruno Núñez, Stefania Gadda, Joshua Liam Herderson, Tonin Javier, Jade Ouki, Richard Bellamyun","Un hombre (López) y su hijo (Nuñez) llegan a una rave perdida en medio de las áridas y fantasmagóricas montañas del sur de Marruecos. Buscan allí a Mar, su hija y hermana, desaparecida hace meses en una de estas fiestas sin amanecer. Reparten una y otra vez su foto rodeados de música electrónica y de un tipo de libertad que desconocen. Empujados por el destino, y con la esperanza de encontrar ahí a Mar, deciden seguir a un grupo de raveros hacia la última fiesta que se celebrará en el desierto."
TORRENTE PRESIDENTE,Santiago Segura,103,05,15:50,2026-03-15,Renoir Princesa,https://www.pillalas.com/pase/1059034/,https://www.cinesrenoir.com/pelicula/torrente-presidente/,https://media.pillalas.com/imagenes/726afb526abffa833959064cfd7281470c1bc6e93898ef816ae1b9fbc91762414af28cc7.jpg,Castellano,No recomendada para menores de 16 años,Viernes 13 Marzo 2026,"Santiago Segura, Leo Harlem, Ramón Langa",Sexta entrega de Torrente.
TORRENTE PRESIDENTE,Santiago Segura,103,09,18:10,2026-03-15,Renoir Princesa,https://www.pillalas.com/pase/1059131/,https://www.cinesrenoir.com/pelicula/torrente-presidente/,https://media.pillalas.com/imagenes/726afb526abffa833959064cfd7281470c1bc6e93898ef816ae1b9fbc91762414af28cc7.jpg,Castellano,No recomendada para menores de 16 años,Viernes 13 Marzo 2026,"Santiago Segura, Leo Harlem, Ramón Langa",Sexta entrega de Torrente.
TORRENTE PRESIDENTE,Santiago Segura,103,09,20:10,2026-03-15,Renoir Princesa,https://www.pillalas.com/pase/1059134/,https://www.cinesrenoir.com/pelicula/torrente-presidente/,https://media.pillalas.com/imagenes/726afb526abffa833959064cfd7281470c1bc6e93898ef816ae1b9fbc91762414af28cc7.jpg,Castellano,No recomendada para menores de 16 años,Viernes 13 Marzo 2026,"Santiago Segura, Leo Harlem, Ramón Langa",Sexta entrega de Torrente.
TORRENTE PRESIDENTE,Santiago Segura,103,11,22:20,2026-03-15,Renoir Princesa,https://www.pillalas.com/pase/1059201/,https://www.cinesrenoir.com/pelicula/torrente-presidente/,https://media.pillalas.com/imagenes/726afb526abffa833959064cfd7281470c1bc6e93898ef816ae1b9fbc91762414af28cc7.jpg,Castellano,No recomendada para menores de 16 años,Viernes 13 Marzo 2026,"Santiago Segura, Leo Harlem, Ramón Langa",Sexta entrega de Torrente.
TRES ADIOSES,Isabel Coixet,122,02,15:50,2026-03-15,Renoir Princesa,https://www.pillalas.com/pase/1058953/,https://www.cinesrenoir.com/pelicula/tres-adioses/,https://media.pillalas.com/imagenes/726afb526abffa832ea2a44a189894de905fc7e94534a8bf4ef6bf13e5ccdfe90922c22e.jpg,Italiano,No recomendada para menores de 12 años,Viernes 6 Febrero 2026,"Alba Rohrwacher, Elio Germano, Francesco Carril, Silvia D Amico, Galatea Bellugi, Sarita Choudhury","Tras lo que parecía una discusión sin importancia, Marta (Alba Rohrwacher) y Antonio (Elio Germano) se separan. Él, un chef prometedor, se refugia en sus fogones; ella, en su silencio, empieza a notar algo más que tristeza: ha perdido el apetito… y no solo por desamor. Cuando descubre que detrás hay un problema de salud, todo da un giro inesperado: la comida sabe mejor, la música le llega como nunca y el deseo despierta sus ganas de vivir sin miedo.
Una historia sobre el amor, la vida y esos momentos que lo cambian todo para siempre."
TRES ADIOSES,Isabel Coixet,122,02,18:05,2026-03-15,Renoir Princesa,https://www.pillalas.com/pase/1058957/,https://www.cinesrenoir.com/pelicula/tres-adioses/,https://media.pillalas.com/imagenes/726afb526abffa832ea2a44a189894de905fc7e94534a8bf4ef6bf13e5ccdfe90922c22e.jpg,Italiano,No recomendada para menores de 12 años,Viernes 6 Febrero 2026,"Alba Rohrwacher, Elio Germano, Francesco Carril, Silvia D Amico, Galatea Bellugi, Sarita Choudhury","Tras lo que parecía una discusión sin importancia, Marta (Alba Rohrwacher) y Antonio (Elio Germano) se separan. Él, un chef prometedor, se refugia en sus fogones; ella, en su silencio, empieza a notar algo más que tristeza: ha perdido el apetito… y no solo por desamor. Cuando descubre que detrás hay un problema de salud, todo da un giro inesperado: la comida sabe mejor, la música le llega como nunca y el deseo despierta sus ganas de vivir sin miedo.
Una historia sobre el amor, la vida y esos momentos que lo cambian todo para siempre."
TRES ADIOSES,Isabel Coixet,122,02,20:20,2026-03-15,Renoir Princesa,https://www.pillalas.com/pase/1058959/,https://www.cinesrenoir.com/pelicula/tres-adioses/,https://media.pillalas.com/imagenes/726afb526abffa832ea2a44a189894de905fc7e94534a8bf4ef6bf13e5ccdfe90922c22e.jpg,Italiano,No recomendada para menores de 12 años,Viernes 6 Febrero 2026,"Alba Rohrwacher, Elio Germano, Francesco Carril, Silvia D Amico, Galatea Bellugi, Sarita Choudhury","Tras lo que parecía una discusión sin importancia, Marta (Alba Rohrwacher) y Antonio (Elio Germano) se separan. Él, un chef prometedor, se refugia en sus fogones; ella, en su silencio, empieza a notar algo más que tristeza: ha perdido el apetito… y no solo por desamor. Cuando descubre que detrás hay un problema de salud, todo da un giro inesperado: la comida sabe mejor, la música le llega como nunca y el deseo despierta sus ganas de vivir sin miedo.
Una historia sobre el amor, la vida y esos momentos que lo cambian todo para siempre."
UNA BATALLA TRAS OTRA,Paul Thomas Anderson,161,07,16:00,2026-03-15,Renoir Princesa,https://www.pillalas.com/pase/1059035/,https://www.cinesrenoir.com/pelicula/una-batalla-tras-otra/,https://media.pillalas.com/imagenes/726afb526abffa83067d351656e3959d62491a4b950d2e053e036c244c54d5060d7521c0.jpg,Inglés,No recomendada para menores de 16 años,Viernes 26 Septiembre 2025,"Leonardo Dicaprio, Sean Penn, Benicio Del Toro, Regina Hall, Teyana Taylor, Wood Harris, Alana Haim, Shayna Mchayle, Chase Infiniti, Starletta Dupois, Joe Silva, Eric Schweig, Tony Goldwyn, James Downey, John Hoogenakker, Kevin Tighe, D.W. Moffett, James Raterman","Cuando su malvado enemigo resurge después de 16 años, una banda de exrevolucionarios se reúne para rescatar a la hija de uno de los suyos, encarnado por Leonardo DiCaprio. Adaptación de la novela 'Vineland', de Thomas Pynchon, escrita en 1990, sobre los movimientos radicales de los años sesenta."
¡LA NOVIA!,Maggie Gyllenhaal,126,03,20:15,2026-03-15,Renoir Princesa,https://www.pillalas.com/pase/1059042/,https://www.cinesrenoir.com/pelicula/la-novia/,https://media.pillalas.com/imagenes/726afb526abffa834d5e9976411fdc20e28407e451a89b449da3736e5440bebb2e35bc4c.jpg,Inglés,No recomendada para menores de 16 años y distintivo especialmente recomendada para el fomento de la igualdad de género,Viernes 6 Marzo 2026,"Jessie Buckley, Christian Bale, Peter Sarsgaard, Annette Bening, Penelope Cruz, Jake Gyllenhaal, Julianne Hough, Louis Cancelmi, John Magaro, Linda Emond, Jeannie Berlin, Matthew Maher","En el Chicago de los años 30, un solitario Frankenstein pide la ayuda del Dr. Euphronius para crearse una compañera. Los dos resucitan a una joven asesinada y en ese momento nace la Novia, quien irá más allá de lo que cualquiera de los dos pretendía, encendiendo un romance apasionado, la atención de la policía y un movimiento social salvaje y radical."
¡LA NOVIA!,Maggie Gyllenhaal,126,06,22:30,2026-03-15,Renoir Princesa,https://www.pillalas.com/pase/1059045/,https://www.cinesrenoir.com/pelicula/la-novia/,https://media.pillalas.com/imagenes/726afb526abffa834d5e9976411fdc20e28407e451a89b449da3736e5440bebb2e35bc4c.jpg,Inglés,No recomendada para menores de 16 años y distintivo especialmente recomendada para el fomento de la igualdad de género,Viernes 6 Marzo 2026,"Jessie Buckley, Christian Bale, Peter Sarsgaard, Annette Bening, Penelope Cruz, Jake Gyllenhaal, Julianne Hough, Louis Cancelmi, John Magaro, Linda Emond, Jeannie Berlin, Matthew Maher","En el Chicago de los años 30, un solitario Frankenstein pide la ayuda del Dr. Euphronius para crearse una compañera. Los dos resucitan a una joven asesinada y en ese momento nace la Novia, quien irá más allá de lo que cualquiera de los dos pretendía, encendiendo un romance apasionado, la atención de la policía y un movimiento social salvaje y radical."
CUMBRES BORRASCOSAS,Emerald Fennell,135,11,15:50,2026-03-16,Renoir Princesa,https://www.pillalas.com/pase/1059202/,https://www.cinesrenoir.com/pelicula/cumbres-borrascosas/,https://media.pillalas.com/imagenes/726afb526abffa83abe8577deb3c0674bd352fd2b0500497b1d5570f2dd570487210fc4e.jpg,Inglés,No recomendada para menores de 16 años,Viernes 13 Febrero 2026,"Margot Robbie, Jacob Elordi, Hong Chau, Alison Oliver, Owen Cooper, Shazad Latif, Martin Clunes, Ewan Mitchell, Amy Morgan, Jessica Knappett, Charlotte Mellington, Vy Nguyen","Adaptada a todo tipo de formatos en multitud de ocasiones, se trata de una trágica historia de pasiones encontradas en la Inglaterra rural más conservadora. Una historia de venganza y odio, de pasiones desatadas y amores desesperados que van más allá de la muerte ambientada en los brumosos y sombríos páramos de Yorkshire, al norte de Inglaterra."
CUMBRES BORRASCOSAS,Emerald Fennell,135,10,19:45,2026-03-16,Renoir Princesa,https://www.pillalas.com/pase/1059204/,https://www.cinesrenoir.com/pelicula/cumbres-borrascosas/,https://media.pillalas.com/imagenes/726afb526abffa83abe8577deb3c0674bd352fd2b0500497b1d5570f2dd570487210fc4e.jpg,Inglés,No recomendada para menores de 16 años,Viernes 13 Febrero 2026,"Margot Robbie, Jacob Elordi, Hong Chau, Alison Oliver, Owen Cooper, Shazad Latif, Martin Clunes, Ewan Mitchell, Amy Morgan, Jessica Knappett, Charlotte Mellington, Vy Nguyen","Adaptada a todo tipo de formatos en multitud de ocasiones, se trata de una trágica historia de pasiones encontradas en la Inglaterra rural más conservadora. Una historia de venganza y odio, de pasiones desatadas y amores desesperados que van más allá de la muerte ambientada en los brumosos y sombríos páramos de Yorkshire, al norte de Inglaterra."
CUMBRES BORRASCOSAS,Emerald Fennell,135,09,22:10,2026-03-16,Renoir Princesa,https://www.pillalas.com/pase/1059149/,https://www.cinesrenoir.com/pelicula/cumbres-borrascosas/,https://media.pillalas.com/imagenes/726afb526abffa83abe8577deb3c0674bd352fd2b0500497b1d5570f2dd570487210fc4e.jpg,Inglés,No recomendada para menores de 16 años,Viernes 13 Febrero 2026,"Margot Robbie, Jacob Elordi, Hong Chau, Alison Oliver, Owen Cooper, Shazad Latif, Martin Clunes, Ewan Mitchell, Amy Morgan, Jessica Knappett, Charlotte Mellington, Vy Nguyen","Adaptada a todo tipo de formatos en multitud de ocasiones, se trata de una trágica historia de pasiones encontradas en la Inglaterra rural más conservadora. Una historia de venganza y odio, de pasiones desatadas y amores desesperados que van más allá de la muerte ambientada en los brumosos y sombríos páramos de Yorkshire, al norte de Inglaterra."
EL AGENTE SECRETO,Kleber Mendonça Filho,160,04,16:00,2026-03-16,Renoir Princesa,https://www.pillalas.com/pase/1059050/,https://www.cinesrenoir.com/pelicula/el-agente-secreto/,https://media.pillalas.com/imagenes/726afb526abffa83bdba0b90e98cf11293bcd8b9c8be1af817aa6c045cd8f479730f7511.jpg,Portugués,No recomendada para menores de 16 años,Viernes 20 Febrero 2026,"Wagner Moura, Gabriel Leone, Udo Kier, Maria Fernanda Cândido","1977. En un Brasil atormentado por la dictadura militar, Marcelo, un cuarentón que huye de un pasado turbulento, llega a la ciudad de Recife, donde espera construir una nueva vida y reencontrarse con su hijo. Todo se complica cuando descubre que las fuerzas gubernamentales le persiguen y las amenazas de muerte se ciernen sobre su cabeza."
EL AGENTE SECRETO,Kleber Mendonça Filho,160,04,18:55,2026-03-16,Renoir Princesa,https://www.pillalas.com/pase/1059053/,https://www.cinesrenoir.com/pelicula/el-agente-secreto/,https://media.pillalas.com/imagenes/726afb526abffa83bdba0b90e98cf11293bcd8b9c8be1af817aa6c045cd8f479730f7511.jpg,Portugués,No recomendada para menores de 16 años,Viernes 20 Febrero 2026,"Wagner Moura, Gabriel Leone, Udo Kier, Maria Fernanda Cândido","1977. En un Brasil atormentado por la dictadura militar, Marcelo, un cuarentón que huye de un pasado turbulento, llega a la ciudad de Recife, donde espera construir una nueva vida y reencontrarse con su hijo. Todo se complica cuando descubre que las fuerzas gubernamentales le persiguen y las amenazas de muerte se ciernen sobre su cabeza."
EL AGENTE SECRETO,Kleber Mendonça Filho,160,04,21:50,2026-03-16,Renoir Princesa,https://www.pillalas.com/pase/1059057/,https://www.cinesrenoir.com/pelicula/el-agente-secreto/,https://media.pillalas.com/imagenes/726afb526abffa83bdba0b90e98cf11293bcd8b9c8be1af817aa6c045cd8f479730f7511.jpg,Portugués,No recomendada para menores de 16 años,Viernes 20 Febrero 2026,"Wagner Moura, Gabriel Leone, Udo Kier, Maria Fernanda Cândido","1977. En un Brasil atormentado por la dictadura militar, Marcelo, un cuarentón que huye de un pasado turbulento, llega a la ciudad de Recife, donde espera construir una nueva vida y reencontrarse con su hijo. Todo se complica cuando descubre que las fuerzas gubernamentales le persiguen y las amenazas de muerte se ciernen sobre su cabeza."
EL ARQUITECTO,Stéphane Demoustier,107,01,16:00,2026-03-16,Renoir Princesa,https://www.pillalas.com/pase/1058964/,https://www.cinesrenoir.com/pelicula/el-arquitecto/,https://media.pillalas.com/imagenes/726afb526abffa83aa265685f6781eacb3d2a1ce9f7ae8b5cb373d34a8a32da17572eb8a.jpg,Francés Y Danés,No recomendada para menores de 12 años,Viernes 13 Marzo 2026,"Claes Bang, Sidse Babett Knudsen, Swann Arlaud, Michel Fau, Xavier Dolan","1983. El nuevo gobierno francés convoca el mayor concurso de arquitectura. Codiciado por los grandes estudios, el ganador es, sorprendentemente, un absoluto desconocido: Johan Otto von Spreckelsen, un profesor de arquitectura danés que hasta entonces sólo había construido su casa y tres pequeñas capillas."
EL ARQUITECTO,Stéphane Demoustier,107,01,18:00,2026-03-16,Renoir Princesa,https://www.pillalas.com/pase/1058965/,https://www.cinesrenoir.com/pelicula/el-arquitecto/,https://media.pillalas.com/imagenes/726afb526abffa83aa265685f6781eacb3d2a1ce9f7ae8b5cb373d34a8a32da17572eb8a.jpg,Francés Y Danés,No recomendada para menores de 12 años,Viernes 13 Marzo 2026,"Claes Bang, Sidse Babett Knudsen, Swann Arlaud, Michel Fau, Xavier Dolan","1983. El nuevo gobierno francés convoca el mayor concurso de arquitectura. Codiciado por los grandes estudios, el ganador es, sorprendentemente, un absoluto desconocido: Johan Otto von Spreckelsen, un profesor de arquitectura danés que hasta entonces sólo había construido su casa y tres pequeñas capillas."
EL ARQUITECTO,Stéphane Demoustier,107,01,20:05,2026-03-16,Renoir Princesa,https://www.pillalas.com/pase/1058967/,https://www.cinesrenoir.com/pelicula/el-arquitecto/,https://media.pillalas.com/imagenes/726afb526abffa83aa265685f6781eacb3d2a1ce9f7ae8b5cb373d34a8a32da17572eb8a.jpg,Francés Y Danés,No recomendada para menores de 12 años,Viernes 13 Marzo 2026,"Claes Bang, Sidse Babett Knudsen, Swann Arlaud, Michel Fau, Xavier Dolan","1983. El nuevo gobierno francés convoca el mayor concurso de arquitectura. Codiciado por los grandes estudios, el ganador es, sorprendentemente, un absoluto desconocido: Johan Otto von Spreckelsen, un profesor de arquitectura danés que hasta entonces sólo había construido su casa y tres pequeñas capillas."
EL ARQUITECTO,Stéphane Demoustier,107,03,22:35,2026-03-16,Renoir Princesa,https://www.pillalas.com/pase/1059060/,https://www.cinesrenoir.com/pelicula/el-arquitecto/,https://media.pillalas.com/imagenes/726afb526abffa83aa265685f6781eacb3d2a1ce9f7ae8b5cb373d34a8a32da17572eb8a.jpg,Francés Y Danés,No recomendada para menores de 12 años,Viernes 13 Marzo 2026,"Claes Bang, Sidse Babett Knudsen, Swann Arlaud, Michel Fau, Xavier Dolan","1983. El nuevo gobierno francés convoca el mayor concurso de arquitectura. Codiciado por los grandes estudios, el ganador es, sorprendentemente, un absoluto desconocido: Johan Otto von Spreckelsen, un profesor de arquitectura danés que hasta entonces sólo había construido su casa y tres pequeñas capillas."
EL MAGO DEL KREMLIN,Olivier Assayas,145,03,17:35,2026-03-16,Renoir Princesa,https://www.pillalas.com/pase/1059001/,https://www.cinesrenoir.com/pelicula/el-mago-del-kremlin/,https://media.pillalas.com/imagenes/726afb526abffa833889e44ac42f5cc54d6019702d8546ebf4550316f78770131f777f2b.jpg,Inglés,No recomendada para menores de 12 años,Viernes 6 Marzo 2026,"Paul Dano, Alicia Vikander, Jude Law, Tom Sturridge, Jeffrey Wright, Will Keen","En medio del caos postsoviético de los años 90, el joven Vadim Baranov (Paul Dano) empieza a labrarse un camino como artista y productor de televisión. Su elocuencia y conexión con las altas esferas le llevan a convertirse, de la noche a la mañana, en el asesor de un agente del KGB con un brillante porvenir: Vladimir Putin (Jude Law). Desde las entrañas del poder, ambos darán forma a la nueva Rusia, difuminando, mediante manipulación, los límites entre la verdad y la mentira."
EL MAGO DEL KREMLIN,Olivier Assayas,145,01,22:05,2026-03-16,Renoir Princesa,https://www.pillalas.com/pase/1058969/,https://www.cinesrenoir.com/pelicula/el-mago-del-kremlin/,https://media.pillalas.com/imagenes/726afb526abffa833889e44ac42f5cc54d6019702d8546ebf4550316f78770131f777f2b.jpg,Inglés,No recomendada para menores de 12 años,Viernes 6 Marzo 2026,"Paul Dano, Alicia Vikander, Jude Law, Tom Sturridge, Jeffrey Wright, Will Keen","En medio del caos postsoviético de los años 90, el joven Vadim Baranov (Paul Dano) empieza a labrarse un camino como artista y productor de televisión. Su elocuencia y conexión con las altas esferas le llevan a convertirse, de la noche a la mañana, en el asesor de un agente del KGB con un brillante porvenir: Vladimir Putin (Jude Law). Desde las entrañas del poder, ambos darán forma a la nueva Rusia, difuminando, mediante manipulación, los límites entre la verdad y la mentira."
EL TESTAMENTO DE ANN LEE,Mona Fastvold,136,08,16:10,2026-03-16,Renoir Princesa,https://www.pillalas.com/pase/1059141/,https://www.cinesrenoir.com/pelicula/el-testamento-de-ann-lee/,https://media.pillalas.com/imagenes/726afb526abffa830b789c96ee6ff3b89647f6e742111b114addcc55b2329cb2e465f4c1.jpg,Inglés,No recomendada para menores de 16 años,Viernes 13 Marzo 2026,"Amanda Seyfried, Thomasin Mckenzie, Lewis Pullman, Christopher Abbott, Tim Blake Nelson, Stacy Martin, Matthew Beard, Scott Handy, Viola Prettejohn, Jamie Bogyo, David Cale","Película en torno a la leyenda real de Ann Lee, fundadora de la secta devocional conocida como los Shakers que predicaba la igualdad de género y social y era venerada por sus seguidores."
EL TESTAMENTO DE ANN LEE,Mona Fastvold,136,08,19:00,2026-03-16,Renoir Princesa,https://www.pillalas.com/pase/1059144/,https://www.cinesrenoir.com/pelicula/el-testamento-de-ann-lee/,https://media.pillalas.com/imagenes/726afb526abffa830b789c96ee6ff3b89647f6e742111b114addcc55b2329cb2e465f4c1.jpg,Inglés,No recomendada para menores de 16 años,Viernes 13 Marzo 2026,"Amanda Seyfried, Thomasin Mckenzie, Lewis Pullman, Christopher Abbott, Tim Blake Nelson, Stacy Martin, Matthew Beard, Scott Handy, Viola Prettejohn, Jamie Bogyo, David Cale","Película en torno a la leyenda real de Ann Lee, fundadora de la secta devocional conocida como los Shakers que predicaba la igualdad de género y social y era venerada por sus seguidores."
EL TESTAMENTO DE ANN LEE,Mona Fastvold,136,08,21:50,2026-03-16,Renoir Princesa,https://www.pillalas.com/pase/1059148/,https://www.cinesrenoir.com/pelicula/el-testamento-de-ann-lee/,https://media.pillalas.com/imagenes/726afb526abffa830b789c96ee6ff3b89647f6e742111b114addcc55b2329cb2e465f4c1.jpg,Inglés,No recomendada para menores de 16 años,Viernes 13 Marzo 2026,"Amanda Seyfried, Thomasin Mckenzie, Lewis Pullman, Christopher Abbott, Tim Blake Nelson, Stacy Martin, Matthew Beard, Scott Handy, Viola Prettejohn, Jamie Bogyo, David Cale","Película en torno a la leyenda real de Ann Lee, fundadora de la secta devocional conocida como los Shakers que predicaba la igualdad de género y social y era venerada por sus seguidores."
HAMNET,Chloé Zhao,125,09,15:50,2026-03-16,Renoir Princesa,https://www.pillalas.com/pase/1059139/,https://www.cinesrenoir.com/pelicula/hamnet/,https://www.cinesrenoir.com/media/Peliculas/Cartel/HAMNET_Cartel_Digital_8Nominaciones_Oscar_YaEnCines_v2_2.jpg,Inglés,No recomendada para menores de 12 años,Viernes 23 Enero 2026,"Jessie Buckley, Paul Mescal, Joe Alwyn, Emily Watson","Año 1596, Stratford-upon-Avon, Inglaterra. La vida de Agnes transcurre plácidamente junto a su marido y sus tres hijos. Ella cultiva plantas medicinales mientras William trabaja en Londres. El destino, sin embargo, les reservará un duro golpe cuando su hijo Hamnet, de once años, muera repentinamente tras contraer la peste. A raíz de esta tragedia, su padre creará uno de los grandes personajes de la literatura universal, de nombre casi idéntico al de su hijo.


Pero esta película no habla de famosos sucesos sino de algo íntimo y olvidado: La vida de esta familia, y especialmente la de la mujer que la sostenía y que tuvo que cargar con una insoportable pérdida."
HAMNET,Chloé Zhao,125,05,17:45,2026-03-16,Renoir Princesa,https://www.pillalas.com/pase/1059051/,https://www.cinesrenoir.com/pelicula/hamnet/,https://www.cinesrenoir.com/media/Peliculas/Cartel/HAMNET_Cartel_Digital_8Nominaciones_Oscar_YaEnCines_v2_2.jpg,Inglés,No recomendada para menores de 12 años,Viernes 23 Enero 2026,"Jessie Buckley, Paul Mescal, Joe Alwyn, Emily Watson","Año 1596, Stratford-upon-Avon, Inglaterra. La vida de Agnes transcurre plácidamente junto a su marido y sus tres hijos. Ella cultiva plantas medicinales mientras William trabaja en Londres. El destino, sin embargo, les reservará un duro golpe cuando su hijo Hamnet, de once años, muera repentinamente tras contraer la peste. A raíz de esta tragedia, su padre creará uno de los grandes personajes de la literatura universal, de nombre casi idéntico al de su hijo.


Pero esta película no habla de famosos sucesos sino de algo íntimo y olvidado: La vida de esta familia, y especialmente la de la mujer que la sostenía y que tuvo que cargar con una insoportable pérdida."
HAMNET,Chloé Zhao,125,05,20:05,2026-03-16,Renoir Princesa,https://www.pillalas.com/pase/1059054/,https://www.cinesrenoir.com/pelicula/hamnet/,https://www.cinesrenoir.com/media/Peliculas/Cartel/HAMNET_Cartel_Digital_8Nominaciones_Oscar_YaEnCines_v2_2.jpg,Inglés,No recomendada para menores de 12 años,Viernes 23 Enero 2026,"Jessie Buckley, Paul Mescal, Joe Alwyn, Emily Watson","Año 1596, Stratford-upon-Avon, Inglaterra. La vida de Agnes transcurre plácidamente junto a su marido y sus tres hijos. Ella cultiva plantas medicinales mientras William trabaja en Londres. El destino, sin embargo, les reservará un duro golpe cuando su hijo Hamnet, de once años, muera repentinamente tras contraer la peste. A raíz de esta tragedia, su padre creará uno de los grandes personajes de la literatura universal, de nombre casi idéntico al de su hijo.


Pero esta película no habla de famosos sucesos sino de algo íntimo y olvidado: La vida de esta familia, y especialmente la de la mujer que la sostenía y que tuvo que cargar con una insoportable pérdida."
HAMNET,Chloé Zhao,125,05,22:25,2026-03-16,Renoir Princesa,https://www.pillalas.com/pase/1059058/,https://www.cinesrenoir.com/pelicula/hamnet/,https://www.cinesrenoir.com/media/Peliculas/Cartel/HAMNET_Cartel_Digital_8Nominaciones_Oscar_YaEnCines_v2_2.jpg,Inglés,No recomendada para menores de 12 años,Viernes 23 Enero 2026,"Jessie Buckley, Paul Mescal, Joe Alwyn, Emily Watson","Año 1596, Stratford-upon-Avon, Inglaterra. La vida de Agnes transcurre plácidamente junto a su marido y sus tres hijos. Ella cultiva plantas medicinales mientras William trabaja en Londres. El destino, sin embargo, les reservará un duro golpe cuando su hijo Hamnet, de once años, muera repentinamente tras contraer la peste. A raíz de esta tragedia, su padre creará uno de los grandes personajes de la literatura universal, de nombre casi idéntico al de su hijo.


Pero esta película no habla de famosos sucesos sino de algo íntimo y olvidado: La vida de esta familia, y especialmente la de la mujer que la sostenía y que tuvo que cargar con una insoportable pérdida."
LOS DOMINGOS,Alauda Ruiz De Azúa,115,06,15:50,2026-03-16,Renoir Princesa,https://www.pillalas.com/pase/1059047/,https://www.cinesrenoir.com/pelicula/los-domingos/,https://www.cinesrenoir.com/media/Peliculas/Cartel/los_domingos_poster.jpg,Castellano,No recomendada para menores de 12 años,Viernes 24 Octubre 2025,"Patricia López Arnaiz, Blanca Soroa, Miguel Garcés, Juan Minujín, Mabel Rivera, Nagore Aramburu","'Los domingos' cuenta la historia de Ainara (Soroa), una joven idealista y brillante de 17 años que ha de decidir qué carrera universitaria estudiará. O, al menos, eso espera su familia que haga. Sin embargo, la joven manifiesta que se siente cada vez más cerca de Dios y que se plantea abrazar la vida de monja de clausura. La noticia pilla por sorpresa a toda la familia provocando un abismo y una prueba de fuego para todos."
LOS DOMINGOS,Alauda Ruiz De Azúa,115,06,18:00,2026-03-16,Renoir Princesa,https://www.pillalas.com/pase/1059052/,https://www.cinesrenoir.com/pelicula/los-domingos/,https://www.cinesrenoir.com/media/Peliculas/Cartel/los_domingos_poster.jpg,Castellano,No recomendada para menores de 12 años,Viernes 24 Octubre 2025,"Patricia López Arnaiz, Blanca Soroa, Miguel Garcés, Juan Minujín, Mabel Rivera, Nagore Aramburu","'Los domingos' cuenta la historia de Ainara (Soroa), una joven idealista y brillante de 17 años que ha de decidir qué carrera universitaria estudiará. O, al menos, eso espera su familia que haga. Sin embargo, la joven manifiesta que se siente cada vez más cerca de Dios y que se plantea abrazar la vida de monja de clausura. La noticia pilla por sorpresa a toda la familia provocando un abismo y una prueba de fuego para todos."
LOS DOMINGOS,Alauda Ruiz De Azúa,115,06,20:15,2026-03-16,Renoir Princesa,https://www.pillalas.com/pase/1059056/,https://www.cinesrenoir.com/pelicula/los-domingos/,https://www.cinesrenoir.com/media/Peliculas/Cartel/los_domingos_poster.jpg,Castellano,No recomendada para menores de 12 años,Viernes 24 Octubre 2025,"Patricia López Arnaiz, Blanca Soroa, Miguel Garcés, Juan Minujín, Mabel Rivera, Nagore Aramburu","'Los domingos' cuenta la historia de Ainara (Soroa), una joven idealista y brillante de 17 años que ha de decidir qué carrera universitaria estudiará. O, al menos, eso espera su familia que haga. Sin embargo, la joven manifiesta que se siente cada vez más cerca de Dios y que se plantea abrazar la vida de monja de clausura. La noticia pilla por sorpresa a toda la familia provocando un abismo y una prueba de fuego para todos."
LOS DOMINGOS,Alauda Ruiz De Azúa,115,02,22:30,2026-03-16,Renoir Princesa,https://www.pillalas.com/pase/1058970/,https://www.cinesrenoir.com/pelicula/los-domingos/,https://www.cinesrenoir.com/media/Peliculas/Cartel/los_domingos_poster.jpg,Castellano,No recomendada para menores de 12 años,Viernes 24 Octubre 2025,"Patricia López Arnaiz, Blanca Soroa, Miguel Garcés, Juan Minujín, Mabel Rivera, Nagore Aramburu","'Los domingos' cuenta la historia de Ainara (Soroa), una joven idealista y brillante de 17 años que ha de decidir qué carrera universitaria estudiará. O, al menos, eso espera su familia que haga. Sin embargo, la joven manifiesta que se siente cada vez más cerca de Dios y que se plantea abrazar la vida de monja de clausura. La noticia pilla por sorpresa a toda la familia provocando un abismo y una prueba de fuego para todos."
MARTY SUPREME,Josh Safdie,149,07,21:45,2026-03-16,Renoir Princesa,https://www.pillalas.com/pase/1059147/,https://www.cinesrenoir.com/pelicula/marty-supreme/,https://media.pillalas.com/imagenes/726afb526abffa83215ea8a89c8894fb1ac44e6c3b86faba19f84e195b42d541304dcb79.jpg,Inglés,No recomendada para menores de 16 años,Viernes 30 Enero 2026,"Timothee Chalamet, Gwyneth Paltrow, Odessa A Zion, Sandra Bernhard, Fran Drescher, Abel Ferrara, Spenser Granese, Tyler The Creator, Penn Jillette, Kevin O Leary","Marty Mauser (Timothée Chalamet), un joven con una ambición desmesurada, está dispuesto a todo para cumplir su sueño. Con ayuda, entre otros, de la estrella de cine Carol Dunne (Gwyneth Paltrow) demostrará al mundo entero su grandeza."
NO TE QUEDA OTRA,Jean-Pierre Améris,90,03,15:50,2026-03-16,Renoir Princesa,https://www.pillalas.com/pase/1058963/,https://www.cinesrenoir.com/pelicula/no-te-queda-otra/,https://media.pillalas.com/imagenes/726afb526abffa83946608f50c40556b93665fbfe289c14f4d351f64f9153b0ff4a09de7.jpg,Francés,No recomendada para menores de 12 años,Viernes 13 Marzo 2026,"Valérie Lemercier, Gérard Darmon, Patrick Timsit, Alice De Lencquesaing, Aurélien Cavagna, Eric Viellard, Sophie Mounicot, François Berland, Nicole Dubois","En un tren a Ginebra, Victoire, una pasajera entrometida, se cruza con Antoine Toussaint, su ídolo, una gran estrella de la canción francesa. Entre él, que quiere poner fin a su vida, y ella, desbordante de energía, el encuentro será explosivo."
NO TE QUEDA OTRA,Jean-Pierre Améris,90,10,18:00,2026-03-16,Renoir Princesa,https://www.pillalas.com/pase/1059142/,https://www.cinesrenoir.com/pelicula/no-te-queda-otra/,https://media.pillalas.com/imagenes/726afb526abffa83946608f50c40556b93665fbfe289c14f4d351f64f9153b0ff4a09de7.jpg,Francés,No recomendada para menores de 12 años,Viernes 13 Marzo 2026,"Valérie Lemercier, Gérard Darmon, Patrick Timsit, Alice De Lencquesaing, Aurélien Cavagna, Eric Viellard, Sophie Mounicot, François Berland, Nicole Dubois","En un tren a Ginebra, Victoire, una pasajera entrometida, se cruza con Antoine Toussaint, su ídolo, una gran estrella de la canción francesa. Entre él, que quiere poner fin a su vida, y ella, desbordante de energía, el encuentro será explosivo."
PILLION,Harry Lighton,106,10,16:00,2026-03-16,Renoir Princesa,https://www.pillalas.com/pase/1059140/,https://www.cinesrenoir.com/pelicula/pillion/,https://www.cinesrenoir.com/media/Peliculas/Cartel/POSTER_2_3_web_1_1_1.png,Inglés,No recomendada para menores de 16 años,Viernes 6 Marzo 2026,"Harry Melling, Alexander Skarsgård, Lesley Sharp, Douglas Hodge","Colin, un chico introvertido, se queda prendado de Ray, el carismático y atractivo líder de una banda de moteros que le toma como su sumiso, dinamitando su rutina y cambiándole la vida."
PILLION,Harry Lighton,106,11,18:20,2026-03-16,Renoir Princesa,https://www.pillalas.com/pase/1059203/,https://www.cinesrenoir.com/pelicula/pillion/,https://www.cinesrenoir.com/media/Peliculas/Cartel/POSTER_2_3_web_1_1_1.png,Inglés,No recomendada para menores de 16 años,Viernes 6 Marzo 2026,"Harry Melling, Alexander Skarsgård, Lesley Sharp, Douglas Hodge","Colin, un chico introvertido, se queda prendado de Ray, el carismático y atractivo líder de una banda de moteros que le toma como su sumiso, dinamitando su rutina y cambiándole la vida."
PILLION,Harry Lighton,106,11,20:20,2026-03-16,Renoir Princesa,https://www.pillalas.com/pase/1059205/,https://www.cinesrenoir.com/pelicula/pillion/,https://www.cinesrenoir.com/media/Peliculas/Cartel/POSTER_2_3_web_1_1_1.png,Inglés,No recomendada para menores de 16 años,Viernes 6 Marzo 2026,"Harry Melling, Alexander Skarsgård, Lesley Sharp, Douglas Hodge","Colin, un chico introvertido, se queda prendado de Ray, el carismático y atractivo líder de una banda de moteros que le toma como su sumiso, dinamitando su rutina y cambiándole la vida."
PILLION,Harry Lighton,106,10,22:15,2026-03-16,Renoir Princesa,https://www.pillalas.com/pase/1059150/,https://www.cinesrenoir.com/pelicula/pillion/,https://www.cinesrenoir.com/media/Peliculas/Cartel/POSTER_2_3_web_1_1_1.png,Inglés,No recomendada para menores de 16 años,Viernes 6 Marzo 2026,"Harry Melling, Alexander Skarsgård, Lesley Sharp, Douglas Hodge","Colin, un chico introvertido, se queda prendado de Ray, el carismático y atractivo líder de una banda de moteros que le toma como su sumiso, dinamitando su rutina y cambiándole la vida."
SIRAT,Óliver Laxe,120,07,19:20,2026-03-16,Renoir Princesa,https://www.pillalas.com/pase/1059145/,https://www.cinesrenoir.com/pelicula/sirat/,https://www.cinesrenoir.com/media/Peliculas/Cartel/SIRAT_ONLINE_GOYAOSCARS.jpg,Castellano Y Otros,No recomendada para menores de 16 años,Viernes 6 Junio 2025,"Sergi López, Bruno Núñez, Stefania Gadda, Joshua Liam Herderson, Tonin Javier, Jade Ouki, Richard Bellamyun","Un hombre (López) y su hijo (Nuñez) llegan a una rave perdida en medio de las áridas y fantasmagóricas montañas del sur de Marruecos. Buscan allí a Mar, su hija y hermana, desaparecida hace meses en una de estas fiestas sin amanecer. Reparten una y otra vez su foto rodeados de música electrónica y de un tipo de libertad que desconocen. Empujados por el destino, y con la esperanza de encontrar ahí a Mar, deciden seguir a un grupo de raveros hacia la última fiesta que se celebrará en el desierto."
TORRENTE PRESIDENTE,Santiago Segura,103,05,15:50,2026-03-16,Renoir Princesa,https://www.pillalas.com/pase/1059048/,https://www.cinesrenoir.com/pelicula/torrente-presidente/,https://media.pillalas.com/imagenes/726afb526abffa833959064cfd7281470c1bc6e93898ef816ae1b9fbc91762414af28cc7.jpg,Castellano,No recomendada para menores de 16 años,Viernes 13 Marzo 2026,"Santiago Segura, Leo Harlem, Ramón Langa",Sexta entrega de Torrente.
TORRENTE PRESIDENTE,Santiago Segura,103,09,18:10,2026-03-16,Renoir Princesa,https://www.pillalas.com/pase/1059143/,https://www.cinesrenoir.com/pelicula/torrente-presidente/,https://media.pillalas.com/imagenes/726afb526abffa833959064cfd7281470c1bc6e93898ef816ae1b9fbc91762414af28cc7.jpg,Castellano,No recomendada para menores de 16 años,Viernes 13 Marzo 2026,"Santiago Segura, Leo Harlem, Ramón Langa",Sexta entrega de Torrente.
TORRENTE PRESIDENTE,Santiago Segura,103,09,20:10,2026-03-16,Renoir Princesa,https://www.pillalas.com/pase/1059146/,https://www.cinesrenoir.com/pelicula/torrente-presidente/,https://media.pillalas.com/imagenes/726afb526abffa833959064cfd7281470c1bc6e93898ef816ae1b9fbc91762414af28cc7.jpg,Castellano,No recomendada para menores de 16 años,Viernes 13 Marzo 2026,"Santiago Segura, Leo Harlem, Ramón Langa",Sexta entrega de Torrente.
TORRENTE PRESIDENTE,Santiago Segura,103,11,22:20,2026-03-16,Renoir Princesa,https://www.pillalas.com/pase/1059206/,https://www.cinesrenoir.com/pelicula/torrente-presidente/,https://media.pillalas.com/imagenes/726afb526abffa833959064cfd7281470c1bc6e93898ef816ae1b9fbc91762414af28cc7.jpg,Castellano,No recomendada para menores de 16 años,Viernes 13 Marzo 2026,"Santiago Segura, Leo Harlem, Ramón Langa",Sexta entrega de Torrente.
TRES ADIOSES,Isabel Coixet,122,02,15:50,2026-03-16,Renoir Princesa,https://www.pillalas.com/pase/1058962/,https://www.cinesrenoir.com/pelicula/tres-adioses/,https://media.pillalas.com/imagenes/726afb526abffa832ea2a44a189894de905fc7e94534a8bf4ef6bf13e5ccdfe90922c22e.jpg,Italiano,No recomendada para menores de 12 años,Viernes 6 Febrero 2026,"Alba Rohrwacher, Elio Germano, Francesco Carril, Silvia D Amico, Galatea Bellugi, Sarita Choudhury","Tras lo que parecía una discusión sin importancia, Marta (Alba Rohrwacher) y Antonio (Elio Germano) se separan. Él, un chef prometedor, se refugia en sus fogones; ella, en su silencio, empieza a notar algo más que tristeza: ha perdido el apetito… y no solo por desamor. Cuando descubre que detrás hay un problema de salud, todo da un giro inesperado: la comida sabe mejor, la música le llega como nunca y el deseo despierta sus ganas de vivir sin miedo.
Una historia sobre el amor, la vida y esos momentos que lo cambian todo para siempre."
TRES ADIOSES,Isabel Coixet,122,02,18:05,2026-03-16,Renoir Princesa,https://www.pillalas.com/pase/1058966/,https://www.cinesrenoir.com/pelicula/tres-adioses/,https://media.pillalas.com/imagenes/726afb526abffa832ea2a44a189894de905fc7e94534a8bf4ef6bf13e5ccdfe90922c22e.jpg,Italiano,No recomendada para menores de 12 años,Viernes 6 Febrero 2026,"Alba Rohrwacher, Elio Germano, Francesco Carril, Silvia D Amico, Galatea Bellugi, Sarita Choudhury","Tras lo que parecía una discusión sin importancia, Marta (Alba Rohrwacher) y Antonio (Elio Germano) se separan. Él, un chef prometedor, se refugia en sus fogones; ella, en su silencio, empieza a notar algo más que tristeza: ha perdido el apetito… y no solo por desamor. Cuando descubre que detrás hay un problema de salud, todo da un giro inesperado: la comida sabe mejor, la música le llega como nunca y el deseo despierta sus ganas de vivir sin miedo.
Una historia sobre el amor, la vida y esos momentos que lo cambian todo para siempre."
TRES ADIOSES,Isabel Coixet,122,02,20:20,2026-03-16,Renoir Princesa,https://www.pillalas.com/pase/1058968/,https://www.cinesrenoir.com/pelicula/tres-adioses/,https://media.pillalas.com/imagenes/726afb526abffa832ea2a44a189894de905fc7e94534a8bf4ef6bf13e5ccdfe90922c22e.jpg,Italiano,No recomendada para menores de 12 años,Viernes 6 Febrero 2026,"Alba Rohrwacher, Elio Germano, Francesco Carril, Silvia D Amico, Galatea Bellugi, Sarita Choudhury","Tras lo que parecía una discusión sin importancia, Marta (Alba Rohrwacher) y Antonio (Elio Germano) se separan. Él, un chef prometedor, se refugia en sus fogones; ella, en su silencio, empieza a notar algo más que tristeza: ha perdido el apetito… y no solo por desamor. Cuando descubre que detrás hay un problema de salud, todo da un giro inesperado: la comida sabe mejor, la música le llega como nunca y el deseo despierta sus ganas de vivir sin miedo.
Una historia sobre el amor, la vida y esos momentos que lo cambian todo para siempre."
UNA BATALLA TRAS OTRA,Paul Thomas Anderson,161,07,16:00,2026-03-16,Renoir Princesa,https://www.pillalas.com/pase/1059049/,https://www.cinesrenoir.com/pelicula/una-batalla-tras-otra/,https://media.pillalas.com/imagenes/726afb526abffa83067d351656e3959d62491a4b950d2e053e036c244c54d5060d7521c0.jpg,Inglés,No recomendada para menores de 16 años,Viernes 26 Septiembre 2025,"Leonardo Dicaprio, Sean Penn, Benicio Del Toro, Regina Hall, Teyana Taylor, Wood Harris, Alana Haim, Shayna Mchayle, Chase Infiniti, Starletta Dupois, Joe Silva, Eric Schweig, Tony Goldwyn, James Downey, John Hoogenakker, Kevin Tighe, D.W. Moffett, James Raterman","Cuando su malvado enemigo resurge después de 16 años, una banda de exrevolucionarios se reúne para rescatar a la hija de uno de los suyos, encarnado por Leonardo DiCaprio. Adaptación de la novela 'Vineland', de Thomas Pynchon, escrita en 1990, sobre los movimientos radicales de los años sesenta."
¡LA NOVIA!,Maggie Gyllenhaal,126,03,20:15,2026-03-16,Renoir Princesa,https://www.pillalas.com/pase/1059055/,https://www.cinesrenoir.com/pelicula/la-novia/,https://media.pillalas.com/imagenes/726afb526abffa834d5e9976411fdc20e28407e451a89b449da3736e5440bebb2e35bc4c.jpg,Inglés,No recomendada para menores de 16 años y distintivo especialmente recomendada para el fomento de la igualdad de género,Viernes 6 Marzo 2026,"Jessie Buckley, Christian Bale, Peter Sarsgaard, Annette Bening, Penelope Cruz, Jake Gyllenhaal, Julianne Hough, Louis Cancelmi, John Magaro, Linda Emond, Jeannie Berlin, Matthew Maher","En el Chicago de los años 30, un solitario Frankenstein pide la ayuda del Dr. Euphronius para crearse una compañera. Los dos resucitan a una joven asesinada y en ese momento nace la Novia, quien irá más allá de lo que cualquiera de los dos pretendía, encendiendo un romance apasionado, la atención de la policía y un movimiento social salvaje y radical."
¡LA NOVIA!,Maggie Gyllenhaal,126,06,22:30,2026-03-16,Renoir Princesa,https://www.pillalas.com/pase/1059059/,https://www.cinesrenoir.com/pelicula/la-novia/,https://media.pillalas.com/imagenes/726afb526abffa834d5e9976411fdc20e28407e451a89b449da3736e5440bebb2e35bc4c.jpg,Inglés,No recomendada para menores de 16 años y distintivo especialmente recomendada para el fomento de la igualdad de género,Viernes 6 Marzo 2026,"Jessie Buckley, Christian Bale, Peter Sarsgaard, Annette Bening, Penelope Cruz, Jake Gyllenhaal, Julianne Hough, Louis Cancelmi, John Magaro, Linda Emond, Jeannie Berlin, Matthew Maher","En el Chicago de los años 30, un solitario Frankenstein pide la ayuda del Dr. Euphronius para crearse una compañera. Los dos resucitan a una joven asesinada y en ese momento nace la Novia, quien irá más allá de lo que cualquiera de los dos pretendía, encendiendo un romance apasionado, la atención de la policía y un movimiento social salvaje y radical."
CUMBRES BORRASCOSAS,Emerald Fennell,135,11,15:50,2026-03-17,Renoir Princesa,https://www.pillalas.com/pase/1059207/,https://www.cinesrenoir.com/pelicula/cumbres-borrascosas/,https://media.pillalas.com/imagenes/726afb526abffa83abe8577deb3c0674bd352fd2b0500497b1d5570f2dd570487210fc4e.jpg,Inglés,No recomendada para menores de 16 años,Viernes 13 Febrero 2026,"Margot Robbie, Jacob Elordi, Hong Chau, Alison Oliver, Owen Cooper, Shazad Latif, Martin Clunes, Ewan Mitchell, Amy Morgan, Jessica Knappett, Charlotte Mellington, Vy Nguyen","Adaptada a todo tipo de formatos en multitud de ocasiones, se trata de una trágica historia de pasiones encontradas en la Inglaterra rural más conservadora. Una historia de venganza y odio, de pasiones desatadas y amores desesperados que van más allá de la muerte ambientada en los brumosos y sombríos páramos de Yorkshire, al norte de Inglaterra."
CUMBRES BORRASCOSAS,Emerald Fennell,135,10,19:45,2026-03-17,Renoir Princesa,https://www.pillalas.com/pase/1059209/,https://www.cinesrenoir.com/pelicula/cumbres-borrascosas/,https://media.pillalas.com/imagenes/726afb526abffa83abe8577deb3c0674bd352fd2b0500497b1d5570f2dd570487210fc4e.jpg,Inglés,No recomendada para menores de 16 años,Viernes 13 Febrero 2026,"Margot Robbie, Jacob Elordi, Hong Chau, Alison Oliver, Owen Cooper, Shazad Latif, Martin Clunes, Ewan Mitchell, Amy Morgan, Jessica Knappett, Charlotte Mellington, Vy Nguyen","Adaptada a todo tipo de formatos en multitud de ocasiones, se trata de una trágica historia de pasiones encontradas en la Inglaterra rural más conservadora. Una historia de venganza y odio, de pasiones desatadas y amores desesperados que van más allá de la muerte ambientada en los brumosos y sombríos páramos de Yorkshire, al norte de Inglaterra."
CUMBRES BORRASCOSAS,Emerald Fennell,135,09,22:10,2026-03-17,Renoir Princesa,https://www.pillalas.com/pase/1059161/,https://www.cinesrenoir.com/pelicula/cumbres-borrascosas/,https://media.pillalas.com/imagenes/726afb526abffa83abe8577deb3c0674bd352fd2b0500497b1d5570f2dd570487210fc4e.jpg,Inglés,No recomendada para menores de 16 años,Viernes 13 Febrero 2026,"Margot Robbie, Jacob Elordi, Hong Chau, Alison Oliver, Owen Cooper, Shazad Latif, Martin Clunes, Ewan Mitchell, Amy Morgan, Jessica Knappett, Charlotte Mellington, Vy Nguyen","Adaptada a todo tipo de formatos en multitud de ocasiones, se trata de una trágica historia de pasiones encontradas en la Inglaterra rural más conservadora. Una historia de venganza y odio, de pasiones desatadas y amores desesperados que van más allá de la muerte ambientada en los brumosos y sombríos páramos de Yorkshire, al norte de Inglaterra."
EL AGENTE SECRETO,Kleber Mendonça Filho,160,04,16:00,2026-03-17,Renoir Princesa,https://www.pillalas.com/pase/1059064/,https://www.cinesrenoir.com/pelicula/el-agente-secreto/,https://media.pillalas.com/imagenes/726afb526abffa83bdba0b90e98cf11293bcd8b9c8be1af817aa6c045cd8f479730f7511.jpg,Portugués,No recomendada para menores de 16 años,Viernes 20 Febrero 2026,"Wagner Moura, Gabriel Leone, Udo Kier, Maria Fernanda Cândido","1977. En un Brasil atormentado por la dictadura militar, Marcelo, un cuarentón que huye de un pasado turbulento, llega a la ciudad de Recife, donde espera construir una nueva vida y reencontrarse con su hijo. Todo se complica cuando descubre que las fuerzas gubernamentales le persiguen y las amenazas de muerte se ciernen sobre su cabeza."
EL AGENTE SECRETO,Kleber Mendonça Filho,160,04,18:55,2026-03-17,Renoir Princesa,https://www.pillalas.com/pase/1059067/,https://www.cinesrenoir.com/pelicula/el-agente-secreto/,https://media.pillalas.com/imagenes/726afb526abffa83bdba0b90e98cf11293bcd8b9c8be1af817aa6c045cd8f479730f7511.jpg,Portugués,No recomendada para menores de 16 años,Viernes 20 Febrero 2026,"Wagner Moura, Gabriel Leone, Udo Kier, Maria Fernanda Cândido","1977. En un Brasil atormentado por la dictadura militar, Marcelo, un cuarentón que huye de un pasado turbulento, llega a la ciudad de Recife, donde espera construir una nueva vida y reencontrarse con su hijo. Todo se complica cuando descubre que las fuerzas gubernamentales le persiguen y las amenazas de muerte se ciernen sobre su cabeza."
EL AGENTE SECRETO,Kleber Mendonça Filho,160,04,21:50,2026-03-17,Renoir Princesa,https://www.pillalas.com/pase/1059071/,https://www.cinesrenoir.com/pelicula/el-agente-secreto/,https://media.pillalas.com/imagenes/726afb526abffa83bdba0b90e98cf11293bcd8b9c8be1af817aa6c045cd8f479730f7511.jpg,Portugués,No recomendada para menores de 16 años,Viernes 20 Febrero 2026,"Wagner Moura, Gabriel Leone, Udo Kier, Maria Fernanda Cândido","1977. En un Brasil atormentado por la dictadura militar, Marcelo, un cuarentón que huye de un pasado turbulento, llega a la ciudad de Recife, donde espera construir una nueva vida y reencontrarse con su hijo. Todo se complica cuando descubre que las fuerzas gubernamentales le persiguen y las amenazas de muerte se ciernen sobre su cabeza."
EL ARQUITECTO,Stéphane Demoustier,107,01,16:00,2026-03-17,Renoir Princesa,https://www.pillalas.com/pase/1058973/,https://www.cinesrenoir.com/pelicula/el-arquitecto/,https://media.pillalas.com/imagenes/726afb526abffa83aa265685f6781eacb3d2a1ce9f7ae8b5cb373d34a8a32da17572eb8a.jpg,Francés Y Danés,No recomendada para menores de 12 años,Viernes 13 Marzo 2026,"Claes Bang, Sidse Babett Knudsen, Swann Arlaud, Michel Fau, Xavier Dolan","1983. El nuevo gobierno francés convoca el mayor concurso de arquitectura. Codiciado por los grandes estudios, el ganador es, sorprendentemente, un absoluto desconocido: Johan Otto von Spreckelsen, un profesor de arquitectura danés que hasta entonces sólo había construido su casa y tres pequeñas capillas."
EL ARQUITECTO,Stéphane Demoustier,107,01,18:00,2026-03-17,Renoir Princesa,https://www.pillalas.com/pase/1058974/,https://www.cinesrenoir.com/pelicula/el-arquitecto/,https://media.pillalas.com/imagenes/726afb526abffa83aa265685f6781eacb3d2a1ce9f7ae8b5cb373d34a8a32da17572eb8a.jpg,Francés Y Danés,No recomendada para menores de 12 años,Viernes 13 Marzo 2026,"Claes Bang, Sidse Babett Knudsen, Swann Arlaud, Michel Fau, Xavier Dolan","1983. El nuevo gobierno francés convoca el mayor concurso de arquitectura. Codiciado por los grandes estudios, el ganador es, sorprendentemente, un absoluto desconocido: Johan Otto von Spreckelsen, un profesor de arquitectura danés que hasta entonces sólo había construido su casa y tres pequeñas capillas."
EL ARQUITECTO,Stéphane Demoustier,107,03,22:35,2026-03-17,Renoir Princesa,https://www.pillalas.com/pase/1059074/,https://www.cinesrenoir.com/pelicula/el-arquitecto/,https://media.pillalas.com/imagenes/726afb526abffa83aa265685f6781eacb3d2a1ce9f7ae8b5cb373d34a8a32da17572eb8a.jpg,Francés Y Danés,No recomendada para menores de 12 años,Viernes 13 Marzo 2026,"Claes Bang, Sidse Babett Knudsen, Swann Arlaud, Michel Fau, Xavier Dolan","1983. El nuevo gobierno francés convoca el mayor concurso de arquitectura. Codiciado por los grandes estudios, el ganador es, sorprendentemente, un absoluto desconocido: Johan Otto von Spreckelsen, un profesor de arquitectura danés que hasta entonces sólo había construido su casa y tres pequeñas capillas."
EL MAGO DEL KREMLIN,Olivier Assayas,145,03,17:35,2026-03-17,Renoir Princesa,https://www.pillalas.com/pase/1059002/,https://www.cinesrenoir.com/pelicula/el-mago-del-kremlin/,https://media.pillalas.com/imagenes/726afb526abffa833889e44ac42f5cc54d6019702d8546ebf4550316f78770131f777f2b.jpg,Inglés,No recomendada para menores de 12 años,Viernes 6 Marzo 2026,"Paul Dano, Alicia Vikander, Jude Law, Tom Sturridge, Jeffrey Wright, Will Keen","En medio del caos postsoviético de los años 90, el joven Vadim Baranov (Paul Dano) empieza a labrarse un camino como artista y productor de televisión. Su elocuencia y conexión con las altas esferas le llevan a convertirse, de la noche a la mañana, en el asesor de un agente del KGB con un brillante porvenir: Vladimir Putin (Jude Law). Desde las entrañas del poder, ambos darán forma a la nueva Rusia, difuminando, mediante manipulación, los límites entre la verdad y la mentira."
EL MAGO DEL KREMLIN,Olivier Assayas,145,01,22:05,2026-03-17,Renoir Princesa,https://www.pillalas.com/pase/1058978/,https://www.cinesrenoir.com/pelicula/el-mago-del-kremlin/,https://media.pillalas.com/imagenes/726afb526abffa833889e44ac42f5cc54d6019702d8546ebf4550316f78770131f777f2b.jpg,Inglés,No recomendada para menores de 12 años,Viernes 6 Marzo 2026,"Paul Dano, Alicia Vikander, Jude Law, Tom Sturridge, Jeffrey Wright, Will Keen","En medio del caos postsoviético de los años 90, el joven Vadim Baranov (Paul Dano) empieza a labrarse un camino como artista y productor de televisión. Su elocuencia y conexión con las altas esferas le llevan a convertirse, de la noche a la mañana, en el asesor de un agente del KGB con un brillante porvenir: Vladimir Putin (Jude Law). Desde las entrañas del poder, ambos darán forma a la nueva Rusia, difuminando, mediante manipulación, los límites entre la verdad y la mentira."
EL TESTAMENTO DE ANN LEE,Mona Fastvold,136,08,16:10,2026-03-17,Renoir Princesa,https://www.pillalas.com/pase/1059153/,https://www.cinesrenoir.com/pelicula/el-testamento-de-ann-lee/,https://media.pillalas.com/imagenes/726afb526abffa830b789c96ee6ff3b89647f6e742111b114addcc55b2329cb2e465f4c1.jpg,Inglés,No recomendada para menores de 16 años,Viernes 13 Marzo 2026,"Amanda Seyfried, Thomasin Mckenzie, Lewis Pullman, Christopher Abbott, Tim Blake Nelson, Stacy Martin, Matthew Beard, Scott Handy, Viola Prettejohn, Jamie Bogyo, David Cale","Película en torno a la leyenda real de Ann Lee, fundadora de la secta devocional conocida como los Shakers que predicaba la igualdad de género y social y era venerada por sus seguidores."
EL TESTAMENTO DE ANN LEE,Mona Fastvold,136,08,19:00,2026-03-17,Renoir Princesa,https://www.pillalas.com/pase/1059156/,https://www.cinesrenoir.com/pelicula/el-testamento-de-ann-lee/,https://media.pillalas.com/imagenes/726afb526abffa830b789c96ee6ff3b89647f6e742111b114addcc55b2329cb2e465f4c1.jpg,Inglés,No recomendada para menores de 16 años,Viernes 13 Marzo 2026,"Amanda Seyfried, Thomasin Mckenzie, Lewis Pullman, Christopher Abbott, Tim Blake Nelson, Stacy Martin, Matthew Beard, Scott Handy, Viola Prettejohn, Jamie Bogyo, David Cale","Película en torno a la leyenda real de Ann Lee, fundadora de la secta devocional conocida como los Shakers que predicaba la igualdad de género y social y era venerada por sus seguidores."
EL TESTAMENTO DE ANN LEE,Mona Fastvold,136,08,21:50,2026-03-17,Renoir Princesa,https://www.pillalas.com/pase/1059160/,https://www.cinesrenoir.com/pelicula/el-testamento-de-ann-lee/,https://media.pillalas.com/imagenes/726afb526abffa830b789c96ee6ff3b89647f6e742111b114addcc55b2329cb2e465f4c1.jpg,Inglés,No recomendada para menores de 16 años,Viernes 13 Marzo 2026,"Amanda Seyfried, Thomasin Mckenzie, Lewis Pullman, Christopher Abbott, Tim Blake Nelson, Stacy Martin, Matthew Beard, Scott Handy, Viola Prettejohn, Jamie Bogyo, David Cale","Película en torno a la leyenda real de Ann Lee, fundadora de la secta devocional conocida como los Shakers que predicaba la igualdad de género y social y era venerada por sus seguidores."
HAMNET,Chloé Zhao,125,09,15:50,2026-03-17,Renoir Princesa,https://www.pillalas.com/pase/1059151/,https://www.cinesrenoir.com/pelicula/hamnet/,https://www.cinesrenoir.com/media/Peliculas/Cartel/HAMNET_Cartel_Digital_8Nominaciones_Oscar_YaEnCines_v2_2.jpg,Inglés,No recomendada para menores de 12 años,Viernes 23 Enero 2026,"Jessie Buckley, Paul Mescal, Joe Alwyn, Emily Watson","Año 1596, Stratford-upon-Avon, Inglaterra. La vida de Agnes transcurre plácidamente junto a su marido y sus tres hijos. Ella cultiva plantas medicinales mientras William trabaja en Londres. El destino, sin embargo, les reservará un duro golpe cuando su hijo Hamnet, de once años, muera repentinamente tras contraer la peste. A raíz de esta tragedia, su padre creará uno de los grandes personajes de la literatura universal, de nombre casi idéntico al de su hijo.


Pero esta película no habla de famosos sucesos sino de algo íntimo y olvidado: La vida de esta familia, y especialmente la de la mujer que la sostenía y que tuvo que cargar con una insoportable pérdida."
HAMNET,Chloé Zhao,125,05,17:45,2026-03-17,Renoir Princesa,https://www.pillalas.com/pase/1059065/,https://www.cinesrenoir.com/pelicula/hamnet/,https://www.cinesrenoir.com/media/Peliculas/Cartel/HAMNET_Cartel_Digital_8Nominaciones_Oscar_YaEnCines_v2_2.jpg,Inglés,No recomendada para menores de 12 años,Viernes 23 Enero 2026,"Jessie Buckley, Paul Mescal, Joe Alwyn, Emily Watson","Año 1596, Stratford-upon-Avon, Inglaterra. La vida de Agnes transcurre plácidamente junto a su marido y sus tres hijos. Ella cultiva plantas medicinales mientras William trabaja en Londres. El destino, sin embargo, les reservará un duro golpe cuando su hijo Hamnet, de once años, muera repentinamente tras contraer la peste. A raíz de esta tragedia, su padre creará uno de los grandes personajes de la literatura universal, de nombre casi idéntico al de su hijo.


Pero esta película no habla de famosos sucesos sino de algo íntimo y olvidado: La vida de esta familia, y especialmente la de la mujer que la sostenía y que tuvo que cargar con una insoportable pérdida."
HAMNET,Chloé Zhao,125,05,20:05,2026-03-17,Renoir Princesa,https://www.pillalas.com/pase/1059068/,https://www.cinesrenoir.com/pelicula/hamnet/,https://www.cinesrenoir.com/media/Peliculas/Cartel/HAMNET_Cartel_Digital_8Nominaciones_Oscar_YaEnCines_v2_2.jpg,Inglés,No recomendada para menores de 12 años,Viernes 23 Enero 2026,"Jessie Buckley, Paul Mescal, Joe Alwyn, Emily Watson","Año 1596, Stratford-upon-Avon, Inglaterra. La vida de Agnes transcurre plácidamente junto a su marido y sus tres hijos. Ella cultiva plantas medicinales mientras William trabaja en Londres. El destino, sin embargo, les reservará un duro golpe cuando su hijo Hamnet, de once años, muera repentinamente tras contraer la peste. A raíz de esta tragedia, su padre creará uno de los grandes personajes de la literatura universal, de nombre casi idéntico al de su hijo.


Pero esta película no habla de famosos sucesos sino de algo íntimo y olvidado: La vida de esta familia, y especialmente la de la mujer que la sostenía y que tuvo que cargar con una insoportable pérdida."
HAMNET,Chloé Zhao,125,05,22:25,2026-03-17,Renoir Princesa,https://www.pillalas.com/pase/1059072/,https://www.cinesrenoir.com/pelicula/hamnet/,https://www.cinesrenoir.com/media/Peliculas/Cartel/HAMNET_Cartel_Digital_8Nominaciones_Oscar_YaEnCines_v2_2.jpg,Inglés,No recomendada para menores de 12 años,Viernes 23 Enero 2026,"Jessie Buckley, Paul Mescal, Joe Alwyn, Emily Watson","Año 1596, Stratford-upon-Avon, Inglaterra. La vida de Agnes transcurre plácidamente junto a su marido y sus tres hijos. Ella cultiva plantas medicinales mientras William trabaja en Londres. El destino, sin embargo, les reservará un duro golpe cuando su hijo Hamnet, de once años, muera repentinamente tras contraer la peste. A raíz de esta tragedia, su padre creará uno de los grandes personajes de la literatura universal, de nombre casi idéntico al de su hijo.


Pero esta película no habla de famosos sucesos sino de algo íntimo y olvidado: La vida de esta familia, y especialmente la de la mujer que la sostenía y que tuvo que cargar con una insoportable pérdida."
LA FIERA DE MI NIÑA [WILDER CINEMA],Howard Hawks,102,01,20:00,2026-03-17,Renoir Princesa,https://www.pillalas.com/pase/1059749/,https://www.cinesrenoir.com/pelicula/la-fiera-de-mi-nina-wilder-cinema/,https://media.pillalas.com/imagenes/726afb526abffa8337e19277d56186ba385dc8f77d766c71864a9481a51d8dd84f251b90.jpg,Inglés,Pendiente de calificación,Martes 17 Marzo 2026,"Katharine Hepburn, Cary Grant, Charles Ruggles, May Robson, Walter Catlett, Barry Fitzgerald, Fritz Feld, Leona Roberts","Comedia clásica en estado de gracia, La fiera de mi niña es una lección de ritmo, caos y sofisticación. Howard Hawks firma una screwball comedy perfecta, donde Katharine Hepburn y Cary Grant se entregan a un duelo interpretativo brillante y desatado. Diálogos afilados, situaciones absurdas y una energía imparable convierten la película en un referente del humor cinematográfico. Un clásico atemporal que sigue siendo tan moderno y divertido como el primer día.“Una comedia perfecta.” — El País“Ritmo y brillantez absoluta.” — Fotogramas“Un manual de cómo hacer reír.” — Cinemanía“Screwball comedy en su máxima expresión.” — The Guardian“Irresistible de principio a fin.” — Sight & Sound"
LOS DOMINGOS,Alauda Ruiz De Azúa,115,06,15:50,2026-03-17,Renoir Princesa,https://www.pillalas.com/pase/1059061/,https://www.cinesrenoir.com/pelicula/los-domingos/,https://www.cinesrenoir.com/media/Peliculas/Cartel/los_domingos_poster.jpg,Castellano,No recomendada para menores de 12 años,Viernes 24 Octubre 2025,"Patricia López Arnaiz, Blanca Soroa, Miguel Garcés, Juan Minujín, Mabel Rivera, Nagore Aramburu","'Los domingos' cuenta la historia de Ainara (Soroa), una joven idealista y brillante de 17 años que ha de decidir qué carrera universitaria estudiará. O, al menos, eso espera su familia que haga. Sin embargo, la joven manifiesta que se siente cada vez más cerca de Dios y que se plantea abrazar la vida de monja de clausura. La noticia pilla por sorpresa a toda la familia provocando un abismo y una prueba de fuego para todos."
LOS DOMINGOS,Alauda Ruiz De Azúa,115,06,18:00,2026-03-17,Renoir Princesa,https://www.pillalas.com/pase/1059066/,https://www.cinesrenoir.com/pelicula/los-domingos/,https://www.cinesrenoir.com/media/Peliculas/Cartel/los_domingos_poster.jpg,Castellano,No recomendada para menores de 12 años,Viernes 24 Octubre 2025,"Patricia López Arnaiz, Blanca Soroa, Miguel Garcés, Juan Minujín, Mabel Rivera, Nagore Aramburu","'Los domingos' cuenta la historia de Ainara (Soroa), una joven idealista y brillante de 17 años que ha de decidir qué carrera universitaria estudiará. O, al menos, eso espera su familia que haga. Sin embargo, la joven manifiesta que se siente cada vez más cerca de Dios y que se plantea abrazar la vida de monja de clausura. La noticia pilla por sorpresa a toda la familia provocando un abismo y una prueba de fuego para todos."
LOS DOMINGOS,Alauda Ruiz De Azúa,115,06,20:15,2026-03-17,Renoir Princesa,https://www.pillalas.com/pase/1059069/,https://www.cinesrenoir.com/pelicula/los-domingos/,https://www.cinesrenoir.com/media/Peliculas/Cartel/los_domingos_poster.jpg,Castellano,No recomendada para menores de 12 años,Viernes 24 Octubre 2025,"Patricia López Arnaiz, Blanca Soroa, Miguel Garcés, Juan Minujín, Mabel Rivera, Nagore Aramburu","'Los domingos' cuenta la historia de Ainara (Soroa), una joven idealista y brillante de 17 años que ha de decidir qué carrera universitaria estudiará. O, al menos, eso espera su familia que haga. Sin embargo, la joven manifiesta que se siente cada vez más cerca de Dios y que se plantea abrazar la vida de monja de clausura. La noticia pilla por sorpresa a toda la familia provocando un abismo y una prueba de fuego para todos."
LOS DOMINGOS,Alauda Ruiz De Azúa,115,02,22:30,2026-03-17,Renoir Princesa,https://www.pillalas.com/pase/1058979/,https://www.cinesrenoir.com/pelicula/los-domingos/,https://www.cinesrenoir.com/media/Peliculas/Cartel/los_domingos_poster.jpg,Castellano,No recomendada para menores de 12 años,Viernes 24 Octubre 2025,"Patricia López Arnaiz, Blanca Soroa, Miguel Garcés, Juan Minujín, Mabel Rivera, Nagore Aramburu","'Los domingos' cuenta la historia de Ainara (Soroa), una joven idealista y brillante de 17 años que ha de decidir qué carrera universitaria estudiará. O, al menos, eso espera su familia que haga. Sin embargo, la joven manifiesta que se siente cada vez más cerca de Dios y que se plantea abrazar la vida de monja de clausura. La noticia pilla por sorpresa a toda la familia provocando un abismo y una prueba de fuego para todos."
MARTY SUPREME,Josh Safdie,149,07,21:45,2026-03-17,Renoir Princesa,https://www.pillalas.com/pase/1059159/,https://www.cinesrenoir.com/pelicula/marty-supreme/,https://media.pillalas.com/imagenes/726afb526abffa83215ea8a89c8894fb1ac44e6c3b86faba19f84e195b42d541304dcb79.jpg,Inglés,No recomendada para menores de 16 años,Viernes 30 Enero 2026,"Timothee Chalamet, Gwyneth Paltrow, Odessa A Zion, Sandra Bernhard, Fran Drescher, Abel Ferrara, Spenser Granese, Tyler The Creator, Penn Jillette, Kevin O Leary","Marty Mauser (Timothée Chalamet), un joven con una ambición desmesurada, está dispuesto a todo para cumplir su sueño. Con ayuda, entre otros, de la estrella de cine Carol Dunne (Gwyneth Paltrow) demostrará al mundo entero su grandeza."
NO TE QUEDA OTRA,Jean-Pierre Améris,90,03,15:50,2026-03-17,Renoir Princesa,https://www.pillalas.com/pase/1058971/,https://www.cinesrenoir.com/pelicula/no-te-queda-otra/,https://media.pillalas.com/imagenes/726afb526abffa83946608f50c40556b93665fbfe289c14f4d351f64f9153b0ff4a09de7.jpg,Francés,No recomendada para menores de 12 años,Viernes 13 Marzo 2026,"Valérie Lemercier, Gérard Darmon, Patrick Timsit, Alice De Lencquesaing, Aurélien Cavagna, Eric Viellard, Sophie Mounicot, François Berland, Nicole Dubois","En un tren a Ginebra, Victoire, una pasajera entrometida, se cruza con Antoine Toussaint, su ídolo, una gran estrella de la canción francesa. Entre él, que quiere poner fin a su vida, y ella, desbordante de energía, el encuentro será explosivo."
NO TE QUEDA OTRA,Jean-Pierre Améris,90,10,18:00,2026-03-17,Renoir Princesa,https://www.pillalas.com/pase/1059154/,https://www.cinesrenoir.com/pelicula/no-te-queda-otra/,https://media.pillalas.com/imagenes/726afb526abffa83946608f50c40556b93665fbfe289c14f4d351f64f9153b0ff4a09de7.jpg,Francés,No recomendada para menores de 12 años,Viernes 13 Marzo 2026,"Valérie Lemercier, Gérard Darmon, Patrick Timsit, Alice De Lencquesaing, Aurélien Cavagna, Eric Viellard, Sophie Mounicot, François Berland, Nicole Dubois","En un tren a Ginebra, Victoire, una pasajera entrometida, se cruza con Antoine Toussaint, su ídolo, una gran estrella de la canción francesa. Entre él, que quiere poner fin a su vida, y ella, desbordante de energía, el encuentro será explosivo."
PILLION,Harry Lighton,106,10,16:00,2026-03-17,Renoir Princesa,https://www.pillalas.com/pase/1059152/,https://www.cinesrenoir.com/pelicula/pillion/,https://www.cinesrenoir.com/media/Peliculas/Cartel/POSTER_2_3_web_1_1_1.png,Inglés,No recomendada para menores de 16 años,Viernes 6 Marzo 2026,"Harry Melling, Alexander Skarsgård, Lesley Sharp, Douglas Hodge","Colin, un chico introvertido, se queda prendado de Ray, el carismático y atractivo líder de una banda de moteros que le toma como su sumiso, dinamitando su rutina y cambiándole la vida."
PILLION,Harry Lighton,106,11,18:20,2026-03-17,Renoir Princesa,https://www.pillalas.com/pase/1059208/,https://www.cinesrenoir.com/pelicula/pillion/,https://www.cinesrenoir.com/media/Peliculas/Cartel/POSTER_2_3_web_1_1_1.png,Inglés,No recomendada para menores de 16 años,Viernes 6 Marzo 2026,"Harry Melling, Alexander Skarsgård, Lesley Sharp, Douglas Hodge","Colin, un chico introvertido, se queda prendado de Ray, el carismático y atractivo líder de una banda de moteros que le toma como su sumiso, dinamitando su rutina y cambiándole la vida."
PILLION,Harry Lighton,106,11,20:20,2026-03-17,Renoir Princesa,https://www.pillalas.com/pase/1059210/,https://www.cinesrenoir.com/pelicula/pillion/,https://www.cinesrenoir.com/media/Peliculas/Cartel/POSTER_2_3_web_1_1_1.png,Inglés,No recomendada para menores de 16 años,Viernes 6 Marzo 2026,"Harry Melling, Alexander Skarsgård, Lesley Sharp, Douglas Hodge","Colin, un chico introvertido, se queda prendado de Ray, el carismático y atractivo líder de una banda de moteros que le toma como su sumiso, dinamitando su rutina y cambiándole la vida."
PILLION,Harry Lighton,106,10,22:15,2026-03-17,Renoir Princesa,https://www.pillalas.com/pase/1059162/,https://www.cinesrenoir.com/pelicula/pillion/,https://www.cinesrenoir.com/media/Peliculas/Cartel/POSTER_2_3_web_1_1_1.png,Inglés,No recomendada para menores de 16 años,Viernes 6 Marzo 2026,"Harry Melling, Alexander Skarsgård, Lesley Sharp, Douglas Hodge","Colin, un chico introvertido, se queda prendado de Ray, el carismático y atractivo líder de una banda de moteros que le toma como su sumiso, dinamitando su rutina y cambiándole la vida."
SIRAT,Óliver Laxe,120,07,19:20,2026-03-17,Renoir Princesa,https://www.pillalas.com/pase/1059157/,https://www.cinesrenoir.com/pelicula/sirat/,https://www.cinesrenoir.com/media/Peliculas/Cartel/SIRAT_ONLINE_GOYAOSCARS.jpg,Castellano Y Otros,No recomendada para menores de 16 años,Viernes 6 Junio 2025,"Sergi López, Bruno Núñez, Stefania Gadda, Joshua Liam Herderson, Tonin Javier, Jade Ouki, Richard Bellamyun","Un hombre (López) y su hijo (Nuñez) llegan a una rave perdida en medio de las áridas y fantasmagóricas montañas del sur de Marruecos. Buscan allí a Mar, su hija y hermana, desaparecida hace meses en una de estas fiestas sin amanecer. Reparten una y otra vez su foto rodeados de música electrónica y de un tipo de libertad que desconocen. Empujados por el destino, y con la esperanza de encontrar ahí a Mar, deciden seguir a un grupo de raveros hacia la última fiesta que se celebrará en el desierto."
TORRENTE PRESIDENTE,Santiago Segura,103,05,15:50,2026-03-17,Renoir Princesa,https://www.pillalas.com/pase/1059062/,https://www.cinesrenoir.com/pelicula/torrente-presidente/,https://media.pillalas.com/imagenes/726afb526abffa833959064cfd7281470c1bc6e93898ef816ae1b9fbc91762414af28cc7.jpg,Castellano,No recomendada para menores de 16 años,Viernes 13 Marzo 2026,"Santiago Segura, Leo Harlem, Ramón Langa",Sexta entrega de Torrente.
TORRENTE PRESIDENTE,Santiago Segura,103,09,18:10,2026-03-17,Renoir Princesa,https://www.pillalas.com/pase/1059155/,https://www.cinesrenoir.com/pelicula/torrente-presidente/,https://media.pillalas.com/imagenes/726afb526abffa833959064cfd7281470c1bc6e93898ef816ae1b9fbc91762414af28cc7.jpg,Castellano,No recomendada para menores de 16 años,Viernes 13 Marzo 2026,"Santiago Segura, Leo Harlem, Ramón Langa",Sexta entrega de Torrente.
TORRENTE PRESIDENTE,Santiago Segura,103,09,20:10,2026-03-17,Renoir Princesa,https://www.pillalas.com/pase/1059158/,https://www.cinesrenoir.com/pelicula/torrente-presidente/,https://media.pillalas.com/imagenes/726afb526abffa833959064cfd7281470c1bc6e93898ef816ae1b9fbc91762414af28cc7.jpg,Castellano,No recomendada para menores de 16 años,Viernes 13 Marzo 2026,"Santiago Segura, Leo Harlem, Ramón Langa",Sexta entrega de Torrente.
TORRENTE PRESIDENTE,Santiago Segura,103,11,22:20,2026-03-17,Renoir Princesa,https://www.pillalas.com/pase/1059211/,https://www.cinesrenoir.com/pelicula/torrente-presidente/,https://media.pillalas.com/imagenes/726afb526abffa833959064cfd7281470c1bc6e93898ef816ae1b9fbc91762414af28cc7.jpg,Castellano,No recomendada para menores de 16 años,Viernes 13 Marzo 2026,"Santiago Segura, Leo Harlem, Ramón Langa",Sexta entrega de Torrente.
TRES ADIOSES,Isabel Coixet,122,02,15:50,2026-03-17,Renoir Princesa,https://www.pillalas.com/pase/1058972/,https://www.cinesrenoir.com/pelicula/tres-adioses/,https://media.pillalas.com/imagenes/726afb526abffa832ea2a44a189894de905fc7e94534a8bf4ef6bf13e5ccdfe90922c22e.jpg,Italiano,No recomendada para menores de 12 años,Viernes 6 Febrero 2026,"Alba Rohrwacher, Elio Germano, Francesco Carril, Silvia D Amico, Galatea Bellugi, Sarita Choudhury","Tras lo que parecía una discusión sin importancia, Marta (Alba Rohrwacher) y Antonio (Elio Germano) se separan. Él, un chef prometedor, se refugia en sus fogones; ella, en su silencio, empieza a notar algo más que tristeza: ha perdido el apetito… y no solo por desamor. Cuando descubre que detrás hay un problema de salud, todo da un giro inesperado: la comida sabe mejor, la música le llega como nunca y el deseo despierta sus ganas de vivir sin miedo.
Una historia sobre el amor, la vida y esos momentos que lo cambian todo para siempre."
TRES ADIOSES,Isabel Coixet,122,02,18:05,2026-03-17,Renoir Princesa,https://www.pillalas.com/pase/1058975/,https://www.cinesrenoir.com/pelicula/tres-adioses/,https://media.pillalas.com/imagenes/726afb526abffa832ea2a44a189894de905fc7e94534a8bf4ef6bf13e5ccdfe90922c22e.jpg,Italiano,No recomendada para menores de 12 años,Viernes 6 Febrero 2026,"Alba Rohrwacher, Elio Germano, Francesco Carril, Silvia D Amico, Galatea Bellugi, Sarita Choudhury","Tras lo que parecía una discusión sin importancia, Marta (Alba Rohrwacher) y Antonio (Elio Germano) se separan. Él, un chef prometedor, se refugia en sus fogones; ella, en su silencio, empieza a notar algo más que tristeza: ha perdido el apetito… y no solo por desamor. Cuando descubre que detrás hay un problema de salud, todo da un giro inesperado: la comida sabe mejor, la música le llega como nunca y el deseo despierta sus ganas de vivir sin miedo.
Una historia sobre el amor, la vida y esos momentos que lo cambian todo para siempre."
TRES ADIOSES,Isabel Coixet,122,02,20:20,2026-03-17,Renoir Princesa,https://www.pillalas.com/pase/1058977/,https://www.cinesrenoir.com/pelicula/tres-adioses/,https://media.pillalas.com/imagenes/726afb526abffa832ea2a44a189894de905fc7e94534a8bf4ef6bf13e5ccdfe90922c22e.jpg,Italiano,No recomendada para menores de 12 años,Viernes 6 Febrero 2026,"Alba Rohrwacher, Elio Germano, Francesco Carril, Silvia D Amico, Galatea Bellugi, Sarita Choudhury","Tras lo que parecía una discusión sin importancia, Marta (Alba Rohrwacher) y Antonio (Elio Germano) se separan. Él, un chef prometedor, se refugia en sus fogones; ella, en su silencio, empieza a notar algo más que tristeza: ha perdido el apetito… y no solo por desamor. Cuando descubre que detrás hay un problema de salud, todo da un giro inesperado: la comida sabe mejor, la música le llega como nunca y el deseo despierta sus ganas de vivir sin miedo.
Una historia sobre el amor, la vida y esos momentos que lo cambian todo para siempre."
UNA BATALLA TRAS OTRA,Paul Thomas Anderson,161,07,16:00,2026-03-17,Renoir Princesa,https://www.pillalas.com/pase/1059063/,https://www.cinesrenoir.com/pelicula/una-batalla-tras-otra/,https://media.pillalas.com/imagenes/726afb526abffa83067d351656e3959d62491a4b950d2e053e036c244c54d5060d7521c0.jpg,Inglés,No recomendada para menores de 16 años,Viernes 26 Septiembre 2025,"Leonardo Dicaprio, Sean Penn, Benicio Del Toro, Regina Hall, Teyana Taylor, Wood Harris, Alana Haim, Shayna Mchayle, Chase Infiniti, Starletta Dupois, Joe Silva, Eric Schweig, Tony Goldwyn, James Downey, John Hoogenakker, Kevin Tighe, D.W. Moffett, James Raterman","Cuando su malvado enemigo resurge después de 16 años, una banda de exrevolucionarios se reúne para rescatar a la hija de uno de los suyos, encarnado por Leonardo DiCaprio. Adaptación de la novela 'Vineland', de Thomas Pynchon, escrita en 1990, sobre los movimientos radicales de los años sesenta."
¡LA NOVIA!,Maggie Gyllenhaal,126,03,20:15,2026-03-17,Renoir Princesa,https://www.pillalas.com/pase/1059070/,https://www.cinesrenoir.com/pelicula/la-novia/,https://media.pillalas.com/imagenes/726afb526abffa834d5e9976411fdc20e28407e451a89b449da3736e5440bebb2e35bc4c.jpg,Inglés,No recomendada para menores de 16 años y distintivo especialmente recomendada para el fomento de la igualdad de género,Viernes 6 Marzo 2026,"Jessie Buckley, Christian Bale, Peter Sarsgaard, Annette Bening, Penelope Cruz, Jake Gyllenhaal, Julianne Hough, Louis Cancelmi, John Magaro, Linda Emond, Jeannie Berlin, Matthew Maher","En el Chicago de los años 30, un solitario Frankenstein pide la ayuda del Dr. Euphronius para crearse una compañera. Los dos resucitan a una joven asesinada y en ese momento nace la Novia, quien irá más allá de lo que cualquiera de los dos pretendía, encendiendo un romance apasionado, la atención de la policía y un movimiento social salvaje y radical."
¡LA NOVIA!,Maggie Gyllenhaal,126,06,22:30,2026-03-17,Renoir Princesa,https://www.pillalas.com/pase/1059073/,https://www.cinesrenoir.com/pelicula/la-novia/,https://media.pillalas.com/imagenes/726afb526abffa834d5e9976411fdc20e28407e451a89b449da3736e5440bebb2e35bc4c.jpg,Inglés,No recomendada para menores de 16 años y distintivo especialmente recomendada para el fomento de la igualdad de género,Viernes 6 Marzo 2026,"Jessie Buckley, Christian Bale, Peter Sarsgaard, Annette Bening, Penelope Cruz, Jake Gyllenhaal, Julianne Hough, Louis Cancelmi, John Magaro, Linda Emond, Jeannie Berlin, Matthew Maher","En el Chicago de los años 30, un solitario Frankenstein pide la ayuda del Dr. Euphronius para crearse una compañera. Los dos resucitan a una joven asesinada y en ese momento nace la Novia, quien irá más allá de lo que cualquiera de los dos pretendía, encendiendo un romance apasionado, la atención de la policía y un movimiento social salvaje y radical."
CLÁSICOS AL DETALLE – TALLER DE ANÁLISIS FÍLMICO Y METACINE SOBRE BUÑUEL PROVOCADOR [RENOIR],Jl & Bea,270,03,10:00,2026-03-18,Renoir Princesa,https://www.pillalas.com/pase/1058633/,https://www.cinesrenoir.com/pelicula/clasicos-al-detalle-taller-de-analisis-filmico-y-metacine-sobre-bunuel-provocador-renoir/,https://media.pillalas.com/imagenes/726afb526abffa83a5fa04013515a412554af0f57629db82d28a5dfcb9fb6752c028c02b.jpg,Castellano,Pendiente de calificación,Miércoles 18 Marzo 2026,Jl & Bea,"Los CINES RENOIR acogen unos talleres en los que poder analizar, diseccionar y comentar algunos temas clásicos de la historia del cine de forma innovadora y original. Se trata de una inmersión, analizando y diseccionando de forma participativa, algunos de los grandes temas y películas de todos los tiempos. Ideal para cinéfilos y cinéfilas que quieran conocer y analizar cine clásico al detalle, disfrutando y aprendiendo del cine desde el propio cine."
CUMBRES BORRASCOSAS,Emerald Fennell,135,11,15:50,2026-03-18,Renoir Princesa,https://www.pillalas.com/pase/1059212/,https://www.cinesrenoir.com/pelicula/cumbres-borrascosas/,https://media.pillalas.com/imagenes/726afb526abffa83abe8577deb3c0674bd352fd2b0500497b1d5570f2dd570487210fc4e.jpg,Inglés,No recomendada para menores de 16 años,Viernes 13 Febrero 2026,"Margot Robbie, Jacob Elordi, Hong Chau, Alison Oliver, Owen Cooper, Shazad Latif, Martin Clunes, Ewan Mitchell, Amy Morgan, Jessica Knappett, Charlotte Mellington, Vy Nguyen","Adaptada a todo tipo de formatos en multitud de ocasiones, se trata de una trágica historia de pasiones encontradas en la Inglaterra rural más conservadora. Una historia de venganza y odio, de pasiones desatadas y amores desesperados que van más allá de la muerte ambientada en los brumosos y sombríos páramos de Yorkshire, al norte de Inglaterra."
CUMBRES BORRASCOSAS,Emerald Fennell,135,10,19:45,2026-03-18,Renoir Princesa,https://www.pillalas.com/pase/1059214/,https://www.cinesrenoir.com/pelicula/cumbres-borrascosas/,https://media.pillalas.com/imagenes/726afb526abffa83abe8577deb3c0674bd352fd2b0500497b1d5570f2dd570487210fc4e.jpg,Inglés,No recomendada para menores de 16 años,Viernes 13 Febrero 2026,"Margot Robbie, Jacob Elordi, Hong Chau, Alison Oliver, Owen Cooper, Shazad Latif, Martin Clunes, Ewan Mitchell, Amy Morgan, Jessica Knappett, Charlotte Mellington, Vy Nguyen","Adaptada a todo tipo de formatos en multitud de ocasiones, se trata de una trágica historia de pasiones encontradas en la Inglaterra rural más conservadora. Una historia de venganza y odio, de pasiones desatadas y amores desesperados que van más allá de la muerte ambientada en los brumosos y sombríos páramos de Yorkshire, al norte de Inglaterra."
CUMBRES BORRASCOSAS,Emerald Fennell,135,09,22:10,2026-03-18,Renoir Princesa,https://www.pillalas.com/pase/1059173/,https://www.cinesrenoir.com/pelicula/cumbres-borrascosas/,https://media.pillalas.com/imagenes/726afb526abffa83abe8577deb3c0674bd352fd2b0500497b1d5570f2dd570487210fc4e.jpg,Inglés,No recomendada para menores de 16 años,Viernes 13 Febrero 2026,"Margot Robbie, Jacob Elordi, Hong Chau, Alison Oliver, Owen Cooper, Shazad Latif, Martin Clunes, Ewan Mitchell, Amy Morgan, Jessica Knappett, Charlotte Mellington, Vy Nguyen","Adaptada a todo tipo de formatos en multitud de ocasiones, se trata de una trágica historia de pasiones encontradas en la Inglaterra rural más conservadora. Una historia de venganza y odio, de pasiones desatadas y amores desesperados que van más allá de la muerte ambientada en los brumosos y sombríos páramos de Yorkshire, al norte de Inglaterra."
EL AGENTE SECRETO,Kleber Mendonça Filho,160,04,16:00,2026-03-18,Renoir Princesa,https://www.pillalas.com/pase/1059077/,https://www.cinesrenoir.com/pelicula/el-agente-secreto/,https://media.pillalas.com/imagenes/726afb526abffa83bdba0b90e98cf11293bcd8b9c8be1af817aa6c045cd8f479730f7511.jpg,Portugués,No recomendada para menores de 16 años,Viernes 20 Febrero 2026,"Wagner Moura, Gabriel Leone, Udo Kier, Maria Fernanda Cândido","1977. En un Brasil atormentado por la dictadura militar, Marcelo, un cuarentón que huye de un pasado turbulento, llega a la ciudad de Recife, donde espera construir una nueva vida y reencontrarse con su hijo. Todo se complica cuando descubre que las fuerzas gubernamentales le persiguen y las amenazas de muerte se ciernen sobre su cabeza."
EL AGENTE SECRETO,Kleber Mendonça Filho,160,04,18:55,2026-03-18,Renoir Princesa,https://www.pillalas.com/pase/1059081/,https://www.cinesrenoir.com/pelicula/el-agente-secreto/,https://media.pillalas.com/imagenes/726afb526abffa83bdba0b90e98cf11293bcd8b9c8be1af817aa6c045cd8f479730f7511.jpg,Portugués,No recomendada para menores de 16 años,Viernes 20 Febrero 2026,"Wagner Moura, Gabriel Leone, Udo Kier, Maria Fernanda Cândido","1977. En un Brasil atormentado por la dictadura militar, Marcelo, un cuarentón que huye de un pasado turbulento, llega a la ciudad de Recife, donde espera construir una nueva vida y reencontrarse con su hijo. Todo se complica cuando descubre que las fuerzas gubernamentales le persiguen y las amenazas de muerte se ciernen sobre su cabeza."
EL AGENTE SECRETO,Kleber Mendonça Filho,160,04,21:50,2026-03-18,Renoir Princesa,https://www.pillalas.com/pase/1059085/,https://www.cinesrenoir.com/pelicula/el-agente-secreto/,https://media.pillalas.com/imagenes/726afb526abffa83bdba0b90e98cf11293bcd8b9c8be1af817aa6c045cd8f479730f7511.jpg,Portugués,No recomendada para menores de 16 años,Viernes 20 Febrero 2026,"Wagner Moura, Gabriel Leone, Udo Kier, Maria Fernanda Cândido","1977. En un Brasil atormentado por la dictadura militar, Marcelo, un cuarentón que huye de un pasado turbulento, llega a la ciudad de Recife, donde espera construir una nueva vida y reencontrarse con su hijo. Todo se complica cuando descubre que las fuerzas gubernamentales le persiguen y las amenazas de muerte se ciernen sobre su cabeza."
EL ARQUITECTO,Stéphane Demoustier,107,01,16:00,2026-03-18,Renoir Princesa,https://www.pillalas.com/pase/1058982/,https://www.cinesrenoir.com/pelicula/el-arquitecto/,https://media.pillalas.com/imagenes/726afb526abffa83aa265685f6781eacb3d2a1ce9f7ae8b5cb373d34a8a32da17572eb8a.jpg,Francés Y Danés,No recomendada para menores de 12 años,Viernes 13 Marzo 2026,"Claes Bang, Sidse Babett Knudsen, Swann Arlaud, Michel Fau, Xavier Dolan","1983. El nuevo gobierno francés convoca el mayor concurso de arquitectura. Codiciado por los grandes estudios, el ganador es, sorprendentemente, un absoluto desconocido: Johan Otto von Spreckelsen, un profesor de arquitectura danés que hasta entonces sólo había construido su casa y tres pequeñas capillas."
EL ARQUITECTO,Stéphane Demoustier,107,01,18:00,2026-03-18,Renoir Princesa,https://www.pillalas.com/pase/1058983/,https://www.cinesrenoir.com/pelicula/el-arquitecto/,https://media.pillalas.com/imagenes/726afb526abffa83aa265685f6781eacb3d2a1ce9f7ae8b5cb373d34a8a32da17572eb8a.jpg,Francés Y Danés,No recomendada para menores de 12 años,Viernes 13 Marzo 2026,"Claes Bang, Sidse Babett Knudsen, Swann Arlaud, Michel Fau, Xavier Dolan","1983. El nuevo gobierno francés convoca el mayor concurso de arquitectura. Codiciado por los grandes estudios, el ganador es, sorprendentemente, un absoluto desconocido: Johan Otto von Spreckelsen, un profesor de arquitectura danés que hasta entonces sólo había construido su casa y tres pequeñas capillas."
EL ARQUITECTO,Stéphane Demoustier,107,01,20:05,2026-03-18,Renoir Princesa,https://www.pillalas.com/pase/1058985/,https://www.cinesrenoir.com/pelicula/el-arquitecto/,https://media.pillalas.com/imagenes/726afb526abffa83aa265685f6781eacb3d2a1ce9f7ae8b5cb373d34a8a32da17572eb8a.jpg,Francés Y Danés,No recomendada para menores de 12 años,Viernes 13 Marzo 2026,"Claes Bang, Sidse Babett Knudsen, Swann Arlaud, Michel Fau, Xavier Dolan","1983. El nuevo gobierno francés convoca el mayor concurso de arquitectura. Codiciado por los grandes estudios, el ganador es, sorprendentemente, un absoluto desconocido: Johan Otto von Spreckelsen, un profesor de arquitectura danés que hasta entonces sólo había construido su casa y tres pequeñas capillas."
EL ARQUITECTO,Stéphane Demoustier,107,03,22:35,2026-03-18,Renoir Princesa,https://www.pillalas.com/pase/1059088/,https://www.cinesrenoir.com/pelicula/el-arquitecto/,https://media.pillalas.com/imagenes/726afb526abffa83aa265685f6781eacb3d2a1ce9f7ae8b5cb373d34a8a32da17572eb8a.jpg,Francés Y Danés,No recomendada para menores de 12 años,Viernes 13 Marzo 2026,"Claes Bang, Sidse Babett Knudsen, Swann Arlaud, Michel Fau, Xavier Dolan","1983. El nuevo gobierno francés convoca el mayor concurso de arquitectura. Codiciado por los grandes estudios, el ganador es, sorprendentemente, un absoluto desconocido: Johan Otto von Spreckelsen, un profesor de arquitectura danés que hasta entonces sólo había construido su casa y tres pequeñas capillas."
EL MAGO DEL KREMLIN,Olivier Assayas,145,03,17:35,2026-03-18,Renoir Princesa,https://www.pillalas.com/pase/1059003/,https://www.cinesrenoir.com/pelicula/el-mago-del-kremlin/,https://media.pillalas.com/imagenes/726afb526abffa833889e44ac42f5cc54d6019702d8546ebf4550316f78770131f777f2b.jpg,Inglés,No recomendada para menores de 12 años,Viernes 6 Marzo 2026,"Paul Dano, Alicia Vikander, Jude Law, Tom Sturridge, Jeffrey Wright, Will Keen","En medio del caos postsoviético de los años 90, el joven Vadim Baranov (Paul Dano) empieza a labrarse un camino como artista y productor de televisión. Su elocuencia y conexión con las altas esferas le llevan a convertirse, de la noche a la mañana, en el asesor de un agente del KGB con un brillante porvenir: Vladimir Putin (Jude Law). Desde las entrañas del poder, ambos darán forma a la nueva Rusia, difuminando, mediante manipulación, los límites entre la verdad y la mentira."
EL MAGO DEL KREMLIN,Olivier Assayas,145,01,22:05,2026-03-18,Renoir Princesa,https://www.pillalas.com/pase/1058987/,https://www.cinesrenoir.com/pelicula/el-mago-del-kremlin/,https://media.pillalas.com/imagenes/726afb526abffa833889e44ac42f5cc54d6019702d8546ebf4550316f78770131f777f2b.jpg,Inglés,No recomendada para menores de 12 años,Viernes 6 Marzo 2026,"Paul Dano, Alicia Vikander, Jude Law, Tom Sturridge, Jeffrey Wright, Will Keen","En medio del caos postsoviético de los años 90, el joven Vadim Baranov (Paul Dano) empieza a labrarse un camino como artista y productor de televisión. Su elocuencia y conexión con las altas esferas le llevan a convertirse, de la noche a la mañana, en el asesor de un agente del KGB con un brillante porvenir: Vladimir Putin (Jude Law). Desde las entrañas del poder, ambos darán forma a la nueva Rusia, difuminando, mediante manipulación, los límites entre la verdad y la mentira."
EL TESTAMENTO DE ANN LEE,Mona Fastvold,136,08,16:10,2026-03-18,Renoir Princesa,https://www.pillalas.com/pase/1059165/,https://www.cinesrenoir.com/pelicula/el-testamento-de-ann-lee/,https://media.pillalas.com/imagenes/726afb526abffa830b789c96ee6ff3b89647f6e742111b114addcc55b2329cb2e465f4c1.jpg,Inglés,No recomendada para menores de 16 años,Viernes 13 Marzo 2026,"Amanda Seyfried, Thomasin Mckenzie, Lewis Pullman, Christopher Abbott, Tim Blake Nelson, Stacy Martin, Matthew Beard, Scott Handy, Viola Prettejohn, Jamie Bogyo, David Cale","Película en torno a la leyenda real de Ann Lee, fundadora de la secta devocional conocida como los Shakers que predicaba la igualdad de género y social y era venerada por sus seguidores."
EL TESTAMENTO DE ANN LEE,Mona Fastvold,136,08,19:00,2026-03-18,Renoir Princesa,https://www.pillalas.com/pase/1059168/,https://www.cinesrenoir.com/pelicula/el-testamento-de-ann-lee/,https://media.pillalas.com/imagenes/726afb526abffa830b789c96ee6ff3b89647f6e742111b114addcc55b2329cb2e465f4c1.jpg,Inglés,No recomendada para menores de 16 años,Viernes 13 Marzo 2026,"Amanda Seyfried, Thomasin Mckenzie, Lewis Pullman, Christopher Abbott, Tim Blake Nelson, Stacy Martin, Matthew Beard, Scott Handy, Viola Prettejohn, Jamie Bogyo, David Cale","Película en torno a la leyenda real de Ann Lee, fundadora de la secta devocional conocida como los Shakers que predicaba la igualdad de género y social y era venerada por sus seguidores."
EL TESTAMENTO DE ANN LEE,Mona Fastvold,136,08,21:50,2026-03-18,Renoir Princesa,https://www.pillalas.com/pase/1059172/,https://www.cinesrenoir.com/pelicula/el-testamento-de-ann-lee/,https://media.pillalas.com/imagenes/726afb526abffa830b789c96ee6ff3b89647f6e742111b114addcc55b2329cb2e465f4c1.jpg,Inglés,No recomendada para menores de 16 años,Viernes 13 Marzo 2026,"Amanda Seyfried, Thomasin Mckenzie, Lewis Pullman, Christopher Abbott, Tim Blake Nelson, Stacy Martin, Matthew Beard, Scott Handy, Viola Prettejohn, Jamie Bogyo, David Cale","Película en torno a la leyenda real de Ann Lee, fundadora de la secta devocional conocida como los Shakers que predicaba la igualdad de género y social y era venerada por sus seguidores."
HAMNET,Chloé Zhao,125,09,15:50,2026-03-18,Renoir Princesa,https://www.pillalas.com/pase/1059163/,https://www.cinesrenoir.com/pelicula/hamnet/,https://www.cinesrenoir.com/media/Peliculas/Cartel/HAMNET_Cartel_Digital_8Nominaciones_Oscar_YaEnCines_v2_2.jpg,Inglés,No recomendada para menores de 12 años,Viernes 23 Enero 2026,"Jessie Buckley, Paul Mescal, Joe Alwyn, Emily Watson","Año 1596, Stratford-upon-Avon, Inglaterra. La vida de Agnes transcurre plácidamente junto a su marido y sus tres hijos. Ella cultiva plantas medicinales mientras William trabaja en Londres. El destino, sin embargo, les reservará un duro golpe cuando su hijo Hamnet, de once años, muera repentinamente tras contraer la peste. A raíz de esta tragedia, su padre creará uno de los grandes personajes de la literatura universal, de nombre casi idéntico al de su hijo.


Pero esta película no habla de famosos sucesos sino de algo íntimo y olvidado: La vida de esta familia, y especialmente la de la mujer que la sostenía y que tuvo que cargar con una insoportable pérdida."
HAMNET,Chloé Zhao,125,05,17:45,2026-03-18,Renoir Princesa,https://www.pillalas.com/pase/1059079/,https://www.cinesrenoir.com/pelicula/hamnet/,https://www.cinesrenoir.com/media/Peliculas/Cartel/HAMNET_Cartel_Digital_8Nominaciones_Oscar_YaEnCines_v2_2.jpg,Inglés,No recomendada para menores de 12 años,Viernes 23 Enero 2026,"Jessie Buckley, Paul Mescal, Joe Alwyn, Emily Watson","Año 1596, Stratford-upon-Avon, Inglaterra. La vida de Agnes transcurre plácidamente junto a su marido y sus tres hijos. Ella cultiva plantas medicinales mientras William trabaja en Londres. El destino, sin embargo, les reservará un duro golpe cuando su hijo Hamnet, de once años, muera repentinamente tras contraer la peste. A raíz de esta tragedia, su padre creará uno de los grandes personajes de la literatura universal, de nombre casi idéntico al de su hijo.


Pero esta película no habla de famosos sucesos sino de algo íntimo y olvidado: La vida de esta familia, y especialmente la de la mujer que la sostenía y que tuvo que cargar con una insoportable pérdida."
HAMNET,Chloé Zhao,125,05,20:05,2026-03-18,Renoir Princesa,https://www.pillalas.com/pase/1059082/,https://www.cinesrenoir.com/pelicula/hamnet/,https://www.cinesrenoir.com/media/Peliculas/Cartel/HAMNET_Cartel_Digital_8Nominaciones_Oscar_YaEnCines_v2_2.jpg,Inglés,No recomendada para menores de 12 años,Viernes 23 Enero 2026,"Jessie Buckley, Paul Mescal, Joe Alwyn, Emily Watson","Año 1596, Stratford-upon-Avon, Inglaterra. La vida de Agnes transcurre plácidamente junto a su marido y sus tres hijos. Ella cultiva plantas medicinales mientras William trabaja en Londres. El destino, sin embargo, les reservará un duro golpe cuando su hijo Hamnet, de once años, muera repentinamente tras contraer la peste. A raíz de esta tragedia, su padre creará uno de los grandes personajes de la literatura universal, de nombre casi idéntico al de su hijo.


Pero esta película no habla de famosos sucesos sino de algo íntimo y olvidado: La vida de esta familia, y especialmente la de la mujer que la sostenía y que tuvo que cargar con una insoportable pérdida."
HAMNET,Chloé Zhao,125,05,22:25,2026-03-18,Renoir Princesa,https://www.pillalas.com/pase/1059086/,https://www.cinesrenoir.com/pelicula/hamnet/,https://www.cinesrenoir.com/media/Peliculas/Cartel/HAMNET_Cartel_Digital_8Nominaciones_Oscar_YaEnCines_v2_2.jpg,Inglés,No recomendada para menores de 12 años,Viernes 23 Enero 2026,"Jessie Buckley, Paul Mescal, Joe Alwyn, Emily Watson","Año 1596, Stratford-upon-Avon, Inglaterra. La vida de Agnes transcurre plácidamente junto a su marido y sus tres hijos. Ella cultiva plantas medicinales mientras William trabaja en Londres. El destino, sin embargo, les reservará un duro golpe cuando su hijo Hamnet, de once años, muera repentinamente tras contraer la peste. A raíz de esta tragedia, su padre creará uno de los grandes personajes de la literatura universal, de nombre casi idéntico al de su hijo.


Pero esta película no habla de famosos sucesos sino de algo íntimo y olvidado: La vida de esta familia, y especialmente la de la mujer que la sostenía y que tuvo que cargar con una insoportable pérdida."
LOS DOMINGOS,Alauda Ruiz De Azúa,115,06,15:50,2026-03-18,Renoir Princesa,https://www.pillalas.com/pase/1059076/,https://www.cinesrenoir.com/pelicula/los-domingos/,https://www.cinesrenoir.com/media/Peliculas/Cartel/los_domingos_poster.jpg,Castellano,No recomendada para menores de 12 años,Viernes 24 Octubre 2025,"Patricia López Arnaiz, Blanca Soroa, Miguel Garcés, Juan Minujín, Mabel Rivera, Nagore Aramburu","'Los domingos' cuenta la historia de Ainara (Soroa), una joven idealista y brillante de 17 años que ha de decidir qué carrera universitaria estudiará. O, al menos, eso espera su familia que haga. Sin embargo, la joven manifiesta que se siente cada vez más cerca de Dios y que se plantea abrazar la vida de monja de clausura. La noticia pilla por sorpresa a toda la familia provocando un abismo y una prueba de fuego para todos."
LOS DOMINGOS,Alauda Ruiz De Azúa,115,06,18:00,2026-03-18,Renoir Princesa,https://www.pillalas.com/pase/1059080/,https://www.cinesrenoir.com/pelicula/los-domingos/,https://www.cinesrenoir.com/media/Peliculas/Cartel/los_domingos_poster.jpg,Castellano,No recomendada para menores de 12 años,Viernes 24 Octubre 2025,"Patricia López Arnaiz, Blanca Soroa, Miguel Garcés, Juan Minujín, Mabel Rivera, Nagore Aramburu","'Los domingos' cuenta la historia de Ainara (Soroa), una joven idealista y brillante de 17 años que ha de decidir qué carrera universitaria estudiará. O, al menos, eso espera su familia que haga. Sin embargo, la joven manifiesta que se siente cada vez más cerca de Dios y que se plantea abrazar la vida de monja de clausura. La noticia pilla por sorpresa a toda la familia provocando un abismo y una prueba de fuego para todos."
LOS DOMINGOS,Alauda Ruiz De Azúa,115,06,20:15,2026-03-18,Renoir Princesa,https://www.pillalas.com/pase/1059083/,https://www.cinesrenoir.com/pelicula/los-domingos/,https://www.cinesrenoir.com/media/Peliculas/Cartel/los_domingos_poster.jpg,Castellano,No recomendada para menores de 12 años,Viernes 24 Octubre 2025,"Patricia López Arnaiz, Blanca Soroa, Miguel Garcés, Juan Minujín, Mabel Rivera, Nagore Aramburu","'Los domingos' cuenta la historia de Ainara (Soroa), una joven idealista y brillante de 17 años que ha de decidir qué carrera universitaria estudiará. O, al menos, eso espera su familia que haga. Sin embargo, la joven manifiesta que se siente cada vez más cerca de Dios y que se plantea abrazar la vida de monja de clausura. La noticia pilla por sorpresa a toda la familia provocando un abismo y una prueba de fuego para todos."
LOS DOMINGOS,Alauda Ruiz De Azúa,115,02,22:30,2026-03-18,Renoir Princesa,https://www.pillalas.com/pase/1058988/,https://www.cinesrenoir.com/pelicula/los-domingos/,https://www.cinesrenoir.com/media/Peliculas/Cartel/los_domingos_poster.jpg,Castellano,No recomendada para menores de 12 años,Viernes 24 Octubre 2025,"Patricia López Arnaiz, Blanca Soroa, Miguel Garcés, Juan Minujín, Mabel Rivera, Nagore Aramburu","'Los domingos' cuenta la historia de Ainara (Soroa), una joven idealista y brillante de 17 años que ha de decidir qué carrera universitaria estudiará. O, al menos, eso espera su familia que haga. Sin embargo, la joven manifiesta que se siente cada vez más cerca de Dios y que se plantea abrazar la vida de monja de clausura. La noticia pilla por sorpresa a toda la familia provocando un abismo y una prueba de fuego para todos."
MARTY SUPREME,Josh Safdie,149,07,21:45,2026-03-18,Renoir Princesa,https://www.pillalas.com/pase/1059171/,https://www.cinesrenoir.com/pelicula/marty-supreme/,https://media.pillalas.com/imagenes/726afb526abffa83215ea8a89c8894fb1ac44e6c3b86faba19f84e195b42d541304dcb79.jpg,Inglés,No recomendada para menores de 16 años,Viernes 30 Enero 2026,"Timothee Chalamet, Gwyneth Paltrow, Odessa A Zion, Sandra Bernhard, Fran Drescher, Abel Ferrara, Spenser Granese, Tyler The Creator, Penn Jillette, Kevin O Leary","Marty Mauser (Timothée Chalamet), un joven con una ambición desmesurada, está dispuesto a todo para cumplir su sueño. Con ayuda, entre otros, de la estrella de cine Carol Dunne (Gwyneth Paltrow) demostrará al mundo entero su grandeza."
NO TE QUEDA OTRA,Jean-Pierre Améris,90,03,15:50,2026-03-18,Renoir Princesa,https://www.pillalas.com/pase/1058981/,https://www.cinesrenoir.com/pelicula/no-te-queda-otra/,https://media.pillalas.com/imagenes/726afb526abffa83946608f50c40556b93665fbfe289c14f4d351f64f9153b0ff4a09de7.jpg,Francés,No recomendada para menores de 12 años,Viernes 13 Marzo 2026,"Valérie Lemercier, Gérard Darmon, Patrick Timsit, Alice De Lencquesaing, Aurélien Cavagna, Eric Viellard, Sophie Mounicot, François Berland, Nicole Dubois","En un tren a Ginebra, Victoire, una pasajera entrometida, se cruza con Antoine Toussaint, su ídolo, una gran estrella de la canción francesa. Entre él, que quiere poner fin a su vida, y ella, desbordante de energía, el encuentro será explosivo."
NO TE QUEDA OTRA,Jean-Pierre Améris,90,10,18:00,2026-03-18,Renoir Princesa,https://www.pillalas.com/pase/1059166/,https://www.cinesrenoir.com/pelicula/no-te-queda-otra/,https://media.pillalas.com/imagenes/726afb526abffa83946608f50c40556b93665fbfe289c14f4d351f64f9153b0ff4a09de7.jpg,Francés,No recomendada para menores de 12 años,Viernes 13 Marzo 2026,"Valérie Lemercier, Gérard Darmon, Patrick Timsit, Alice De Lencquesaing, Aurélien Cavagna, Eric Viellard, Sophie Mounicot, François Berland, Nicole Dubois","En un tren a Ginebra, Victoire, una pasajera entrometida, se cruza con Antoine Toussaint, su ídolo, una gran estrella de la canción francesa. Entre él, que quiere poner fin a su vida, y ella, desbordante de energía, el encuentro será explosivo."
PILLION,Harry Lighton,106,10,16:00,2026-03-18,Renoir Princesa,https://www.pillalas.com/pase/1059164/,https://www.cinesrenoir.com/pelicula/pillion/,https://www.cinesrenoir.com/media/Peliculas/Cartel/POSTER_2_3_web_1_1_1.png,Inglés,No recomendada para menores de 16 años,Viernes 6 Marzo 2026,"Harry Melling, Alexander Skarsgård, Lesley Sharp, Douglas Hodge","Colin, un chico introvertido, se queda prendado de Ray, el carismático y atractivo líder de una banda de moteros que le toma como su sumiso, dinamitando su rutina y cambiándole la vida."
PILLION,Harry Lighton,106,11,18:20,2026-03-18,Renoir Princesa,https://www.pillalas.com/pase/1059213/,https://www.cinesrenoir.com/pelicula/pillion/,https://www.cinesrenoir.com/media/Peliculas/Cartel/POSTER_2_3_web_1_1_1.png,Inglés,No recomendada para menores de 16 años,Viernes 6 Marzo 2026,"Harry Melling, Alexander Skarsgård, Lesley Sharp, Douglas Hodge","Colin, un chico introvertido, se queda prendado de Ray, el carismático y atractivo líder de una banda de moteros que le toma como su sumiso, dinamitando su rutina y cambiándole la vida."
PILLION,Harry Lighton,106,11,20:20,2026-03-18,Renoir Princesa,https://www.pillalas.com/pase/1059215/,https://www.cinesrenoir.com/pelicula/pillion/,https://www.cinesrenoir.com/media/Peliculas/Cartel/POSTER_2_3_web_1_1_1.png,Inglés,No recomendada para menores de 16 años,Viernes 6 Marzo 2026,"Harry Melling, Alexander Skarsgård, Lesley Sharp, Douglas Hodge","Colin, un chico introvertido, se queda prendado de Ray, el carismático y atractivo líder de una banda de moteros que le toma como su sumiso, dinamitando su rutina y cambiándole la vida."
PILLION,Harry Lighton,106,10,22:15,2026-03-18,Renoir Princesa,https://www.pillalas.com/pase/1059174/,https://www.cinesrenoir.com/pelicula/pillion/,https://www.cinesrenoir.com/media/Peliculas/Cartel/POSTER_2_3_web_1_1_1.png,Inglés,No recomendada para menores de 16 años,Viernes 6 Marzo 2026,"Harry Melling, Alexander Skarsgård, Lesley Sharp, Douglas Hodge","Colin, un chico introvertido, se queda prendado de Ray, el carismático y atractivo líder de una banda de moteros que le toma como su sumiso, dinamitando su rutina y cambiándole la vida."
SIRAT,Óliver Laxe,120,07,19:20,2026-03-18,Renoir Princesa,https://www.pillalas.com/pase/1059169/,https://www.cinesrenoir.com/pelicula/sirat/,https://www.cinesrenoir.com/media/Peliculas/Cartel/SIRAT_ONLINE_GOYAOSCARS.jpg,Castellano Y Otros,No recomendada para menores de 16 años,Viernes 6 Junio 2025,"Sergi López, Bruno Núñez, Stefania Gadda, Joshua Liam Herderson, Tonin Javier, Jade Ouki, Richard Bellamyun","Un hombre (López) y su hijo (Nuñez) llegan a una rave perdida en medio de las áridas y fantasmagóricas montañas del sur de Marruecos. Buscan allí a Mar, su hija y hermana, desaparecida hace meses en una de estas fiestas sin amanecer. Reparten una y otra vez su foto rodeados de música electrónica y de un tipo de libertad que desconocen. Empujados por el destino, y con la esperanza de encontrar ahí a Mar, deciden seguir a un grupo de raveros hacia la última fiesta que se celebrará en el desierto."
TORRENTE PRESIDENTE,Santiago Segura,103,05,15:50,2026-03-18,Renoir Princesa,https://www.pillalas.com/pase/1059075/,https://www.cinesrenoir.com/pelicula/torrente-presidente/,https://media.pillalas.com/imagenes/726afb526abffa833959064cfd7281470c1bc6e93898ef816ae1b9fbc91762414af28cc7.jpg,Castellano,No recomendada para menores de 16 años,Viernes 13 Marzo 2026,"Santiago Segura, Leo Harlem, Ramón Langa",Sexta entrega de Torrente.
TORRENTE PRESIDENTE,Santiago Segura,103,09,18:10,2026-03-18,Renoir Princesa,https://www.pillalas.com/pase/1059167/,https://www.cinesrenoir.com/pelicula/torrente-presidente/,https://media.pillalas.com/imagenes/726afb526abffa833959064cfd7281470c1bc6e93898ef816ae1b9fbc91762414af28cc7.jpg,Castellano,No recomendada para menores de 16 años,Viernes 13 Marzo 2026,"Santiago Segura, Leo Harlem, Ramón Langa",Sexta entrega de Torrente.
TORRENTE PRESIDENTE,Santiago Segura,103,09,20:10,2026-03-18,Renoir Princesa,https://www.pillalas.com/pase/1059170/,https://www.cinesrenoir.com/pelicula/torrente-presidente/,https://media.pillalas.com/imagenes/726afb526abffa833959064cfd7281470c1bc6e93898ef816ae1b9fbc91762414af28cc7.jpg,Castellano,No recomendada para menores de 16 años,Viernes 13 Marzo 2026,"Santiago Segura, Leo Harlem, Ramón Langa",Sexta entrega de Torrente.
TORRENTE PRESIDENTE,Santiago Segura,103,11,22:20,2026-03-18,Renoir Princesa,https://www.pillalas.com/pase/1059216/,https://www.cinesrenoir.com/pelicula/torrente-presidente/,https://media.pillalas.com/imagenes/726afb526abffa833959064cfd7281470c1bc6e93898ef816ae1b9fbc91762414af28cc7.jpg,Castellano,No recomendada para menores de 16 años,Viernes 13 Marzo 2026,"Santiago Segura, Leo Harlem, Ramón Langa",Sexta entrega de Torrente.
TRES ADIOSES,Isabel Coixet,122,02,15:50,2026-03-18,Renoir Princesa,https://www.pillalas.com/pase/1058980/,https://www.cinesrenoir.com/pelicula/tres-adioses/,https://media.pillalas.com/imagenes/726afb526abffa832ea2a44a189894de905fc7e94534a8bf4ef6bf13e5ccdfe90922c22e.jpg,Italiano,No recomendada para menores de 12 años,Viernes 6 Febrero 2026,"Alba Rohrwacher, Elio Germano, Francesco Carril, Silvia D Amico, Galatea Bellugi, Sarita Choudhury","Tras lo que parecía una discusión sin importancia, Marta (Alba Rohrwacher) y Antonio (Elio Germano) se separan. Él, un chef prometedor, se refugia en sus fogones; ella, en su silencio, empieza a notar algo más que tristeza: ha perdido el apetito… y no solo por desamor. Cuando descubre que detrás hay un problema de salud, todo da un giro inesperado: la comida sabe mejor, la música le llega como nunca y el deseo despierta sus ganas de vivir sin miedo.
Una historia sobre el amor, la vida y esos momentos que lo cambian todo para siempre."
TRES ADIOSES,Isabel Coixet,122,02,18:05,2026-03-18,Renoir Princesa,https://www.pillalas.com/pase/1058984/,https://www.cinesrenoir.com/pelicula/tres-adioses/,https://media.pillalas.com/imagenes/726afb526abffa832ea2a44a189894de905fc7e94534a8bf4ef6bf13e5ccdfe90922c22e.jpg,Italiano,No recomendada para menores de 12 años,Viernes 6 Febrero 2026,"Alba Rohrwacher, Elio Germano, Francesco Carril, Silvia D Amico, Galatea Bellugi, Sarita Choudhury","Tras lo que parecía una discusión sin importancia, Marta (Alba Rohrwacher) y Antonio (Elio Germano) se separan. Él, un chef prometedor, se refugia en sus fogones; ella, en su silencio, empieza a notar algo más que tristeza: ha perdido el apetito… y no solo por desamor. Cuando descubre que detrás hay un problema de salud, todo da un giro inesperado: la comida sabe mejor, la música le llega como nunca y el deseo despierta sus ganas de vivir sin miedo.
Una historia sobre el amor, la vida y esos momentos que lo cambian todo para siempre."
TRES ADIOSES,Isabel Coixet,122,02,20:20,2026-03-18,Renoir Princesa,https://www.pillalas.com/pase/1058986/,https://www.cinesrenoir.com/pelicula/tres-adioses/,https://media.pillalas.com/imagenes/726afb526abffa832ea2a44a189894de905fc7e94534a8bf4ef6bf13e5ccdfe90922c22e.jpg,Italiano,No recomendada para menores de 12 años,Viernes 6 Febrero 2026,"Alba Rohrwacher, Elio Germano, Francesco Carril, Silvia D Amico, Galatea Bellugi, Sarita Choudhury","Tras lo que parecía una discusión sin importancia, Marta (Alba Rohrwacher) y Antonio (Elio Germano) se separan. Él, un chef prometedor, se refugia en sus fogones; ella, en su silencio, empieza a notar algo más que tristeza: ha perdido el apetito… y no solo por desamor. Cuando descubre que detrás hay un problema de salud, todo da un giro inesperado: la comida sabe mejor, la música le llega como nunca y el deseo despierta sus ganas de vivir sin miedo.
Una historia sobre el amor, la vida y esos momentos que lo cambian todo para siempre."
UNA BATALLA TRAS OTRA,Paul Thomas Anderson,161,07,16:00,2026-03-18,Renoir Princesa,https://www.pillalas.com/pase/1059078/,https://www.cinesrenoir.com/pelicula/una-batalla-tras-otra/,https://media.pillalas.com/imagenes/726afb526abffa83067d351656e3959d62491a4b950d2e053e036c244c54d5060d7521c0.jpg,Inglés,No recomendada para menores de 16 años,Viernes 26 Septiembre 2025,"Leonardo Dicaprio, Sean Penn, Benicio Del Toro, Regina Hall, Teyana Taylor, Wood Harris, Alana Haim, Shayna Mchayle, Chase Infiniti, Starletta Dupois, Joe Silva, Eric Schweig, Tony Goldwyn, James Downey, John Hoogenakker, Kevin Tighe, D.W. Moffett, James Raterman","Cuando su malvado enemigo resurge después de 16 años, una banda de exrevolucionarios se reúne para rescatar a la hija de uno de los suyos, encarnado por Leonardo DiCaprio. Adaptación de la novela 'Vineland', de Thomas Pynchon, escrita en 1990, sobre los movimientos radicales de los años sesenta."
¡LA NOVIA!,Maggie Gyllenhaal,126,03,20:15,2026-03-18,Renoir Princesa,https://www.pillalas.com/pase/1059084/,https://www.cinesrenoir.com/pelicula/la-novia/,https://media.pillalas.com/imagenes/726afb526abffa834d5e9976411fdc20e28407e451a89b449da3736e5440bebb2e35bc4c.jpg,Inglés,No recomendada para menores de 16 años y distintivo especialmente recomendada para el fomento de la igualdad de género,Viernes 6 Marzo 2026,"Jessie Buckley, Christian Bale, Peter Sarsgaard, Annette Bening, Penelope Cruz, Jake Gyllenhaal, Julianne Hough, Louis Cancelmi, John Magaro, Linda Emond, Jeannie Berlin, Matthew Maher","En el Chicago de los años 30, un solitario Frankenstein pide la ayuda del Dr. Euphronius para crearse una compañera. Los dos resucitan a una joven asesinada y en ese momento nace la Novia, quien irá más allá de lo que cualquiera de los dos pretendía, encendiendo un romance apasionado, la atención de la policía y un movimiento social salvaje y radical."
¡LA NOVIA!,Maggie Gyllenhaal,126,06,22:30,2026-03-18,Renoir Princesa,https://www.pillalas.com/pase/1059087/,https://www.cinesrenoir.com/pelicula/la-novia/,https://media.pillalas.com/imagenes/726afb526abffa834d5e9976411fdc20e28407e451a89b449da3736e5440bebb2e35bc4c.jpg,Inglés,No recomendada para menores de 16 años y distintivo especialmente recomendada para el fomento de la igualdad de género,Viernes 6 Marzo 2026,"Jessie Buckley, Christian Bale, Peter Sarsgaard, Annette Bening, Penelope Cruz, Jake Gyllenhaal, Julianne Hough, Louis Cancelmi, John Magaro, Linda Emond, Jeannie Berlin, Matthew Maher","En el Chicago de los años 30, un solitario Frankenstein pide la ayuda del Dr. Euphronius para crearse una compañera. Los dos resucitan a una joven asesinada y en ese momento nace la Novia, quien irá más allá de lo que cualquiera de los dos pretendía, encendiendo un romance apasionado, la atención de la policía y un movimiento social salvaje y radical."
CUMBRES BORRASCOSAS,Emerald Fennell,135,11,15:50,2026-03-19,Renoir Princesa,https://www.pillalas.com/pase/1059217/,https://www.cinesrenoir.com/pelicula/cumbres-borrascosas/,https://media.pillalas.com/imagenes/726afb526abffa83abe8577deb3c0674bd352fd2b0500497b1d5570f2dd570487210fc4e.jpg,Inglés,No recomendada para menores de 16 años,Viernes 13 Febrero 2026,"Margot Robbie, Jacob Elordi, Hong Chau, Alison Oliver, Owen Cooper, Shazad Latif, Martin Clunes, Ewan Mitchell, Amy Morgan, Jessica Knappett, Charlotte Mellington, Vy Nguyen","Adaptada a todo tipo de formatos en multitud de ocasiones, se trata de una trágica historia de pasiones encontradas en la Inglaterra rural más conservadora. Una historia de venganza y odio, de pasiones desatadas y amores desesperados que van más allá de la muerte ambientada en los brumosos y sombríos páramos de Yorkshire, al norte de Inglaterra."
CUMBRES BORRASCOSAS,Emerald Fennell,135,10,19:45,2026-03-19,Renoir Princesa,https://www.pillalas.com/pase/1059219/,https://www.cinesrenoir.com/pelicula/cumbres-borrascosas/,https://media.pillalas.com/imagenes/726afb526abffa83abe8577deb3c0674bd352fd2b0500497b1d5570f2dd570487210fc4e.jpg,Inglés,No recomendada para menores de 16 años,Viernes 13 Febrero 2026,"Margot Robbie, Jacob Elordi, Hong Chau, Alison Oliver, Owen Cooper, Shazad Latif, Martin Clunes, Ewan Mitchell, Amy Morgan, Jessica Knappett, Charlotte Mellington, Vy Nguyen","Adaptada a todo tipo de formatos en multitud de ocasiones, se trata de una trágica historia de pasiones encontradas en la Inglaterra rural más conservadora. Una historia de venganza y odio, de pasiones desatadas y amores desesperados que van más allá de la muerte ambientada en los brumosos y sombríos páramos de Yorkshire, al norte de Inglaterra."
CUMBRES BORRASCOSAS,Emerald Fennell,135,09,22:10,2026-03-19,Renoir Princesa,https://www.pillalas.com/pase/1059185/,https://www.cinesrenoir.com/pelicula/cumbres-borrascosas/,https://media.pillalas.com/imagenes/726afb526abffa83abe8577deb3c0674bd352fd2b0500497b1d5570f2dd570487210fc4e.jpg,Inglés,No recomendada para menores de 16 años,Viernes 13 Febrero 2026,"Margot Robbie, Jacob Elordi, Hong Chau, Alison Oliver, Owen Cooper, Shazad Latif, Martin Clunes, Ewan Mitchell, Amy Morgan, Jessica Knappett, Charlotte Mellington, Vy Nguyen","Adaptada a todo tipo de formatos en multitud de ocasiones, se trata de una trágica historia de pasiones encontradas en la Inglaterra rural más conservadora. Una historia de venganza y odio, de pasiones desatadas y amores desesperados que van más allá de la muerte ambientada en los brumosos y sombríos páramos de Yorkshire, al norte de Inglaterra."
EL AGENTE SECRETO,Kleber Mendonça Filho,160,04,16:00,2026-03-19,Renoir Princesa,https://www.pillalas.com/pase/1059092/,https://www.cinesrenoir.com/pelicula/el-agente-secreto/,https://media.pillalas.com/imagenes/726afb526abffa83bdba0b90e98cf11293bcd8b9c8be1af817aa6c045cd8f479730f7511.jpg,Portugués,No recomendada para menores de 16 años,Viernes 20 Febrero 2026,"Wagner Moura, Gabriel Leone, Udo Kier, Maria Fernanda Cândido","1977. En un Brasil atormentado por la dictadura militar, Marcelo, un cuarentón que huye de un pasado turbulento, llega a la ciudad de Recife, donde espera construir una nueva vida y reencontrarse con su hijo. Todo se complica cuando descubre que las fuerzas gubernamentales le persiguen y las amenazas de muerte se ciernen sobre su cabeza."
EL AGENTE SECRETO,Kleber Mendonça Filho,160,04,18:55,2026-03-19,Renoir Princesa,https://www.pillalas.com/pase/1059095/,https://www.cinesrenoir.com/pelicula/el-agente-secreto/,https://media.pillalas.com/imagenes/726afb526abffa83bdba0b90e98cf11293bcd8b9c8be1af817aa6c045cd8f479730f7511.jpg,Portugués,No recomendada para menores de 16 años,Viernes 20 Febrero 2026,"Wagner Moura, Gabriel Leone, Udo Kier, Maria Fernanda Cândido","1977. En un Brasil atormentado por la dictadura militar, Marcelo, un cuarentón que huye de un pasado turbulento, llega a la ciudad de Recife, donde espera construir una nueva vida y reencontrarse con su hijo. Todo se complica cuando descubre que las fuerzas gubernamentales le persiguen y las amenazas de muerte se ciernen sobre su cabeza."
EL AGENTE SECRETO,Kleber Mendonça Filho,160,04,21:50,2026-03-19,Renoir Princesa,https://www.pillalas.com/pase/1059099/,https://www.cinesrenoir.com/pelicula/el-agente-secreto/,https://media.pillalas.com/imagenes/726afb526abffa83bdba0b90e98cf11293bcd8b9c8be1af817aa6c045cd8f479730f7511.jpg,Portugués,No recomendada para menores de 16 años,Viernes 20 Febrero 2026,"Wagner Moura, Gabriel Leone, Udo Kier, Maria Fernanda Cândido","1977. En un Brasil atormentado por la dictadura militar, Marcelo, un cuarentón que huye de un pasado turbulento, llega a la ciudad de Recife, donde espera construir una nueva vida y reencontrarse con su hijo. Todo se complica cuando descubre que las fuerzas gubernamentales le persiguen y las amenazas de muerte se ciernen sobre su cabeza."
EL ARQUITECTO,Stéphane Demoustier,107,01,16:00,2026-03-19,Renoir Princesa,https://www.pillalas.com/pase/1058991/,https://www.cinesrenoir.com/pelicula/el-arquitecto/,https://media.pillalas.com/imagenes/726afb526abffa83aa265685f6781eacb3d2a1ce9f7ae8b5cb373d34a8a32da17572eb8a.jpg,Francés Y Danés,No recomendada para menores de 12 años,Viernes 13 Marzo 2026,"Claes Bang, Sidse Babett Knudsen, Swann Arlaud, Michel Fau, Xavier Dolan","1983. El nuevo gobierno francés convoca el mayor concurso de arquitectura. Codiciado por los grandes estudios, el ganador es, sorprendentemente, un absoluto desconocido: Johan Otto von Spreckelsen, un profesor de arquitectura danés que hasta entonces sólo había construido su casa y tres pequeñas capillas."
EL ARQUITECTO,Stéphane Demoustier,107,01,18:00,2026-03-19,Renoir Princesa,https://www.pillalas.com/pase/1058992/,https://www.cinesrenoir.com/pelicula/el-arquitecto/,https://media.pillalas.com/imagenes/726afb526abffa83aa265685f6781eacb3d2a1ce9f7ae8b5cb373d34a8a32da17572eb8a.jpg,Francés Y Danés,No recomendada para menores de 12 años,Viernes 13 Marzo 2026,"Claes Bang, Sidse Babett Knudsen, Swann Arlaud, Michel Fau, Xavier Dolan","1983. El nuevo gobierno francés convoca el mayor concurso de arquitectura. Codiciado por los grandes estudios, el ganador es, sorprendentemente, un absoluto desconocido: Johan Otto von Spreckelsen, un profesor de arquitectura danés que hasta entonces sólo había construido su casa y tres pequeñas capillas."
EL ARQUITECTO,Stéphane Demoustier,107,03,22:35,2026-03-19,Renoir Princesa,https://www.pillalas.com/pase/1059102/,https://www.cinesrenoir.com/pelicula/el-arquitecto/,https://media.pillalas.com/imagenes/726afb526abffa83aa265685f6781eacb3d2a1ce9f7ae8b5cb373d34a8a32da17572eb8a.jpg,Francés Y Danés,No recomendada para menores de 12 años,Viernes 13 Marzo 2026,"Claes Bang, Sidse Babett Knudsen, Swann Arlaud, Michel Fau, Xavier Dolan","1983. El nuevo gobierno francés convoca el mayor concurso de arquitectura. Codiciado por los grandes estudios, el ganador es, sorprendentemente, un absoluto desconocido: Johan Otto von Spreckelsen, un profesor de arquitectura danés que hasta entonces sólo había construido su casa y tres pequeñas capillas."
EL MAGO DEL KREMLIN,Olivier Assayas,145,03,17:35,2026-03-19,Renoir Princesa,https://www.pillalas.com/pase/1059004/,https://www.cinesrenoir.com/pelicula/el-mago-del-kremlin/,https://media.pillalas.com/imagenes/726afb526abffa833889e44ac42f5cc54d6019702d8546ebf4550316f78770131f777f2b.jpg,Inglés,No recomendada para menores de 12 años,Viernes 6 Marzo 2026,"Paul Dano, Alicia Vikander, Jude Law, Tom Sturridge, Jeffrey Wright, Will Keen","En medio del caos postsoviético de los años 90, el joven Vadim Baranov (Paul Dano) empieza a labrarse un camino como artista y productor de televisión. Su elocuencia y conexión con las altas esferas le llevan a convertirse, de la noche a la mañana, en el asesor de un agente del KGB con un brillante porvenir: Vladimir Putin (Jude Law). Desde las entrañas del poder, ambos darán forma a la nueva Rusia, difuminando, mediante manipulación, los límites entre la verdad y la mentira."
EL MAGO DEL KREMLIN,Olivier Assayas,145,01,22:05,2026-03-19,Renoir Princesa,https://www.pillalas.com/pase/1058996/,https://www.cinesrenoir.com/pelicula/el-mago-del-kremlin/,https://media.pillalas.com/imagenes/726afb526abffa833889e44ac42f5cc54d6019702d8546ebf4550316f78770131f777f2b.jpg,Inglés,No recomendada para menores de 12 años,Viernes 6 Marzo 2026,"Paul Dano, Alicia Vikander, Jude Law, Tom Sturridge, Jeffrey Wright, Will Keen","En medio del caos postsoviético de los años 90, el joven Vadim Baranov (Paul Dano) empieza a labrarse un camino como artista y productor de televisión. Su elocuencia y conexión con las altas esferas le llevan a convertirse, de la noche a la mañana, en el asesor de un agente del KGB con un brillante porvenir: Vladimir Putin (Jude Law). Desde las entrañas del poder, ambos darán forma a la nueva Rusia, difuminando, mediante manipulación, los límites entre la verdad y la mentira."
EL TESTAMENTO DE ANN LEE,Mona Fastvold,136,08,16:10,2026-03-19,Renoir Princesa,https://www.pillalas.com/pase/1059177/,https://www.cinesrenoir.com/pelicula/el-testamento-de-ann-lee/,https://media.pillalas.com/imagenes/726afb526abffa830b789c96ee6ff3b89647f6e742111b114addcc55b2329cb2e465f4c1.jpg,Inglés,No recomendada para menores de 16 años,Viernes 13 Marzo 2026,"Amanda Seyfried, Thomasin Mckenzie, Lewis Pullman, Christopher Abbott, Tim Blake Nelson, Stacy Martin, Matthew Beard, Scott Handy, Viola Prettejohn, Jamie Bogyo, David Cale","Película en torno a la leyenda real de Ann Lee, fundadora de la secta devocional conocida como los Shakers que predicaba la igualdad de género y social y era venerada por sus seguidores."
EL TESTAMENTO DE ANN LEE,Mona Fastvold,136,08,19:00,2026-03-19,Renoir Princesa,https://www.pillalas.com/pase/1059180/,https://www.cinesrenoir.com/pelicula/el-testamento-de-ann-lee/,https://media.pillalas.com/imagenes/726afb526abffa830b789c96ee6ff3b89647f6e742111b114addcc55b2329cb2e465f4c1.jpg,Inglés,No recomendada para menores de 16 años,Viernes 13 Marzo 2026,"Amanda Seyfried, Thomasin Mckenzie, Lewis Pullman, Christopher Abbott, Tim Blake Nelson, Stacy Martin, Matthew Beard, Scott Handy, Viola Prettejohn, Jamie Bogyo, David Cale","Película en torno a la leyenda real de Ann Lee, fundadora de la secta devocional conocida como los Shakers que predicaba la igualdad de género y social y era venerada por sus seguidores."
EL TESTAMENTO DE ANN LEE,Mona Fastvold,136,08,21:50,2026-03-19,Renoir Princesa,https://www.pillalas.com/pase/1059184/,https://www.cinesrenoir.com/pelicula/el-testamento-de-ann-lee/,https://media.pillalas.com/imagenes/726afb526abffa830b789c96ee6ff3b89647f6e742111b114addcc55b2329cb2e465f4c1.jpg,Inglés,No recomendada para menores de 16 años,Viernes 13 Marzo 2026,"Amanda Seyfried, Thomasin Mckenzie, Lewis Pullman, Christopher Abbott, Tim Blake Nelson, Stacy Martin, Matthew Beard, Scott Handy, Viola Prettejohn, Jamie Bogyo, David Cale","Película en torno a la leyenda real de Ann Lee, fundadora de la secta devocional conocida como los Shakers que predicaba la igualdad de género y social y era venerada por sus seguidores."
HAMNET,Chloé Zhao,125,09,15:50,2026-03-19,Renoir Princesa,https://www.pillalas.com/pase/1059175/,https://www.cinesrenoir.com/pelicula/hamnet/,https://www.cinesrenoir.com/media/Peliculas/Cartel/HAMNET_Cartel_Digital_8Nominaciones_Oscar_YaEnCines_v2_2.jpg,Inglés,No recomendada para menores de 12 años,Viernes 23 Enero 2026,"Jessie Buckley, Paul Mescal, Joe Alwyn, Emily Watson","Año 1596, Stratford-upon-Avon, Inglaterra. La vida de Agnes transcurre plácidamente junto a su marido y sus tres hijos. Ella cultiva plantas medicinales mientras William trabaja en Londres. El destino, sin embargo, les reservará un duro golpe cuando su hijo Hamnet, de once años, muera repentinamente tras contraer la peste. A raíz de esta tragedia, su padre creará uno de los grandes personajes de la literatura universal, de nombre casi idéntico al de su hijo.


Pero esta película no habla de famosos sucesos sino de algo íntimo y olvidado: La vida de esta familia, y especialmente la de la mujer que la sostenía y que tuvo que cargar con una insoportable pérdida."
HAMNET,Chloé Zhao,125,05,17:45,2026-03-19,Renoir Princesa,https://www.pillalas.com/pase/1059093/,https://www.cinesrenoir.com/pelicula/hamnet/,https://www.cinesrenoir.com/media/Peliculas/Cartel/HAMNET_Cartel_Digital_8Nominaciones_Oscar_YaEnCines_v2_2.jpg,Inglés,No recomendada para menores de 12 años,Viernes 23 Enero 2026,"Jessie Buckley, Paul Mescal, Joe Alwyn, Emily Watson","Año 1596, Stratford-upon-Avon, Inglaterra. La vida de Agnes transcurre plácidamente junto a su marido y sus tres hijos. Ella cultiva plantas medicinales mientras William trabaja en Londres. El destino, sin embargo, les reservará un duro golpe cuando su hijo Hamnet, de once años, muera repentinamente tras contraer la peste. A raíz de esta tragedia, su padre creará uno de los grandes personajes de la literatura universal, de nombre casi idéntico al de su hijo.


Pero esta película no habla de famosos sucesos sino de algo íntimo y olvidado: La vida de esta familia, y especialmente la de la mujer que la sostenía y que tuvo que cargar con una insoportable pérdida."
HAMNET,Chloé Zhao,125,05,20:05,2026-03-19,Renoir Princesa,https://www.pillalas.com/pase/1059096/,https://www.cinesrenoir.com/pelicula/hamnet/,https://www.cinesrenoir.com/media/Peliculas/Cartel/HAMNET_Cartel_Digital_8Nominaciones_Oscar_YaEnCines_v2_2.jpg,Inglés,No recomendada para menores de 12 años,Viernes 23 Enero 2026,"Jessie Buckley, Paul Mescal, Joe Alwyn, Emily Watson","Año 1596, Stratford-upon-Avon, Inglaterra. La vida de Agnes transcurre plácidamente junto a su marido y sus tres hijos. Ella cultiva plantas medicinales mientras William trabaja en Londres. El destino, sin embargo, les reservará un duro golpe cuando su hijo Hamnet, de once años, muera repentinamente tras contraer la peste. A raíz de esta tragedia, su padre creará uno de los grandes personajes de la literatura universal, de nombre casi idéntico al de su hijo.


Pero esta película no habla de famosos sucesos sino de algo íntimo y olvidado: La vida de esta familia, y especialmente la de la mujer que la sostenía y que tuvo que cargar con una insoportable pérdida."
HAMNET,Chloé Zhao,125,05,22:25,2026-03-19,Renoir Princesa,https://www.pillalas.com/pase/1059100/,https://www.cinesrenoir.com/pelicula/hamnet/,https://www.cinesrenoir.com/media/Peliculas/Cartel/HAMNET_Cartel_Digital_8Nominaciones_Oscar_YaEnCines_v2_2.jpg,Inglés,No recomendada para menores de 12 años,Viernes 23 Enero 2026,"Jessie Buckley, Paul Mescal, Joe Alwyn, Emily Watson","Año 1596, Stratford-upon-Avon, Inglaterra. La vida de Agnes transcurre plácidamente junto a su marido y sus tres hijos. Ella cultiva plantas medicinales mientras William trabaja en Londres. El destino, sin embargo, les reservará un duro golpe cuando su hijo Hamnet, de once años, muera repentinamente tras contraer la peste. A raíz de esta tragedia, su padre creará uno de los grandes personajes de la literatura universal, de nombre casi idéntico al de su hijo.


Pero esta película no habla de famosos sucesos sino de algo íntimo y olvidado: La vida de esta familia, y especialmente la de la mujer que la sostenía y que tuvo que cargar con una insoportable pérdida."
LOS DOMINGOS,Alauda Ruiz De Azúa,115,06,15:50,2026-03-19,Renoir Princesa,https://www.pillalas.com/pase/1059089/,https://www.cinesrenoir.com/pelicula/los-domingos/,https://www.cinesrenoir.com/media/Peliculas/Cartel/los_domingos_poster.jpg,Castellano,No recomendada para menores de 12 años,Viernes 24 Octubre 2025,"Patricia López Arnaiz, Blanca Soroa, Miguel Garcés, Juan Minujín, Mabel Rivera, Nagore Aramburu","'Los domingos' cuenta la historia de Ainara (Soroa), una joven idealista y brillante de 17 años que ha de decidir qué carrera universitaria estudiará. O, al menos, eso espera su familia que haga. Sin embargo, la joven manifiesta que se siente cada vez más cerca de Dios y que se plantea abrazar la vida de monja de clausura. La noticia pilla por sorpresa a toda la familia provocando un abismo y una prueba de fuego para todos."
LOS DOMINGOS,Alauda Ruiz De Azúa,115,06,18:00,2026-03-19,Renoir Princesa,https://www.pillalas.com/pase/1059094/,https://www.cinesrenoir.com/pelicula/los-domingos/,https://www.cinesrenoir.com/media/Peliculas/Cartel/los_domingos_poster.jpg,Castellano,No recomendada para menores de 12 años,Viernes 24 Octubre 2025,"Patricia López Arnaiz, Blanca Soroa, Miguel Garcés, Juan Minujín, Mabel Rivera, Nagore Aramburu","'Los domingos' cuenta la historia de Ainara (Soroa), una joven idealista y brillante de 17 años que ha de decidir qué carrera universitaria estudiará. O, al menos, eso espera su familia que haga. Sin embargo, la joven manifiesta que se siente cada vez más cerca de Dios y que se plantea abrazar la vida de monja de clausura. La noticia pilla por sorpresa a toda la familia provocando un abismo y una prueba de fuego para todos."
LOS DOMINGOS,Alauda Ruiz De Azúa,115,06,20:15,2026-03-19,Renoir Princesa,https://www.pillalas.com/pase/1059098/,https://www.cinesrenoir.com/pelicula/los-domingos/,https://www.cinesrenoir.com/media/Peliculas/Cartel/los_domingos_poster.jpg,Castellano,No recomendada para menores de 12 años,Viernes 24 Octubre 2025,"Patricia López Arnaiz, Blanca Soroa, Miguel Garcés, Juan Minujín, Mabel Rivera, Nagore Aramburu","'Los domingos' cuenta la historia de Ainara (Soroa), una joven idealista y brillante de 17 años que ha de decidir qué carrera universitaria estudiará. O, al menos, eso espera su familia que haga. Sin embargo, la joven manifiesta que se siente cada vez más cerca de Dios y que se plantea abrazar la vida de monja de clausura. La noticia pilla por sorpresa a toda la familia provocando un abismo y una prueba de fuego para todos."
LOS DOMINGOS,Alauda Ruiz De Azúa,115,02,22:30,2026-03-19,Renoir Princesa,https://www.pillalas.com/pase/1058997/,https://www.cinesrenoir.com/pelicula/los-domingos/,https://www.cinesrenoir.com/media/Peliculas/Cartel/los_domingos_poster.jpg,Castellano,No recomendada para menores de 12 años,Viernes 24 Octubre 2025,"Patricia López Arnaiz, Blanca Soroa, Miguel Garcés, Juan Minujín, Mabel Rivera, Nagore Aramburu","'Los domingos' cuenta la historia de Ainara (Soroa), una joven idealista y brillante de 17 años que ha de decidir qué carrera universitaria estudiará. O, al menos, eso espera su familia que haga. Sin embargo, la joven manifiesta que se siente cada vez más cerca de Dios y que se plantea abrazar la vida de monja de clausura. La noticia pilla por sorpresa a toda la familia provocando un abismo y una prueba de fuego para todos."
MARTY SUPREME,Josh Safdie,149,07,21:45,2026-03-19,Renoir Princesa,https://www.pillalas.com/pase/1059183/,https://www.cinesrenoir.com/pelicula/marty-supreme/,https://media.pillalas.com/imagenes/726afb526abffa83215ea8a89c8894fb1ac44e6c3b86faba19f84e195b42d541304dcb79.jpg,Inglés,No recomendada para menores de 16 años,Viernes 30 Enero 2026,"Timothee Chalamet, Gwyneth Paltrow, Odessa A Zion, Sandra Bernhard, Fran Drescher, Abel Ferrara, Spenser Granese, Tyler The Creator, Penn Jillette, Kevin O Leary","Marty Mauser (Timothée Chalamet), un joven con una ambición desmesurada, está dispuesto a todo para cumplir su sueño. Con ayuda, entre otros, de la estrella de cine Carol Dunne (Gwyneth Paltrow) demostrará al mundo entero su grandeza."
NO TE QUEDA OTRA,Jean-Pierre Améris,90,03,15:50,2026-03-19,Renoir Princesa,https://www.pillalas.com/pase/1058989/,https://www.cinesrenoir.com/pelicula/no-te-queda-otra/,https://media.pillalas.com/imagenes/726afb526abffa83946608f50c40556b93665fbfe289c14f4d351f64f9153b0ff4a09de7.jpg,Francés,No recomendada para menores de 12 años,Viernes 13 Marzo 2026,"Valérie Lemercier, Gérard Darmon, Patrick Timsit, Alice De Lencquesaing, Aurélien Cavagna, Eric Viellard, Sophie Mounicot, François Berland, Nicole Dubois","En un tren a Ginebra, Victoire, una pasajera entrometida, se cruza con Antoine Toussaint, su ídolo, una gran estrella de la canción francesa. Entre él, que quiere poner fin a su vida, y ella, desbordante de energía, el encuentro será explosivo."
NO TE QUEDA OTRA,Jean-Pierre Améris,90,10,18:00,2026-03-19,Renoir Princesa,https://www.pillalas.com/pase/1059178/,https://www.cinesrenoir.com/pelicula/no-te-queda-otra/,https://media.pillalas.com/imagenes/726afb526abffa83946608f50c40556b93665fbfe289c14f4d351f64f9153b0ff4a09de7.jpg,Francés,No recomendada para menores de 12 años,Viernes 13 Marzo 2026,"Valérie Lemercier, Gérard Darmon, Patrick Timsit, Alice De Lencquesaing, Aurélien Cavagna, Eric Viellard, Sophie Mounicot, François Berland, Nicole Dubois","En un tren a Ginebra, Victoire, una pasajera entrometida, se cruza con Antoine Toussaint, su ídolo, una gran estrella de la canción francesa. Entre él, que quiere poner fin a su vida, y ella, desbordante de energía, el encuentro será explosivo."
PILLION,Harry Lighton,106,10,16:00,2026-03-19,Renoir Princesa,https://www.pillalas.com/pase/1059176/,https://www.cinesrenoir.com/pelicula/pillion/,https://www.cinesrenoir.com/media/Peliculas/Cartel/POSTER_2_3_web_1_1_1.png,Inglés,No recomendada para menores de 16 años,Viernes 6 Marzo 2026,"Harry Melling, Alexander Skarsgård, Lesley Sharp, Douglas Hodge","Colin, un chico introvertido, se queda prendado de Ray, el carismático y atractivo líder de una banda de moteros que le toma como su sumiso, dinamitando su rutina y cambiándole la vida."
PILLION,Harry Lighton,106,11,18:20,2026-03-19,Renoir Princesa,https://www.pillalas.com/pase/1059218/,https://www.cinesrenoir.com/pelicula/pillion/,https://www.cinesrenoir.com/media/Peliculas/Cartel/POSTER_2_3_web_1_1_1.png,Inglés,No recomendada para menores de 16 años,Viernes 6 Marzo 2026,"Harry Melling, Alexander Skarsgård, Lesley Sharp, Douglas Hodge","Colin, un chico introvertido, se queda prendado de Ray, el carismático y atractivo líder de una banda de moteros que le toma como su sumiso, dinamitando su rutina y cambiándole la vida."
PILLION,Harry Lighton,106,11,20:20,2026-03-19,Renoir Princesa,https://www.pillalas.com/pase/1059220/,https://www.cinesrenoir.com/pelicula/pillion/,https://www.cinesrenoir.com/media/Peliculas/Cartel/POSTER_2_3_web_1_1_1.png,Inglés,No recomendada para menores de 16 años,Viernes 6 Marzo 2026,"Harry Melling, Alexander Skarsgård, Lesley Sharp, Douglas Hodge","Colin, un chico introvertido, se queda prendado de Ray, el carismático y atractivo líder de una banda de moteros que le toma como su sumiso, dinamitando su rutina y cambiándole la vida."
PILLION,Harry Lighton,106,10,22:15,2026-03-19,Renoir Princesa,https://www.pillalas.com/pase/1059186/,https://www.cinesrenoir.com/pelicula/pillion/,https://www.cinesrenoir.com/media/Peliculas/Cartel/POSTER_2_3_web_1_1_1.png,Inglés,No recomendada para menores de 16 años,Viernes 6 Marzo 2026,"Harry Melling, Alexander Skarsgård, Lesley Sharp, Douglas Hodge","Colin, un chico introvertido, se queda prendado de Ray, el carismático y atractivo líder de una banda de moteros que le toma como su sumiso, dinamitando su rutina y cambiándole la vida."
SIRAT,Óliver Laxe,120,07,19:20,2026-03-19,Renoir Princesa,https://www.pillalas.com/pase/1059181/,https://www.cinesrenoir.com/pelicula/sirat/,https://www.cinesrenoir.com/media/Peliculas/Cartel/SIRAT_ONLINE_GOYAOSCARS.jpg,Castellano Y Otros,No recomendada para menores de 16 años,Viernes 6 Junio 2025,"Sergi López, Bruno Núñez, Stefania Gadda, Joshua Liam Herderson, Tonin Javier, Jade Ouki, Richard Bellamyun","Un hombre (López) y su hijo (Nuñez) llegan a una rave perdida en medio de las áridas y fantasmagóricas montañas del sur de Marruecos. Buscan allí a Mar, su hija y hermana, desaparecida hace meses en una de estas fiestas sin amanecer. Reparten una y otra vez su foto rodeados de música electrónica y de un tipo de libertad que desconocen. Empujados por el destino, y con la esperanza de encontrar ahí a Mar, deciden seguir a un grupo de raveros hacia la última fiesta que se celebrará en el desierto."
THE FLORIDA PROJECT [WILDER CINEMA],Sean Baker,111,01,20:00,2026-03-19,Renoir Princesa,https://www.pillalas.com/pase/1059750/,https://www.cinesrenoir.com/pelicula/the-florida-project-wilder-cinema/,https://media.pillalas.com/imagenes/726afb526abffa8306299249d81cf28f85087aa8e14f89f985c8865b22d4be9c4a11cb07.jpg,Inglés,No recomendada para menores de 16 años,Jueves 19 Marzo 2026,"Willem Dafoe, Brooklynn Prince, Bria Vinaite, Caleb Landry Jones, Mela Murder, Valeria Cotto, Christopher Rivera, Macon Blair, Sandy Kane, Karren Karagulian, Lauren O Quinn, Giovanni Rodriguez, Carl Bradfield, Betty Jeune, Cecilia Quinan, Andrew Romano, Samantha Parisi, Gary B. Gross","Luminoso retrato de la infancia en los márgenes del sueño americano, The Florida Project observa la precariedad con una mirada vibrante y profundamente humana. Sean Baker combina realismo social y sensibilidad visual para construir una película tan dura como llena de vida. Con una interpretación memorable de Willem Dafoe y una puesta en escena colorista, es una de las películas independientes más relevantes de la última década.“Cine social lleno de luz y humanidad.” — El País“Conmovedora sin caer en el sentimentalismo.” — Fotogramas“Una de las películas independientes más importantes del año.” — Cinemanía“Una obra profundamente empática.” — The Guardian“Pura verdad cinematográfica.” — The New York Times"
TORRENTE PRESIDENTE,Santiago Segura,103,05,15:50,2026-03-19,Renoir Princesa,https://www.pillalas.com/pase/1059090/,https://www.cinesrenoir.com/pelicula/torrente-presidente/,https://media.pillalas.com/imagenes/726afb526abffa833959064cfd7281470c1bc6e93898ef816ae1b9fbc91762414af28cc7.jpg,Castellano,No recomendada para menores de 16 años,Viernes 13 Marzo 2026,"Santiago Segura, Leo Harlem, Ramón Langa",Sexta entrega de Torrente.
TORRENTE PRESIDENTE,Santiago Segura,103,09,18:10,2026-03-19,Renoir Princesa,https://www.pillalas.com/pase/1059179/,https://www.cinesrenoir.com/pelicula/torrente-presidente/,https://media.pillalas.com/imagenes/726afb526abffa833959064cfd7281470c1bc6e93898ef816ae1b9fbc91762414af28cc7.jpg,Castellano,No recomendada para menores de 16 años,Viernes 13 Marzo 2026,"Santiago Segura, Leo Harlem, Ramón Langa",Sexta entrega de Torrente.
TORRENTE PRESIDENTE,Santiago Segura,103,09,20:10,2026-03-19,Renoir Princesa,https://www.pillalas.com/pase/1059182/,https://www.cinesrenoir.com/pelicula/torrente-presidente/,https://media.pillalas.com/imagenes/726afb526abffa833959064cfd7281470c1bc6e93898ef816ae1b9fbc91762414af28cc7.jpg,Castellano,No recomendada para menores de 16 años,Viernes 13 Marzo 2026,"Santiago Segura, Leo Harlem, Ramón Langa",Sexta entrega de Torrente.
TORRENTE PRESIDENTE,Santiago Segura,103,11,22:20,2026-03-19,Renoir Princesa,https://www.pillalas.com/pase/1059221/,https://www.cinesrenoir.com/pelicula/torrente-presidente/,https://media.pillalas.com/imagenes/726afb526abffa833959064cfd7281470c1bc6e93898ef816ae1b9fbc91762414af28cc7.jpg,Castellano,No recomendada para menores de 16 años,Viernes 13 Marzo 2026,"Santiago Segura, Leo Harlem, Ramón Langa",Sexta entrega de Torrente.
TRES ADIOSES,Isabel Coixet,122,02,15:50,2026-03-19,Renoir Princesa,https://www.pillalas.com/pase/1058990/,https://www.cinesrenoir.com/pelicula/tres-adioses/,https://media.pillalas.com/imagenes/726afb526abffa832ea2a44a189894de905fc7e94534a8bf4ef6bf13e5ccdfe90922c22e.jpg,Italiano,No recomendada para menores de 12 años,Viernes 6 Febrero 2026,"Alba Rohrwacher, Elio Germano, Francesco Carril, Silvia D Amico, Galatea Bellugi, Sarita Choudhury","Tras lo que parecía una discusión sin importancia, Marta (Alba Rohrwacher) y Antonio (Elio Germano) se separan. Él, un chef prometedor, se refugia en sus fogones; ella, en su silencio, empieza a notar algo más que tristeza: ha perdido el apetito… y no solo por desamor. Cuando descubre que detrás hay un problema de salud, todo da un giro inesperado: la comida sabe mejor, la música le llega como nunca y el deseo despierta sus ganas de vivir sin miedo.
Una historia sobre el amor, la vida y esos momentos que lo cambian todo para siempre."
TRES ADIOSES,Isabel Coixet,122,02,18:05,2026-03-19,Renoir Princesa,https://www.pillalas.com/pase/1058993/,https://www.cinesrenoir.com/pelicula/tres-adioses/,https://media.pillalas.com/imagenes/726afb526abffa832ea2a44a189894de905fc7e94534a8bf4ef6bf13e5ccdfe90922c22e.jpg,Italiano,No recomendada para menores de 12 años,Viernes 6 Febrero 2026,"Alba Rohrwacher, Elio Germano, Francesco Carril, Silvia D Amico, Galatea Bellugi, Sarita Choudhury","Tras lo que parecía una discusión sin importancia, Marta (Alba Rohrwacher) y Antonio (Elio Germano) se separan. Él, un chef prometedor, se refugia en sus fogones; ella, en su silencio, empieza a notar algo más que tristeza: ha perdido el apetito… y no solo por desamor. Cuando descubre que detrás hay un problema de salud, todo da un giro inesperado: la comida sabe mejor, la música le llega como nunca y el deseo despierta sus ganas de vivir sin miedo.
Una historia sobre el amor, la vida y esos momentos que lo cambian todo para siempre."
TRES ADIOSES,Isabel Coixet,122,02,20:20,2026-03-19,Renoir Princesa,https://www.pillalas.com/pase/1058995/,https://www.cinesrenoir.com/pelicula/tres-adioses/,https://media.pillalas.com/imagenes/726afb526abffa832ea2a44a189894de905fc7e94534a8bf4ef6bf13e5ccdfe90922c22e.jpg,Italiano,No recomendada para menores de 12 años,Viernes 6 Febrero 2026,"Alba Rohrwacher, Elio Germano, Francesco Carril, Silvia D Amico, Galatea Bellugi, Sarita Choudhury","Tras lo que parecía una discusión sin importancia, Marta (Alba Rohrwacher) y Antonio (Elio Germano) se separan. Él, un chef prometedor, se refugia en sus fogones; ella, en su silencio, empieza a notar algo más que tristeza: ha perdido el apetito… y no solo por desamor. Cuando descubre que detrás hay un problema de salud, todo da un giro inesperado: la comida sabe mejor, la música le llega como nunca y el deseo despierta sus ganas de vivir sin miedo.
Una historia sobre el amor, la vida y esos momentos que lo cambian todo para siempre."
UNA BATALLA TRAS OTRA,Paul Thomas Anderson,161,07,16:00,2026-03-19,Renoir Princesa,https://www.pillalas.com/pase/1059091/,https://www.cinesrenoir.com/pelicula/una-batalla-tras-otra/,https://media.pillalas.com/imagenes/726afb526abffa83067d351656e3959d62491a4b950d2e053e036c244c54d5060d7521c0.jpg,Inglés,No recomendada para menores de 16 años,Viernes 26 Septiembre 2025,"Leonardo Dicaprio, Sean Penn, Benicio Del Toro, Regina Hall, Teyana Taylor, Wood Harris, Alana Haim, Shayna Mchayle, Chase Infiniti, Starletta Dupois, Joe Silva, Eric Schweig, Tony Goldwyn, James Downey, John Hoogenakker, Kevin Tighe, D.W. Moffett, James Raterman","Cuando su malvado enemigo resurge después de 16 años, una banda de exrevolucionarios se reúne para rescatar a la hija de uno de los suyos, encarnado por Leonardo DiCaprio. Adaptación de la novela 'Vineland', de Thomas Pynchon, escrita en 1990, sobre los movimientos radicales de los años sesenta."
¡LA NOVIA!,Maggie Gyllenhaal,126,03,20:15,2026-03-19,Renoir Princesa,https://www.pillalas.com/pase/1059097/,https://www.cinesrenoir.com/pelicula/la-novia/,https://media.pillalas.com/imagenes/726afb526abffa834d5e9976411fdc20e28407e451a89b449da3736e5440bebb2e35bc4c.jpg,Inglés,No recomendada para menores de 16 años y distintivo especialmente recomendada para el fomento de la igualdad de género,Viernes 6 Marzo 2026,"Jessie Buckley, Christian Bale, Peter Sarsgaard, Annette Bening, Penelope Cruz, Jake Gyllenhaal, Julianne Hough, Louis Cancelmi, John Magaro, Linda Emond, Jeannie Berlin, Matthew Maher","En el Chicago de los años 30, un solitario Frankenstein pide la ayuda del Dr. Euphronius para crearse una compañera. Los dos resucitan a una joven asesinada y en ese momento nace la Novia, quien irá más allá de lo que cualquiera de los dos pretendía, encendiendo un romance apasionado, la atención de la policía y un movimiento social salvaje y radical."
¡LA NOVIA!,Maggie Gyllenhaal,126,06,22:30,2026-03-19,Renoir Princesa,https://www.pillalas.com/pase/1059101/,https://www.cinesrenoir.com/pelicula/la-novia/,https://media.pillalas.com/imagenes/726afb526abffa834d5e9976411fdc20e28407e451a89b449da3736e5440bebb2e35bc4c.jpg,Inglés,No recomendada para menores de 16 años y distintivo especialmente recomendada para el fomento de la igualdad de género,Viernes 6 Marzo 2026,"Jessie Buckley, Christian Bale, Peter Sarsgaard, Annette Bening, Penelope Cruz, Jake Gyllenhaal, Julianne Hough, Louis Cancelmi, John Magaro, Linda Emond, Jeannie Berlin, Matthew Maher","En el Chicago de los años 30, un solitario Frankenstein pide la ayuda del Dr. Euphronius para crearse una compañera. Los dos resucitan a una joven asesinada y en ese momento nace la Novia, quien irá más allá de lo que cualquiera de los dos pretendía, encendiendo un romance apasionado, la atención de la policía y un movimiento social salvaje y radical."
EL ÚLTIMO VIKINGO,Anders Thomas Jensen,116,02,16:00,2026-03-11,Renoir Plaza de España,https://www.pillalas.com/pase/1057738/,https://www.cinesrenoir.com/pelicula/el-ultimo-vikingo/,https://media.pillalas.com/imagenes/726afb526abffa831071fdb7895dda5a8f5443f58bef959385371bd83d00b407e021267b.jpg,Danés,No recomendada para menores de 16 años,Viernes 6 Marzo 2026,"Mads Mikkelsen, Nikolaj Lie Kaas, Søren Malling, Sofie Gråbøl","Anker sale de prisión tras cumplir una condena de quince años por robo. El dinero del atraco fue enterrado por su hermano Manfred. Solo él sabe dónde está. Por desgracia, desde entonces Manfred ha desarrollado un trastorno mental que le ha hecho olvidarlo todo. Juntos, los hermanos emprenden un viaje inesperado para encontrar el dinero y descubrir quiénes son en realidad."
EL ÚLTIMO VIKINGO,Anders Thomas Jensen,116,02,18:10,2026-03-11,Renoir Plaza de España,https://www.pillalas.com/pase/1057739/,https://www.cinesrenoir.com/pelicula/el-ultimo-vikingo/,https://media.pillalas.com/imagenes/726afb526abffa831071fdb7895dda5a8f5443f58bef959385371bd83d00b407e021267b.jpg,Danés,No recomendada para menores de 16 años,Viernes 6 Marzo 2026,"Mads Mikkelsen, Nikolaj Lie Kaas, Søren Malling, Sofie Gråbøl","Anker sale de prisión tras cumplir una condena de quince años por robo. El dinero del atraco fue enterrado por su hermano Manfred. Solo él sabe dónde está. Por desgracia, desde entonces Manfred ha desarrollado un trastorno mental que le ha hecho olvidarlo todo. Juntos, los hermanos emprenden un viaje inesperado para encontrar el dinero y descubrir quiénes son en realidad."
EL ÚLTIMO VIKINGO,Anders Thomas Jensen,116,02,20:25,2026-03-11,Renoir Plaza de España,https://www.pillalas.com/pase/1057742/,https://www.cinesrenoir.com/pelicula/el-ultimo-vikingo/,https://media.pillalas.com/imagenes/726afb526abffa831071fdb7895dda5a8f5443f58bef959385371bd83d00b407e021267b.jpg,Danés,No recomendada para menores de 16 años,Viernes 6 Marzo 2026,"Mads Mikkelsen, Nikolaj Lie Kaas, Søren Malling, Sofie Gråbøl","Anker sale de prisión tras cumplir una condena de quince años por robo. El dinero del atraco fue enterrado por su hermano Manfred. Solo él sabe dónde está. Por desgracia, desde entonces Manfred ha desarrollado un trastorno mental que le ha hecho olvidarlo todo. Juntos, los hermanos emprenden un viaje inesperado para encontrar el dinero y descubrir quiénes son en realidad."
EL ÚLTIMO VIKINGO,Anders Thomas Jensen,116,02,22:40,2026-03-11,Renoir Plaza de España,https://www.pillalas.com/pase/1057745/,https://www.cinesrenoir.com/pelicula/el-ultimo-vikingo/,https://media.pillalas.com/imagenes/726afb526abffa831071fdb7895dda5a8f5443f58bef959385371bd83d00b407e021267b.jpg,Danés,No recomendada para menores de 16 años,Viernes 6 Marzo 2026,"Mads Mikkelsen, Nikolaj Lie Kaas, Søren Malling, Sofie Gråbøl","Anker sale de prisión tras cumplir una condena de quince años por robo. El dinero del atraco fue enterrado por su hermano Manfred. Solo él sabe dónde está. Por desgracia, desde entonces Manfred ha desarrollado un trastorno mental que le ha hecho olvidarlo todo. Juntos, los hermanos emprenden un viaje inesperado para encontrar el dinero y descubrir quiénes son en realidad."
LA CHICA ZURDA,Shih-Ching Tsou,108,04,20:25,2026-03-11,Renoir Plaza de España,https://www.pillalas.com/pase/1057786/,https://www.cinesrenoir.com/pelicula/la-chica-zurda/,https://media.pillalas.com/imagenes/726afb526abffa83e5ee5674d1ac0b73f39c1d9ebacca7f6a4c573d6423a82f140c7a520.jpg,Mandarín,No recomendada para menores de 12 años,Viernes 30 Enero 2026,"Shi-Yuan Ma, Janel Tsai, Nina Ye, Teng-Hui Huang, Akio Chen, Blaire Chang, Xin-Yan Chao","La pequeña I-Jing corretea con curiosidad por las calles de un mercado nocturno de Taipei, entre neones, motocicletas y toda clase de puestos de comida como el que regenta su madre, que trata de sacar adelante a la niña y a su hermana mayor."
LA TARTA DEL PRESIDENTE,Hasan Hadi,105,05,15:50,2026-03-11,Renoir Plaza de España,https://www.pillalas.com/pase/1057783/,https://www.cinesrenoir.com/pelicula/20260311050512-la-tarta-del-presidente/,https://media.pillalas.com/imagenes/726afb526abffa83eda64f8b418bec544f18146f6ca2869a88655e1df49985337de64299.jpg,Iraquí,No recomendada para menores de 12 años,Viernes 6 Febrero 2026,"Baneen Ahmad Nayyef, Waheed Thabet Khreibat, Sajad Mohamad Qasem, Muthanna Malaghi, Ahmad Qasem Saywan, Maytham Mreidi, Rahim Alhaj, Thaer Salem, Fatima Abouharoon","Irak, años noventa. La pequeña Lamia recibe la misión de preparar una tarta con motivo del cumpleaños del presidente Sadam Huseín. Acompañada por su amigo Saeed y con su gallo Hindi a cuestas, recorre Bagdad en busca de los ingredientes, viviendo una serie de peripecias que alterarán por completo su vida cotidiana."
LA TARTA DEL PRESIDENTE,Hasan Hadi,105,04,18:25,2026-03-11,Renoir Plaza de España,https://www.pillalas.com/pase/1057741/,https://www.cinesrenoir.com/pelicula/20260311050512-la-tarta-del-presidente/,https://media.pillalas.com/imagenes/726afb526abffa83eda64f8b418bec544f18146f6ca2869a88655e1df49985337de64299.jpg,Iraquí,No recomendada para menores de 12 años,Viernes 6 Febrero 2026,"Baneen Ahmad Nayyef, Waheed Thabet Khreibat, Sajad Mohamad Qasem, Muthanna Malaghi, Ahmad Qasem Saywan, Maytham Mreidi, Rahim Alhaj, Thaer Salem, Fatima Abouharoon","Irak, años noventa. La pequeña Lamia recibe la misión de preparar una tarta con motivo del cumpleaños del presidente Sadam Huseín. Acompañada por su amigo Saeed y con su gallo Hindi a cuestas, recorre Bagdad en busca de los ingredientes, viviendo una serie de peripecias que alterarán por completo su vida cotidiana."
LA TARTA DEL PRESIDENTE,Hasan Hadi,105,05,22:45,2026-03-11,Renoir Plaza de España,https://www.pillalas.com/pase/1057787/,https://www.cinesrenoir.com/pelicula/20260311050512-la-tarta-del-presidente/,https://media.pillalas.com/imagenes/726afb526abffa83eda64f8b418bec544f18146f6ca2869a88655e1df49985337de64299.jpg,Iraquí,No recomendada para menores de 12 años,Viernes 6 Febrero 2026,"Baneen Ahmad Nayyef, Waheed Thabet Khreibat, Sajad Mohamad Qasem, Muthanna Malaghi, Ahmad Qasem Saywan, Maytham Mreidi, Rahim Alhaj, Thaer Salem, Fatima Abouharoon","Irak, años noventa. La pequeña Lamia recibe la misión de preparar una tarta con motivo del cumpleaños del presidente Sadam Huseín. Acompañada por su amigo Saeed y con su gallo Hindi a cuestas, recorre Bagdad en busca de los ingredientes, viviendo una serie de peripecias que alterarán por completo su vida cotidiana."
LOS MISERABLES. EL ORIGEN,Éric Bersnard,98,01,15:50,2026-03-11,Renoir Plaza de España,https://www.pillalas.com/pase/1057673/,https://www.cinesrenoir.com/pelicula/los-miserables-el-origen/,https://media.pillalas.com/imagenes/726afb526abffa83f1fe811a2f88361f6bd22e58f78ce5ce248cf98ac6dddbdf057da693.jpg,Francés,No recomendada para menores de 16 años,Viernes 27 Febrero 2026,"Grégory Gadebois, Bernard Campan, Alexandra Lamy, Isabelle Carré, Dominique Pinon, Romane Libert, Albert Dupontel","Francia, 1815. Tras 19 años de condena, Jean Valjean queda en libertad. Rechazado por todos, encuentra refugio en casa del obispo Myriel, su hermana y su sirvienta. Sorprendido por una bondad que no comprende, Valjean deberá elegir entre el odio que lo consume o la posibilidad de redención que se le ofrece."
LOS MISERABLES. EL ORIGEN,Éric Bersnard,98,01,22:45,2026-03-11,Renoir Plaza de España,https://www.pillalas.com/pase/1057676/,https://www.cinesrenoir.com/pelicula/los-miserables-el-origen/,https://media.pillalas.com/imagenes/726afb526abffa83f1fe811a2f88361f6bd22e58f78ce5ce248cf98ac6dddbdf057da693.jpg,Francés,No recomendada para menores de 16 años,Viernes 27 Febrero 2026,"Grégory Gadebois, Bernard Campan, Alexandra Lamy, Isabelle Carré, Dominique Pinon, Romane Libert, Albert Dupontel","Francia, 1815. Tras 19 años de condena, Jean Valjean queda en libertad. Rechazado por todos, encuentra refugio en casa del obispo Myriel, su hermana y su sirvienta. Sorprendido por una bondad que no comprende, Valjean deberá elegir entre el odio que lo consume o la posibilidad de redención que se le ofrece."
NO HAY OTRA OPCIÓN,Park Chan-Wook,139,04,15:50,2026-03-11,Renoir Plaza de España,https://www.pillalas.com/pase/1057736/,https://www.cinesrenoir.com/pelicula/no-hay-otra-opcion/,https://media.pillalas.com/imagenes/726afb526abffa83bdeb4516e384b837092cce5cc6598f1dfd4dee91ff9227e1f484f775.jpg,Coreano,Pendiente de calificación,Viernes 13 Febrero 2026,"Lee Byung-Hun, Son Ye-Jin, Lee Sung-Min, Yeom Hye-Ran, Park Hee-Soon, Cha Seung-Won, Yoo Yeon-Seok","La historia sigue a un hombre de mediana edad llamado Man-su que se embarca decidido en una búsqueda de trabajo tras ser despedido inesperadamente de la compañía de papel en la que trabajó durante 25 años. ""Si no hay una vacante para mí, tendré que crear una para que me contraten. No hay otra opción"". Adaptación de la novela ""The Ax"" de Donald E. Westlake, que ya fue llevada al cine en la película ""Arcadia"", dirigida por Costa-Gavras en 2005."
NO HAY OTRA OPCIÓN,Park Chan-Wook,139,01,17:40,2026-03-11,Renoir Plaza de España,https://www.pillalas.com/pase/1057674/,https://www.cinesrenoir.com/pelicula/no-hay-otra-opcion/,https://media.pillalas.com/imagenes/726afb526abffa83bdeb4516e384b837092cce5cc6598f1dfd4dee91ff9227e1f484f775.jpg,Coreano,Pendiente de calificación,Viernes 13 Febrero 2026,"Lee Byung-Hun, Son Ye-Jin, Lee Sung-Min, Yeom Hye-Ran, Park Hee-Soon, Cha Seung-Won, Yoo Yeon-Seok","La historia sigue a un hombre de mediana edad llamado Man-su que se embarca decidido en una búsqueda de trabajo tras ser despedido inesperadamente de la compañía de papel en la que trabajó durante 25 años. ""Si no hay una vacante para mí, tendré que crear una para que me contraten. No hay otra opción"". Adaptación de la novela ""The Ax"" de Donald E. Westlake, que ya fue llevada al cine en la película ""Arcadia"", dirigida por Costa-Gavras en 2005."
NO HAY OTRA OPCIÓN,Park Chan-Wook,139,01,20:15,2026-03-11,Renoir Plaza de España,https://www.pillalas.com/pase/1057675/,https://www.cinesrenoir.com/pelicula/no-hay-otra-opcion/,https://media.pillalas.com/imagenes/726afb526abffa83bdeb4516e384b837092cce5cc6598f1dfd4dee91ff9227e1f484f775.jpg,Coreano,Pendiente de calificación,Viernes 13 Febrero 2026,"Lee Byung-Hun, Son Ye-Jin, Lee Sung-Min, Yeom Hye-Ran, Park Hee-Soon, Cha Seung-Won, Yoo Yeon-Seok","La historia sigue a un hombre de mediana edad llamado Man-su que se embarca decidido en una búsqueda de trabajo tras ser despedido inesperadamente de la compañía de papel en la que trabajó durante 25 años. ""Si no hay una vacante para mí, tendré que crear una para que me contraten. No hay otra opción"". Adaptación de la novela ""The Ax"" de Donald E. Westlake, que ya fue llevada al cine en la película ""Arcadia"", dirigida por Costa-Gavras en 2005."
NO HAY OTRA OPCIÓN,Park Chan-Wook,139,04,22:30,2026-03-11,Renoir Plaza de España,https://www.pillalas.com/pase/1057744/,https://www.cinesrenoir.com/pelicula/no-hay-otra-opcion/,https://media.pillalas.com/imagenes/726afb526abffa83bdeb4516e384b837092cce5cc6598f1dfd4dee91ff9227e1f484f775.jpg,Coreano,Pendiente de calificación,Viernes 13 Febrero 2026,"Lee Byung-Hun, Son Ye-Jin, Lee Sung-Min, Yeom Hye-Ran, Park Hee-Soon, Cha Seung-Won, Yoo Yeon-Seok","La historia sigue a un hombre de mediana edad llamado Man-su que se embarca decidido en una búsqueda de trabajo tras ser despedido inesperadamente de la compañía de papel en la que trabajó durante 25 años. ""Si no hay una vacante para mí, tendré que crear una para que me contraten. No hay otra opción"". Adaptación de la novela ""The Ax"" de Donald E. Westlake, que ya fue llevada al cine en la película ""Arcadia"", dirigida por Costa-Gavras en 2005."
ORWELL 2+2 = 5,Raoul Peck,119,03,16:00,2026-03-11,Renoir Plaza de España,https://www.pillalas.com/pase/1057737/,https://www.cinesrenoir.com/pelicula/orwell-22-5/,https://media.pillalas.com/imagenes/726afb526abffa83b83d4cc400c9761fa7472981f7fc060c0bd7e85b0217a3f74541294d.jpg,Inglés Y Otros,No recomendada para menores de 16 años,Viernes 27 Febrero 2026,Damian Lewis,"George Orwell fue uno de los autores más visionarios del siglo XX, cuyas novelas, 1984 y Rebelión en la granja, predijeron un futuro autoritario y escalofriante. El aclamado director Raoul Peck (I Am Not Your Negro) entrelaza clips, lecturas del diario de Orwell, referencias cinematográficas e imágenes actuales para crear no solo un retrato del escritor, sino también una nueva perspectiva sobre lo profética que se ha vuelto su obra."
ORWELL 2+2 = 5,Raoul Peck,119,03,18:15,2026-03-11,Renoir Plaza de España,https://www.pillalas.com/pase/1057740/,https://www.cinesrenoir.com/pelicula/orwell-22-5/,https://media.pillalas.com/imagenes/726afb526abffa83b83d4cc400c9761fa7472981f7fc060c0bd7e85b0217a3f74541294d.jpg,Inglés Y Otros,No recomendada para menores de 16 años,Viernes 27 Febrero 2026,Damian Lewis,"George Orwell fue uno de los autores más visionarios del siglo XX, cuyas novelas, 1984 y Rebelión en la granja, predijeron un futuro autoritario y escalofriante. El aclamado director Raoul Peck (I Am Not Your Negro) entrelaza clips, lecturas del diario de Orwell, referencias cinematográficas e imágenes actuales para crear no solo un retrato del escritor, sino también una nueva perspectiva sobre lo profética que se ha vuelto su obra."
ORWELL 2+2 = 5,Raoul Peck,119,03,20:30,2026-03-11,Renoir Plaza de España,https://www.pillalas.com/pase/1057743/,https://www.cinesrenoir.com/pelicula/orwell-22-5/,https://media.pillalas.com/imagenes/726afb526abffa83b83d4cc400c9761fa7472981f7fc060c0bd7e85b0217a3f74541294d.jpg,Inglés Y Otros,No recomendada para menores de 16 años,Viernes 27 Febrero 2026,Damian Lewis,"George Orwell fue uno de los autores más visionarios del siglo XX, cuyas novelas, 1984 y Rebelión en la granja, predijeron un futuro autoritario y escalofriante. El aclamado director Raoul Peck (I Am Not Your Negro) entrelaza clips, lecturas del diario de Orwell, referencias cinematográficas e imágenes actuales para crear no solo un retrato del escritor, sino también una nueva perspectiva sobre lo profética que se ha vuelto su obra."
ORWELL 2+2 = 5,Raoul Peck,119,03,22:45,2026-03-11,Renoir Plaza de España,https://www.pillalas.com/pase/1057746/,https://www.cinesrenoir.com/pelicula/orwell-22-5/,https://media.pillalas.com/imagenes/726afb526abffa83b83d4cc400c9761fa7472981f7fc060c0bd7e85b0217a3f74541294d.jpg,Inglés Y Otros,No recomendada para menores de 16 años,Viernes 27 Febrero 2026,Damian Lewis,"George Orwell fue uno de los autores más visionarios del siglo XX, cuyas novelas, 1984 y Rebelión en la granja, predijeron un futuro autoritario y escalofriante. El aclamado director Raoul Peck (I Am Not Your Negro) entrelaza clips, lecturas del diario de Orwell, referencias cinematográficas e imágenes actuales para crear no solo un retrato del escritor, sino también una nueva perspectiva sobre lo profética que se ha vuelto su obra."
VALOR SENTIMENTAL,Joachim Trier,133,05,17:50,2026-03-11,Renoir Plaza de España,https://www.pillalas.com/pase/1057784/,https://www.cinesrenoir.com/pelicula/valor-sentimental/,https://media.pillalas.com/imagenes/726afb526abffa83fe1b3adc6f8909539f80c9a958e909b641f78d7648edf8e1f62ca547.jpg,Noruego E Inglés,No recomendada para menores de 12 años,Viernes 5 Diciembre 2025,"Renate Reinsve, Stellan Skarsgård, Inga Ibsdotter Lilleaas, Elle Fanning, Anders Danielsen Lie, Jesper Christensen, Lena Endre, Cory Michael Smith, Catherine Cohen, Andreas Stoltenberg Granerud, Øyvind Hesjedal Loven, Lars Väringer, Ida Marianne Vassbotn Klasson, Vilde Søyland","Las hermanas Nora y Agnes se reencuentran con su padre ausente, un director de cine muy reconocido en el pasado que ha vuelto para ofrecer a Nora el papel principal de su próxima película. Aunque ella lo rechaza, Gustav decide seguir adelante y utilizar la casa familiar como escenario de su nuevo rodaje, lo que reaviva las tensiones entre ellos, especialmente tras la llegada de una joven actriz de Hollywood que acepta el papel en su lugar. El vínculo entre las hermanas se convertirá en su mayor refugio frente a las heridas del pasado."
VALOR SENTIMENTAL,Joachim Trier,133,05,20:20,2026-03-11,Renoir Plaza de España,https://www.pillalas.com/pase/1057785/,https://www.cinesrenoir.com/pelicula/valor-sentimental/,https://media.pillalas.com/imagenes/726afb526abffa83fe1b3adc6f8909539f80c9a958e909b641f78d7648edf8e1f62ca547.jpg,Noruego E Inglés,No recomendada para menores de 12 años,Viernes 5 Diciembre 2025,"Renate Reinsve, Stellan Skarsgård, Inga Ibsdotter Lilleaas, Elle Fanning, Anders Danielsen Lie, Jesper Christensen, Lena Endre, Cory Michael Smith, Catherine Cohen, Andreas Stoltenberg Granerud, Øyvind Hesjedal Loven, Lars Väringer, Ida Marianne Vassbotn Klasson, Vilde Søyland","Las hermanas Nora y Agnes se reencuentran con su padre ausente, un director de cine muy reconocido en el pasado que ha vuelto para ofrecer a Nora el papel principal de su próxima película. Aunque ella lo rechaza, Gustav decide seguir adelante y utilizar la casa familiar como escenario de su nuevo rodaje, lo que reaviva las tensiones entre ellos, especialmente tras la llegada de una joven actriz de Hollywood que acepta el papel en su lugar. El vínculo entre las hermanas se convertirá en su mayor refugio frente a las heridas del pasado."
EL ÚLTIMO VIKINGO,Anders Thomas Jensen,116,02,16:00,2026-03-12,Renoir Plaza de España,https://www.pillalas.com/pase/1057749/,https://www.cinesrenoir.com/pelicula/el-ultimo-vikingo/,https://media.pillalas.com/imagenes/726afb526abffa831071fdb7895dda5a8f5443f58bef959385371bd83d00b407e021267b.jpg,Danés,No recomendada para menores de 16 años,Viernes 6 Marzo 2026,"Mads Mikkelsen, Nikolaj Lie Kaas, Søren Malling, Sofie Gråbøl","Anker sale de prisión tras cumplir una condena de quince años por robo. El dinero del atraco fue enterrado por su hermano Manfred. Solo él sabe dónde está. Por desgracia, desde entonces Manfred ha desarrollado un trastorno mental que le ha hecho olvidarlo todo. Juntos, los hermanos emprenden un viaje inesperado para encontrar el dinero y descubrir quiénes son en realidad."
EL ÚLTIMO VIKINGO,Anders Thomas Jensen,116,02,18:10,2026-03-12,Renoir Plaza de España,https://www.pillalas.com/pase/1057750/,https://www.cinesrenoir.com/pelicula/el-ultimo-vikingo/,https://media.pillalas.com/imagenes/726afb526abffa831071fdb7895dda5a8f5443f58bef959385371bd83d00b407e021267b.jpg,Danés,No recomendada para menores de 16 años,Viernes 6 Marzo 2026,"Mads Mikkelsen, Nikolaj Lie Kaas, Søren Malling, Sofie Gråbøl","Anker sale de prisión tras cumplir una condena de quince años por robo. El dinero del atraco fue enterrado por su hermano Manfred. Solo él sabe dónde está. Por desgracia, desde entonces Manfred ha desarrollado un trastorno mental que le ha hecho olvidarlo todo. Juntos, los hermanos emprenden un viaje inesperado para encontrar el dinero y descubrir quiénes son en realidad."
EL ÚLTIMO VIKINGO,Anders Thomas Jensen,116,02,20:25,2026-03-12,Renoir Plaza de España,https://www.pillalas.com/pase/1057753/,https://www.cinesrenoir.com/pelicula/el-ultimo-vikingo/,https://media.pillalas.com/imagenes/726afb526abffa831071fdb7895dda5a8f5443f58bef959385371bd83d00b407e021267b.jpg,Danés,No recomendada para menores de 16 años,Viernes 6 Marzo 2026,"Mads Mikkelsen, Nikolaj Lie Kaas, Søren Malling, Sofie Gråbøl","Anker sale de prisión tras cumplir una condena de quince años por robo. El dinero del atraco fue enterrado por su hermano Manfred. Solo él sabe dónde está. Por desgracia, desde entonces Manfred ha desarrollado un trastorno mental que le ha hecho olvidarlo todo. Juntos, los hermanos emprenden un viaje inesperado para encontrar el dinero y descubrir quiénes son en realidad."
EL ÚLTIMO VIKINGO,Anders Thomas Jensen,116,02,22:40,2026-03-12,Renoir Plaza de España,https://www.pillalas.com/pase/1057756/,https://www.cinesrenoir.com/pelicula/el-ultimo-vikingo/,https://media.pillalas.com/imagenes/726afb526abffa831071fdb7895dda5a8f5443f58bef959385371bd83d00b407e021267b.jpg,Danés,No recomendada para menores de 16 años,Viernes 6 Marzo 2026,"Mads Mikkelsen, Nikolaj Lie Kaas, Søren Malling, Sofie Gråbøl","Anker sale de prisión tras cumplir una condena de quince años por robo. El dinero del atraco fue enterrado por su hermano Manfred. Solo él sabe dónde está. Por desgracia, desde entonces Manfred ha desarrollado un trastorno mental que le ha hecho olvidarlo todo. Juntos, los hermanos emprenden un viaje inesperado para encontrar el dinero y descubrir quiénes son en realidad."
LA CHICA ZURDA,Shih-Ching Tsou,108,04,20:25,2026-03-12,Renoir Plaza de España,https://www.pillalas.com/pase/1057791/,https://www.cinesrenoir.com/pelicula/la-chica-zurda/,https://media.pillalas.com/imagenes/726afb526abffa83e5ee5674d1ac0b73f39c1d9ebacca7f6a4c573d6423a82f140c7a520.jpg,Mandarín,No recomendada para menores de 12 años,Viernes 30 Enero 2026,"Shi-Yuan Ma, Janel Tsai, Nina Ye, Teng-Hui Huang, Akio Chen, Blaire Chang, Xin-Yan Chao","La pequeña I-Jing corretea con curiosidad por las calles de un mercado nocturno de Taipei, entre neones, motocicletas y toda clase de puestos de comida como el que regenta su madre, que trata de sacar adelante a la niña y a su hermana mayor."
LA TARTA DEL PRESIDENTE,Hasan Hadi,105,05,15:50,2026-03-12,Renoir Plaza de España,https://www.pillalas.com/pase/1057788/,https://www.cinesrenoir.com/pelicula/20260311050512-la-tarta-del-presidente/,https://media.pillalas.com/imagenes/726afb526abffa83eda64f8b418bec544f18146f6ca2869a88655e1df49985337de64299.jpg,Iraquí,No recomendada para menores de 12 años,Viernes 6 Febrero 2026,"Baneen Ahmad Nayyef, Waheed Thabet Khreibat, Sajad Mohamad Qasem, Muthanna Malaghi, Ahmad Qasem Saywan, Maytham Mreidi, Rahim Alhaj, Thaer Salem, Fatima Abouharoon","Irak, años noventa. La pequeña Lamia recibe la misión de preparar una tarta con motivo del cumpleaños del presidente Sadam Huseín. Acompañada por su amigo Saeed y con su gallo Hindi a cuestas, recorre Bagdad en busca de los ingredientes, viviendo una serie de peripecias que alterarán por completo su vida cotidiana."
LA TARTA DEL PRESIDENTE,Hasan Hadi,105,04,18:25,2026-03-12,Renoir Plaza de España,https://www.pillalas.com/pase/1057752/,https://www.cinesrenoir.com/pelicula/20260311050512-la-tarta-del-presidente/,https://media.pillalas.com/imagenes/726afb526abffa83eda64f8b418bec544f18146f6ca2869a88655e1df49985337de64299.jpg,Iraquí,No recomendada para menores de 12 años,Viernes 6 Febrero 2026,"Baneen Ahmad Nayyef, Waheed Thabet Khreibat, Sajad Mohamad Qasem, Muthanna Malaghi, Ahmad Qasem Saywan, Maytham Mreidi, Rahim Alhaj, Thaer Salem, Fatima Abouharoon","Irak, años noventa. La pequeña Lamia recibe la misión de preparar una tarta con motivo del cumpleaños del presidente Sadam Huseín. Acompañada por su amigo Saeed y con su gallo Hindi a cuestas, recorre Bagdad en busca de los ingredientes, viviendo una serie de peripecias que alterarán por completo su vida cotidiana."
LA TARTA DEL PRESIDENTE,Hasan Hadi,105,05,22:45,2026-03-12,Renoir Plaza de España,https://www.pillalas.com/pase/1057792/,https://www.cinesrenoir.com/pelicula/20260311050512-la-tarta-del-presidente/,https://media.pillalas.com/imagenes/726afb526abffa83eda64f8b418bec544f18146f6ca2869a88655e1df49985337de64299.jpg,Iraquí,No recomendada para menores de 12 años,Viernes 6 Febrero 2026,"Baneen Ahmad Nayyef, Waheed Thabet Khreibat, Sajad Mohamad Qasem, Muthanna Malaghi, Ahmad Qasem Saywan, Maytham Mreidi, Rahim Alhaj, Thaer Salem, Fatima Abouharoon","Irak, años noventa. La pequeña Lamia recibe la misión de preparar una tarta con motivo del cumpleaños del presidente Sadam Huseín. Acompañada por su amigo Saeed y con su gallo Hindi a cuestas, recorre Bagdad en busca de los ingredientes, viviendo una serie de peripecias que alterarán por completo su vida cotidiana."
LOS MISERABLES. EL ORIGEN,Éric Bersnard,98,01,15:50,2026-03-12,Renoir Plaza de España,https://www.pillalas.com/pase/1057677/,https://www.cinesrenoir.com/pelicula/los-miserables-el-origen/,https://media.pillalas.com/imagenes/726afb526abffa83f1fe811a2f88361f6bd22e58f78ce5ce248cf98ac6dddbdf057da693.jpg,Francés,No recomendada para menores de 16 años,Viernes 27 Febrero 2026,"Grégory Gadebois, Bernard Campan, Alexandra Lamy, Isabelle Carré, Dominique Pinon, Romane Libert, Albert Dupontel","Francia, 1815. Tras 19 años de condena, Jean Valjean queda en libertad. Rechazado por todos, encuentra refugio en casa del obispo Myriel, su hermana y su sirvienta. Sorprendido por una bondad que no comprende, Valjean deberá elegir entre el odio que lo consume o la posibilidad de redención que se le ofrece."
LOS MISERABLES. EL ORIGEN,Éric Bersnard,98,01,22:45,2026-03-12,Renoir Plaza de España,https://www.pillalas.com/pase/1057680/,https://www.cinesrenoir.com/pelicula/los-miserables-el-origen/,https://media.pillalas.com/imagenes/726afb526abffa83f1fe811a2f88361f6bd22e58f78ce5ce248cf98ac6dddbdf057da693.jpg,Francés,No recomendada para menores de 16 años,Viernes 27 Febrero 2026,"Grégory Gadebois, Bernard Campan, Alexandra Lamy, Isabelle Carré, Dominique Pinon, Romane Libert, Albert Dupontel","Francia, 1815. Tras 19 años de condena, Jean Valjean queda en libertad. Rechazado por todos, encuentra refugio en casa del obispo Myriel, su hermana y su sirvienta. Sorprendido por una bondad que no comprende, Valjean deberá elegir entre el odio que lo consume o la posibilidad de redención que se le ofrece."
NO HAY OTRA OPCIÓN,Park Chan-Wook,139,04,15:50,2026-03-12,Renoir Plaza de España,https://www.pillalas.com/pase/1057747/,https://www.cinesrenoir.com/pelicula/no-hay-otra-opcion/,https://media.pillalas.com/imagenes/726afb526abffa83bdeb4516e384b837092cce5cc6598f1dfd4dee91ff9227e1f484f775.jpg,Coreano,Pendiente de calificación,Viernes 13 Febrero 2026,"Lee Byung-Hun, Son Ye-Jin, Lee Sung-Min, Yeom Hye-Ran, Park Hee-Soon, Cha Seung-Won, Yoo Yeon-Seok","La historia sigue a un hombre de mediana edad llamado Man-su que se embarca decidido en una búsqueda de trabajo tras ser despedido inesperadamente de la compañía de papel en la que trabajó durante 25 años. ""Si no hay una vacante para mí, tendré que crear una para que me contraten. No hay otra opción"". Adaptación de la novela ""The Ax"" de Donald E. Westlake, que ya fue llevada al cine en la película ""Arcadia"", dirigida por Costa-Gavras en 2005."
NO HAY OTRA OPCIÓN,Park Chan-Wook,139,01,17:40,2026-03-12,Renoir Plaza de España,https://www.pillalas.com/pase/1057678/,https://www.cinesrenoir.com/pelicula/no-hay-otra-opcion/,https://media.pillalas.com/imagenes/726afb526abffa83bdeb4516e384b837092cce5cc6598f1dfd4dee91ff9227e1f484f775.jpg,Coreano,Pendiente de calificación,Viernes 13 Febrero 2026,"Lee Byung-Hun, Son Ye-Jin, Lee Sung-Min, Yeom Hye-Ran, Park Hee-Soon, Cha Seung-Won, Yoo Yeon-Seok","La historia sigue a un hombre de mediana edad llamado Man-su que se embarca decidido en una búsqueda de trabajo tras ser despedido inesperadamente de la compañía de papel en la que trabajó durante 25 años. ""Si no hay una vacante para mí, tendré que crear una para que me contraten. No hay otra opción"". Adaptación de la novela ""The Ax"" de Donald E. Westlake, que ya fue llevada al cine en la película ""Arcadia"", dirigida por Costa-Gavras en 2005."
NO HAY OTRA OPCIÓN,Park Chan-Wook,139,01,20:15,2026-03-12,Renoir Plaza de España,https://www.pillalas.com/pase/1057679/,https://www.cinesrenoir.com/pelicula/no-hay-otra-opcion/,https://media.pillalas.com/imagenes/726afb526abffa83bdeb4516e384b837092cce5cc6598f1dfd4dee91ff9227e1f484f775.jpg,Coreano,Pendiente de calificación,Viernes 13 Febrero 2026,"Lee Byung-Hun, Son Ye-Jin, Lee Sung-Min, Yeom Hye-Ran, Park Hee-Soon, Cha Seung-Won, Yoo Yeon-Seok","La historia sigue a un hombre de mediana edad llamado Man-su que se embarca decidido en una búsqueda de trabajo tras ser despedido inesperadamente de la compañía de papel en la que trabajó durante 25 años. ""Si no hay una vacante para mí, tendré que crear una para que me contraten. No hay otra opción"". Adaptación de la novela ""The Ax"" de Donald E. Westlake, que ya fue llevada al cine en la película ""Arcadia"", dirigida por Costa-Gavras en 2005."
NO HAY OTRA OPCIÓN,Park Chan-Wook,139,04,22:30,2026-03-12,Renoir Plaza de España,https://www.pillalas.com/pase/1057755/,https://www.cinesrenoir.com/pelicula/no-hay-otra-opcion/,https://media.pillalas.com/imagenes/726afb526abffa83bdeb4516e384b837092cce5cc6598f1dfd4dee91ff9227e1f484f775.jpg,Coreano,Pendiente de calificación,Viernes 13 Febrero 2026,"Lee Byung-Hun, Son Ye-Jin, Lee Sung-Min, Yeom Hye-Ran, Park Hee-Soon, Cha Seung-Won, Yoo Yeon-Seok","La historia sigue a un hombre de mediana edad llamado Man-su que se embarca decidido en una búsqueda de trabajo tras ser despedido inesperadamente de la compañía de papel en la que trabajó durante 25 años. ""Si no hay una vacante para mí, tendré que crear una para que me contraten. No hay otra opción"". Adaptación de la novela ""The Ax"" de Donald E. Westlake, que ya fue llevada al cine en la película ""Arcadia"", dirigida por Costa-Gavras en 2005."
ORWELL 2+2 = 5,Raoul Peck,119,03,16:00,2026-03-12,Renoir Plaza de España,https://www.pillalas.com/pase/1057748/,https://www.cinesrenoir.com/pelicula/orwell-22-5/,https://media.pillalas.com/imagenes/726afb526abffa83b83d4cc400c9761fa7472981f7fc060c0bd7e85b0217a3f74541294d.jpg,Inglés Y Otros,No recomendada para menores de 16 años,Viernes 27 Febrero 2026,Damian Lewis,"George Orwell fue uno de los autores más visionarios del siglo XX, cuyas novelas, 1984 y Rebelión en la granja, predijeron un futuro autoritario y escalofriante. El aclamado director Raoul Peck (I Am Not Your Negro) entrelaza clips, lecturas del diario de Orwell, referencias cinematográficas e imágenes actuales para crear no solo un retrato del escritor, sino también una nueva perspectiva sobre lo profética que se ha vuelto su obra."
ORWELL 2+2 = 5,Raoul Peck,119,03,18:15,2026-03-12,Renoir Plaza de España,https://www.pillalas.com/pase/1057751/,https://www.cinesrenoir.com/pelicula/orwell-22-5/,https://media.pillalas.com/imagenes/726afb526abffa83b83d4cc400c9761fa7472981f7fc060c0bd7e85b0217a3f74541294d.jpg,Inglés Y Otros,No recomendada para menores de 16 años,Viernes 27 Febrero 2026,Damian Lewis,"George Orwell fue uno de los autores más visionarios del siglo XX, cuyas novelas, 1984 y Rebelión en la granja, predijeron un futuro autoritario y escalofriante. El aclamado director Raoul Peck (I Am Not Your Negro) entrelaza clips, lecturas del diario de Orwell, referencias cinematográficas e imágenes actuales para crear no solo un retrato del escritor, sino también una nueva perspectiva sobre lo profética que se ha vuelto su obra."
ORWELL 2+2 = 5,Raoul Peck,119,03,20:30,2026-03-12,Renoir Plaza de España,https://www.pillalas.com/pase/1057754/,https://www.cinesrenoir.com/pelicula/orwell-22-5/,https://media.pillalas.com/imagenes/726afb526abffa83b83d4cc400c9761fa7472981f7fc060c0bd7e85b0217a3f74541294d.jpg,Inglés Y Otros,No recomendada para menores de 16 años,Viernes 27 Febrero 2026,Damian Lewis,"George Orwell fue uno de los autores más visionarios del siglo XX, cuyas novelas, 1984 y Rebelión en la granja, predijeron un futuro autoritario y escalofriante. El aclamado director Raoul Peck (I Am Not Your Negro) entrelaza clips, lecturas del diario de Orwell, referencias cinematográficas e imágenes actuales para crear no solo un retrato del escritor, sino también una nueva perspectiva sobre lo profética que se ha vuelto su obra."
ORWELL 2+2 = 5,Raoul Peck,119,03,22:45,2026-03-12,Renoir Plaza de España,https://www.pillalas.com/pase/1057757/,https://www.cinesrenoir.com/pelicula/orwell-22-5/,https://media.pillalas.com/imagenes/726afb526abffa83b83d4cc400c9761fa7472981f7fc060c0bd7e85b0217a3f74541294d.jpg,Inglés Y Otros,No recomendada para menores de 16 años,Viernes 27 Febrero 2026,Damian Lewis,"George Orwell fue uno de los autores más visionarios del siglo XX, cuyas novelas, 1984 y Rebelión en la granja, predijeron un futuro autoritario y escalofriante. El aclamado director Raoul Peck (I Am Not Your Negro) entrelaza clips, lecturas del diario de Orwell, referencias cinematográficas e imágenes actuales para crear no solo un retrato del escritor, sino también una nueva perspectiva sobre lo profética que se ha vuelto su obra."
VALOR SENTIMENTAL,Joachim Trier,133,05,17:50,2026-03-12,Renoir Plaza de España,https://www.pillalas.com/pase/1057789/,https://www.cinesrenoir.com/pelicula/valor-sentimental/,https://media.pillalas.com/imagenes/726afb526abffa83fe1b3adc6f8909539f80c9a958e909b641f78d7648edf8e1f62ca547.jpg,Noruego E Inglés,No recomendada para menores de 12 años,Viernes 5 Diciembre 2025,"Renate Reinsve, Stellan Skarsgård, Inga Ibsdotter Lilleaas, Elle Fanning, Anders Danielsen Lie, Jesper Christensen, Lena Endre, Cory Michael Smith, Catherine Cohen, Andreas Stoltenberg Granerud, Øyvind Hesjedal Loven, Lars Väringer, Ida Marianne Vassbotn Klasson, Vilde Søyland","Las hermanas Nora y Agnes se reencuentran con su padre ausente, un director de cine muy reconocido en el pasado que ha vuelto para ofrecer a Nora el papel principal de su próxima película. Aunque ella lo rechaza, Gustav decide seguir adelante y utilizar la casa familiar como escenario de su nuevo rodaje, lo que reaviva las tensiones entre ellos, especialmente tras la llegada de una joven actriz de Hollywood que acepta el papel en su lugar. El vínculo entre las hermanas se convertirá en su mayor refugio frente a las heridas del pasado."
VALOR SENTIMENTAL,Joachim Trier,133,05,20:20,2026-03-12,Renoir Plaza de España,https://www.pillalas.com/pase/1057790/,https://www.cinesrenoir.com/pelicula/valor-sentimental/,https://media.pillalas.com/imagenes/726afb526abffa83fe1b3adc6f8909539f80c9a958e909b641f78d7648edf8e1f62ca547.jpg,Noruego E Inglés,No recomendada para menores de 12 años,Viernes 5 Diciembre 2025,"Renate Reinsve, Stellan Skarsgård, Inga Ibsdotter Lilleaas, Elle Fanning, Anders Danielsen Lie, Jesper Christensen, Lena Endre, Cory Michael Smith, Catherine Cohen, Andreas Stoltenberg Granerud, Øyvind Hesjedal Loven, Lars Väringer, Ida Marianne Vassbotn Klasson, Vilde Søyland","Las hermanas Nora y Agnes se reencuentran con su padre ausente, un director de cine muy reconocido en el pasado que ha vuelto para ofrecer a Nora el papel principal de su próxima película. Aunque ella lo rechaza, Gustav decide seguir adelante y utilizar la casa familiar como escenario de su nuevo rodaje, lo que reaviva las tensiones entre ellos, especialmente tras la llegada de una joven actriz de Hollywood que acepta el papel en su lugar. El vínculo entre las hermanas se convertirá en su mayor refugio frente a las heridas del pasado."
EL ÚLTIMO VIKINGO,Anders Thomas Jensen,116,01,15:50,2026-03-13,Renoir Plaza de España,https://www.pillalas.com/pase/1058776/,https://www.cinesrenoir.com/pelicula/el-ultimo-vikingo/,https://media.pillalas.com/imagenes/726afb526abffa831071fdb7895dda5a8f5443f58bef959385371bd83d00b407e021267b.jpg,Danés,No recomendada para menores de 16 años,Viernes 6 Marzo 2026,"Mads Mikkelsen, Nikolaj Lie Kaas, Søren Malling, Sofie Gråbøl","Anker sale de prisión tras cumplir una condena de quince años por robo. El dinero del atraco fue enterrado por su hermano Manfred. Solo él sabe dónde está. Por desgracia, desde entonces Manfred ha desarrollado un trastorno mental que le ha hecho olvidarlo todo. Juntos, los hermanos emprenden un viaje inesperado para encontrar el dinero y descubrir quiénes son en realidad."
EL ÚLTIMO VIKINGO,Anders Thomas Jensen,116,02,18:10,2026-03-13,Renoir Plaza de España,https://www.pillalas.com/pase/1058787/,https://www.cinesrenoir.com/pelicula/el-ultimo-vikingo/,https://media.pillalas.com/imagenes/726afb526abffa831071fdb7895dda5a8f5443f58bef959385371bd83d00b407e021267b.jpg,Danés,No recomendada para menores de 16 años,Viernes 6 Marzo 2026,"Mads Mikkelsen, Nikolaj Lie Kaas, Søren Malling, Sofie Gråbøl","Anker sale de prisión tras cumplir una condena de quince años por robo. El dinero del atraco fue enterrado por su hermano Manfred. Solo él sabe dónde está. Por desgracia, desde entonces Manfred ha desarrollado un trastorno mental que le ha hecho olvidarlo todo. Juntos, los hermanos emprenden un viaje inesperado para encontrar el dinero y descubrir quiénes son en realidad."
EL ÚLTIMO VIKINGO,Anders Thomas Jensen,116,02,20:20,2026-03-13,Renoir Plaza de España,https://www.pillalas.com/pase/1058792/,https://www.cinesrenoir.com/pelicula/el-ultimo-vikingo/,https://media.pillalas.com/imagenes/726afb526abffa831071fdb7895dda5a8f5443f58bef959385371bd83d00b407e021267b.jpg,Danés,No recomendada para menores de 16 años,Viernes 6 Marzo 2026,"Mads Mikkelsen, Nikolaj Lie Kaas, Søren Malling, Sofie Gråbøl","Anker sale de prisión tras cumplir una condena de quince años por robo. El dinero del atraco fue enterrado por su hermano Manfred. Solo él sabe dónde está. Por desgracia, desde entonces Manfred ha desarrollado un trastorno mental que le ha hecho olvidarlo todo. Juntos, los hermanos emprenden un viaje inesperado para encontrar el dinero y descubrir quiénes son en realidad."
EL ÚLTIMO VIKINGO,Anders Thomas Jensen,116,05,22:45,2026-03-13,Renoir Plaza de España,https://www.pillalas.com/pase/1058888/,https://www.cinesrenoir.com/pelicula/el-ultimo-vikingo/,https://media.pillalas.com/imagenes/726afb526abffa831071fdb7895dda5a8f5443f58bef959385371bd83d00b407e021267b.jpg,Danés,No recomendada para menores de 16 años,Viernes 6 Marzo 2026,"Mads Mikkelsen, Nikolaj Lie Kaas, Søren Malling, Sofie Gråbøl","Anker sale de prisión tras cumplir una condena de quince años por robo. El dinero del atraco fue enterrado por su hermano Manfred. Solo él sabe dónde está. Por desgracia, desde entonces Manfred ha desarrollado un trastorno mental que le ha hecho olvidarlo todo. Juntos, los hermanos emprenden un viaje inesperado para encontrar el dinero y descubrir quiénes son en realidad."
LA CHICA ZURDA,Shih-Ching Tsou,108,05,18:20,2026-03-13,Renoir Plaza de España,https://www.pillalas.com/pase/1058886/,https://www.cinesrenoir.com/pelicula/la-chica-zurda/,https://media.pillalas.com/imagenes/726afb526abffa83e5ee5674d1ac0b73f39c1d9ebacca7f6a4c573d6423a82f140c7a520.jpg,Mandarín,No recomendada para menores de 12 años,Viernes 30 Enero 2026,"Shi-Yuan Ma, Janel Tsai, Nina Ye, Teng-Hui Huang, Akio Chen, Blaire Chang, Xin-Yan Chao","La pequeña I-Jing corretea con curiosidad por las calles de un mercado nocturno de Taipei, entre neones, motocicletas y toda clase de puestos de comida como el que regenta su madre, que trata de sacar adelante a la niña y a su hermana mayor."
LA TARTA DEL PRESIDENTE,Hasan Hadi,105,04,18:20,2026-03-13,Renoir Plaza de España,https://www.pillalas.com/pase/1058789/,https://www.cinesrenoir.com/pelicula/20260311050512-la-tarta-del-presidente/,https://media.pillalas.com/imagenes/726afb526abffa83eda64f8b418bec544f18146f6ca2869a88655e1df49985337de64299.jpg,Iraquí,No recomendada para menores de 12 años,Viernes 6 Febrero 2026,"Baneen Ahmad Nayyef, Waheed Thabet Khreibat, Sajad Mohamad Qasem, Muthanna Malaghi, Ahmad Qasem Saywan, Maytham Mreidi, Rahim Alhaj, Thaer Salem, Fatima Abouharoon","Irak, años noventa. La pequeña Lamia recibe la misión de preparar una tarta con motivo del cumpleaños del presidente Sadam Huseín. Acompañada por su amigo Saeed y con su gallo Hindi a cuestas, recorre Bagdad en busca de los ingredientes, viviendo una serie de peripecias que alterarán por completo su vida cotidiana."
LA TARTA DEL PRESIDENTE,Hasan Hadi,105,04,22:45,2026-03-13,Renoir Plaza de España,https://www.pillalas.com/pase/1058797/,https://www.cinesrenoir.com/pelicula/20260311050512-la-tarta-del-presidente/,https://media.pillalas.com/imagenes/726afb526abffa83eda64f8b418bec544f18146f6ca2869a88655e1df49985337de64299.jpg,Iraquí,No recomendada para menores de 12 años,Viernes 6 Febrero 2026,"Baneen Ahmad Nayyef, Waheed Thabet Khreibat, Sajad Mohamad Qasem, Muthanna Malaghi, Ahmad Qasem Saywan, Maytham Mreidi, Rahim Alhaj, Thaer Salem, Fatima Abouharoon","Irak, años noventa. La pequeña Lamia recibe la misión de preparar una tarta con motivo del cumpleaños del presidente Sadam Huseín. Acompañada por su amigo Saeed y con su gallo Hindi a cuestas, recorre Bagdad en busca de los ingredientes, viviendo una serie de peripecias que alterarán por completo su vida cotidiana."
NO HAY OTRA OPCIÓN,Park Chan-Wook,139,05,15:50,2026-03-13,Renoir Plaza de España,https://www.pillalas.com/pase/1058885/,https://www.cinesrenoir.com/pelicula/no-hay-otra-opcion/,https://media.pillalas.com/imagenes/726afb526abffa83bdeb4516e384b837092cce5cc6598f1dfd4dee91ff9227e1f484f775.jpg,Coreano,Pendiente de calificación,Viernes 13 Febrero 2026,"Lee Byung-Hun, Son Ye-Jin, Lee Sung-Min, Yeom Hye-Ran, Park Hee-Soon, Cha Seung-Won, Yoo Yeon-Seok","La historia sigue a un hombre de mediana edad llamado Man-su que se embarca decidido en una búsqueda de trabajo tras ser despedido inesperadamente de la compañía de papel en la que trabajó durante 25 años. ""Si no hay una vacante para mí, tendré que crear una para que me contraten. No hay otra opción"". Adaptación de la novela ""The Ax"" de Donald E. Westlake, que ya fue llevada al cine en la película ""Arcadia"", dirigida por Costa-Gavras en 2005."
NO HAY OTRA OPCIÓN,Park Chan-Wook,139,05,20:20,2026-03-13,Renoir Plaza de España,https://www.pillalas.com/pase/1058887/,https://www.cinesrenoir.com/pelicula/no-hay-otra-opcion/,https://media.pillalas.com/imagenes/726afb526abffa83bdeb4516e384b837092cce5cc6598f1dfd4dee91ff9227e1f484f775.jpg,Coreano,Pendiente de calificación,Viernes 13 Febrero 2026,"Lee Byung-Hun, Son Ye-Jin, Lee Sung-Min, Yeom Hye-Ran, Park Hee-Soon, Cha Seung-Won, Yoo Yeon-Seok","La historia sigue a un hombre de mediana edad llamado Man-su que se embarca decidido en una búsqueda de trabajo tras ser despedido inesperadamente de la compañía de papel en la que trabajó durante 25 años. ""Si no hay una vacante para mí, tendré que crear una para que me contraten. No hay otra opción"". Adaptación de la novela ""The Ax"" de Donald E. Westlake, que ya fue llevada al cine en la película ""Arcadia"", dirigida por Costa-Gavras en 2005."
NO HAY OTRA OPCIÓN,Park Chan-Wook,139,02,22:35,2026-03-13,Renoir Plaza de España,https://www.pillalas.com/pase/1058794/,https://www.cinesrenoir.com/pelicula/no-hay-otra-opcion/,https://media.pillalas.com/imagenes/726afb526abffa83bdeb4516e384b837092cce5cc6598f1dfd4dee91ff9227e1f484f775.jpg,Coreano,Pendiente de calificación,Viernes 13 Febrero 2026,"Lee Byung-Hun, Son Ye-Jin, Lee Sung-Min, Yeom Hye-Ran, Park Hee-Soon, Cha Seung-Won, Yoo Yeon-Seok","La historia sigue a un hombre de mediana edad llamado Man-su que se embarca decidido en una búsqueda de trabajo tras ser despedido inesperadamente de la compañía de papel en la que trabajó durante 25 años. ""Si no hay una vacante para mí, tendré que crear una para que me contraten. No hay otra opción"". Adaptación de la novela ""The Ax"" de Donald E. Westlake, que ya fue llevada al cine en la película ""Arcadia"", dirigida por Costa-Gavras en 2005."
ORWELL 2+2 = 5,Raoul Peck,119,03,16:00,2026-03-13,Renoir Plaza de España,https://www.pillalas.com/pase/1058785/,https://www.cinesrenoir.com/pelicula/orwell-22-5/,https://media.pillalas.com/imagenes/726afb526abffa83b83d4cc400c9761fa7472981f7fc060c0bd7e85b0217a3f74541294d.jpg,Inglés Y Otros,No recomendada para menores de 16 años,Viernes 27 Febrero 2026,Damian Lewis,"George Orwell fue uno de los autores más visionarios del siglo XX, cuyas novelas, 1984 y Rebelión en la granja, predijeron un futuro autoritario y escalofriante. El aclamado director Raoul Peck (I Am Not Your Negro) entrelaza clips, lecturas del diario de Orwell, referencias cinematográficas e imágenes actuales para crear no solo un retrato del escritor, sino también una nueva perspectiva sobre lo profética que se ha vuelto su obra."
ORWELL 2+2 = 5,Raoul Peck,119,03,18:15,2026-03-13,Renoir Plaza de España,https://www.pillalas.com/pase/1058788/,https://www.cinesrenoir.com/pelicula/orwell-22-5/,https://media.pillalas.com/imagenes/726afb526abffa83b83d4cc400c9761fa7472981f7fc060c0bd7e85b0217a3f74541294d.jpg,Inglés Y Otros,No recomendada para menores de 16 años,Viernes 27 Febrero 2026,Damian Lewis,"George Orwell fue uno de los autores más visionarios del siglo XX, cuyas novelas, 1984 y Rebelión en la granja, predijeron un futuro autoritario y escalofriante. El aclamado director Raoul Peck (I Am Not Your Negro) entrelaza clips, lecturas del diario de Orwell, referencias cinematográficas e imágenes actuales para crear no solo un retrato del escritor, sino también una nueva perspectiva sobre lo profética que se ha vuelto su obra."
ORWELL 2+2 = 5,Raoul Peck,119,03,20:30,2026-03-13,Renoir Plaza de España,https://www.pillalas.com/pase/1058793/,https://www.cinesrenoir.com/pelicula/orwell-22-5/,https://media.pillalas.com/imagenes/726afb526abffa83b83d4cc400c9761fa7472981f7fc060c0bd7e85b0217a3f74541294d.jpg,Inglés Y Otros,No recomendada para menores de 16 años,Viernes 27 Febrero 2026,Damian Lewis,"George Orwell fue uno de los autores más visionarios del siglo XX, cuyas novelas, 1984 y Rebelión en la granja, predijeron un futuro autoritario y escalofriante. El aclamado director Raoul Peck (I Am Not Your Negro) entrelaza clips, lecturas del diario de Orwell, referencias cinematográficas e imágenes actuales para crear no solo un retrato del escritor, sino también una nueva perspectiva sobre lo profética que se ha vuelto su obra."
ORWELL 2+2 = 5,Raoul Peck,119,03,22:45,2026-03-13,Renoir Plaza de España,https://www.pillalas.com/pase/1058796/,https://www.cinesrenoir.com/pelicula/orwell-22-5/,https://media.pillalas.com/imagenes/726afb526abffa83b83d4cc400c9761fa7472981f7fc060c0bd7e85b0217a3f74541294d.jpg,Inglés Y Otros,No recomendada para menores de 16 años,Viernes 27 Febrero 2026,Damian Lewis,"George Orwell fue uno de los autores más visionarios del siglo XX, cuyas novelas, 1984 y Rebelión en la granja, predijeron un futuro autoritario y escalofriante. El aclamado director Raoul Peck (I Am Not Your Negro) entrelaza clips, lecturas del diario de Orwell, referencias cinematográficas e imágenes actuales para crear no solo un retrato del escritor, sino también una nueva perspectiva sobre lo profética que se ha vuelto su obra."
VALOR SENTIMENTAL,Joachim Trier,133,04,15:50,2026-03-13,Renoir Plaza de España,https://www.pillalas.com/pase/1058783/,https://www.cinesrenoir.com/pelicula/valor-sentimental/,https://media.pillalas.com/imagenes/726afb526abffa83fe1b3adc6f8909539f80c9a958e909b641f78d7648edf8e1f62ca547.jpg,Noruego E Inglés,No recomendada para menores de 12 años,Viernes 5 Diciembre 2025,"Renate Reinsve, Stellan Skarsgård, Inga Ibsdotter Lilleaas, Elle Fanning, Anders Danielsen Lie, Jesper Christensen, Lena Endre, Cory Michael Smith, Catherine Cohen, Andreas Stoltenberg Granerud, Øyvind Hesjedal Loven, Lars Väringer, Ida Marianne Vassbotn Klasson, Vilde Søyland","Las hermanas Nora y Agnes se reencuentran con su padre ausente, un director de cine muy reconocido en el pasado que ha vuelto para ofrecer a Nora el papel principal de su próxima película. Aunque ella lo rechaza, Gustav decide seguir adelante y utilizar la casa familiar como escenario de su nuevo rodaje, lo que reaviva las tensiones entre ellos, especialmente tras la llegada de una joven actriz de Hollywood que acepta el papel en su lugar. El vínculo entre las hermanas se convertirá en su mayor refugio frente a las heridas del pasado."
VALOR SENTIMENTAL,Joachim Trier,133,04,20:20,2026-03-13,Renoir Plaza de España,https://www.pillalas.com/pase/1058791/,https://www.cinesrenoir.com/pelicula/valor-sentimental/,https://media.pillalas.com/imagenes/726afb526abffa83fe1b3adc6f8909539f80c9a958e909b641f78d7648edf8e1f62ca547.jpg,Noruego E Inglés,No recomendada para menores de 12 años,Viernes 5 Diciembre 2025,"Renate Reinsve, Stellan Skarsgård, Inga Ibsdotter Lilleaas, Elle Fanning, Anders Danielsen Lie, Jesper Christensen, Lena Endre, Cory Michael Smith, Catherine Cohen, Andreas Stoltenberg Granerud, Øyvind Hesjedal Loven, Lars Väringer, Ida Marianne Vassbotn Klasson, Vilde Søyland","Las hermanas Nora y Agnes se reencuentran con su padre ausente, un director de cine muy reconocido en el pasado que ha vuelto para ofrecer a Nora el papel principal de su próxima película. Aunque ella lo rechaza, Gustav decide seguir adelante y utilizar la casa familiar como escenario de su nuevo rodaje, lo que reaviva las tensiones entre ellos, especialmente tras la llegada de una joven actriz de Hollywood que acepta el papel en su lugar. El vínculo entre las hermanas se convertirá en su mayor refugio frente a las heridas del pasado."
ÁGUILAS DE EL CAIRO,Tarik Saleh,128,02,15:50,2026-03-13,Renoir Plaza de España,https://www.pillalas.com/pase/1058784/,https://www.cinesrenoir.com/pelicula/aguilas-de-el-cairo/,https://media.pillalas.com/imagenes/726afb526abffa8352548cf73e8a92c7f956872644b319e354995dea422ef81774899f3c.jpg,Árabe,No recomendada para menores de 16 años,Viernes 13 Marzo 2026,"Fares Fares, Lyna Khoudri, Cherien Dabis, Amr Waked, Zineb Triki, Sherwan Haji, Hesham Abdel Hamid, Ahmed Khairy, Hassan El Sayed, Kemal Mustafa","George Fahmy (Fares Fares) el actor más adorado de Egipto, se ve presionado a protagonizar una película encargada por las más altas autoridades egipcias. Aceptando a regañadientes, este papel será la puerta que le hará entrar en el selecto grupo de las personas más poderosas del país. Como una polilla atraída por la luz, comienza un romance con la misteriosa esposa del general que supervisa el proyecto."
ÁGUILAS DE EL CAIRO,Tarik Saleh,128,01,18:00,2026-03-13,Renoir Plaza de España,https://www.pillalas.com/pase/1058917/,https://www.cinesrenoir.com/pelicula/aguilas-de-el-cairo/,https://media.pillalas.com/imagenes/726afb526abffa8352548cf73e8a92c7f956872644b319e354995dea422ef81774899f3c.jpg,Árabe,No recomendada para menores de 16 años,Viernes 13 Marzo 2026,"Fares Fares, Lyna Khoudri, Cherien Dabis, Amr Waked, Zineb Triki, Sherwan Haji, Hesham Abdel Hamid, Ahmed Khairy, Hassan El Sayed, Kemal Mustafa","George Fahmy (Fares Fares) el actor más adorado de Egipto, se ve presionado a protagonizar una película encargada por las más altas autoridades egipcias. Aceptando a regañadientes, este papel será la puerta que le hará entrar en el selecto grupo de las personas más poderosas del país. Como una polilla atraída por la luz, comienza un romance con la misteriosa esposa del general que supervisa el proyecto."
ÁGUILAS DE EL CAIRO,Tarik Saleh,128,01,20:20,2026-03-13,Renoir Plaza de España,https://www.pillalas.com/pase/1058918/,https://www.cinesrenoir.com/pelicula/aguilas-de-el-cairo/,https://media.pillalas.com/imagenes/726afb526abffa8352548cf73e8a92c7f956872644b319e354995dea422ef81774899f3c.jpg,Árabe,No recomendada para menores de 16 años,Viernes 13 Marzo 2026,"Fares Fares, Lyna Khoudri, Cherien Dabis, Amr Waked, Zineb Triki, Sherwan Haji, Hesham Abdel Hamid, Ahmed Khairy, Hassan El Sayed, Kemal Mustafa","George Fahmy (Fares Fares) el actor más adorado de Egipto, se ve presionado a protagonizar una película encargada por las más altas autoridades egipcias. Aceptando a regañadientes, este papel será la puerta que le hará entrar en el selecto grupo de las personas más poderosas del país. Como una polilla atraída por la luz, comienza un romance con la misteriosa esposa del general que supervisa el proyecto."
ÁGUILAS DE EL CAIRO,Tarik Saleh,128,01,22:45,2026-03-13,Renoir Plaza de España,https://www.pillalas.com/pase/1058919/,https://www.cinesrenoir.com/pelicula/aguilas-de-el-cairo/,https://media.pillalas.com/imagenes/726afb526abffa8352548cf73e8a92c7f956872644b319e354995dea422ef81774899f3c.jpg,Árabe,No recomendada para menores de 16 años,Viernes 13 Marzo 2026,"Fares Fares, Lyna Khoudri, Cherien Dabis, Amr Waked, Zineb Triki, Sherwan Haji, Hesham Abdel Hamid, Ahmed Khairy, Hassan El Sayed, Kemal Mustafa","George Fahmy (Fares Fares) el actor más adorado de Egipto, se ve presionado a protagonizar una película encargada por las más altas autoridades egipcias. Aceptando a regañadientes, este papel será la puerta que le hará entrar en el selecto grupo de las personas más poderosas del país. Como una polilla atraída por la luz, comienza un romance con la misteriosa esposa del general que supervisa el proyecto."
EL ÚLTIMO VIKINGO,Anders Thomas Jensen,116,01,15:50,2026-03-14,Renoir Plaza de España,https://www.pillalas.com/pase/1058777/,https://www.cinesrenoir.com/pelicula/el-ultimo-vikingo/,https://media.pillalas.com/imagenes/726afb526abffa831071fdb7895dda5a8f5443f58bef959385371bd83d00b407e021267b.jpg,Danés,No recomendada para menores de 16 años,Viernes 6 Marzo 2026,"Mads Mikkelsen, Nikolaj Lie Kaas, Søren Malling, Sofie Gråbøl","Anker sale de prisión tras cumplir una condena de quince años por robo. El dinero del atraco fue enterrado por su hermano Manfred. Solo él sabe dónde está. Por desgracia, desde entonces Manfred ha desarrollado un trastorno mental que le ha hecho olvidarlo todo. Juntos, los hermanos emprenden un viaje inesperado para encontrar el dinero y descubrir quiénes son en realidad."
EL ÚLTIMO VIKINGO,Anders Thomas Jensen,116,02,18:10,2026-03-14,Renoir Plaza de España,https://www.pillalas.com/pase/1058802/,https://www.cinesrenoir.com/pelicula/el-ultimo-vikingo/,https://media.pillalas.com/imagenes/726afb526abffa831071fdb7895dda5a8f5443f58bef959385371bd83d00b407e021267b.jpg,Danés,No recomendada para menores de 16 años,Viernes 6 Marzo 2026,"Mads Mikkelsen, Nikolaj Lie Kaas, Søren Malling, Sofie Gråbøl","Anker sale de prisión tras cumplir una condena de quince años por robo. El dinero del atraco fue enterrado por su hermano Manfred. Solo él sabe dónde está. Por desgracia, desde entonces Manfred ha desarrollado un trastorno mental que le ha hecho olvidarlo todo. Juntos, los hermanos emprenden un viaje inesperado para encontrar el dinero y descubrir quiénes son en realidad."
EL ÚLTIMO VIKINGO,Anders Thomas Jensen,116,02,20:20,2026-03-14,Renoir Plaza de España,https://www.pillalas.com/pase/1058805/,https://www.cinesrenoir.com/pelicula/el-ultimo-vikingo/,https://media.pillalas.com/imagenes/726afb526abffa831071fdb7895dda5a8f5443f58bef959385371bd83d00b407e021267b.jpg,Danés,No recomendada para menores de 16 años,Viernes 6 Marzo 2026,"Mads Mikkelsen, Nikolaj Lie Kaas, Søren Malling, Sofie Gråbøl","Anker sale de prisión tras cumplir una condena de quince años por robo. El dinero del atraco fue enterrado por su hermano Manfred. Solo él sabe dónde está. Por desgracia, desde entonces Manfred ha desarrollado un trastorno mental que le ha hecho olvidarlo todo. Juntos, los hermanos emprenden un viaje inesperado para encontrar el dinero y descubrir quiénes son en realidad."
EL ÚLTIMO VIKINGO,Anders Thomas Jensen,116,05,22:45,2026-03-14,Renoir Plaza de España,https://www.pillalas.com/pase/1058892/,https://www.cinesrenoir.com/pelicula/el-ultimo-vikingo/,https://media.pillalas.com/imagenes/726afb526abffa831071fdb7895dda5a8f5443f58bef959385371bd83d00b407e021267b.jpg,Danés,No recomendada para menores de 16 años,Viernes 6 Marzo 2026,"Mads Mikkelsen, Nikolaj Lie Kaas, Søren Malling, Sofie Gråbøl","Anker sale de prisión tras cumplir una condena de quince años por robo. El dinero del atraco fue enterrado por su hermano Manfred. Solo él sabe dónde está. Por desgracia, desde entonces Manfred ha desarrollado un trastorno mental que le ha hecho olvidarlo todo. Juntos, los hermanos emprenden un viaje inesperado para encontrar el dinero y descubrir quiénes son en realidad."
LA CHICA ZURDA,Shih-Ching Tsou,108,05,18:20,2026-03-14,Renoir Plaza de España,https://www.pillalas.com/pase/1058890/,https://www.cinesrenoir.com/pelicula/la-chica-zurda/,https://media.pillalas.com/imagenes/726afb526abffa83e5ee5674d1ac0b73f39c1d9ebacca7f6a4c573d6423a82f140c7a520.jpg,Mandarín,No recomendada para menores de 12 años,Viernes 30 Enero 2026,"Shi-Yuan Ma, Janel Tsai, Nina Ye, Teng-Hui Huang, Akio Chen, Blaire Chang, Xin-Yan Chao","La pequeña I-Jing corretea con curiosidad por las calles de un mercado nocturno de Taipei, entre neones, motocicletas y toda clase de puestos de comida como el que regenta su madre, que trata de sacar adelante a la niña y a su hermana mayor."
LA TARTA DEL PRESIDENTE,Hasan Hadi,105,04,18:20,2026-03-14,Renoir Plaza de España,https://www.pillalas.com/pase/1058804/,https://www.cinesrenoir.com/pelicula/20260311050512-la-tarta-del-presidente/,https://media.pillalas.com/imagenes/726afb526abffa83eda64f8b418bec544f18146f6ca2869a88655e1df49985337de64299.jpg,Iraquí,No recomendada para menores de 12 años,Viernes 6 Febrero 2026,"Baneen Ahmad Nayyef, Waheed Thabet Khreibat, Sajad Mohamad Qasem, Muthanna Malaghi, Ahmad Qasem Saywan, Maytham Mreidi, Rahim Alhaj, Thaer Salem, Fatima Abouharoon","Irak, años noventa. La pequeña Lamia recibe la misión de preparar una tarta con motivo del cumpleaños del presidente Sadam Huseín. Acompañada por su amigo Saeed y con su gallo Hindi a cuestas, recorre Bagdad en busca de los ingredientes, viviendo una serie de peripecias que alterarán por completo su vida cotidiana."
LA TARTA DEL PRESIDENTE,Hasan Hadi,105,04,22:45,2026-03-14,Renoir Plaza de España,https://www.pillalas.com/pase/1058812/,https://www.cinesrenoir.com/pelicula/20260311050512-la-tarta-del-presidente/,https://media.pillalas.com/imagenes/726afb526abffa83eda64f8b418bec544f18146f6ca2869a88655e1df49985337de64299.jpg,Iraquí,No recomendada para menores de 12 años,Viernes 6 Febrero 2026,"Baneen Ahmad Nayyef, Waheed Thabet Khreibat, Sajad Mohamad Qasem, Muthanna Malaghi, Ahmad Qasem Saywan, Maytham Mreidi, Rahim Alhaj, Thaer Salem, Fatima Abouharoon","Irak, años noventa. La pequeña Lamia recibe la misión de preparar una tarta con motivo del cumpleaños del presidente Sadam Huseín. Acompañada por su amigo Saeed y con su gallo Hindi a cuestas, recorre Bagdad en busca de los ingredientes, viviendo una serie de peripecias que alterarán por completo su vida cotidiana."
NO HAY OTRA OPCIÓN,Park Chan-Wook,139,05,15:50,2026-03-14,Renoir Plaza de España,https://www.pillalas.com/pase/1058889/,https://www.cinesrenoir.com/pelicula/no-hay-otra-opcion/,https://media.pillalas.com/imagenes/726afb526abffa83bdeb4516e384b837092cce5cc6598f1dfd4dee91ff9227e1f484f775.jpg,Coreano,Pendiente de calificación,Viernes 13 Febrero 2026,"Lee Byung-Hun, Son Ye-Jin, Lee Sung-Min, Yeom Hye-Ran, Park Hee-Soon, Cha Seung-Won, Yoo Yeon-Seok","La historia sigue a un hombre de mediana edad llamado Man-su que se embarca decidido en una búsqueda de trabajo tras ser despedido inesperadamente de la compañía de papel en la que trabajó durante 25 años. ""Si no hay una vacante para mí, tendré que crear una para que me contraten. No hay otra opción"". Adaptación de la novela ""The Ax"" de Donald E. Westlake, que ya fue llevada al cine en la película ""Arcadia"", dirigida por Costa-Gavras en 2005."
NO HAY OTRA OPCIÓN,Park Chan-Wook,139,05,20:20,2026-03-14,Renoir Plaza de España,https://www.pillalas.com/pase/1058891/,https://www.cinesrenoir.com/pelicula/no-hay-otra-opcion/,https://media.pillalas.com/imagenes/726afb526abffa83bdeb4516e384b837092cce5cc6598f1dfd4dee91ff9227e1f484f775.jpg,Coreano,Pendiente de calificación,Viernes 13 Febrero 2026,"Lee Byung-Hun, Son Ye-Jin, Lee Sung-Min, Yeom Hye-Ran, Park Hee-Soon, Cha Seung-Won, Yoo Yeon-Seok","La historia sigue a un hombre de mediana edad llamado Man-su que se embarca decidido en una búsqueda de trabajo tras ser despedido inesperadamente de la compañía de papel en la que trabajó durante 25 años. ""Si no hay una vacante para mí, tendré que crear una para que me contraten. No hay otra opción"". Adaptación de la novela ""The Ax"" de Donald E. Westlake, que ya fue llevada al cine en la película ""Arcadia"", dirigida por Costa-Gavras en 2005."
NO HAY OTRA OPCIÓN,Park Chan-Wook,139,02,22:35,2026-03-14,Renoir Plaza de España,https://www.pillalas.com/pase/1058809/,https://www.cinesrenoir.com/pelicula/no-hay-otra-opcion/,https://media.pillalas.com/imagenes/726afb526abffa83bdeb4516e384b837092cce5cc6598f1dfd4dee91ff9227e1f484f775.jpg,Coreano,Pendiente de calificación,Viernes 13 Febrero 2026,"Lee Byung-Hun, Son Ye-Jin, Lee Sung-Min, Yeom Hye-Ran, Park Hee-Soon, Cha Seung-Won, Yoo Yeon-Seok","La historia sigue a un hombre de mediana edad llamado Man-su que se embarca decidido en una búsqueda de trabajo tras ser despedido inesperadamente de la compañía de papel en la que trabajó durante 25 años. ""Si no hay una vacante para mí, tendré que crear una para que me contraten. No hay otra opción"". Adaptación de la novela ""The Ax"" de Donald E. Westlake, que ya fue llevada al cine en la película ""Arcadia"", dirigida por Costa-Gavras en 2005."
ORWELL 2+2 = 5,Raoul Peck,119,03,16:00,2026-03-14,Renoir Plaza de España,https://www.pillalas.com/pase/1058800/,https://www.cinesrenoir.com/pelicula/orwell-22-5/,https://media.pillalas.com/imagenes/726afb526abffa83b83d4cc400c9761fa7472981f7fc060c0bd7e85b0217a3f74541294d.jpg,Inglés Y Otros,No recomendada para menores de 16 años,Viernes 27 Febrero 2026,Damian Lewis,"George Orwell fue uno de los autores más visionarios del siglo XX, cuyas novelas, 1984 y Rebelión en la granja, predijeron un futuro autoritario y escalofriante. El aclamado director Raoul Peck (I Am Not Your Negro) entrelaza clips, lecturas del diario de Orwell, referencias cinematográficas e imágenes actuales para crear no solo un retrato del escritor, sino también una nueva perspectiva sobre lo profética que se ha vuelto su obra."
ORWELL 2+2 = 5,Raoul Peck,119,03,18:15,2026-03-14,Renoir Plaza de España,https://www.pillalas.com/pase/1058803/,https://www.cinesrenoir.com/pelicula/orwell-22-5/,https://media.pillalas.com/imagenes/726afb526abffa83b83d4cc400c9761fa7472981f7fc060c0bd7e85b0217a3f74541294d.jpg,Inglés Y Otros,No recomendada para menores de 16 años,Viernes 27 Febrero 2026,Damian Lewis,"George Orwell fue uno de los autores más visionarios del siglo XX, cuyas novelas, 1984 y Rebelión en la granja, predijeron un futuro autoritario y escalofriante. El aclamado director Raoul Peck (I Am Not Your Negro) entrelaza clips, lecturas del diario de Orwell, referencias cinematográficas e imágenes actuales para crear no solo un retrato del escritor, sino también una nueva perspectiva sobre lo profética que se ha vuelto su obra."
ORWELL 2+2 = 5,Raoul Peck,119,03,20:30,2026-03-14,Renoir Plaza de España,https://www.pillalas.com/pase/1058808/,https://www.cinesrenoir.com/pelicula/orwell-22-5/,https://media.pillalas.com/imagenes/726afb526abffa83b83d4cc400c9761fa7472981f7fc060c0bd7e85b0217a3f74541294d.jpg,Inglés Y Otros,No recomendada para menores de 16 años,Viernes 27 Febrero 2026,Damian Lewis,"George Orwell fue uno de los autores más visionarios del siglo XX, cuyas novelas, 1984 y Rebelión en la granja, predijeron un futuro autoritario y escalofriante. El aclamado director Raoul Peck (I Am Not Your Negro) entrelaza clips, lecturas del diario de Orwell, referencias cinematográficas e imágenes actuales para crear no solo un retrato del escritor, sino también una nueva perspectiva sobre lo profética que se ha vuelto su obra."
ORWELL 2+2 = 5,Raoul Peck,119,03,22:45,2026-03-14,Renoir Plaza de España,https://www.pillalas.com/pase/1058810/,https://www.cinesrenoir.com/pelicula/orwell-22-5/,https://media.pillalas.com/imagenes/726afb526abffa83b83d4cc400c9761fa7472981f7fc060c0bd7e85b0217a3f74541294d.jpg,Inglés Y Otros,No recomendada para menores de 16 años,Viernes 27 Febrero 2026,Damian Lewis,"George Orwell fue uno de los autores más visionarios del siglo XX, cuyas novelas, 1984 y Rebelión en la granja, predijeron un futuro autoritario y escalofriante. El aclamado director Raoul Peck (I Am Not Your Negro) entrelaza clips, lecturas del diario de Orwell, referencias cinematográficas e imágenes actuales para crear no solo un retrato del escritor, sino también una nueva perspectiva sobre lo profética que se ha vuelto su obra."
VALOR SENTIMENTAL,Joachim Trier,133,04,15:50,2026-03-14,Renoir Plaza de España,https://www.pillalas.com/pase/1058799/,https://www.cinesrenoir.com/pelicula/valor-sentimental/,https://media.pillalas.com/imagenes/726afb526abffa83fe1b3adc6f8909539f80c9a958e909b641f78d7648edf8e1f62ca547.jpg,Noruego E Inglés,No recomendada para menores de 12 años,Viernes 5 Diciembre 2025,"Renate Reinsve, Stellan Skarsgård, Inga Ibsdotter Lilleaas, Elle Fanning, Anders Danielsen Lie, Jesper Christensen, Lena Endre, Cory Michael Smith, Catherine Cohen, Andreas Stoltenberg Granerud, Øyvind Hesjedal Loven, Lars Väringer, Ida Marianne Vassbotn Klasson, Vilde Søyland","Las hermanas Nora y Agnes se reencuentran con su padre ausente, un director de cine muy reconocido en el pasado que ha vuelto para ofrecer a Nora el papel principal de su próxima película. Aunque ella lo rechaza, Gustav decide seguir adelante y utilizar la casa familiar como escenario de su nuevo rodaje, lo que reaviva las tensiones entre ellos, especialmente tras la llegada de una joven actriz de Hollywood que acepta el papel en su lugar. El vínculo entre las hermanas se convertirá en su mayor refugio frente a las heridas del pasado."
VALOR SENTIMENTAL,Joachim Trier,133,04,20:20,2026-03-14,Renoir Plaza de España,https://www.pillalas.com/pase/1058806/,https://www.cinesrenoir.com/pelicula/valor-sentimental/,https://media.pillalas.com/imagenes/726afb526abffa83fe1b3adc6f8909539f80c9a958e909b641f78d7648edf8e1f62ca547.jpg,Noruego E Inglés,No recomendada para menores de 12 años,Viernes 5 Diciembre 2025,"Renate Reinsve, Stellan Skarsgård, Inga Ibsdotter Lilleaas, Elle Fanning, Anders Danielsen Lie, Jesper Christensen, Lena Endre, Cory Michael Smith, Catherine Cohen, Andreas Stoltenberg Granerud, Øyvind Hesjedal Loven, Lars Väringer, Ida Marianne Vassbotn Klasson, Vilde Søyland","Las hermanas Nora y Agnes se reencuentran con su padre ausente, un director de cine muy reconocido en el pasado que ha vuelto para ofrecer a Nora el papel principal de su próxima película. Aunque ella lo rechaza, Gustav decide seguir adelante y utilizar la casa familiar como escenario de su nuevo rodaje, lo que reaviva las tensiones entre ellos, especialmente tras la llegada de una joven actriz de Hollywood que acepta el papel en su lugar. El vínculo entre las hermanas se convertirá en su mayor refugio frente a las heridas del pasado."
ÁGUILAS DE EL CAIRO,Tarik Saleh,128,02,15:50,2026-03-14,Renoir Plaza de España,https://www.pillalas.com/pase/1058798/,https://www.cinesrenoir.com/pelicula/aguilas-de-el-cairo/,https://media.pillalas.com/imagenes/726afb526abffa8352548cf73e8a92c7f956872644b319e354995dea422ef81774899f3c.jpg,Árabe,No recomendada para menores de 16 años,Viernes 13 Marzo 2026,"Fares Fares, Lyna Khoudri, Cherien Dabis, Amr Waked, Zineb Triki, Sherwan Haji, Hesham Abdel Hamid, Ahmed Khairy, Hassan El Sayed, Kemal Mustafa","George Fahmy (Fares Fares) el actor más adorado de Egipto, se ve presionado a protagonizar una película encargada por las más altas autoridades egipcias. Aceptando a regañadientes, este papel será la puerta que le hará entrar en el selecto grupo de las personas más poderosas del país. Como una polilla atraída por la luz, comienza un romance con la misteriosa esposa del general que supervisa el proyecto."
ÁGUILAS DE EL CAIRO,Tarik Saleh,128,01,18:00,2026-03-14,Renoir Plaza de España,https://www.pillalas.com/pase/1058920/,https://www.cinesrenoir.com/pelicula/aguilas-de-el-cairo/,https://media.pillalas.com/imagenes/726afb526abffa8352548cf73e8a92c7f956872644b319e354995dea422ef81774899f3c.jpg,Árabe,No recomendada para menores de 16 años,Viernes 13 Marzo 2026,"Fares Fares, Lyna Khoudri, Cherien Dabis, Amr Waked, Zineb Triki, Sherwan Haji, Hesham Abdel Hamid, Ahmed Khairy, Hassan El Sayed, Kemal Mustafa","George Fahmy (Fares Fares) el actor más adorado de Egipto, se ve presionado a protagonizar una película encargada por las más altas autoridades egipcias. Aceptando a regañadientes, este papel será la puerta que le hará entrar en el selecto grupo de las personas más poderosas del país. Como una polilla atraída por la luz, comienza un romance con la misteriosa esposa del general que supervisa el proyecto."
ÁGUILAS DE EL CAIRO,Tarik Saleh,128,01,20:20,2026-03-14,Renoir Plaza de España,https://www.pillalas.com/pase/1058921/,https://www.cinesrenoir.com/pelicula/aguilas-de-el-cairo/,https://media.pillalas.com/imagenes/726afb526abffa8352548cf73e8a92c7f956872644b319e354995dea422ef81774899f3c.jpg,Árabe,No recomendada para menores de 16 años,Viernes 13 Marzo 2026,"Fares Fares, Lyna Khoudri, Cherien Dabis, Amr Waked, Zineb Triki, Sherwan Haji, Hesham Abdel Hamid, Ahmed Khairy, Hassan El Sayed, Kemal Mustafa","George Fahmy (Fares Fares) el actor más adorado de Egipto, se ve presionado a protagonizar una película encargada por las más altas autoridades egipcias. Aceptando a regañadientes, este papel será la puerta que le hará entrar en el selecto grupo de las personas más poderosas del país. Como una polilla atraída por la luz, comienza un romance con la misteriosa esposa del general que supervisa el proyecto."
ÁGUILAS DE EL CAIRO,Tarik Saleh,128,01,22:45,2026-03-14,Renoir Plaza de España,https://www.pillalas.com/pase/1058922/,https://www.cinesrenoir.com/pelicula/aguilas-de-el-cairo/,https://media.pillalas.com/imagenes/726afb526abffa8352548cf73e8a92c7f956872644b319e354995dea422ef81774899f3c.jpg,Árabe,No recomendada para menores de 16 años,Viernes 13 Marzo 2026,"Fares Fares, Lyna Khoudri, Cherien Dabis, Amr Waked, Zineb Triki, Sherwan Haji, Hesham Abdel Hamid, Ahmed Khairy, Hassan El Sayed, Kemal Mustafa","George Fahmy (Fares Fares) el actor más adorado de Egipto, se ve presionado a protagonizar una película encargada por las más altas autoridades egipcias. Aceptando a regañadientes, este papel será la puerta que le hará entrar en el selecto grupo de las personas más poderosas del país. Como una polilla atraída por la luz, comienza un romance con la misteriosa esposa del general que supervisa el proyecto."
EL ÚLTIMO VIKINGO,Anders Thomas Jensen,116,01,15:50,2026-03-15,Renoir Plaza de España,https://www.pillalas.com/pase/1058778/,https://www.cinesrenoir.com/pelicula/el-ultimo-vikingo/,https://media.pillalas.com/imagenes/726afb526abffa831071fdb7895dda5a8f5443f58bef959385371bd83d00b407e021267b.jpg,Danés,No recomendada para menores de 16 años,Viernes 6 Marzo 2026,"Mads Mikkelsen, Nikolaj Lie Kaas, Søren Malling, Sofie Gråbøl","Anker sale de prisión tras cumplir una condena de quince años por robo. El dinero del atraco fue enterrado por su hermano Manfred. Solo él sabe dónde está. Por desgracia, desde entonces Manfred ha desarrollado un trastorno mental que le ha hecho olvidarlo todo. Juntos, los hermanos emprenden un viaje inesperado para encontrar el dinero y descubrir quiénes son en realidad."
EL ÚLTIMO VIKINGO,Anders Thomas Jensen,116,02,18:10,2026-03-15,Renoir Plaza de España,https://www.pillalas.com/pase/1058817/,https://www.cinesrenoir.com/pelicula/el-ultimo-vikingo/,https://media.pillalas.com/imagenes/726afb526abffa831071fdb7895dda5a8f5443f58bef959385371bd83d00b407e021267b.jpg,Danés,No recomendada para menores de 16 años,Viernes 6 Marzo 2026,"Mads Mikkelsen, Nikolaj Lie Kaas, Søren Malling, Sofie Gråbøl","Anker sale de prisión tras cumplir una condena de quince años por robo. El dinero del atraco fue enterrado por su hermano Manfred. Solo él sabe dónde está. Por desgracia, desde entonces Manfred ha desarrollado un trastorno mental que le ha hecho olvidarlo todo. Juntos, los hermanos emprenden un viaje inesperado para encontrar el dinero y descubrir quiénes son en realidad."
EL ÚLTIMO VIKINGO,Anders Thomas Jensen,116,02,20:20,2026-03-15,Renoir Plaza de España,https://www.pillalas.com/pase/1058821/,https://www.cinesrenoir.com/pelicula/el-ultimo-vikingo/,https://media.pillalas.com/imagenes/726afb526abffa831071fdb7895dda5a8f5443f58bef959385371bd83d00b407e021267b.jpg,Danés,No recomendada para menores de 16 años,Viernes 6 Marzo 2026,"Mads Mikkelsen, Nikolaj Lie Kaas, Søren Malling, Sofie Gråbøl","Anker sale de prisión tras cumplir una condena de quince años por robo. El dinero del atraco fue enterrado por su hermano Manfred. Solo él sabe dónde está. Por desgracia, desde entonces Manfred ha desarrollado un trastorno mental que le ha hecho olvidarlo todo. Juntos, los hermanos emprenden un viaje inesperado para encontrar el dinero y descubrir quiénes son en realidad."
EL ÚLTIMO VIKINGO,Anders Thomas Jensen,116,05,22:45,2026-03-15,Renoir Plaza de España,https://www.pillalas.com/pase/1058896/,https://www.cinesrenoir.com/pelicula/el-ultimo-vikingo/,https://media.pillalas.com/imagenes/726afb526abffa831071fdb7895dda5a8f5443f58bef959385371bd83d00b407e021267b.jpg,Danés,No recomendada para menores de 16 años,Viernes 6 Marzo 2026,"Mads Mikkelsen, Nikolaj Lie Kaas, Søren Malling, Sofie Gråbøl","Anker sale de prisión tras cumplir una condena de quince años por robo. El dinero del atraco fue enterrado por su hermano Manfred. Solo él sabe dónde está. Por desgracia, desde entonces Manfred ha desarrollado un trastorno mental que le ha hecho olvidarlo todo. Juntos, los hermanos emprenden un viaje inesperado para encontrar el dinero y descubrir quiénes son en realidad."
LA CHICA ZURDA,Shih-Ching Tsou,108,05,18:20,2026-03-15,Renoir Plaza de España,https://www.pillalas.com/pase/1058894/,https://www.cinesrenoir.com/pelicula/la-chica-zurda/,https://media.pillalas.com/imagenes/726afb526abffa83e5ee5674d1ac0b73f39c1d9ebacca7f6a4c573d6423a82f140c7a520.jpg,Mandarín,No recomendada para menores de 12 años,Viernes 30 Enero 2026,"Shi-Yuan Ma, Janel Tsai, Nina Ye, Teng-Hui Huang, Akio Chen, Blaire Chang, Xin-Yan Chao","La pequeña I-Jing corretea con curiosidad por las calles de un mercado nocturno de Taipei, entre neones, motocicletas y toda clase de puestos de comida como el que regenta su madre, que trata de sacar adelante a la niña y a su hermana mayor."
LA TARTA DEL PRESIDENTE,Hasan Hadi,105,04,18:20,2026-03-15,Renoir Plaza de España,https://www.pillalas.com/pase/1058819/,https://www.cinesrenoir.com/pelicula/20260311050512-la-tarta-del-presidente/,https://media.pillalas.com/imagenes/726afb526abffa83eda64f8b418bec544f18146f6ca2869a88655e1df49985337de64299.jpg,Iraquí,No recomendada para menores de 12 años,Viernes 6 Febrero 2026,"Baneen Ahmad Nayyef, Waheed Thabet Khreibat, Sajad Mohamad Qasem, Muthanna Malaghi, Ahmad Qasem Saywan, Maytham Mreidi, Rahim Alhaj, Thaer Salem, Fatima Abouharoon","Irak, años noventa. La pequeña Lamia recibe la misión de preparar una tarta con motivo del cumpleaños del presidente Sadam Huseín. Acompañada por su amigo Saeed y con su gallo Hindi a cuestas, recorre Bagdad en busca de los ingredientes, viviendo una serie de peripecias que alterarán por completo su vida cotidiana."
LA TARTA DEL PRESIDENTE,Hasan Hadi,105,04,22:45,2026-03-15,Renoir Plaza de España,https://www.pillalas.com/pase/1058827/,https://www.cinesrenoir.com/pelicula/20260311050512-la-tarta-del-presidente/,https://media.pillalas.com/imagenes/726afb526abffa83eda64f8b418bec544f18146f6ca2869a88655e1df49985337de64299.jpg,Iraquí,No recomendada para menores de 12 años,Viernes 6 Febrero 2026,"Baneen Ahmad Nayyef, Waheed Thabet Khreibat, Sajad Mohamad Qasem, Muthanna Malaghi, Ahmad Qasem Saywan, Maytham Mreidi, Rahim Alhaj, Thaer Salem, Fatima Abouharoon","Irak, años noventa. La pequeña Lamia recibe la misión de preparar una tarta con motivo del cumpleaños del presidente Sadam Huseín. Acompañada por su amigo Saeed y con su gallo Hindi a cuestas, recorre Bagdad en busca de los ingredientes, viviendo una serie de peripecias que alterarán por completo su vida cotidiana."
NO HAY OTRA OPCIÓN,Park Chan-Wook,139,05,15:50,2026-03-15,Renoir Plaza de España,https://www.pillalas.com/pase/1058893/,https://www.cinesrenoir.com/pelicula/no-hay-otra-opcion/,https://media.pillalas.com/imagenes/726afb526abffa83bdeb4516e384b837092cce5cc6598f1dfd4dee91ff9227e1f484f775.jpg,Coreano,Pendiente de calificación,Viernes 13 Febrero 2026,"Lee Byung-Hun, Son Ye-Jin, Lee Sung-Min, Yeom Hye-Ran, Park Hee-Soon, Cha Seung-Won, Yoo Yeon-Seok","La historia sigue a un hombre de mediana edad llamado Man-su que se embarca decidido en una búsqueda de trabajo tras ser despedido inesperadamente de la compañía de papel en la que trabajó durante 25 años. ""Si no hay una vacante para mí, tendré que crear una para que me contraten. No hay otra opción"". Adaptación de la novela ""The Ax"" de Donald E. Westlake, que ya fue llevada al cine en la película ""Arcadia"", dirigida por Costa-Gavras en 2005."
NO HAY OTRA OPCIÓN,Park Chan-Wook,139,05,20:20,2026-03-15,Renoir Plaza de España,https://www.pillalas.com/pase/1058895/,https://www.cinesrenoir.com/pelicula/no-hay-otra-opcion/,https://media.pillalas.com/imagenes/726afb526abffa83bdeb4516e384b837092cce5cc6598f1dfd4dee91ff9227e1f484f775.jpg,Coreano,Pendiente de calificación,Viernes 13 Febrero 2026,"Lee Byung-Hun, Son Ye-Jin, Lee Sung-Min, Yeom Hye-Ran, Park Hee-Soon, Cha Seung-Won, Yoo Yeon-Seok","La historia sigue a un hombre de mediana edad llamado Man-su que se embarca decidido en una búsqueda de trabajo tras ser despedido inesperadamente de la compañía de papel en la que trabajó durante 25 años. ""Si no hay una vacante para mí, tendré que crear una para que me contraten. No hay otra opción"". Adaptación de la novela ""The Ax"" de Donald E. Westlake, que ya fue llevada al cine en la película ""Arcadia"", dirigida por Costa-Gavras en 2005."
NO HAY OTRA OPCIÓN,Park Chan-Wook,139,02,22:35,2026-03-15,Renoir Plaza de España,https://www.pillalas.com/pase/1058824/,https://www.cinesrenoir.com/pelicula/no-hay-otra-opcion/,https://media.pillalas.com/imagenes/726afb526abffa83bdeb4516e384b837092cce5cc6598f1dfd4dee91ff9227e1f484f775.jpg,Coreano,Pendiente de calificación,Viernes 13 Febrero 2026,"Lee Byung-Hun, Son Ye-Jin, Lee Sung-Min, Yeom Hye-Ran, Park Hee-Soon, Cha Seung-Won, Yoo Yeon-Seok","La historia sigue a un hombre de mediana edad llamado Man-su que se embarca decidido en una búsqueda de trabajo tras ser despedido inesperadamente de la compañía de papel en la que trabajó durante 25 años. ""Si no hay una vacante para mí, tendré que crear una para que me contraten. No hay otra opción"". Adaptación de la novela ""The Ax"" de Donald E. Westlake, que ya fue llevada al cine en la película ""Arcadia"", dirigida por Costa-Gavras en 2005."
ORWELL 2+2 = 5,Raoul Peck,119,03,16:00,2026-03-15,Renoir Plaza de España,https://www.pillalas.com/pase/1058815/,https://www.cinesrenoir.com/pelicula/orwell-22-5/,https://media.pillalas.com/imagenes/726afb526abffa83b83d4cc400c9761fa7472981f7fc060c0bd7e85b0217a3f74541294d.jpg,Inglés Y Otros,No recomendada para menores de 16 años,Viernes 27 Febrero 2026,Damian Lewis,"George Orwell fue uno de los autores más visionarios del siglo XX, cuyas novelas, 1984 y Rebelión en la granja, predijeron un futuro autoritario y escalofriante. El aclamado director Raoul Peck (I Am Not Your Negro) entrelaza clips, lecturas del diario de Orwell, referencias cinematográficas e imágenes actuales para crear no solo un retrato del escritor, sino también una nueva perspectiva sobre lo profética que se ha vuelto su obra."
ORWELL 2+2 = 5,Raoul Peck,119,03,18:15,2026-03-15,Renoir Plaza de España,https://www.pillalas.com/pase/1058818/,https://www.cinesrenoir.com/pelicula/orwell-22-5/,https://media.pillalas.com/imagenes/726afb526abffa83b83d4cc400c9761fa7472981f7fc060c0bd7e85b0217a3f74541294d.jpg,Inglés Y Otros,No recomendada para menores de 16 años,Viernes 27 Febrero 2026,Damian Lewis,"George Orwell fue uno de los autores más visionarios del siglo XX, cuyas novelas, 1984 y Rebelión en la granja, predijeron un futuro autoritario y escalofriante. El aclamado director Raoul Peck (I Am Not Your Negro) entrelaza clips, lecturas del diario de Orwell, referencias cinematográficas e imágenes actuales para crear no solo un retrato del escritor, sino también una nueva perspectiva sobre lo profética que se ha vuelto su obra."
ORWELL 2+2 = 5,Raoul Peck,119,03,20:30,2026-03-15,Renoir Plaza de España,https://www.pillalas.com/pase/1058823/,https://www.cinesrenoir.com/pelicula/orwell-22-5/,https://media.pillalas.com/imagenes/726afb526abffa83b83d4cc400c9761fa7472981f7fc060c0bd7e85b0217a3f74541294d.jpg,Inglés Y Otros,No recomendada para menores de 16 años,Viernes 27 Febrero 2026,Damian Lewis,"George Orwell fue uno de los autores más visionarios del siglo XX, cuyas novelas, 1984 y Rebelión en la granja, predijeron un futuro autoritario y escalofriante. El aclamado director Raoul Peck (I Am Not Your Negro) entrelaza clips, lecturas del diario de Orwell, referencias cinematográficas e imágenes actuales para crear no solo un retrato del escritor, sino también una nueva perspectiva sobre lo profética que se ha vuelto su obra."
ORWELL 2+2 = 5,Raoul Peck,119,03,22:45,2026-03-15,Renoir Plaza de España,https://www.pillalas.com/pase/1058825/,https://www.cinesrenoir.com/pelicula/orwell-22-5/,https://media.pillalas.com/imagenes/726afb526abffa83b83d4cc400c9761fa7472981f7fc060c0bd7e85b0217a3f74541294d.jpg,Inglés Y Otros,No recomendada para menores de 16 años,Viernes 27 Febrero 2026,Damian Lewis,"George Orwell fue uno de los autores más visionarios del siglo XX, cuyas novelas, 1984 y Rebelión en la granja, predijeron un futuro autoritario y escalofriante. El aclamado director Raoul Peck (I Am Not Your Negro) entrelaza clips, lecturas del diario de Orwell, referencias cinematográficas e imágenes actuales para crear no solo un retrato del escritor, sino también una nueva perspectiva sobre lo profética que se ha vuelto su obra."
VALOR SENTIMENTAL,Joachim Trier,133,04,15:50,2026-03-15,Renoir Plaza de España,https://www.pillalas.com/pase/1058814/,https://www.cinesrenoir.com/pelicula/valor-sentimental/,https://media.pillalas.com/imagenes/726afb526abffa83fe1b3adc6f8909539f80c9a958e909b641f78d7648edf8e1f62ca547.jpg,Noruego E Inglés,No recomendada para menores de 12 años,Viernes 5 Diciembre 2025,"Renate Reinsve, Stellan Skarsgård, Inga Ibsdotter Lilleaas, Elle Fanning, Anders Danielsen Lie, Jesper Christensen, Lena Endre, Cory Michael Smith, Catherine Cohen, Andreas Stoltenberg Granerud, Øyvind Hesjedal Loven, Lars Väringer, Ida Marianne Vassbotn Klasson, Vilde Søyland","Las hermanas Nora y Agnes se reencuentran con su padre ausente, un director de cine muy reconocido en el pasado que ha vuelto para ofrecer a Nora el papel principal de su próxima película. Aunque ella lo rechaza, Gustav decide seguir adelante y utilizar la casa familiar como escenario de su nuevo rodaje, lo que reaviva las tensiones entre ellos, especialmente tras la llegada de una joven actriz de Hollywood que acepta el papel en su lugar. El vínculo entre las hermanas se convertirá en su mayor refugio frente a las heridas del pasado."
VALOR SENTIMENTAL,Joachim Trier,133,04,20:20,2026-03-15,Renoir Plaza de España,https://www.pillalas.com/pase/1058822/,https://www.cinesrenoir.com/pelicula/valor-sentimental/,https://media.pillalas.com/imagenes/726afb526abffa83fe1b3adc6f8909539f80c9a958e909b641f78d7648edf8e1f62ca547.jpg,Noruego E Inglés,No recomendada para menores de 12 años,Viernes 5 Diciembre 2025,"Renate Reinsve, Stellan Skarsgård, Inga Ibsdotter Lilleaas, Elle Fanning, Anders Danielsen Lie, Jesper Christensen, Lena Endre, Cory Michael Smith, Catherine Cohen, Andreas Stoltenberg Granerud, Øyvind Hesjedal Loven, Lars Väringer, Ida Marianne Vassbotn Klasson, Vilde Søyland","Las hermanas Nora y Agnes se reencuentran con su padre ausente, un director de cine muy reconocido en el pasado que ha vuelto para ofrecer a Nora el papel principal de su próxima película. Aunque ella lo rechaza, Gustav decide seguir adelante y utilizar la casa familiar como escenario de su nuevo rodaje, lo que reaviva las tensiones entre ellos, especialmente tras la llegada de una joven actriz de Hollywood que acepta el papel en su lugar. El vínculo entre las hermanas se convertirá en su mayor refugio frente a las heridas del pasado."
ÁGUILAS DE EL CAIRO,Tarik Saleh,128,02,15:50,2026-03-15,Renoir Plaza de España,https://www.pillalas.com/pase/1058813/,https://www.cinesrenoir.com/pelicula/aguilas-de-el-cairo/,https://media.pillalas.com/imagenes/726afb526abffa8352548cf73e8a92c7f956872644b319e354995dea422ef81774899f3c.jpg,Árabe,No recomendada para menores de 16 años,Viernes 13 Marzo 2026,"Fares Fares, Lyna Khoudri, Cherien Dabis, Amr Waked, Zineb Triki, Sherwan Haji, Hesham Abdel Hamid, Ahmed Khairy, Hassan El Sayed, Kemal Mustafa","George Fahmy (Fares Fares) el actor más adorado de Egipto, se ve presionado a protagonizar una película encargada por las más altas autoridades egipcias. Aceptando a regañadientes, este papel será la puerta que le hará entrar en el selecto grupo de las personas más poderosas del país. Como una polilla atraída por la luz, comienza un romance con la misteriosa esposa del general que supervisa el proyecto."
ÁGUILAS DE EL CAIRO,Tarik Saleh,128,01,18:00,2026-03-15,Renoir Plaza de España,https://www.pillalas.com/pase/1058923/,https://www.cinesrenoir.com/pelicula/aguilas-de-el-cairo/,https://media.pillalas.com/imagenes/726afb526abffa8352548cf73e8a92c7f956872644b319e354995dea422ef81774899f3c.jpg,Árabe,No recomendada para menores de 16 años,Viernes 13 Marzo 2026,"Fares Fares, Lyna Khoudri, Cherien Dabis, Amr Waked, Zineb Triki, Sherwan Haji, Hesham Abdel Hamid, Ahmed Khairy, Hassan El Sayed, Kemal Mustafa","George Fahmy (Fares Fares) el actor más adorado de Egipto, se ve presionado a protagonizar una película encargada por las más altas autoridades egipcias. Aceptando a regañadientes, este papel será la puerta que le hará entrar en el selecto grupo de las personas más poderosas del país. Como una polilla atraída por la luz, comienza un romance con la misteriosa esposa del general que supervisa el proyecto."
ÁGUILAS DE EL CAIRO,Tarik Saleh,128,01,20:20,2026-03-15,Renoir Plaza de España,https://www.pillalas.com/pase/1058924/,https://www.cinesrenoir.com/pelicula/aguilas-de-el-cairo/,https://media.pillalas.com/imagenes/726afb526abffa8352548cf73e8a92c7f956872644b319e354995dea422ef81774899f3c.jpg,Árabe,No recomendada para menores de 16 años,Viernes 13 Marzo 2026,"Fares Fares, Lyna Khoudri, Cherien Dabis, Amr Waked, Zineb Triki, Sherwan Haji, Hesham Abdel Hamid, Ahmed Khairy, Hassan El Sayed, Kemal Mustafa","George Fahmy (Fares Fares) el actor más adorado de Egipto, se ve presionado a protagonizar una película encargada por las más altas autoridades egipcias. Aceptando a regañadientes, este papel será la puerta que le hará entrar en el selecto grupo de las personas más poderosas del país. Como una polilla atraída por la luz, comienza un romance con la misteriosa esposa del general que supervisa el proyecto."
ÁGUILAS DE EL CAIRO,Tarik Saleh,128,01,22:45,2026-03-15,Renoir Plaza de España,https://www.pillalas.com/pase/1058925/,https://www.cinesrenoir.com/pelicula/aguilas-de-el-cairo/,https://media.pillalas.com/imagenes/726afb526abffa8352548cf73e8a92c7f956872644b319e354995dea422ef81774899f3c.jpg,Árabe,No recomendada para menores de 16 años,Viernes 13 Marzo 2026,"Fares Fares, Lyna Khoudri, Cherien Dabis, Amr Waked, Zineb Triki, Sherwan Haji, Hesham Abdel Hamid, Ahmed Khairy, Hassan El Sayed, Kemal Mustafa","George Fahmy (Fares Fares) el actor más adorado de Egipto, se ve presionado a protagonizar una película encargada por las más altas autoridades egipcias. Aceptando a regañadientes, este papel será la puerta que le hará entrar en el selecto grupo de las personas más poderosas del país. Como una polilla atraída por la luz, comienza un romance con la misteriosa esposa del general que supervisa el proyecto."
EL ÚLTIMO VIKINGO,Anders Thomas Jensen,116,01,15:50,2026-03-16,Renoir Plaza de España,https://www.pillalas.com/pase/1058779/,https://www.cinesrenoir.com/pelicula/el-ultimo-vikingo/,https://media.pillalas.com/imagenes/726afb526abffa831071fdb7895dda5a8f5443f58bef959385371bd83d00b407e021267b.jpg,Danés,No recomendada para menores de 16 años,Viernes 6 Marzo 2026,"Mads Mikkelsen, Nikolaj Lie Kaas, Søren Malling, Sofie Gråbøl","Anker sale de prisión tras cumplir una condena de quince años por robo. El dinero del atraco fue enterrado por su hermano Manfred. Solo él sabe dónde está. Por desgracia, desde entonces Manfred ha desarrollado un trastorno mental que le ha hecho olvidarlo todo. Juntos, los hermanos emprenden un viaje inesperado para encontrar el dinero y descubrir quiénes son en realidad."
EL ÚLTIMO VIKINGO,Anders Thomas Jensen,116,02,18:10,2026-03-16,Renoir Plaza de España,https://www.pillalas.com/pase/1058832/,https://www.cinesrenoir.com/pelicula/el-ultimo-vikingo/,https://media.pillalas.com/imagenes/726afb526abffa831071fdb7895dda5a8f5443f58bef959385371bd83d00b407e021267b.jpg,Danés,No recomendada para menores de 16 años,Viernes 6 Marzo 2026,"Mads Mikkelsen, Nikolaj Lie Kaas, Søren Malling, Sofie Gråbøl","Anker sale de prisión tras cumplir una condena de quince años por robo. El dinero del atraco fue enterrado por su hermano Manfred. Solo él sabe dónde está. Por desgracia, desde entonces Manfred ha desarrollado un trastorno mental que le ha hecho olvidarlo todo. Juntos, los hermanos emprenden un viaje inesperado para encontrar el dinero y descubrir quiénes son en realidad."
EL ÚLTIMO VIKINGO,Anders Thomas Jensen,116,02,20:20,2026-03-16,Renoir Plaza de España,https://www.pillalas.com/pase/1058836/,https://www.cinesrenoir.com/pelicula/el-ultimo-vikingo/,https://media.pillalas.com/imagenes/726afb526abffa831071fdb7895dda5a8f5443f58bef959385371bd83d00b407e021267b.jpg,Danés,No recomendada para menores de 16 años,Viernes 6 Marzo 2026,"Mads Mikkelsen, Nikolaj Lie Kaas, Søren Malling, Sofie Gråbøl","Anker sale de prisión tras cumplir una condena de quince años por robo. El dinero del atraco fue enterrado por su hermano Manfred. Solo él sabe dónde está. Por desgracia, desde entonces Manfred ha desarrollado un trastorno mental que le ha hecho olvidarlo todo. Juntos, los hermanos emprenden un viaje inesperado para encontrar el dinero y descubrir quiénes son en realidad."
EL ÚLTIMO VIKINGO,Anders Thomas Jensen,116,05,22:45,2026-03-16,Renoir Plaza de España,https://www.pillalas.com/pase/1058900/,https://www.cinesrenoir.com/pelicula/el-ultimo-vikingo/,https://media.pillalas.com/imagenes/726afb526abffa831071fdb7895dda5a8f5443f58bef959385371bd83d00b407e021267b.jpg,Danés,No recomendada para menores de 16 años,Viernes 6 Marzo 2026,"Mads Mikkelsen, Nikolaj Lie Kaas, Søren Malling, Sofie Gråbøl","Anker sale de prisión tras cumplir una condena de quince años por robo. El dinero del atraco fue enterrado por su hermano Manfred. Solo él sabe dónde está. Por desgracia, desde entonces Manfred ha desarrollado un trastorno mental que le ha hecho olvidarlo todo. Juntos, los hermanos emprenden un viaje inesperado para encontrar el dinero y descubrir quiénes son en realidad."
LA CHICA ZURDA,Shih-Ching Tsou,108,05,18:20,2026-03-16,Renoir Plaza de España,https://www.pillalas.com/pase/1058898/,https://www.cinesrenoir.com/pelicula/la-chica-zurda/,https://media.pillalas.com/imagenes/726afb526abffa83e5ee5674d1ac0b73f39c1d9ebacca7f6a4c573d6423a82f140c7a520.jpg,Mandarín,No recomendada para menores de 12 años,Viernes 30 Enero 2026,"Shi-Yuan Ma, Janel Tsai, Nina Ye, Teng-Hui Huang, Akio Chen, Blaire Chang, Xin-Yan Chao","La pequeña I-Jing corretea con curiosidad por las calles de un mercado nocturno de Taipei, entre neones, motocicletas y toda clase de puestos de comida como el que regenta su madre, que trata de sacar adelante a la niña y a su hermana mayor."
LA TARTA DEL PRESIDENTE,Hasan Hadi,105,04,18:20,2026-03-16,Renoir Plaza de España,https://www.pillalas.com/pase/1058834/,https://www.cinesrenoir.com/pelicula/20260311050512-la-tarta-del-presidente/,https://media.pillalas.com/imagenes/726afb526abffa83eda64f8b418bec544f18146f6ca2869a88655e1df49985337de64299.jpg,Iraquí,No recomendada para menores de 12 años,Viernes 6 Febrero 2026,"Baneen Ahmad Nayyef, Waheed Thabet Khreibat, Sajad Mohamad Qasem, Muthanna Malaghi, Ahmad Qasem Saywan, Maytham Mreidi, Rahim Alhaj, Thaer Salem, Fatima Abouharoon","Irak, años noventa. La pequeña Lamia recibe la misión de preparar una tarta con motivo del cumpleaños del presidente Sadam Huseín. Acompañada por su amigo Saeed y con su gallo Hindi a cuestas, recorre Bagdad en busca de los ingredientes, viviendo una serie de peripecias que alterarán por completo su vida cotidiana."
LA TARTA DEL PRESIDENTE,Hasan Hadi,105,04,22:45,2026-03-16,Renoir Plaza de España,https://www.pillalas.com/pase/1058842/,https://www.cinesrenoir.com/pelicula/20260311050512-la-tarta-del-presidente/,https://media.pillalas.com/imagenes/726afb526abffa83eda64f8b418bec544f18146f6ca2869a88655e1df49985337de64299.jpg,Iraquí,No recomendada para menores de 12 años,Viernes 6 Febrero 2026,"Baneen Ahmad Nayyef, Waheed Thabet Khreibat, Sajad Mohamad Qasem, Muthanna Malaghi, Ahmad Qasem Saywan, Maytham Mreidi, Rahim Alhaj, Thaer Salem, Fatima Abouharoon","Irak, años noventa. La pequeña Lamia recibe la misión de preparar una tarta con motivo del cumpleaños del presidente Sadam Huseín. Acompañada por su amigo Saeed y con su gallo Hindi a cuestas, recorre Bagdad en busca de los ingredientes, viviendo una serie de peripecias que alterarán por completo su vida cotidiana."
NO HAY OTRA OPCIÓN,Park Chan-Wook,139,05,15:50,2026-03-16,Renoir Plaza de España,https://www.pillalas.com/pase/1058897/,https://www.cinesrenoir.com/pelicula/no-hay-otra-opcion/,https://media.pillalas.com/imagenes/726afb526abffa83bdeb4516e384b837092cce5cc6598f1dfd4dee91ff9227e1f484f775.jpg,Coreano,Pendiente de calificación,Viernes 13 Febrero 2026,"Lee Byung-Hun, Son Ye-Jin, Lee Sung-Min, Yeom Hye-Ran, Park Hee-Soon, Cha Seung-Won, Yoo Yeon-Seok","La historia sigue a un hombre de mediana edad llamado Man-su que se embarca decidido en una búsqueda de trabajo tras ser despedido inesperadamente de la compañía de papel en la que trabajó durante 25 años. ""Si no hay una vacante para mí, tendré que crear una para que me contraten. No hay otra opción"". Adaptación de la novela ""The Ax"" de Donald E. Westlake, que ya fue llevada al cine en la película ""Arcadia"", dirigida por Costa-Gavras en 2005."
NO HAY OTRA OPCIÓN,Park Chan-Wook,139,05,20:20,2026-03-16,Renoir Plaza de España,https://www.pillalas.com/pase/1058899/,https://www.cinesrenoir.com/pelicula/no-hay-otra-opcion/,https://media.pillalas.com/imagenes/726afb526abffa83bdeb4516e384b837092cce5cc6598f1dfd4dee91ff9227e1f484f775.jpg,Coreano,Pendiente de calificación,Viernes 13 Febrero 2026,"Lee Byung-Hun, Son Ye-Jin, Lee Sung-Min, Yeom Hye-Ran, Park Hee-Soon, Cha Seung-Won, Yoo Yeon-Seok","La historia sigue a un hombre de mediana edad llamado Man-su que se embarca decidido en una búsqueda de trabajo tras ser despedido inesperadamente de la compañía de papel en la que trabajó durante 25 años. ""Si no hay una vacante para mí, tendré que crear una para que me contraten. No hay otra opción"". Adaptación de la novela ""The Ax"" de Donald E. Westlake, que ya fue llevada al cine en la película ""Arcadia"", dirigida por Costa-Gavras en 2005."
NO HAY OTRA OPCIÓN,Park Chan-Wook,139,02,22:35,2026-03-16,Renoir Plaza de España,https://www.pillalas.com/pase/1058839/,https://www.cinesrenoir.com/pelicula/no-hay-otra-opcion/,https://media.pillalas.com/imagenes/726afb526abffa83bdeb4516e384b837092cce5cc6598f1dfd4dee91ff9227e1f484f775.jpg,Coreano,Pendiente de calificación,Viernes 13 Febrero 2026,"Lee Byung-Hun, Son Ye-Jin, Lee Sung-Min, Yeom Hye-Ran, Park Hee-Soon, Cha Seung-Won, Yoo Yeon-Seok","La historia sigue a un hombre de mediana edad llamado Man-su que se embarca decidido en una búsqueda de trabajo tras ser despedido inesperadamente de la compañía de papel en la que trabajó durante 25 años. ""Si no hay una vacante para mí, tendré que crear una para que me contraten. No hay otra opción"". Adaptación de la novela ""The Ax"" de Donald E. Westlake, que ya fue llevada al cine en la película ""Arcadia"", dirigida por Costa-Gavras en 2005."
ORWELL 2+2 = 5,Raoul Peck,119,03,16:00,2026-03-16,Renoir Plaza de España,https://www.pillalas.com/pase/1058830/,https://www.cinesrenoir.com/pelicula/orwell-22-5/,https://media.pillalas.com/imagenes/726afb526abffa83b83d4cc400c9761fa7472981f7fc060c0bd7e85b0217a3f74541294d.jpg,Inglés Y Otros,No recomendada para menores de 16 años,Viernes 27 Febrero 2026,Damian Lewis,"George Orwell fue uno de los autores más visionarios del siglo XX, cuyas novelas, 1984 y Rebelión en la granja, predijeron un futuro autoritario y escalofriante. El aclamado director Raoul Peck (I Am Not Your Negro) entrelaza clips, lecturas del diario de Orwell, referencias cinematográficas e imágenes actuales para crear no solo un retrato del escritor, sino también una nueva perspectiva sobre lo profética que se ha vuelto su obra."
ORWELL 2+2 = 5,Raoul Peck,119,03,18:15,2026-03-16,Renoir Plaza de España,https://www.pillalas.com/pase/1058833/,https://www.cinesrenoir.com/pelicula/orwell-22-5/,https://media.pillalas.com/imagenes/726afb526abffa83b83d4cc400c9761fa7472981f7fc060c0bd7e85b0217a3f74541294d.jpg,Inglés Y Otros,No recomendada para menores de 16 años,Viernes 27 Febrero 2026,Damian Lewis,"George Orwell fue uno de los autores más visionarios del siglo XX, cuyas novelas, 1984 y Rebelión en la granja, predijeron un futuro autoritario y escalofriante. El aclamado director Raoul Peck (I Am Not Your Negro) entrelaza clips, lecturas del diario de Orwell, referencias cinematográficas e imágenes actuales para crear no solo un retrato del escritor, sino también una nueva perspectiva sobre lo profética que se ha vuelto su obra."
ORWELL 2+2 = 5,Raoul Peck,119,03,20:30,2026-03-16,Renoir Plaza de España,https://www.pillalas.com/pase/1058838/,https://www.cinesrenoir.com/pelicula/orwell-22-5/,https://media.pillalas.com/imagenes/726afb526abffa83b83d4cc400c9761fa7472981f7fc060c0bd7e85b0217a3f74541294d.jpg,Inglés Y Otros,No recomendada para menores de 16 años,Viernes 27 Febrero 2026,Damian Lewis,"George Orwell fue uno de los autores más visionarios del siglo XX, cuyas novelas, 1984 y Rebelión en la granja, predijeron un futuro autoritario y escalofriante. El aclamado director Raoul Peck (I Am Not Your Negro) entrelaza clips, lecturas del diario de Orwell, referencias cinematográficas e imágenes actuales para crear no solo un retrato del escritor, sino también una nueva perspectiva sobre lo profética que se ha vuelto su obra."
ORWELL 2+2 = 5,Raoul Peck,119,03,22:45,2026-03-16,Renoir Plaza de España,https://www.pillalas.com/pase/1058840/,https://www.cinesrenoir.com/pelicula/orwell-22-5/,https://media.pillalas.com/imagenes/726afb526abffa83b83d4cc400c9761fa7472981f7fc060c0bd7e85b0217a3f74541294d.jpg,Inglés Y Otros,No recomendada para menores de 16 años,Viernes 27 Febrero 2026,Damian Lewis,"George Orwell fue uno de los autores más visionarios del siglo XX, cuyas novelas, 1984 y Rebelión en la granja, predijeron un futuro autoritario y escalofriante. El aclamado director Raoul Peck (I Am Not Your Negro) entrelaza clips, lecturas del diario de Orwell, referencias cinematográficas e imágenes actuales para crear no solo un retrato del escritor, sino también una nueva perspectiva sobre lo profética que se ha vuelto su obra."
VALOR SENTIMENTAL,Joachim Trier,133,04,15:50,2026-03-16,Renoir Plaza de España,https://www.pillalas.com/pase/1058829/,https://www.cinesrenoir.com/pelicula/valor-sentimental/,https://media.pillalas.com/imagenes/726afb526abffa83fe1b3adc6f8909539f80c9a958e909b641f78d7648edf8e1f62ca547.jpg,Noruego E Inglés,No recomendada para menores de 12 años,Viernes 5 Diciembre 2025,"Renate Reinsve, Stellan Skarsgård, Inga Ibsdotter Lilleaas, Elle Fanning, Anders Danielsen Lie, Jesper Christensen, Lena Endre, Cory Michael Smith, Catherine Cohen, Andreas Stoltenberg Granerud, Øyvind Hesjedal Loven, Lars Väringer, Ida Marianne Vassbotn Klasson, Vilde Søyland","Las hermanas Nora y Agnes se reencuentran con su padre ausente, un director de cine muy reconocido en el pasado que ha vuelto para ofrecer a Nora el papel principal de su próxima película. Aunque ella lo rechaza, Gustav decide seguir adelante y utilizar la casa familiar como escenario de su nuevo rodaje, lo que reaviva las tensiones entre ellos, especialmente tras la llegada de una joven actriz de Hollywood que acepta el papel en su lugar. El vínculo entre las hermanas se convertirá en su mayor refugio frente a las heridas del pasado."
VALOR SENTIMENTAL,Joachim Trier,133,04,20:20,2026-03-16,Renoir Plaza de España,https://www.pillalas.com/pase/1058837/,https://www.cinesrenoir.com/pelicula/valor-sentimental/,https://media.pillalas.com/imagenes/726afb526abffa83fe1b3adc6f8909539f80c9a958e909b641f78d7648edf8e1f62ca547.jpg,Noruego E Inglés,No recomendada para menores de 12 años,Viernes 5 Diciembre 2025,"Renate Reinsve, Stellan Skarsgård, Inga Ibsdotter Lilleaas, Elle Fanning, Anders Danielsen Lie, Jesper Christensen, Lena Endre, Cory Michael Smith, Catherine Cohen, Andreas Stoltenberg Granerud, Øyvind Hesjedal Loven, Lars Väringer, Ida Marianne Vassbotn Klasson, Vilde Søyland","Las hermanas Nora y Agnes se reencuentran con su padre ausente, un director de cine muy reconocido en el pasado que ha vuelto para ofrecer a Nora el papel principal de su próxima película. Aunque ella lo rechaza, Gustav decide seguir adelante y utilizar la casa familiar como escenario de su nuevo rodaje, lo que reaviva las tensiones entre ellos, especialmente tras la llegada de una joven actriz de Hollywood que acepta el papel en su lugar. El vínculo entre las hermanas se convertirá en su mayor refugio frente a las heridas del pasado."
ÁGUILAS DE EL CAIRO,Tarik Saleh,128,02,15:50,2026-03-16,Renoir Plaza de España,https://www.pillalas.com/pase/1058828/,https://www.cinesrenoir.com/pelicula/aguilas-de-el-cairo/,https://media.pillalas.com/imagenes/726afb526abffa8352548cf73e8a92c7f956872644b319e354995dea422ef81774899f3c.jpg,Árabe,No recomendada para menores de 16 años,Viernes 13 Marzo 2026,"Fares Fares, Lyna Khoudri, Cherien Dabis, Amr Waked, Zineb Triki, Sherwan Haji, Hesham Abdel Hamid, Ahmed Khairy, Hassan El Sayed, Kemal Mustafa","George Fahmy (Fares Fares) el actor más adorado de Egipto, se ve presionado a protagonizar una película encargada por las más altas autoridades egipcias. Aceptando a regañadientes, este papel será la puerta que le hará entrar en el selecto grupo de las personas más poderosas del país. Como una polilla atraída por la luz, comienza un romance con la misteriosa esposa del general que supervisa el proyecto."
ÁGUILAS DE EL CAIRO,Tarik Saleh,128,01,18:00,2026-03-16,Renoir Plaza de España,https://www.pillalas.com/pase/1058926/,https://www.cinesrenoir.com/pelicula/aguilas-de-el-cairo/,https://media.pillalas.com/imagenes/726afb526abffa8352548cf73e8a92c7f956872644b319e354995dea422ef81774899f3c.jpg,Árabe,No recomendada para menores de 16 años,Viernes 13 Marzo 2026,"Fares Fares, Lyna Khoudri, Cherien Dabis, Amr Waked, Zineb Triki, Sherwan Haji, Hesham Abdel Hamid, Ahmed Khairy, Hassan El Sayed, Kemal Mustafa","George Fahmy (Fares Fares) el actor más adorado de Egipto, se ve presionado a protagonizar una película encargada por las más altas autoridades egipcias. Aceptando a regañadientes, este papel será la puerta que le hará entrar en el selecto grupo de las personas más poderosas del país. Como una polilla atraída por la luz, comienza un romance con la misteriosa esposa del general que supervisa el proyecto."
ÁGUILAS DE EL CAIRO,Tarik Saleh,128,01,20:20,2026-03-16,Renoir Plaza de España,https://www.pillalas.com/pase/1058927/,https://www.cinesrenoir.com/pelicula/aguilas-de-el-cairo/,https://media.pillalas.com/imagenes/726afb526abffa8352548cf73e8a92c7f956872644b319e354995dea422ef81774899f3c.jpg,Árabe,No recomendada para menores de 16 años,Viernes 13 Marzo 2026,"Fares Fares, Lyna Khoudri, Cherien Dabis, Amr Waked, Zineb Triki, Sherwan Haji, Hesham Abdel Hamid, Ahmed Khairy, Hassan El Sayed, Kemal Mustafa","George Fahmy (Fares Fares) el actor más adorado de Egipto, se ve presionado a protagonizar una película encargada por las más altas autoridades egipcias. Aceptando a regañadientes, este papel será la puerta que le hará entrar en el selecto grupo de las personas más poderosas del país. Como una polilla atraída por la luz, comienza un romance con la misteriosa esposa del general que supervisa el proyecto."
ÁGUILAS DE EL CAIRO,Tarik Saleh,128,01,22:45,2026-03-16,Renoir Plaza de España,https://www.pillalas.com/pase/1058928/,https://www.cinesrenoir.com/pelicula/aguilas-de-el-cairo/,https://media.pillalas.com/imagenes/726afb526abffa8352548cf73e8a92c7f956872644b319e354995dea422ef81774899f3c.jpg,Árabe,No recomendada para menores de 16 años,Viernes 13 Marzo 2026,"Fares Fares, Lyna Khoudri, Cherien Dabis, Amr Waked, Zineb Triki, Sherwan Haji, Hesham Abdel Hamid, Ahmed Khairy, Hassan El Sayed, Kemal Mustafa","George Fahmy (Fares Fares) el actor más adorado de Egipto, se ve presionado a protagonizar una película encargada por las más altas autoridades egipcias. Aceptando a regañadientes, este papel será la puerta que le hará entrar en el selecto grupo de las personas más poderosas del país. Como una polilla atraída por la luz, comienza un romance con la misteriosa esposa del general que supervisa el proyecto."
EL ÚLTIMO VIKINGO,Anders Thomas Jensen,116,05,15:50,2026-03-17,Renoir Plaza de España,https://www.pillalas.com/pase/1058909/,https://www.cinesrenoir.com/pelicula/el-ultimo-vikingo/,https://media.pillalas.com/imagenes/726afb526abffa831071fdb7895dda5a8f5443f58bef959385371bd83d00b407e021267b.jpg,Danés,No recomendada para menores de 16 años,Viernes 6 Marzo 2026,"Mads Mikkelsen, Nikolaj Lie Kaas, Søren Malling, Sofie Gråbøl","Anker sale de prisión tras cumplir una condena de quince años por robo. El dinero del atraco fue enterrado por su hermano Manfred. Solo él sabe dónde está. Por desgracia, desde entonces Manfred ha desarrollado un trastorno mental que le ha hecho olvidarlo todo. Juntos, los hermanos emprenden un viaje inesperado para encontrar el dinero y descubrir quiénes son en realidad."
EL ÚLTIMO VIKINGO,Anders Thomas Jensen,116,02,18:10,2026-03-17,Renoir Plaza de España,https://www.pillalas.com/pase/1058846/,https://www.cinesrenoir.com/pelicula/el-ultimo-vikingo/,https://media.pillalas.com/imagenes/726afb526abffa831071fdb7895dda5a8f5443f58bef959385371bd83d00b407e021267b.jpg,Danés,No recomendada para menores de 16 años,Viernes 6 Marzo 2026,"Mads Mikkelsen, Nikolaj Lie Kaas, Søren Malling, Sofie Gråbøl","Anker sale de prisión tras cumplir una condena de quince años por robo. El dinero del atraco fue enterrado por su hermano Manfred. Solo él sabe dónde está. Por desgracia, desde entonces Manfred ha desarrollado un trastorno mental que le ha hecho olvidarlo todo. Juntos, los hermanos emprenden un viaje inesperado para encontrar el dinero y descubrir quiénes son en realidad."
EL ÚLTIMO VIKINGO,Anders Thomas Jensen,116,02,20:20,2026-03-17,Renoir Plaza de España,https://www.pillalas.com/pase/1058849/,https://www.cinesrenoir.com/pelicula/el-ultimo-vikingo/,https://media.pillalas.com/imagenes/726afb526abffa831071fdb7895dda5a8f5443f58bef959385371bd83d00b407e021267b.jpg,Danés,No recomendada para menores de 16 años,Viernes 6 Marzo 2026,"Mads Mikkelsen, Nikolaj Lie Kaas, Søren Malling, Sofie Gråbøl","Anker sale de prisión tras cumplir una condena de quince años por robo. El dinero del atraco fue enterrado por su hermano Manfred. Solo él sabe dónde está. Por desgracia, desde entonces Manfred ha desarrollado un trastorno mental que le ha hecho olvidarlo todo. Juntos, los hermanos emprenden un viaje inesperado para encontrar el dinero y descubrir quiénes son en realidad."
EL ÚLTIMO VIKINGO,Anders Thomas Jensen,116,01,22:45,2026-03-17,Renoir Plaza de España,https://www.pillalas.com/pase/1058913/,https://www.cinesrenoir.com/pelicula/el-ultimo-vikingo/,https://media.pillalas.com/imagenes/726afb526abffa831071fdb7895dda5a8f5443f58bef959385371bd83d00b407e021267b.jpg,Danés,No recomendada para menores de 16 años,Viernes 6 Marzo 2026,"Mads Mikkelsen, Nikolaj Lie Kaas, Søren Malling, Sofie Gråbøl","Anker sale de prisión tras cumplir una condena de quince años por robo. El dinero del atraco fue enterrado por su hermano Manfred. Solo él sabe dónde está. Por desgracia, desde entonces Manfred ha desarrollado un trastorno mental que le ha hecho olvidarlo todo. Juntos, los hermanos emprenden un viaje inesperado para encontrar el dinero y descubrir quiénes son en realidad."
INCONTROLABLE [PROYECTO VIRIDIANA],Kirk Jones,120,01,20:00,2026-03-17,Renoir Plaza de España,https://www.pillalas.com/pase/1058682/,https://www.cinesrenoir.com/pelicula/incontrolable-proyecto-viridiana/,https://media.pillalas.com/imagenes/726afb526abffa8300377a2b34b7f8b2ee83add2009ad272b15df7594d4d78a10cd35a5c.jpg,Inglés,No recomendada para menores de 12 años,Martes 17 Marzo 2026,Robert Aramayo,"La historia real de John Davidson. Diagnosticado con Tourette a los 15 años, señalado como loco por sus compañeros, luchó con una condición que pocos habían presenciado. Ya adulto, hizo campaña en favor del síndrome de Tourette."
LA TARTA DEL PRESIDENTE,Hasan Hadi,105,04,18:20,2026-03-17,Renoir Plaza de España,https://www.pillalas.com/pase/1058848/,https://www.cinesrenoir.com/pelicula/20260311050512-la-tarta-del-presidente/,https://media.pillalas.com/imagenes/726afb526abffa83eda64f8b418bec544f18146f6ca2869a88655e1df49985337de64299.jpg,Iraquí,No recomendada para menores de 12 años,Viernes 6 Febrero 2026,"Baneen Ahmad Nayyef, Waheed Thabet Khreibat, Sajad Mohamad Qasem, Muthanna Malaghi, Ahmad Qasem Saywan, Maytham Mreidi, Rahim Alhaj, Thaer Salem, Fatima Abouharoon","Irak, años noventa. La pequeña Lamia recibe la misión de preparar una tarta con motivo del cumpleaños del presidente Sadam Huseín. Acompañada por su amigo Saeed y con su gallo Hindi a cuestas, recorre Bagdad en busca de los ingredientes, viviendo una serie de peripecias que alterarán por completo su vida cotidiana."
LA TARTA DEL PRESIDENTE,Hasan Hadi,105,04,22:45,2026-03-17,Renoir Plaza de España,https://www.pillalas.com/pase/1058854/,https://www.cinesrenoir.com/pelicula/20260311050512-la-tarta-del-presidente/,https://media.pillalas.com/imagenes/726afb526abffa83eda64f8b418bec544f18146f6ca2869a88655e1df49985337de64299.jpg,Iraquí,No recomendada para menores de 12 años,Viernes 6 Febrero 2026,"Baneen Ahmad Nayyef, Waheed Thabet Khreibat, Sajad Mohamad Qasem, Muthanna Malaghi, Ahmad Qasem Saywan, Maytham Mreidi, Rahim Alhaj, Thaer Salem, Fatima Abouharoon","Irak, años noventa. La pequeña Lamia recibe la misión de preparar una tarta con motivo del cumpleaños del presidente Sadam Huseín. Acompañada por su amigo Saeed y con su gallo Hindi a cuestas, recorre Bagdad en busca de los ingredientes, viviendo una serie de peripecias que alterarán por completo su vida cotidiana."
NO HAY OTRA OPCIÓN,Park Chan-Wook,139,01,15:50,2026-03-17,Renoir Plaza de España,https://www.pillalas.com/pase/1058910/,https://www.cinesrenoir.com/pelicula/no-hay-otra-opcion/,https://media.pillalas.com/imagenes/726afb526abffa83bdeb4516e384b837092cce5cc6598f1dfd4dee91ff9227e1f484f775.jpg,Coreano,Pendiente de calificación,Viernes 13 Febrero 2026,"Lee Byung-Hun, Son Ye-Jin, Lee Sung-Min, Yeom Hye-Ran, Park Hee-Soon, Cha Seung-Won, Yoo Yeon-Seok","La historia sigue a un hombre de mediana edad llamado Man-su que se embarca decidido en una búsqueda de trabajo tras ser despedido inesperadamente de la compañía de papel en la que trabajó durante 25 años. ""Si no hay una vacante para mí, tendré que crear una para que me contraten. No hay otra opción"". Adaptación de la novela ""The Ax"" de Donald E. Westlake, que ya fue llevada al cine en la película ""Arcadia"", dirigida por Costa-Gavras en 2005."
NO HAY OTRA OPCIÓN,Park Chan-Wook,139,02,22:35,2026-03-17,Renoir Plaza de España,https://www.pillalas.com/pase/1058852/,https://www.cinesrenoir.com/pelicula/no-hay-otra-opcion/,https://media.pillalas.com/imagenes/726afb526abffa83bdeb4516e384b837092cce5cc6598f1dfd4dee91ff9227e1f484f775.jpg,Coreano,Pendiente de calificación,Viernes 13 Febrero 2026,"Lee Byung-Hun, Son Ye-Jin, Lee Sung-Min, Yeom Hye-Ran, Park Hee-Soon, Cha Seung-Won, Yoo Yeon-Seok","La historia sigue a un hombre de mediana edad llamado Man-su que se embarca decidido en una búsqueda de trabajo tras ser despedido inesperadamente de la compañía de papel en la que trabajó durante 25 años. ""Si no hay una vacante para mí, tendré que crear una para que me contraten. No hay otra opción"". Adaptación de la novela ""The Ax"" de Donald E. Westlake, que ya fue llevada al cine en la película ""Arcadia"", dirigida por Costa-Gavras en 2005."
ORWELL 2+2 = 5,Raoul Peck,119,03,16:00,2026-03-17,Renoir Plaza de España,https://www.pillalas.com/pase/1058845/,https://www.cinesrenoir.com/pelicula/orwell-22-5/,https://media.pillalas.com/imagenes/726afb526abffa83b83d4cc400c9761fa7472981f7fc060c0bd7e85b0217a3f74541294d.jpg,Inglés Y Otros,No recomendada para menores de 16 años,Viernes 27 Febrero 2026,Damian Lewis,"George Orwell fue uno de los autores más visionarios del siglo XX, cuyas novelas, 1984 y Rebelión en la granja, predijeron un futuro autoritario y escalofriante. El aclamado director Raoul Peck (I Am Not Your Negro) entrelaza clips, lecturas del diario de Orwell, referencias cinematográficas e imágenes actuales para crear no solo un retrato del escritor, sino también una nueva perspectiva sobre lo profética que se ha vuelto su obra."
ORWELL 2+2 = 5,Raoul Peck,119,03,18:15,2026-03-17,Renoir Plaza de España,https://www.pillalas.com/pase/1058847/,https://www.cinesrenoir.com/pelicula/orwell-22-5/,https://media.pillalas.com/imagenes/726afb526abffa83b83d4cc400c9761fa7472981f7fc060c0bd7e85b0217a3f74541294d.jpg,Inglés Y Otros,No recomendada para menores de 16 años,Viernes 27 Febrero 2026,Damian Lewis,"George Orwell fue uno de los autores más visionarios del siglo XX, cuyas novelas, 1984 y Rebelión en la granja, predijeron un futuro autoritario y escalofriante. El aclamado director Raoul Peck (I Am Not Your Negro) entrelaza clips, lecturas del diario de Orwell, referencias cinematográficas e imágenes actuales para crear no solo un retrato del escritor, sino también una nueva perspectiva sobre lo profética que se ha vuelto su obra."
ORWELL 2+2 = 5,Raoul Peck,119,03,20:30,2026-03-17,Renoir Plaza de España,https://www.pillalas.com/pase/1058851/,https://www.cinesrenoir.com/pelicula/orwell-22-5/,https://media.pillalas.com/imagenes/726afb526abffa83b83d4cc400c9761fa7472981f7fc060c0bd7e85b0217a3f74541294d.jpg,Inglés Y Otros,No recomendada para menores de 16 años,Viernes 27 Febrero 2026,Damian Lewis,"George Orwell fue uno de los autores más visionarios del siglo XX, cuyas novelas, 1984 y Rebelión en la granja, predijeron un futuro autoritario y escalofriante. El aclamado director Raoul Peck (I Am Not Your Negro) entrelaza clips, lecturas del diario de Orwell, referencias cinematográficas e imágenes actuales para crear no solo un retrato del escritor, sino también una nueva perspectiva sobre lo profética que se ha vuelto su obra."
ORWELL 2+2 = 5,Raoul Peck,119,03,22:45,2026-03-17,Renoir Plaza de España,https://www.pillalas.com/pase/1058853/,https://www.cinesrenoir.com/pelicula/orwell-22-5/,https://media.pillalas.com/imagenes/726afb526abffa83b83d4cc400c9761fa7472981f7fc060c0bd7e85b0217a3f74541294d.jpg,Inglés Y Otros,No recomendada para menores de 16 años,Viernes 27 Febrero 2026,Damian Lewis,"George Orwell fue uno de los autores más visionarios del siglo XX, cuyas novelas, 1984 y Rebelión en la granja, predijeron un futuro autoritario y escalofriante. El aclamado director Raoul Peck (I Am Not Your Negro) entrelaza clips, lecturas del diario de Orwell, referencias cinematográficas e imágenes actuales para crear no solo un retrato del escritor, sino también una nueva perspectiva sobre lo profética que se ha vuelto su obra."
VALOR SENTIMENTAL,Joachim Trier,133,04,15:50,2026-03-17,Renoir Plaza de España,https://www.pillalas.com/pase/1058843/,https://www.cinesrenoir.com/pelicula/valor-sentimental/,https://media.pillalas.com/imagenes/726afb526abffa83fe1b3adc6f8909539f80c9a958e909b641f78d7648edf8e1f62ca547.jpg,Noruego E Inglés,No recomendada para menores de 12 años,Viernes 5 Diciembre 2025,"Renate Reinsve, Stellan Skarsgård, Inga Ibsdotter Lilleaas, Elle Fanning, Anders Danielsen Lie, Jesper Christensen, Lena Endre, Cory Michael Smith, Catherine Cohen, Andreas Stoltenberg Granerud, Øyvind Hesjedal Loven, Lars Väringer, Ida Marianne Vassbotn Klasson, Vilde Søyland","Las hermanas Nora y Agnes se reencuentran con su padre ausente, un director de cine muy reconocido en el pasado que ha vuelto para ofrecer a Nora el papel principal de su próxima película. Aunque ella lo rechaza, Gustav decide seguir adelante y utilizar la casa familiar como escenario de su nuevo rodaje, lo que reaviva las tensiones entre ellos, especialmente tras la llegada de una joven actriz de Hollywood que acepta el papel en su lugar. El vínculo entre las hermanas se convertirá en su mayor refugio frente a las heridas del pasado."
VALOR SENTIMENTAL,Joachim Trier,133,04,20:20,2026-03-17,Renoir Plaza de España,https://www.pillalas.com/pase/1058850/,https://www.cinesrenoir.com/pelicula/valor-sentimental/,https://media.pillalas.com/imagenes/726afb526abffa83fe1b3adc6f8909539f80c9a958e909b641f78d7648edf8e1f62ca547.jpg,Noruego E Inglés,No recomendada para menores de 12 años,Viernes 5 Diciembre 2025,"Renate Reinsve, Stellan Skarsgård, Inga Ibsdotter Lilleaas, Elle Fanning, Anders Danielsen Lie, Jesper Christensen, Lena Endre, Cory Michael Smith, Catherine Cohen, Andreas Stoltenberg Granerud, Øyvind Hesjedal Loven, Lars Väringer, Ida Marianne Vassbotn Klasson, Vilde Søyland","Las hermanas Nora y Agnes se reencuentran con su padre ausente, un director de cine muy reconocido en el pasado que ha vuelto para ofrecer a Nora el papel principal de su próxima película. Aunque ella lo rechaza, Gustav decide seguir adelante y utilizar la casa familiar como escenario de su nuevo rodaje, lo que reaviva las tensiones entre ellos, especialmente tras la llegada de una joven actriz de Hollywood que acepta el papel en su lugar. El vínculo entre las hermanas se convertirá en su mayor refugio frente a las heridas del pasado."
ÁGUILAS DE EL CAIRO,Tarik Saleh,128,02,15:50,2026-03-17,Renoir Plaza de España,https://www.pillalas.com/pase/1058844/,https://www.cinesrenoir.com/pelicula/aguilas-de-el-cairo/,https://media.pillalas.com/imagenes/726afb526abffa8352548cf73e8a92c7f956872644b319e354995dea422ef81774899f3c.jpg,Árabe,No recomendada para menores de 16 años,Viernes 13 Marzo 2026,"Fares Fares, Lyna Khoudri, Cherien Dabis, Amr Waked, Zineb Triki, Sherwan Haji, Hesham Abdel Hamid, Ahmed Khairy, Hassan El Sayed, Kemal Mustafa","George Fahmy (Fares Fares) el actor más adorado de Egipto, se ve presionado a protagonizar una película encargada por las más altas autoridades egipcias. Aceptando a regañadientes, este papel será la puerta que le hará entrar en el selecto grupo de las personas más poderosas del país. Como una polilla atraída por la luz, comienza un romance con la misteriosa esposa del general que supervisa el proyecto."
ÁGUILAS DE EL CAIRO,Tarik Saleh,128,05,18:00,2026-03-17,Renoir Plaza de España,https://www.pillalas.com/pase/1058911/,https://www.cinesrenoir.com/pelicula/aguilas-de-el-cairo/,https://media.pillalas.com/imagenes/726afb526abffa8352548cf73e8a92c7f956872644b319e354995dea422ef81774899f3c.jpg,Árabe,No recomendada para menores de 16 años,Viernes 13 Marzo 2026,"Fares Fares, Lyna Khoudri, Cherien Dabis, Amr Waked, Zineb Triki, Sherwan Haji, Hesham Abdel Hamid, Ahmed Khairy, Hassan El Sayed, Kemal Mustafa","George Fahmy (Fares Fares) el actor más adorado de Egipto, se ve presionado a protagonizar una película encargada por las más altas autoridades egipcias. Aceptando a regañadientes, este papel será la puerta que le hará entrar en el selecto grupo de las personas más poderosas del país. Como una polilla atraída por la luz, comienza un romance con la misteriosa esposa del general que supervisa el proyecto."
ÁGUILAS DE EL CAIRO,Tarik Saleh,128,05,20:20,2026-03-17,Renoir Plaza de España,https://www.pillalas.com/pase/1058912/,https://www.cinesrenoir.com/pelicula/aguilas-de-el-cairo/,https://media.pillalas.com/imagenes/726afb526abffa8352548cf73e8a92c7f956872644b319e354995dea422ef81774899f3c.jpg,Árabe,No recomendada para menores de 16 años,Viernes 13 Marzo 2026,"Fares Fares, Lyna Khoudri, Cherien Dabis, Amr Waked, Zineb Triki, Sherwan Haji, Hesham Abdel Hamid, Ahmed Khairy, Hassan El Sayed, Kemal Mustafa","George Fahmy (Fares Fares) el actor más adorado de Egipto, se ve presionado a protagonizar una película encargada por las más altas autoridades egipcias. Aceptando a regañadientes, este papel será la puerta que le hará entrar en el selecto grupo de las personas más poderosas del país. Como una polilla atraída por la luz, comienza un romance con la misteriosa esposa del general que supervisa el proyecto."
ÁGUILAS DE EL CAIRO,Tarik Saleh,128,05,22:45,2026-03-17,Renoir Plaza de España,https://www.pillalas.com/pase/1058914/,https://www.cinesrenoir.com/pelicula/aguilas-de-el-cairo/,https://media.pillalas.com/imagenes/726afb526abffa8352548cf73e8a92c7f956872644b319e354995dea422ef81774899f3c.jpg,Árabe,No recomendada para menores de 16 años,Viernes 13 Marzo 2026,"Fares Fares, Lyna Khoudri, Cherien Dabis, Amr Waked, Zineb Triki, Sherwan Haji, Hesham Abdel Hamid, Ahmed Khairy, Hassan El Sayed, Kemal Mustafa","George Fahmy (Fares Fares) el actor más adorado de Egipto, se ve presionado a protagonizar una película encargada por las más altas autoridades egipcias. Aceptando a regañadientes, este papel será la puerta que le hará entrar en el selecto grupo de las personas más poderosas del país. Como una polilla atraída por la luz, comienza un romance con la misteriosa esposa del general que supervisa el proyecto."
EL ÚLTIMO VIKINGO,Anders Thomas Jensen,116,01,15:50,2026-03-18,Renoir Plaza de España,https://www.pillalas.com/pase/1058781/,https://www.cinesrenoir.com/pelicula/el-ultimo-vikingo/,https://media.pillalas.com/imagenes/726afb526abffa831071fdb7895dda5a8f5443f58bef959385371bd83d00b407e021267b.jpg,Danés,No recomendada para menores de 16 años,Viernes 6 Marzo 2026,"Mads Mikkelsen, Nikolaj Lie Kaas, Søren Malling, Sofie Gråbøl","Anker sale de prisión tras cumplir una condena de quince años por robo. El dinero del atraco fue enterrado por su hermano Manfred. Solo él sabe dónde está. Por desgracia, desde entonces Manfred ha desarrollado un trastorno mental que le ha hecho olvidarlo todo. Juntos, los hermanos emprenden un viaje inesperado para encontrar el dinero y descubrir quiénes son en realidad."
EL ÚLTIMO VIKINGO,Anders Thomas Jensen,116,02,18:10,2026-03-18,Renoir Plaza de España,https://www.pillalas.com/pase/1058859/,https://www.cinesrenoir.com/pelicula/el-ultimo-vikingo/,https://media.pillalas.com/imagenes/726afb526abffa831071fdb7895dda5a8f5443f58bef959385371bd83d00b407e021267b.jpg,Danés,No recomendada para menores de 16 años,Viernes 6 Marzo 2026,"Mads Mikkelsen, Nikolaj Lie Kaas, Søren Malling, Sofie Gråbøl","Anker sale de prisión tras cumplir una condena de quince años por robo. El dinero del atraco fue enterrado por su hermano Manfred. Solo él sabe dónde está. Por desgracia, desde entonces Manfred ha desarrollado un trastorno mental que le ha hecho olvidarlo todo. Juntos, los hermanos emprenden un viaje inesperado para encontrar el dinero y descubrir quiénes son en realidad."
EL ÚLTIMO VIKINGO,Anders Thomas Jensen,116,02,20:20,2026-03-18,Renoir Plaza de España,https://www.pillalas.com/pase/1058863/,https://www.cinesrenoir.com/pelicula/el-ultimo-vikingo/,https://media.pillalas.com/imagenes/726afb526abffa831071fdb7895dda5a8f5443f58bef959385371bd83d00b407e021267b.jpg,Danés,No recomendada para menores de 16 años,Viernes 6 Marzo 2026,"Mads Mikkelsen, Nikolaj Lie Kaas, Søren Malling, Sofie Gråbøl","Anker sale de prisión tras cumplir una condena de quince años por robo. El dinero del atraco fue enterrado por su hermano Manfred. Solo él sabe dónde está. Por desgracia, desde entonces Manfred ha desarrollado un trastorno mental que le ha hecho olvidarlo todo. Juntos, los hermanos emprenden un viaje inesperado para encontrar el dinero y descubrir quiénes son en realidad."
EL ÚLTIMO VIKINGO,Anders Thomas Jensen,116,05,22:45,2026-03-18,Renoir Plaza de España,https://www.pillalas.com/pase/1058904/,https://www.cinesrenoir.com/pelicula/el-ultimo-vikingo/,https://media.pillalas.com/imagenes/726afb526abffa831071fdb7895dda5a8f5443f58bef959385371bd83d00b407e021267b.jpg,Danés,No recomendada para menores de 16 años,Viernes 6 Marzo 2026,"Mads Mikkelsen, Nikolaj Lie Kaas, Søren Malling, Sofie Gråbøl","Anker sale de prisión tras cumplir una condena de quince años por robo. El dinero del atraco fue enterrado por su hermano Manfred. Solo él sabe dónde está. Por desgracia, desde entonces Manfred ha desarrollado un trastorno mental que le ha hecho olvidarlo todo. Juntos, los hermanos emprenden un viaje inesperado para encontrar el dinero y descubrir quiénes son en realidad."
LA CHICA ZURDA,Shih-Ching Tsou,108,05,18:20,2026-03-18,Renoir Plaza de España,https://www.pillalas.com/pase/1058902/,https://www.cinesrenoir.com/pelicula/la-chica-zurda/,https://media.pillalas.com/imagenes/726afb526abffa83e5ee5674d1ac0b73f39c1d9ebacca7f6a4c573d6423a82f140c7a520.jpg,Mandarín,No recomendada para menores de 12 años,Viernes 30 Enero 2026,"Shi-Yuan Ma, Janel Tsai, Nina Ye, Teng-Hui Huang, Akio Chen, Blaire Chang, Xin-Yan Chao","La pequeña I-Jing corretea con curiosidad por las calles de un mercado nocturno de Taipei, entre neones, motocicletas y toda clase de puestos de comida como el que regenta su madre, que trata de sacar adelante a la niña y a su hermana mayor."
LA TARTA DEL PRESIDENTE,Hasan Hadi,105,04,18:20,2026-03-18,Renoir Plaza de España,https://www.pillalas.com/pase/1058861/,https://www.cinesrenoir.com/pelicula/20260311050512-la-tarta-del-presidente/,https://media.pillalas.com/imagenes/726afb526abffa83eda64f8b418bec544f18146f6ca2869a88655e1df49985337de64299.jpg,Iraquí,No recomendada para menores de 12 años,Viernes 6 Febrero 2026,"Baneen Ahmad Nayyef, Waheed Thabet Khreibat, Sajad Mohamad Qasem, Muthanna Malaghi, Ahmad Qasem Saywan, Maytham Mreidi, Rahim Alhaj, Thaer Salem, Fatima Abouharoon","Irak, años noventa. La pequeña Lamia recibe la misión de preparar una tarta con motivo del cumpleaños del presidente Sadam Huseín. Acompañada por su amigo Saeed y con su gallo Hindi a cuestas, recorre Bagdad en busca de los ingredientes, viviendo una serie de peripecias que alterarán por completo su vida cotidiana."
LA TARTA DEL PRESIDENTE,Hasan Hadi,105,04,22:45,2026-03-18,Renoir Plaza de España,https://www.pillalas.com/pase/1058869/,https://www.cinesrenoir.com/pelicula/20260311050512-la-tarta-del-presidente/,https://media.pillalas.com/imagenes/726afb526abffa83eda64f8b418bec544f18146f6ca2869a88655e1df49985337de64299.jpg,Iraquí,No recomendada para menores de 12 años,Viernes 6 Febrero 2026,"Baneen Ahmad Nayyef, Waheed Thabet Khreibat, Sajad Mohamad Qasem, Muthanna Malaghi, Ahmad Qasem Saywan, Maytham Mreidi, Rahim Alhaj, Thaer Salem, Fatima Abouharoon","Irak, años noventa. La pequeña Lamia recibe la misión de preparar una tarta con motivo del cumpleaños del presidente Sadam Huseín. Acompañada por su amigo Saeed y con su gallo Hindi a cuestas, recorre Bagdad en busca de los ingredientes, viviendo una serie de peripecias que alterarán por completo su vida cotidiana."
NO HAY OTRA OPCIÓN,Park Chan-Wook,139,05,15:50,2026-03-18,Renoir Plaza de España,https://www.pillalas.com/pase/1058901/,https://www.cinesrenoir.com/pelicula/no-hay-otra-opcion/,https://media.pillalas.com/imagenes/726afb526abffa83bdeb4516e384b837092cce5cc6598f1dfd4dee91ff9227e1f484f775.jpg,Coreano,Pendiente de calificación,Viernes 13 Febrero 2026,"Lee Byung-Hun, Son Ye-Jin, Lee Sung-Min, Yeom Hye-Ran, Park Hee-Soon, Cha Seung-Won, Yoo Yeon-Seok","La historia sigue a un hombre de mediana edad llamado Man-su que se embarca decidido en una búsqueda de trabajo tras ser despedido inesperadamente de la compañía de papel en la que trabajó durante 25 años. ""Si no hay una vacante para mí, tendré que crear una para que me contraten. No hay otra opción"". Adaptación de la novela ""The Ax"" de Donald E. Westlake, que ya fue llevada al cine en la película ""Arcadia"", dirigida por Costa-Gavras en 2005."
NO HAY OTRA OPCIÓN,Park Chan-Wook,139,05,20:20,2026-03-18,Renoir Plaza de España,https://www.pillalas.com/pase/1058903/,https://www.cinesrenoir.com/pelicula/no-hay-otra-opcion/,https://media.pillalas.com/imagenes/726afb526abffa83bdeb4516e384b837092cce5cc6598f1dfd4dee91ff9227e1f484f775.jpg,Coreano,Pendiente de calificación,Viernes 13 Febrero 2026,"Lee Byung-Hun, Son Ye-Jin, Lee Sung-Min, Yeom Hye-Ran, Park Hee-Soon, Cha Seung-Won, Yoo Yeon-Seok","La historia sigue a un hombre de mediana edad llamado Man-su que se embarca decidido en una búsqueda de trabajo tras ser despedido inesperadamente de la compañía de papel en la que trabajó durante 25 años. ""Si no hay una vacante para mí, tendré que crear una para que me contraten. No hay otra opción"". Adaptación de la novela ""The Ax"" de Donald E. Westlake, que ya fue llevada al cine en la película ""Arcadia"", dirigida por Costa-Gavras en 2005."
NO HAY OTRA OPCIÓN,Park Chan-Wook,139,02,22:35,2026-03-18,Renoir Plaza de España,https://www.pillalas.com/pase/1058866/,https://www.cinesrenoir.com/pelicula/no-hay-otra-opcion/,https://media.pillalas.com/imagenes/726afb526abffa83bdeb4516e384b837092cce5cc6598f1dfd4dee91ff9227e1f484f775.jpg,Coreano,Pendiente de calificación,Viernes 13 Febrero 2026,"Lee Byung-Hun, Son Ye-Jin, Lee Sung-Min, Yeom Hye-Ran, Park Hee-Soon, Cha Seung-Won, Yoo Yeon-Seok","La historia sigue a un hombre de mediana edad llamado Man-su que se embarca decidido en una búsqueda de trabajo tras ser despedido inesperadamente de la compañía de papel en la que trabajó durante 25 años. ""Si no hay una vacante para mí, tendré que crear una para que me contraten. No hay otra opción"". Adaptación de la novela ""The Ax"" de Donald E. Westlake, que ya fue llevada al cine en la película ""Arcadia"", dirigida por Costa-Gavras en 2005."
ORWELL 2+2 = 5,Raoul Peck,119,03,16:00,2026-03-18,Renoir Plaza de España,https://www.pillalas.com/pase/1058857/,https://www.cinesrenoir.com/pelicula/orwell-22-5/,https://media.pillalas.com/imagenes/726afb526abffa83b83d4cc400c9761fa7472981f7fc060c0bd7e85b0217a3f74541294d.jpg,Inglés Y Otros,No recomendada para menores de 16 años,Viernes 27 Febrero 2026,Damian Lewis,"George Orwell fue uno de los autores más visionarios del siglo XX, cuyas novelas, 1984 y Rebelión en la granja, predijeron un futuro autoritario y escalofriante. El aclamado director Raoul Peck (I Am Not Your Negro) entrelaza clips, lecturas del diario de Orwell, referencias cinematográficas e imágenes actuales para crear no solo un retrato del escritor, sino también una nueva perspectiva sobre lo profética que se ha vuelto su obra."
ORWELL 2+2 = 5,Raoul Peck,119,03,18:15,2026-03-18,Renoir Plaza de España,https://www.pillalas.com/pase/1058860/,https://www.cinesrenoir.com/pelicula/orwell-22-5/,https://media.pillalas.com/imagenes/726afb526abffa83b83d4cc400c9761fa7472981f7fc060c0bd7e85b0217a3f74541294d.jpg,Inglés Y Otros,No recomendada para menores de 16 años,Viernes 27 Febrero 2026,Damian Lewis,"George Orwell fue uno de los autores más visionarios del siglo XX, cuyas novelas, 1984 y Rebelión en la granja, predijeron un futuro autoritario y escalofriante. El aclamado director Raoul Peck (I Am Not Your Negro) entrelaza clips, lecturas del diario de Orwell, referencias cinematográficas e imágenes actuales para crear no solo un retrato del escritor, sino también una nueva perspectiva sobre lo profética que se ha vuelto su obra."
ORWELL 2+2 = 5,Raoul Peck,119,03,20:30,2026-03-18,Renoir Plaza de España,https://www.pillalas.com/pase/1058865/,https://www.cinesrenoir.com/pelicula/orwell-22-5/,https://media.pillalas.com/imagenes/726afb526abffa83b83d4cc400c9761fa7472981f7fc060c0bd7e85b0217a3f74541294d.jpg,Inglés Y Otros,No recomendada para menores de 16 años,Viernes 27 Febrero 2026,Damian Lewis,"George Orwell fue uno de los autores más visionarios del siglo XX, cuyas novelas, 1984 y Rebelión en la granja, predijeron un futuro autoritario y escalofriante. El aclamado director Raoul Peck (I Am Not Your Negro) entrelaza clips, lecturas del diario de Orwell, referencias cinematográficas e imágenes actuales para crear no solo un retrato del escritor, sino también una nueva perspectiva sobre lo profética que se ha vuelto su obra."
ORWELL 2+2 = 5,Raoul Peck,119,03,22:45,2026-03-18,Renoir Plaza de España,https://www.pillalas.com/pase/1058868/,https://www.cinesrenoir.com/pelicula/orwell-22-5/,https://media.pillalas.com/imagenes/726afb526abffa83b83d4cc400c9761fa7472981f7fc060c0bd7e85b0217a3f74541294d.jpg,Inglés Y Otros,No recomendada para menores de 16 años,Viernes 27 Febrero 2026,Damian Lewis,"George Orwell fue uno de los autores más visionarios del siglo XX, cuyas novelas, 1984 y Rebelión en la granja, predijeron un futuro autoritario y escalofriante. El aclamado director Raoul Peck (I Am Not Your Negro) entrelaza clips, lecturas del diario de Orwell, referencias cinematográficas e imágenes actuales para crear no solo un retrato del escritor, sino también una nueva perspectiva sobre lo profética que se ha vuelto su obra."
VALOR SENTIMENTAL,Joachim Trier,133,04,15:50,2026-03-18,Renoir Plaza de España,https://www.pillalas.com/pase/1058856/,https://www.cinesrenoir.com/pelicula/valor-sentimental/,https://media.pillalas.com/imagenes/726afb526abffa83fe1b3adc6f8909539f80c9a958e909b641f78d7648edf8e1f62ca547.jpg,Noruego E Inglés,No recomendada para menores de 12 años,Viernes 5 Diciembre 2025,"Renate Reinsve, Stellan Skarsgård, Inga Ibsdotter Lilleaas, Elle Fanning, Anders Danielsen Lie, Jesper Christensen, Lena Endre, Cory Michael Smith, Catherine Cohen, Andreas Stoltenberg Granerud, Øyvind Hesjedal Loven, Lars Väringer, Ida Marianne Vassbotn Klasson, Vilde Søyland","Las hermanas Nora y Agnes se reencuentran con su padre ausente, un director de cine muy reconocido en el pasado que ha vuelto para ofrecer a Nora el papel principal de su próxima película. Aunque ella lo rechaza, Gustav decide seguir adelante y utilizar la casa familiar como escenario de su nuevo rodaje, lo que reaviva las tensiones entre ellos, especialmente tras la llegada de una joven actriz de Hollywood que acepta el papel en su lugar. El vínculo entre las hermanas se convertirá en su mayor refugio frente a las heridas del pasado."
VALOR SENTIMENTAL,Joachim Trier,133,04,20:20,2026-03-18,Renoir Plaza de España,https://www.pillalas.com/pase/1058864/,https://www.cinesrenoir.com/pelicula/valor-sentimental/,https://media.pillalas.com/imagenes/726afb526abffa83fe1b3adc6f8909539f80c9a958e909b641f78d7648edf8e1f62ca547.jpg,Noruego E Inglés,No recomendada para menores de 12 años,Viernes 5 Diciembre 2025,"Renate Reinsve, Stellan Skarsgård, Inga Ibsdotter Lilleaas, Elle Fanning, Anders Danielsen Lie, Jesper Christensen, Lena Endre, Cory Michael Smith, Catherine Cohen, Andreas Stoltenberg Granerud, Øyvind Hesjedal Loven, Lars Väringer, Ida Marianne Vassbotn Klasson, Vilde Søyland","Las hermanas Nora y Agnes se reencuentran con su padre ausente, un director de cine muy reconocido en el pasado que ha vuelto para ofrecer a Nora el papel principal de su próxima película. Aunque ella lo rechaza, Gustav decide seguir adelante y utilizar la casa familiar como escenario de su nuevo rodaje, lo que reaviva las tensiones entre ellos, especialmente tras la llegada de una joven actriz de Hollywood que acepta el papel en su lugar. El vínculo entre las hermanas se convertirá en su mayor refugio frente a las heridas del pasado."
ÁGUILAS DE EL CAIRO,Tarik Saleh,128,02,15:50,2026-03-18,Renoir Plaza de España,https://www.pillalas.com/pase/1058855/,https://www.cinesrenoir.com/pelicula/aguilas-de-el-cairo/,https://media.pillalas.com/imagenes/726afb526abffa8352548cf73e8a92c7f956872644b319e354995dea422ef81774899f3c.jpg,Árabe,No recomendada para menores de 16 años,Viernes 13 Marzo 2026,"Fares Fares, Lyna Khoudri, Cherien Dabis, Amr Waked, Zineb Triki, Sherwan Haji, Hesham Abdel Hamid, Ahmed Khairy, Hassan El Sayed, Kemal Mustafa","George Fahmy (Fares Fares) el actor más adorado de Egipto, se ve presionado a protagonizar una película encargada por las más altas autoridades egipcias. Aceptando a regañadientes, este papel será la puerta que le hará entrar en el selecto grupo de las personas más poderosas del país. Como una polilla atraída por la luz, comienza un romance con la misteriosa esposa del general que supervisa el proyecto."
ÁGUILAS DE EL CAIRO,Tarik Saleh,128,01,18:00,2026-03-18,Renoir Plaza de España,https://www.pillalas.com/pase/1058929/,https://www.cinesrenoir.com/pelicula/aguilas-de-el-cairo/,https://media.pillalas.com/imagenes/726afb526abffa8352548cf73e8a92c7f956872644b319e354995dea422ef81774899f3c.jpg,Árabe,No recomendada para menores de 16 años,Viernes 13 Marzo 2026,"Fares Fares, Lyna Khoudri, Cherien Dabis, Amr Waked, Zineb Triki, Sherwan Haji, Hesham Abdel Hamid, Ahmed Khairy, Hassan El Sayed, Kemal Mustafa","George Fahmy (Fares Fares) el actor más adorado de Egipto, se ve presionado a protagonizar una película encargada por las más altas autoridades egipcias. Aceptando a regañadientes, este papel será la puerta que le hará entrar en el selecto grupo de las personas más poderosas del país. Como una polilla atraída por la luz, comienza un romance con la misteriosa esposa del general que supervisa el proyecto."
ÁGUILAS DE EL CAIRO,Tarik Saleh,128,01,20:20,2026-03-18,Renoir Plaza de España,https://www.pillalas.com/pase/1058930/,https://www.cinesrenoir.com/pelicula/aguilas-de-el-cairo/,https://media.pillalas.com/imagenes/726afb526abffa8352548cf73e8a92c7f956872644b319e354995dea422ef81774899f3c.jpg,Árabe,No recomendada para menores de 16 años,Viernes 13 Marzo 2026,"Fares Fares, Lyna Khoudri, Cherien Dabis, Amr Waked, Zineb Triki, Sherwan Haji, Hesham Abdel Hamid, Ahmed Khairy, Hassan El Sayed, Kemal Mustafa","George Fahmy (Fares Fares) el actor más adorado de Egipto, se ve presionado a protagonizar una película encargada por las más altas autoridades egipcias. Aceptando a regañadientes, este papel será la puerta que le hará entrar en el selecto grupo de las personas más poderosas del país. Como una polilla atraída por la luz, comienza un romance con la misteriosa esposa del general que supervisa el proyecto."
ÁGUILAS DE EL CAIRO,Tarik Saleh,128,01,22:45,2026-03-18,Renoir Plaza de España,https://www.pillalas.com/pase/1058931/,https://www.cinesrenoir.com/pelicula/aguilas-de-el-cairo/,https://media.pillalas.com/imagenes/726afb526abffa8352548cf73e8a92c7f956872644b319e354995dea422ef81774899f3c.jpg,Árabe,No recomendada para menores de 16 años,Viernes 13 Marzo 2026,"Fares Fares, Lyna Khoudri, Cherien Dabis, Amr Waked, Zineb Triki, Sherwan Haji, Hesham Abdel Hamid, Ahmed Khairy, Hassan El Sayed, Kemal Mustafa","George Fahmy (Fares Fares) el actor más adorado de Egipto, se ve presionado a protagonizar una película encargada por las más altas autoridades egipcias. Aceptando a regañadientes, este papel será la puerta que le hará entrar en el selecto grupo de las personas más poderosas del país. Como una polilla atraída por la luz, comienza un romance con la misteriosa esposa del general que supervisa el proyecto."
EL ÚLTIMO VIKINGO,Anders Thomas Jensen,116,01,15:50,2026-03-19,Renoir Plaza de España,https://www.pillalas.com/pase/1058782/,https://www.cinesrenoir.com/pelicula/el-ultimo-vikingo/,https://media.pillalas.com/imagenes/726afb526abffa831071fdb7895dda5a8f5443f58bef959385371bd83d00b407e021267b.jpg,Danés,No recomendada para menores de 16 años,Viernes 6 Marzo 2026,"Mads Mikkelsen, Nikolaj Lie Kaas, Søren Malling, Sofie Gråbøl","Anker sale de prisión tras cumplir una condena de quince años por robo. El dinero del atraco fue enterrado por su hermano Manfred. Solo él sabe dónde está. Por desgracia, desde entonces Manfred ha desarrollado un trastorno mental que le ha hecho olvidarlo todo. Juntos, los hermanos emprenden un viaje inesperado para encontrar el dinero y descubrir quiénes son en realidad."
EL ÚLTIMO VIKINGO,Anders Thomas Jensen,116,02,18:10,2026-03-19,Renoir Plaza de España,https://www.pillalas.com/pase/1058874/,https://www.cinesrenoir.com/pelicula/el-ultimo-vikingo/,https://media.pillalas.com/imagenes/726afb526abffa831071fdb7895dda5a8f5443f58bef959385371bd83d00b407e021267b.jpg,Danés,No recomendada para menores de 16 años,Viernes 6 Marzo 2026,"Mads Mikkelsen, Nikolaj Lie Kaas, Søren Malling, Sofie Gråbøl","Anker sale de prisión tras cumplir una condena de quince años por robo. El dinero del atraco fue enterrado por su hermano Manfred. Solo él sabe dónde está. Por desgracia, desde entonces Manfred ha desarrollado un trastorno mental que le ha hecho olvidarlo todo. Juntos, los hermanos emprenden un viaje inesperado para encontrar el dinero y descubrir quiénes son en realidad."
EL ÚLTIMO VIKINGO,Anders Thomas Jensen,116,02,20:20,2026-03-19,Renoir Plaza de España,https://www.pillalas.com/pase/1058878/,https://www.cinesrenoir.com/pelicula/el-ultimo-vikingo/,https://media.pillalas.com/imagenes/726afb526abffa831071fdb7895dda5a8f5443f58bef959385371bd83d00b407e021267b.jpg,Danés,No recomendada para menores de 16 años,Viernes 6 Marzo 2026,"Mads Mikkelsen, Nikolaj Lie Kaas, Søren Malling, Sofie Gråbøl","Anker sale de prisión tras cumplir una condena de quince años por robo. El dinero del atraco fue enterrado por su hermano Manfred. Solo él sabe dónde está. Por desgracia, desde entonces Manfred ha desarrollado un trastorno mental que le ha hecho olvidarlo todo. Juntos, los hermanos emprenden un viaje inesperado para encontrar el dinero y descubrir quiénes son en realidad."
EL ÚLTIMO VIKINGO,Anders Thomas Jensen,116,05,22:45,2026-03-19,Renoir Plaza de España,https://www.pillalas.com/pase/1058908/,https://www.cinesrenoir.com/pelicula/el-ultimo-vikingo/,https://media.pillalas.com/imagenes/726afb526abffa831071fdb7895dda5a8f5443f58bef959385371bd83d00b407e021267b.jpg,Danés,No recomendada para menores de 16 años,Viernes 6 Marzo 2026,"Mads Mikkelsen, Nikolaj Lie Kaas, Søren Malling, Sofie Gråbøl","Anker sale de prisión tras cumplir una condena de quince años por robo. El dinero del atraco fue enterrado por su hermano Manfred. Solo él sabe dónde está. Por desgracia, desde entonces Manfred ha desarrollado un trastorno mental que le ha hecho olvidarlo todo. Juntos, los hermanos emprenden un viaje inesperado para encontrar el dinero y descubrir quiénes son en realidad."
LA CHICA ZURDA,Shih-Ching Tsou,108,05,18:20,2026-03-19,Renoir Plaza de España,https://www.pillalas.com/pase/1058906/,https://www.cinesrenoir.com/pelicula/la-chica-zurda/,https://media.pillalas.com/imagenes/726afb526abffa83e5ee5674d1ac0b73f39c1d9ebacca7f6a4c573d6423a82f140c7a520.jpg,Mandarín,No recomendada para menores de 12 años,Viernes 30 Enero 2026,"Shi-Yuan Ma, Janel Tsai, Nina Ye, Teng-Hui Huang, Akio Chen, Blaire Chang, Xin-Yan Chao","La pequeña I-Jing corretea con curiosidad por las calles de un mercado nocturno de Taipei, entre neones, motocicletas y toda clase de puestos de comida como el que regenta su madre, que trata de sacar adelante a la niña y a su hermana mayor."
LA TARTA DEL PRESIDENTE,Hasan Hadi,105,04,18:20,2026-03-19,Renoir Plaza de España,https://www.pillalas.com/pase/1058876/,https://www.cinesrenoir.com/pelicula/20260311050512-la-tarta-del-presidente/,https://media.pillalas.com/imagenes/726afb526abffa83eda64f8b418bec544f18146f6ca2869a88655e1df49985337de64299.jpg,Iraquí,No recomendada para menores de 12 años,Viernes 6 Febrero 2026,"Baneen Ahmad Nayyef, Waheed Thabet Khreibat, Sajad Mohamad Qasem, Muthanna Malaghi, Ahmad Qasem Saywan, Maytham Mreidi, Rahim Alhaj, Thaer Salem, Fatima Abouharoon","Irak, años noventa. La pequeña Lamia recibe la misión de preparar una tarta con motivo del cumpleaños del presidente Sadam Huseín. Acompañada por su amigo Saeed y con su gallo Hindi a cuestas, recorre Bagdad en busca de los ingredientes, viviendo una serie de peripecias que alterarán por completo su vida cotidiana."
LA TARTA DEL PRESIDENTE,Hasan Hadi,105,04,22:45,2026-03-19,Renoir Plaza de España,https://www.pillalas.com/pase/1058884/,https://www.cinesrenoir.com/pelicula/20260311050512-la-tarta-del-presidente/,https://media.pillalas.com/imagenes/726afb526abffa83eda64f8b418bec544f18146f6ca2869a88655e1df49985337de64299.jpg,Iraquí,No recomendada para menores de 12 años,Viernes 6 Febrero 2026,"Baneen Ahmad Nayyef, Waheed Thabet Khreibat, Sajad Mohamad Qasem, Muthanna Malaghi, Ahmad Qasem Saywan, Maytham Mreidi, Rahim Alhaj, Thaer Salem, Fatima Abouharoon","Irak, años noventa. La pequeña Lamia recibe la misión de preparar una tarta con motivo del cumpleaños del presidente Sadam Huseín. Acompañada por su amigo Saeed y con su gallo Hindi a cuestas, recorre Bagdad en busca de los ingredientes, viviendo una serie de peripecias que alterarán por completo su vida cotidiana."
NO HAY OTRA OPCIÓN,Park Chan-Wook,139,05,15:50,2026-03-19,Renoir Plaza de España,https://www.pillalas.com/pase/1058905/,https://www.cinesrenoir.com/pelicula/no-hay-otra-opcion/,https://media.pillalas.com/imagenes/726afb526abffa83bdeb4516e384b837092cce5cc6598f1dfd4dee91ff9227e1f484f775.jpg,Coreano,Pendiente de calificación,Viernes 13 Febrero 2026,"Lee Byung-Hun, Son Ye-Jin, Lee Sung-Min, Yeom Hye-Ran, Park Hee-Soon, Cha Seung-Won, Yoo Yeon-Seok","La historia sigue a un hombre de mediana edad llamado Man-su que se embarca decidido en una búsqueda de trabajo tras ser despedido inesperadamente de la compañía de papel en la que trabajó durante 25 años. ""Si no hay una vacante para mí, tendré que crear una para que me contraten. No hay otra opción"". Adaptación de la novela ""The Ax"" de Donald E. Westlake, que ya fue llevada al cine en la película ""Arcadia"", dirigida por Costa-Gavras en 2005."
NO HAY OTRA OPCIÓN,Park Chan-Wook,139,05,20:20,2026-03-19,Renoir Plaza de España,https://www.pillalas.com/pase/1058907/,https://www.cinesrenoir.com/pelicula/no-hay-otra-opcion/,https://media.pillalas.com/imagenes/726afb526abffa83bdeb4516e384b837092cce5cc6598f1dfd4dee91ff9227e1f484f775.jpg,Coreano,Pendiente de calificación,Viernes 13 Febrero 2026,"Lee Byung-Hun, Son Ye-Jin, Lee Sung-Min, Yeom Hye-Ran, Park Hee-Soon, Cha Seung-Won, Yoo Yeon-Seok","La historia sigue a un hombre de mediana edad llamado Man-su que se embarca decidido en una búsqueda de trabajo tras ser despedido inesperadamente de la compañía de papel en la que trabajó durante 25 años. ""Si no hay una vacante para mí, tendré que crear una para que me contraten. No hay otra opción"". Adaptación de la novela ""The Ax"" de Donald E. Westlake, que ya fue llevada al cine en la película ""Arcadia"", dirigida por Costa-Gavras en 2005."
NO HAY OTRA OPCIÓN,Park Chan-Wook,139,02,22:35,2026-03-19,Renoir Plaza de España,https://www.pillalas.com/pase/1058881/,https://www.cinesrenoir.com/pelicula/no-hay-otra-opcion/,https://media.pillalas.com/imagenes/726afb526abffa83bdeb4516e384b837092cce5cc6598f1dfd4dee91ff9227e1f484f775.jpg,Coreano,Pendiente de calificación,Viernes 13 Febrero 2026,"Lee Byung-Hun, Son Ye-Jin, Lee Sung-Min, Yeom Hye-Ran, Park Hee-Soon, Cha Seung-Won, Yoo Yeon-Seok","La historia sigue a un hombre de mediana edad llamado Man-su que se embarca decidido en una búsqueda de trabajo tras ser despedido inesperadamente de la compañía de papel en la que trabajó durante 25 años. ""Si no hay una vacante para mí, tendré que crear una para que me contraten. No hay otra opción"". Adaptación de la novela ""The Ax"" de Donald E. Westlake, que ya fue llevada al cine en la película ""Arcadia"", dirigida por Costa-Gavras en 2005."
ORWELL 2+2 = 5,Raoul Peck,119,03,16:00,2026-03-19,Renoir Plaza de España,https://www.pillalas.com/pase/1058872/,https://www.cinesrenoir.com/pelicula/orwell-22-5/,https://media.pillalas.com/imagenes/726afb526abffa83b83d4cc400c9761fa7472981f7fc060c0bd7e85b0217a3f74541294d.jpg,Inglés Y Otros,No recomendada para menores de 16 años,Viernes 27 Febrero 2026,Damian Lewis,"George Orwell fue uno de los autores más visionarios del siglo XX, cuyas novelas, 1984 y Rebelión en la granja, predijeron un futuro autoritario y escalofriante. El aclamado director Raoul Peck (I Am Not Your Negro) entrelaza clips, lecturas del diario de Orwell, referencias cinematográficas e imágenes actuales para crear no solo un retrato del escritor, sino también una nueva perspectiva sobre lo profética que se ha vuelto su obra."
ORWELL 2+2 = 5,Raoul Peck,119,03,18:15,2026-03-19,Renoir Plaza de España,https://www.pillalas.com/pase/1058875/,https://www.cinesrenoir.com/pelicula/orwell-22-5/,https://media.pillalas.com/imagenes/726afb526abffa83b83d4cc400c9761fa7472981f7fc060c0bd7e85b0217a3f74541294d.jpg,Inglés Y Otros,No recomendada para menores de 16 años,Viernes 27 Febrero 2026,Damian Lewis,"George Orwell fue uno de los autores más visionarios del siglo XX, cuyas novelas, 1984 y Rebelión en la granja, predijeron un futuro autoritario y escalofriante. El aclamado director Raoul Peck (I Am Not Your Negro) entrelaza clips, lecturas del diario de Orwell, referencias cinematográficas e imágenes actuales para crear no solo un retrato del escritor, sino también una nueva perspectiva sobre lo profética que se ha vuelto su obra."
ORWELL 2+2 = 5,Raoul Peck,119,03,20:30,2026-03-19,Renoir Plaza de España,https://www.pillalas.com/pase/1058880/,https://www.cinesrenoir.com/pelicula/orwell-22-5/,https://media.pillalas.com/imagenes/726afb526abffa83b83d4cc400c9761fa7472981f7fc060c0bd7e85b0217a3f74541294d.jpg,Inglés Y Otros,No recomendada para menores de 16 años,Viernes 27 Febrero 2026,Damian Lewis,"George Orwell fue uno de los autores más visionarios del siglo XX, cuyas novelas, 1984 y Rebelión en la granja, predijeron un futuro autoritario y escalofriante. El aclamado director Raoul Peck (I Am Not Your Negro) entrelaza clips, lecturas del diario de Orwell, referencias cinematográficas e imágenes actuales para crear no solo un retrato del escritor, sino también una nueva perspectiva sobre lo profética que se ha vuelto su obra."
ORWELL 2+2 = 5,Raoul Peck,119,03,22:45,2026-03-19,Renoir Plaza de España,https://www.pillalas.com/pase/1058883/,https://www.cinesrenoir.com/pelicula/orwell-22-5/,https://media.pillalas.com/imagenes/726afb526abffa83b83d4cc400c9761fa7472981f7fc060c0bd7e85b0217a3f74541294d.jpg,Inglés Y Otros,No recomendada para menores de 16 años,Viernes 27 Febrero 2026,Damian Lewis,"George Orwell fue uno de los autores más visionarios del siglo XX, cuyas novelas, 1984 y Rebelión en la granja, predijeron un futuro autoritario y escalofriante. El aclamado director Raoul Peck (I Am Not Your Negro) entrelaza clips, lecturas del diario de Orwell, referencias cinematográficas e imágenes actuales para crear no solo un retrato del escritor, sino también una nueva perspectiva sobre lo profética que se ha vuelto su obra."
VALOR SENTIMENTAL,Joachim Trier,133,04,15:50,2026-03-19,Renoir Plaza de España,https://www.pillalas.com/pase/1058870/,https://www.cinesrenoir.com/pelicula/valor-sentimental/,https://media.pillalas.com/imagenes/726afb526abffa83fe1b3adc6f8909539f80c9a958e909b641f78d7648edf8e1f62ca547.jpg,Noruego E Inglés,No recomendada para menores de 12 años,Viernes 5 Diciembre 2025,"Renate Reinsve, Stellan Skarsgård, Inga Ibsdotter Lilleaas, Elle Fanning, Anders Danielsen Lie, Jesper Christensen, Lena Endre, Cory Michael Smith, Catherine Cohen, Andreas Stoltenberg Granerud, Øyvind Hesjedal Loven, Lars Väringer, Ida Marianne Vassbotn Klasson, Vilde Søyland","Las hermanas Nora y Agnes se reencuentran con su padre ausente, un director de cine muy reconocido en el pasado que ha vuelto para ofrecer a Nora el papel principal de su próxima película. Aunque ella lo rechaza, Gustav decide seguir adelante y utilizar la casa familiar como escenario de su nuevo rodaje, lo que reaviva las tensiones entre ellos, especialmente tras la llegada de una joven actriz de Hollywood que acepta el papel en su lugar. El vínculo entre las hermanas se convertirá en su mayor refugio frente a las heridas del pasado."
VALOR SENTIMENTAL,Joachim Trier,133,04,20:20,2026-03-19,Renoir Plaza de España,https://www.pillalas.com/pase/1058879/,https://www.cinesrenoir.com/pelicula/valor-sentimental/,https://media.pillalas.com/imagenes/726afb526abffa83fe1b3adc6f8909539f80c9a958e909b641f78d7648edf8e1f62ca547.jpg,Noruego E Inglés,No recomendada para menores de 12 años,Viernes 5 Diciembre 2025,"Renate Reinsve, Stellan Skarsgård, Inga Ibsdotter Lilleaas, Elle Fanning, Anders Danielsen Lie, Jesper Christensen, Lena Endre, Cory Michael Smith, Catherine Cohen, Andreas Stoltenberg Granerud, Øyvind Hesjedal Loven, Lars Väringer, Ida Marianne Vassbotn Klasson, Vilde Søyland","Las hermanas Nora y Agnes se reencuentran con su padre ausente, un director de cine muy reconocido en el pasado que ha vuelto para ofrecer a Nora el papel principal de su próxima película. Aunque ella lo rechaza, Gustav decide seguir adelante y utilizar la casa familiar como escenario de su nuevo rodaje, lo que reaviva las tensiones entre ellos, especialmente tras la llegada de una joven actriz de Hollywood que acepta el papel en su lugar. El vínculo entre las hermanas se convertirá en su mayor refugio frente a las heridas del pasado."
ÁGUILAS DE EL CAIRO,Tarik Saleh,128,02,15:50,2026-03-19,Renoir Plaza de España,https://www.pillalas.com/pase/1058871/,https://www.cinesrenoir.com/pelicula/aguilas-de-el-cairo/,https://media.pillalas.com/imagenes/726afb526abffa8352548cf73e8a92c7f956872644b319e354995dea422ef81774899f3c.jpg,Árabe,No recomendada para menores de 16 años,Viernes 13 Marzo 2026,"Fares Fares, Lyna Khoudri, Cherien Dabis, Amr Waked, Zineb Triki, Sherwan Haji, Hesham Abdel Hamid, Ahmed Khairy, Hassan El Sayed, Kemal Mustafa","George Fahmy (Fares Fares) el actor más adorado de Egipto, se ve presionado a protagonizar una película encargada por las más altas autoridades egipcias. Aceptando a regañadientes, este papel será la puerta que le hará entrar en el selecto grupo de las personas más poderosas del país. Como una polilla atraída por la luz, comienza un romance con la misteriosa esposa del general que supervisa el proyecto."
ÁGUILAS DE EL CAIRO,Tarik Saleh,128,01,18:00,2026-03-19,Renoir Plaza de España,https://www.pillalas.com/pase/1058932/,https://www.cinesrenoir.com/pelicula/aguilas-de-el-cairo/,https://media.pillalas.com/imagenes/726afb526abffa8352548cf73e8a92c7f956872644b319e354995dea422ef81774899f3c.jpg,Árabe,No recomendada para menores de 16 años,Viernes 13 Marzo 2026,"Fares Fares, Lyna Khoudri, Cherien Dabis, Amr Waked, Zineb Triki, Sherwan Haji, Hesham Abdel Hamid, Ahmed Khairy, Hassan El Sayed, Kemal Mustafa","George Fahmy (Fares Fares) el actor más adorado de Egipto, se ve presionado a protagonizar una película encargada por las más altas autoridades egipcias. Aceptando a regañadientes, este papel será la puerta que le hará entrar en el selecto grupo de las personas más poderosas del país. Como una polilla atraída por la luz, comienza un romance con la misteriosa esposa del general que supervisa el proyecto."
ÁGUILAS DE EL CAIRO,Tarik Saleh,128,01,20:20,2026-03-19,Renoir Plaza de España,https://www.pillalas.com/pase/1058933/,https://www.cinesrenoir.com/pelicula/aguilas-de-el-cairo/,https://media.pillalas.com/imagenes/726afb526abffa8352548cf73e8a92c7f956872644b319e354995dea422ef81774899f3c.jpg,Árabe,No recomendada para menores de 16 años,Viernes 13 Marzo 2026,"Fares Fares, Lyna Khoudri, Cherien Dabis, Amr Waked, Zineb Triki, Sherwan Haji, Hesham Abdel Hamid, Ahmed Khairy, Hassan El Sayed, Kemal Mustafa","George Fahmy (Fares Fares) el actor más adorado de Egipto, se ve presionado a protagonizar una película encargada por las más altas autoridades egipcias. Aceptando a regañadientes, este papel será la puerta que le hará entrar en el selecto grupo de las personas más poderosas del país. Como una polilla atraída por la luz, comienza un romance con la misteriosa esposa del general que supervisa el proyecto."
ÁGUILAS DE EL CAIRO,Tarik Saleh,128,01,22:45,2026-03-19,Renoir Plaza de España,https://www.pillalas.com/pase/1058934/,https://www.cinesrenoir.com/pelicula/aguilas-de-el-cairo/,https://media.pillalas.com/imagenes/726afb526abffa8352548cf73e8a92c7f956872644b319e354995dea422ef81774899f3c.jpg,Árabe,No recomendada para menores de 16 años,Viernes 13 Marzo 2026,"Fares Fares, Lyna Khoudri, Cherien Dabis, Amr Waked, Zineb Triki, Sherwan Haji, Hesham Abdel Hamid, Ahmed Khairy, Hassan El Sayed, Kemal Mustafa","George Fahmy (Fares Fares) el actor más adorado de Egipto, se ve presionado a protagonizar una película encargada por las más altas autoridades egipcias. Aceptando a regañadientes, este papel será la puerta que le hará entrar en el selecto grupo de las personas más poderosas del país. Como una polilla atraída por la luz, comienza un romance con la misteriosa esposa del general que supervisa el proyecto."
