Pelicula,Director,Duración,Sala,Horario,Fecha,Cine,Tickets_URL,Film_URL,Poster_URL,Idioma_Original,Calificación,Estreno,Intérpretes,Sinopsis
CUMBRES BORRASCOSAS,Emerald Fennell,135,09,16:10,2026-03-05,Renoir Princesa,https://www.pillalas.com/pase/1057067/,https://www.cinesrenoir.com/pelicula/cumbres-borrascosas/,https://media.pillalas.com/imagenes/726afb526abffa83abe8577deb3c0674bd352fd2b0500497b1d5570f2dd570487210fc4e.jpg,Inglés,No recomendada para menores de 16 años,Viernes 13 Febrero 2026,"Margot Robbie, Jacob Elordi, Hong Chau, Alison Oliver, Owen Cooper, Shazad Latif, Martin Clunes, Ewan Mitchell, Amy Morgan, Jessica Knappett, Charlotte Mellington, Vy Nguyen","Adaptada a todo tipo de formatos en multitud de ocasiones, se trata de una trágica historia de pasiones encontradas en la Inglaterra rural más conservadora. Una historia de venganza y odio, de pasiones desatadas y amores desesperados que van más allá de la muerte ambientada en los brumosos y sombríos páramos de Yorkshire, al norte de Inglaterra."
CUMBRES BORRASCOSAS,Emerald Fennell,135,11,18:10,2026-03-05,Renoir Princesa,https://www.pillalas.com/pase/1057072/,https://www.cinesrenoir.com/pelicula/cumbres-borrascosas/,https://media.pillalas.com/imagenes/726afb526abffa83abe8577deb3c0674bd352fd2b0500497b1d5570f2dd570487210fc4e.jpg,Inglés,No recomendada para menores de 16 años,Viernes 13 Febrero 2026,"Margot Robbie, Jacob Elordi, Hong Chau, Alison Oliver, Owen Cooper, Shazad Latif, Martin Clunes, Ewan Mitchell, Amy Morgan, Jessica Knappett, Charlotte Mellington, Vy Nguyen","Adaptada a todo tipo de formatos en multitud de ocasiones, se trata de una trágica historia de pasiones encontradas en la Inglaterra rural más conservadora. Una historia de venganza y odio, de pasiones desatadas y amores desesperados que van más allá de la muerte ambientada en los brumosos y sombríos páramos de Yorkshire, al norte de Inglaterra."
CUMBRES BORRASCOSAS,Emerald Fennell,135,11,20:35,2026-03-05,Renoir Princesa,https://www.pillalas.com/pase/1057073/,https://www.cinesrenoir.com/pelicula/cumbres-borrascosas/,https://media.pillalas.com/imagenes/726afb526abffa83abe8577deb3c0674bd352fd2b0500497b1d5570f2dd570487210fc4e.jpg,Inglés,No recomendada para menores de 16 años,Viernes 13 Febrero 2026,"Margot Robbie, Jacob Elordi, Hong Chau, Alison Oliver, Owen Cooper, Shazad Latif, Martin Clunes, Ewan Mitchell, Amy Morgan, Jessica Knappett, Charlotte Mellington, Vy Nguyen","Adaptada a todo tipo de formatos en multitud de ocasiones, se trata de una trágica historia de pasiones encontradas en la Inglaterra rural más conservadora. Una historia de venganza y odio, de pasiones desatadas y amores desesperados que van más allá de la muerte ambientada en los brumosos y sombríos páramos de Yorkshire, al norte de Inglaterra."
CUMBRES BORRASCOSAS,Emerald Fennell,135,09,21:45,2026-03-05,Renoir Princesa,https://www.pillalas.com/pase/1057071/,https://www.cinesrenoir.com/pelicula/cumbres-borrascosas/,https://media.pillalas.com/imagenes/726afb526abffa83abe8577deb3c0674bd352fd2b0500497b1d5570f2dd570487210fc4e.jpg,Inglés,No recomendada para menores de 16 años,Viernes 13 Febrero 2026,"Margot Robbie, Jacob Elordi, Hong Chau, Alison Oliver, Owen Cooper, Shazad Latif, Martin Clunes, Ewan Mitchell, Amy Morgan, Jessica Knappett, Charlotte Mellington, Vy Nguyen","Adaptada a todo tipo de formatos en multitud de ocasiones, se trata de una trágica historia de pasiones encontradas en la Inglaterra rural más conservadora. Una historia de venganza y odio, de pasiones desatadas y amores desesperados que van más allá de la muerte ambientada en los brumosos y sombríos páramos de Yorkshire, al norte de Inglaterra."
EL AGENTE SECRETO,Kleber Mendonça Filho,160,04,16:00,2026-03-05,Renoir Princesa,https://www.pillalas.com/pase/1056969/,https://www.cinesrenoir.com/pelicula/el-agente-secreto/,https://media.pillalas.com/imagenes/726afb526abffa83bdba0b90e98cf11293bcd8b9c8be1af817aa6c045cd8f479730f7511.jpg,Portugués,No recomendada para menores de 16 años,Viernes 20 Febrero 2026,"Wagner Moura, Gabriel Leone, Udo Kier, Maria Fernanda Cândido","1977. En un Brasil atormentado por la dictadura militar, Marcelo, un cuarentón que huye de un pasado turbulento, llega a la ciudad de Recife, donde espera construir una nueva vida y reencontrarse con su hijo. Todo se complica cuando descubre que las fuerzas gubernamentales le persiguen y las amenazas de muerte se ciernen sobre su cabeza."
EL AGENTE SECRETO,Kleber Mendonça Filho,160,07,17:15,2026-03-05,Renoir Princesa,https://www.pillalas.com/pase/1056971/,https://www.cinesrenoir.com/pelicula/el-agente-secreto/,https://media.pillalas.com/imagenes/726afb526abffa83bdba0b90e98cf11293bcd8b9c8be1af817aa6c045cd8f479730f7511.jpg,Portugués,No recomendada para menores de 16 años,Viernes 20 Febrero 2026,"Wagner Moura, Gabriel Leone, Udo Kier, Maria Fernanda Cândido","1977. En un Brasil atormentado por la dictadura militar, Marcelo, un cuarentón que huye de un pasado turbulento, llega a la ciudad de Recife, donde espera construir una nueva vida y reencontrarse con su hijo. Todo se complica cuando descubre que las fuerzas gubernamentales le persiguen y las amenazas de muerte se ciernen sobre su cabeza."
EL AGENTE SECRETO,Kleber Mendonça Filho,160,04,18:55,2026-03-05,Renoir Princesa,https://www.pillalas.com/pase/1056974/,https://www.cinesrenoir.com/pelicula/el-agente-secreto/,https://media.pillalas.com/imagenes/726afb526abffa83bdba0b90e98cf11293bcd8b9c8be1af817aa6c045cd8f479730f7511.jpg,Portugués,No recomendada para menores de 16 años,Viernes 20 Febrero 2026,"Wagner Moura, Gabriel Leone, Udo Kier, Maria Fernanda Cândido","1977. En un Brasil atormentado por la dictadura militar, Marcelo, un cuarentón que huye de un pasado turbulento, llega a la ciudad de Recife, donde espera construir una nueva vida y reencontrarse con su hijo. Todo se complica cuando descubre que las fuerzas gubernamentales le persiguen y las amenazas de muerte se ciernen sobre su cabeza."
EL AGENTE SECRETO,Kleber Mendonça Filho,160,04,21:50,2026-03-05,Renoir Princesa,https://www.pillalas.com/pase/1056979/,https://www.cinesrenoir.com/pelicula/el-agente-secreto/,https://media.pillalas.com/imagenes/726afb526abffa83bdba0b90e98cf11293bcd8b9c8be1af817aa6c045cd8f479730f7511.jpg,Portugués,No recomendada para menores de 16 años,Viernes 20 Febrero 2026,"Wagner Moura, Gabriel Leone, Udo Kier, Maria Fernanda Cândido","1977. En un Brasil atormentado por la dictadura militar, Marcelo, un cuarentón que huye de un pasado turbulento, llega a la ciudad de Recife, donde espera construir una nueva vida y reencontrarse con su hijo. Todo se complica cuando descubre que las fuerzas gubernamentales le persiguen y las amenazas de muerte se ciernen sobre su cabeza."
HAMNET,Chloé Zhao,125,03,16:00,2026-03-05,Renoir Princesa,https://www.pillalas.com/pase/1056837/,https://www.cinesrenoir.com/pelicula/hamnet/,https://www.cinesrenoir.com/media/Peliculas/Cartel/HAMNET_Cartel_Digital_8Nominaciones_Oscar_YaEnCines_v2_2.jpg,Inglés,No recomendada para menores de 12 años,Viernes 23 Enero 2026,"Jessie Buckley, Paul Mescal, Joe Alwyn, Emily Watson","Año 1596, Stratford-upon-Avon, Inglaterra. La vida de Agnes transcurre plácidamente junto a su marido y sus tres hijos. Ella cultiva plantas medicinales mientras William trabaja en Londres. El destino, sin embargo, les reservará un duro golpe cuando su hijo Hamnet, de once años, muera repentinamente tras contraer la peste. A raíz de esta tragedia, su padre creará uno de los grandes personajes de la literatura universal, de nombre casi idéntico al de su hijo.


Pero esta película no habla de famosos sucesos sino de algo íntimo y olvidado: La vida de esta familia, y especialmente la de la mujer que la sostenía y que tuvo que cargar con una insoportable pérdida."
HAMNET,Chloé Zhao,125,05,17:40,2026-03-05,Renoir Princesa,https://www.pillalas.com/pase/1056972/,https://www.cinesrenoir.com/pelicula/hamnet/,https://www.cinesrenoir.com/media/Peliculas/Cartel/HAMNET_Cartel_Digital_8Nominaciones_Oscar_YaEnCines_v2_2.jpg,Inglés,No recomendada para menores de 12 años,Viernes 23 Enero 2026,"Jessie Buckley, Paul Mescal, Joe Alwyn, Emily Watson","Año 1596, Stratford-upon-Avon, Inglaterra. La vida de Agnes transcurre plácidamente junto a su marido y sus tres hijos. Ella cultiva plantas medicinales mientras William trabaja en Londres. El destino, sin embargo, les reservará un duro golpe cuando su hijo Hamnet, de once años, muera repentinamente tras contraer la peste. A raíz de esta tragedia, su padre creará uno de los grandes personajes de la literatura universal, de nombre casi idéntico al de su hijo.


Pero esta película no habla de famosos sucesos sino de algo íntimo y olvidado: La vida de esta familia, y especialmente la de la mujer que la sostenía y que tuvo que cargar con una insoportable pérdida."
HAMNET,Chloé Zhao,125,05,20:00,2026-03-05,Renoir Princesa,https://www.pillalas.com/pase/1056975/,https://www.cinesrenoir.com/pelicula/hamnet/,https://www.cinesrenoir.com/media/Peliculas/Cartel/HAMNET_Cartel_Digital_8Nominaciones_Oscar_YaEnCines_v2_2.jpg,Inglés,No recomendada para menores de 12 años,Viernes 23 Enero 2026,"Jessie Buckley, Paul Mescal, Joe Alwyn, Emily Watson","Año 1596, Stratford-upon-Avon, Inglaterra. La vida de Agnes transcurre plácidamente junto a su marido y sus tres hijos. Ella cultiva plantas medicinales mientras William trabaja en Londres. El destino, sin embargo, les reservará un duro golpe cuando su hijo Hamnet, de once años, muera repentinamente tras contraer la peste. A raíz de esta tragedia, su padre creará uno de los grandes personajes de la literatura universal, de nombre casi idéntico al de su hijo.


Pero esta película no habla de famosos sucesos sino de algo íntimo y olvidado: La vida de esta familia, y especialmente la de la mujer que la sostenía y que tuvo que cargar con una insoportable pérdida."
HAMNET,Chloé Zhao,125,05,22:20,2026-03-05,Renoir Princesa,https://www.pillalas.com/pase/1056980/,https://www.cinesrenoir.com/pelicula/hamnet/,https://www.cinesrenoir.com/media/Peliculas/Cartel/HAMNET_Cartel_Digital_8Nominaciones_Oscar_YaEnCines_v2_2.jpg,Inglés,No recomendada para menores de 12 años,Viernes 23 Enero 2026,"Jessie Buckley, Paul Mescal, Joe Alwyn, Emily Watson","Año 1596, Stratford-upon-Avon, Inglaterra. La vida de Agnes transcurre plácidamente junto a su marido y sus tres hijos. Ella cultiva plantas medicinales mientras William trabaja en Londres. El destino, sin embargo, les reservará un duro golpe cuando su hijo Hamnet, de once años, muera repentinamente tras contraer la peste. A raíz de esta tragedia, su padre creará uno de los grandes personajes de la literatura universal, de nombre casi idéntico al de su hijo.


Pero esta película no habla de famosos sucesos sino de algo íntimo y olvidado: La vida de esta familia, y especialmente la de la mujer que la sostenía y que tuvo que cargar con una insoportable pérdida."
HER [WILDER CINEMA],Spike Jonze,126,07,20:10,2026-03-05,Renoir Princesa,https://www.pillalas.com/pase/1057511/,https://www.cinesrenoir.com/pelicula/her-wilder-cinema/,https://media.pillalas.com/imagenes/726afb526abffa8387ccd508a5ad36b2aed6fd8311052ffff2c8ef0aadfce5f2ec3c297d.jpg,Inglés,No recomendada para menores de 12 años,Jueves 5 Marzo 2026,"Joaquin Phoenix,  Amy Adams,  Rooney Mara,  Scarlett Johansson,  Olivia Wilde,  Chris Pratt,  Sam Jaeger,  Portia Doubleday,  Katherine Boecher,  Alia Janine,  Matt Letscher","Delicada y melancólica reflexión sobre el amor, la soledad y la tecnología, Her imagina un futuro cercano tan íntimo como reconocible. Spike Jonze construye una historia profundamente emocional apoyada en la interpretación de Joaquin Phoenix y una puesta en escena cálida y minimalista. Sensible, elegante y sorprendentemente visionaria, es una de las películas más influyentes del cine reciente sobre nuestras relaciones en la era digital.Oscar al Mejor Guion Original“Una película hermosa y profundamente emotiva.” — El País“Romántica, inteligente y conmovedora.” — Fotogramas“Cine de ciencia ficción emocional.” — Cinemanía“Una obra maestra contemporánea.” — The Guardian“Extraordinariamente humana.” — The New York Times"
LITTLE AMELIE,"Mailys Vallade, Liane-Cho Han Jin Kuang",77,05,16:00,2026-03-05,Renoir Princesa,https://www.pillalas.com/pase/1056968/,https://www.cinesrenoir.com/pelicula/little-amelie/,https://media.pillalas.com/imagenes/726afb526abffa830cf602187f6a0774a2be2cd024be305aa13f298deb2bd3128a88c8e7.jpg,Francés,Apta para todos los públicos y distintivo especialmente recomendada para la infancia,Viernes 20 Febrero 2026,Animación,"Amélie es una niña belga nacida en Japón. Gracias a su amiga y niñera Nishio-san, su vida es una sucesión de aventuras y descubrimientos. Pero el día de su tercer cumpleaños, todo cambia."
LOS DOMINGOS,Alauda Ruiz De Azúa,115,11,16:00,2026-03-05,Renoir Princesa,https://www.pillalas.com/pase/1057015/,https://www.cinesrenoir.com/pelicula/los-domingos/,https://media.pillalas.com/imagenes/726afb526abffa83eb13c84b6e843cdf406388aa12cc57b934b6e5ab1c8e2d84ce9ad1f4.jpg,Castellano,No recomendada para menores de 12 años,Viernes 24 Octubre 2025,"Patricia López Arnaiz, Blanca Soroa, Miguel Garcés, Juan Minujín, Mabel Rivera, Nagore Aramburu","'Los domingos' cuenta la historia de Ainara (Soroa), una joven idealista y brillante de 17 años que ha de decidir qué carrera universitaria estudiará. O, al menos, eso espera su familia que haga. Sin embargo, la joven manifiesta que se siente cada vez más cerca de Dios y que se plantea abrazar la vida de monja de clausura. La noticia pilla por sorpresa a toda la familia provocando un abismo y una prueba de fuego para todos."
LOS DOMINGOS,Alauda Ruiz De Azúa,115,06,18:05,2026-03-05,Renoir Princesa,https://www.pillalas.com/pase/1056973/,https://www.cinesrenoir.com/pelicula/los-domingos/,https://media.pillalas.com/imagenes/726afb526abffa83eb13c84b6e843cdf406388aa12cc57b934b6e5ab1c8e2d84ce9ad1f4.jpg,Castellano,No recomendada para menores de 12 años,Viernes 24 Octubre 2025,"Patricia López Arnaiz, Blanca Soroa, Miguel Garcés, Juan Minujín, Mabel Rivera, Nagore Aramburu","'Los domingos' cuenta la historia de Ainara (Soroa), una joven idealista y brillante de 17 años que ha de decidir qué carrera universitaria estudiará. O, al menos, eso espera su familia que haga. Sin embargo, la joven manifiesta que se siente cada vez más cerca de Dios y que se plantea abrazar la vida de monja de clausura. La noticia pilla por sorpresa a toda la familia provocando un abismo y una prueba de fuego para todos."
LOS DOMINGOS,Alauda Ruiz De Azúa,115,06,20:15,2026-03-05,Renoir Princesa,https://www.pillalas.com/pase/1056977/,https://www.cinesrenoir.com/pelicula/los-domingos/,https://media.pillalas.com/imagenes/726afb526abffa83eb13c84b6e843cdf406388aa12cc57b934b6e5ab1c8e2d84ce9ad1f4.jpg,Castellano,No recomendada para menores de 12 años,Viernes 24 Octubre 2025,"Patricia López Arnaiz, Blanca Soroa, Miguel Garcés, Juan Minujín, Mabel Rivera, Nagore Aramburu","'Los domingos' cuenta la historia de Ainara (Soroa), una joven idealista y brillante de 17 años que ha de decidir qué carrera universitaria estudiará. O, al menos, eso espera su familia que haga. Sin embargo, la joven manifiesta que se siente cada vez más cerca de Dios y que se plantea abrazar la vida de monja de clausura. La noticia pilla por sorpresa a toda la familia provocando un abismo y una prueba de fuego para todos."
LOS DOMINGOS,Alauda Ruiz De Azúa,115,06,22:30,2026-03-05,Renoir Princesa,https://www.pillalas.com/pase/1056981/,https://www.cinesrenoir.com/pelicula/los-domingos/,https://media.pillalas.com/imagenes/726afb526abffa83eb13c84b6e843cdf406388aa12cc57b934b6e5ab1c8e2d84ce9ad1f4.jpg,Castellano,No recomendada para menores de 12 años,Viernes 24 Octubre 2025,"Patricia López Arnaiz, Blanca Soroa, Miguel Garcés, Juan Minujín, Mabel Rivera, Nagore Aramburu","'Los domingos' cuenta la historia de Ainara (Soroa), una joven idealista y brillante de 17 años que ha de decidir qué carrera universitaria estudiará. O, al menos, eso espera su familia que haga. Sin embargo, la joven manifiesta que se siente cada vez más cerca de Dios y que se plantea abrazar la vida de monja de clausura. La noticia pilla por sorpresa a toda la familia provocando un abismo y una prueba de fuego para todos."
MARTY SUPREME,Josh Safdie,149,10,16:00,2026-03-05,Renoir Princesa,https://www.pillalas.com/pase/1057066/,https://www.cinesrenoir.com/pelicula/marty-supreme/,https://media.pillalas.com/imagenes/726afb526abffa83215ea8a89c8894fb1ac44e6c3b86faba19f84e195b42d541304dcb79.jpg,Inglés,No recomendada para menores de 16 años,Viernes 30 Enero 2026,"Timothee Chalamet, Gwyneth Paltrow, Odessa A Zion, Sandra Bernhard, Fran Drescher, Abel Ferrara, Spenser Granese, Tyler The Creator, Penn Jillette, Kevin O Leary","Marty Mauser (Timothée Chalamet), un joven con una ambición desmesurada, está dispuesto a todo para cumplir su sueño. Con ayuda, entre otros, de la estrella de cine Carol Dunne (Gwyneth Paltrow) demostrará al mundo entero su grandeza."
MARTY SUPREME,Josh Safdie,149,10,18:50,2026-03-05,Renoir Princesa,https://www.pillalas.com/pase/1057068/,https://www.cinesrenoir.com/pelicula/marty-supreme/,https://media.pillalas.com/imagenes/726afb526abffa83215ea8a89c8894fb1ac44e6c3b86faba19f84e195b42d541304dcb79.jpg,Inglés,No recomendada para menores de 16 años,Viernes 30 Enero 2026,"Timothee Chalamet, Gwyneth Paltrow, Odessa A Zion, Sandra Bernhard, Fran Drescher, Abel Ferrara, Spenser Granese, Tyler The Creator, Penn Jillette, Kevin O Leary","Marty Mauser (Timothée Chalamet), un joven con una ambición desmesurada, está dispuesto a todo para cumplir su sueño. Con ayuda, entre otros, de la estrella de cine Carol Dunne (Gwyneth Paltrow) demostrará al mundo entero su grandeza."
MARTY SUPREME,Josh Safdie,149,10,21:35,2026-03-05,Renoir Princesa,https://www.pillalas.com/pase/1057070/,https://www.cinesrenoir.com/pelicula/marty-supreme/,https://media.pillalas.com/imagenes/726afb526abffa83215ea8a89c8894fb1ac44e6c3b86faba19f84e195b42d541304dcb79.jpg,Inglés,No recomendada para menores de 16 años,Viernes 30 Enero 2026,"Timothee Chalamet, Gwyneth Paltrow, Odessa A Zion, Sandra Bernhard, Fran Drescher, Abel Ferrara, Spenser Granese, Tyler The Creator, Penn Jillette, Kevin O Leary","Marty Mauser (Timothée Chalamet), un joven con una ambición desmesurada, está dispuesto a todo para cumplir su sueño. Con ayuda, entre otros, de la estrella de cine Carol Dunne (Gwyneth Paltrow) demostrará al mundo entero su grandeza."
NUEVOS HORIZONTES [DOCS DEL MES],Sara Khaki Y Mohammadreza Eyni,95,08,20:30,2026-03-05,Renoir Princesa,https://www.pillalas.com/pase/1056433/,https://www.cinesrenoir.com/pelicula/nuevos-horizontes-docs-del-mes/,https://media.pillalas.com/imagenes/726afb526abffa8311d685c9c52ef8a0b0b2d7ae4ce4fbc7b4abca4dae78cc9b5dcb0760.jpg,Persa Y Azerbaiyano,No recomendada para menores de 7 años,Jueves 5 Marzo 2026,Documental,"Cuando se convierte en la primera concejala electa de su pueblo natal en Irán, Sara Shahverdi se propone romper tradiciones patriarcales muy arraigadas. Empodera a las adolescentes, les enseña a ir en moto y pretende acabar con los matrimonios infantiles. Cuando surgen acusaciones que cuestionan sus intenciones, su identidad se verá perturbada."
RENTAL FAMILY (FAMILIA DE ALQUILER),Mitsuyo Miyazaki,109,06,16:00,2026-03-05,Renoir Princesa,https://www.pillalas.com/pase/1056970/,https://www.cinesrenoir.com/pelicula/rental-family-familia-de-alquiler/,https://media.pillalas.com/imagenes/726afb526abffa8354fd8d551fddc8b6f2c37df750c002f9f65d59d1707b603c58f3211d.jpg,Inglés Y Japonés,No recomendada para menores de 12 años,Viernes 9 Enero 2026,"Brendan Fraser, Mari Yamamoto, Takehiro Hira, Akira Emoto, Shannon Gorman","Comedia dramática sobre un actor estadounidense (Brendan Fraser) que lucha por encontrar un propósito en la vida en el Tokio actual. Hasta que consigue un trabajo inusual, trabajar para una agencia japonesa de ""familias de alquiler"", interpretando papeles de suplente para desconocidos."
RENTAL FAMILY (FAMILIA DE ALQUILER),Mitsuyo Miyazaki,109,03,18:20,2026-03-05,Renoir Princesa,https://www.pillalas.com/pase/1056842/,https://www.cinesrenoir.com/pelicula/rental-family-familia-de-alquiler/,https://media.pillalas.com/imagenes/726afb526abffa8354fd8d551fddc8b6f2c37df750c002f9f65d59d1707b603c58f3211d.jpg,Inglés Y Japonés,No recomendada para menores de 12 años,Viernes 9 Enero 2026,"Brendan Fraser, Mari Yamamoto, Takehiro Hira, Akira Emoto, Shannon Gorman","Comedia dramática sobre un actor estadounidense (Brendan Fraser) que lucha por encontrar un propósito en la vida en el Tokio actual. Hasta que consigue un trabajo inusual, trabajar para una agencia japonesa de ""familias de alquiler"", interpretando papeles de suplente para desconocidos."
SCARLET,Mamoru Hosoda Mamoru Hosoda,111,08,18:20,2026-03-05,Renoir Princesa,https://www.pillalas.com/pase/1057016/,https://www.cinesrenoir.com/pelicula/scarlet/,https://media.pillalas.com/imagenes/726afb526abffa83d4a122cc6de08c8b36937e6d027dcb3465ceb9e1d14ec4e71675cf39.jpg,Japonés,No recomendada para menores de 12 años,Viernes 27 Febrero 2026,Animación,"Una princesa medieval experta en el manejo de la espada se embarca en una peligrosa misión para vengar la muerte de su padre. Tras fracasar en su misión y encontrarse gravemente herida en un «Otromundo», conoce a un joven idealista de nuestro presente que no solo la ayuda a curarse, sino que le muestra la posibilidad de un futuro libre de amargura y rabia. Cuando se enfrenta de nuevo al asesino de su padre, Scarlet se enfrenta a su batalla más difícil: ¿podrá romper el ciclo del odio y encontrar un sentido a la vida más allá de la venganza?"
SCARLET,Mamoru Hosoda Mamoru Hosoda,111,08,22:25,2026-03-05,Renoir Princesa,https://www.pillalas.com/pase/1057017/,https://www.cinesrenoir.com/pelicula/scarlet/,https://media.pillalas.com/imagenes/726afb526abffa83d4a122cc6de08c8b36937e6d027dcb3465ceb9e1d14ec4e71675cf39.jpg,Japonés,No recomendada para menores de 12 años,Viernes 27 Febrero 2026,Animación,"Una princesa medieval experta en el manejo de la espada se embarca en una peligrosa misión para vengar la muerte de su padre. Tras fracasar en su misión y encontrarse gravemente herida en un «Otromundo», conoce a un joven idealista de nuestro presente que no solo la ayuda a curarse, sino que le muestra la posibilidad de un futuro libre de amargura y rabia. Cuando se enfrenta de nuevo al asesino de su padre, Scarlet se enfrenta a su batalla más difícil: ¿podrá romper el ciclo del odio y encontrar un sentido a la vida más allá de la venganza?"
SIN CONEXIÓN,Bradley Cooper Cooper,120,08,16:00,2026-03-05,Renoir Princesa,https://www.pillalas.com/pase/1056967/,https://www.cinesrenoir.com/pelicula/sin-conexion/,https://media.pillalas.com/imagenes/726afb526abffa832172609433a0fdb98ea954f3904a127b5015f2f2335b6b1b2f7219c3.jpg,Inglés,No recomendada para menores de 12 años,Viernes 20 Febrero 2026,"Will Arnett, Laura Dern, Andra Day, Bradley Cooper, Amy Sedaris, Sean Hayes, Christine Ebersole, Ciarán Hinds, Scott Icenogle","Mientras su matrimonio se desmorona silenciosamente, Alex (Will Arnett) se enfrenta a la mediana edad y a un divorcio inminente, buscando un nuevo propósito en el mundo de la comedia neoyorquina, mientras que Tess (Laura Dern) se enfrenta a los sacrificios que ha hecho por su familia, lo que les obliga a lidiar con la crianza compartida, la identidad y si el amor puede adoptar una nueva forma."
SIN CONEXIÓN,Bradley Cooper Cooper,120,01,22:00,2026-03-05,Renoir Princesa,https://www.pillalas.com/pase/1056845/,https://www.cinesrenoir.com/pelicula/sin-conexion/,https://media.pillalas.com/imagenes/726afb526abffa832172609433a0fdb98ea954f3904a127b5015f2f2335b6b1b2f7219c3.jpg,Inglés,No recomendada para menores de 12 años,Viernes 20 Febrero 2026,"Will Arnett, Laura Dern, Andra Day, Bradley Cooper, Amy Sedaris, Sean Hayes, Christine Ebersole, Ciarán Hinds, Scott Icenogle","Mientras su matrimonio se desmorona silenciosamente, Alex (Will Arnett) se enfrenta a la mediana edad y a un divorcio inminente, buscando un nuevo propósito en el mundo de la comedia neoyorquina, mientras que Tess (Laura Dern) se enfrenta a los sacrificios que ha hecho por su familia, lo que les obliga a lidiar con la crianza compartida, la identidad y si el amor puede adoptar una nueva forma."
SIRAT,Óliver Laxe,120,03,20:25,2026-03-05,Renoir Princesa,https://www.pillalas.com/pase/1056978/,https://www.cinesrenoir.com/pelicula/sirat/,https://www.cinesrenoir.com/media/Peliculas/Cartel/SIRAT_ONLINE_GOYAOSCARS.jpg,Castellano Y Otros,No recomendada para menores de 16 años,Viernes 6 Junio 2025,"Sergi López, Bruno Núñez, Stefania Gadda, Joshua Liam Herderson, Tonin Javier, Jade Ouki, Richard Bellamyun","Un hombre (López) y su hijo (Nuñez) llegan a una rave perdida en medio de las áridas y fantasmagóricas montañas del sur de Marruecos. Buscan allí a Mar, su hija y hermana, desaparecida hace meses en una de estas fiestas sin amanecer. Reparten una y otra vez su foto rodeados de música electrónica y de un tipo de libertad que desconocen. Empujados por el destino, y con la esperanza de encontrar ahí a Mar, deciden seguir a un grupo de raveros hacia la última fiesta que se celebrará en el desierto."
SIRAT,Óliver Laxe,120,03,22:35,2026-03-05,Renoir Princesa,https://www.pillalas.com/pase/1056982/,https://www.cinesrenoir.com/pelicula/sirat/,https://www.cinesrenoir.com/media/Peliculas/Cartel/SIRAT_ONLINE_GOYAOSCARS.jpg,Castellano Y Otros,No recomendada para menores de 16 años,Viernes 6 Junio 2025,"Sergi López, Bruno Núñez, Stefania Gadda, Joshua Liam Herderson, Tonin Javier, Jade Ouki, Richard Bellamyun","Un hombre (López) y su hijo (Nuñez) llegan a una rave perdida en medio de las áridas y fantasmagóricas montañas del sur de Marruecos. Buscan allí a Mar, su hija y hermana, desaparecida hace meses en una de estas fiestas sin amanecer. Reparten una y otra vez su foto rodeados de música electrónica y de un tipo de libertad que desconocen. Empujados por el destino, y con la esperanza de encontrar ahí a Mar, deciden seguir a un grupo de raveros hacia la última fiesta que se celebrará en el desierto."
"SORRY, BABY",Eva Victor,102,01,16:00,2026-03-05,Renoir Princesa,https://www.pillalas.com/pase/1056839/,https://www.cinesrenoir.com/pelicula/sorry-baby/,https://media.pillalas.com/imagenes/726afb526abffa837c59681f561d4afba82a26ef8235abdaa380a4c9cf2bacb70dacac1c.jpg,Inglés,No recomendada para menores de 16 años y distintivo especialmente recomendada para el fomento de la igualdad de género,Viernes 27 Febrero 2026,"Eva Victor, Naomi Ackie, Lucas Hedges, John Carroll Lynch, Louis Cancelmi","A Agnes le pasó algo malo. Pero la vida sigue, al menos para todos los que la rodean."
"SORRY, BABY",Eva Victor,102,01,18:00,2026-03-05,Renoir Princesa,https://www.pillalas.com/pase/1056840/,https://www.cinesrenoir.com/pelicula/sorry-baby/,https://media.pillalas.com/imagenes/726afb526abffa837c59681f561d4afba82a26ef8235abdaa380a4c9cf2bacb70dacac1c.jpg,Inglés,No recomendada para menores de 16 años y distintivo especialmente recomendada para el fomento de la igualdad de género,Viernes 27 Febrero 2026,"Eva Victor, Naomi Ackie, Lucas Hedges, John Carroll Lynch, Louis Cancelmi","A Agnes le pasó algo malo. Pero la vida sigue, al menos para todos los que la rodean."
"SORRY, BABY",Eva Victor,102,01,20:00,2026-03-05,Renoir Princesa,https://www.pillalas.com/pase/1056843/,https://www.cinesrenoir.com/pelicula/sorry-baby/,https://media.pillalas.com/imagenes/726afb526abffa837c59681f561d4afba82a26ef8235abdaa380a4c9cf2bacb70dacac1c.jpg,Inglés,No recomendada para menores de 16 años y distintivo especialmente recomendada para el fomento de la igualdad de género,Viernes 27 Febrero 2026,"Eva Victor, Naomi Ackie, Lucas Hedges, John Carroll Lynch, Louis Cancelmi","A Agnes le pasó algo malo. Pero la vida sigue, al menos para todos los que la rodean."
"SORRY, BABY",Eva Victor,102,02,22:45,2026-03-05,Renoir Princesa,https://www.pillalas.com/pase/1056846/,https://www.cinesrenoir.com/pelicula/sorry-baby/,https://media.pillalas.com/imagenes/726afb526abffa837c59681f561d4afba82a26ef8235abdaa380a4c9cf2bacb70dacac1c.jpg,Inglés,No recomendada para menores de 16 años y distintivo especialmente recomendada para el fomento de la igualdad de género,Viernes 27 Febrero 2026,"Eva Victor, Naomi Ackie, Lucas Hedges, John Carroll Lynch, Louis Cancelmi","A Agnes le pasó algo malo. Pero la vida sigue, al menos para todos los que la rodean."
TRES ADIOSES,Isabel Coixet,122,02,16:00,2026-03-05,Renoir Princesa,https://www.pillalas.com/pase/1056838/,https://www.cinesrenoir.com/pelicula/tres-adioses/,https://media.pillalas.com/imagenes/726afb526abffa832ea2a44a189894de905fc7e94534a8bf4ef6bf13e5ccdfe90922c22e.jpg,Italiano,No recomendada para menores de 12 años,Viernes 6 Febrero 2026,"Alba Rohrwacher, Elio Germano, Francesco Carril, Silvia D Amico, Galatea Bellugi, Sarita Choudhury","Tras lo que parecía una discusión sin importancia, Marta (Alba Rohrwacher) y Antonio (Elio Germano) se separan. Él, un chef prometedor, se refugia en sus fogones; ella, en su silencio, empieza a notar algo más que tristeza: ha perdido el apetito… y no solo por desamor. Cuando descubre que detrás hay un problema de salud, todo da un giro inesperado: la comida sabe mejor, la música le llega como nunca y el deseo despierta sus ganas de vivir sin miedo.
Una historia sobre el amor, la vida y esos momentos que lo cambian todo para siempre."
TRES ADIOSES,Isabel Coixet,122,02,18:15,2026-03-05,Renoir Princesa,https://www.pillalas.com/pase/1056841/,https://www.cinesrenoir.com/pelicula/tres-adioses/,https://media.pillalas.com/imagenes/726afb526abffa832ea2a44a189894de905fc7e94534a8bf4ef6bf13e5ccdfe90922c22e.jpg,Italiano,No recomendada para menores de 12 años,Viernes 6 Febrero 2026,"Alba Rohrwacher, Elio Germano, Francesco Carril, Silvia D Amico, Galatea Bellugi, Sarita Choudhury","Tras lo que parecía una discusión sin importancia, Marta (Alba Rohrwacher) y Antonio (Elio Germano) se separan. Él, un chef prometedor, se refugia en sus fogones; ella, en su silencio, empieza a notar algo más que tristeza: ha perdido el apetito… y no solo por desamor. Cuando descubre que detrás hay un problema de salud, todo da un giro inesperado: la comida sabe mejor, la música le llega como nunca y el deseo despierta sus ganas de vivir sin miedo.
Una historia sobre el amor, la vida y esos momentos que lo cambian todo para siempre."
TRES ADIOSES,Isabel Coixet,122,02,20:30,2026-03-05,Renoir Princesa,https://www.pillalas.com/pase/1056844/,https://www.cinesrenoir.com/pelicula/tres-adioses/,https://media.pillalas.com/imagenes/726afb526abffa832ea2a44a189894de905fc7e94534a8bf4ef6bf13e5ccdfe90922c22e.jpg,Italiano,No recomendada para menores de 12 años,Viernes 6 Febrero 2026,"Alba Rohrwacher, Elio Germano, Francesco Carril, Silvia D Amico, Galatea Bellugi, Sarita Choudhury","Tras lo que parecía una discusión sin importancia, Marta (Alba Rohrwacher) y Antonio (Elio Germano) se separan. Él, un chef prometedor, se refugia en sus fogones; ella, en su silencio, empieza a notar algo más que tristeza: ha perdido el apetito… y no solo por desamor. Cuando descubre que detrás hay un problema de salud, todo da un giro inesperado: la comida sabe mejor, la música le llega como nunca y el deseo despierta sus ganas de vivir sin miedo.
Una historia sobre el amor, la vida y esos momentos que lo cambian todo para siempre."
UN POETA,Simon Mesa Soto,123,09,19:00,2026-03-05,Renoir Princesa,https://www.pillalas.com/pase/1056666/,https://www.cinesrenoir.com/pelicula/un-poeta/,https://media.pillalas.com/imagenes/726afb526abffa833fe40dc532766d4edd5f8bd99d62c174bf9a25ca7373e14deb0efcab.jpg,Castellano,No recomendada para menores de 16 años,Viernes 17 Abril 2026,Ubeimar Ríos,"La obsesión de Óscar Restrepo por la poesía no le ha reportado ninguna gloria. Envejecido y errático, ha sucumbido al tópico del poeta en la sombra. Conocer a Yurlady, una adolescente de origen humilde, y ayudarla a cultivar su talento trae algo de luz a sus días, pero arrastrarla al mundo de la poesía quizá no sea el camino."
CAMINANDO CON EL DIABLO,Rubén Pérez-Barrena,83,09,18:20,2026-03-06,Renoir Princesa,https://www.pillalas.com/pase/1058042/,https://www.cinesrenoir.com/pelicula/caminando-con-el-diablo/,https://media.pillalas.com/imagenes/726afb526abffa83961675500a58cf0d4c3949b70c666a7228045fb9d4e5bc88aba5c294.jpg,Castellano,No recomendada para menores de 16 años,Viernes 6 Marzo 2026,"Tamar Novas, Marina Salas, Iván Marcos, Annick Weerts, Alban Petit","España, años ochenta. Miguel y Alicia arrastran la desaparición de su hijo Gabriel. Miguel se consume por la culpa de aquella noche de alcohol en la que lo perdió. Para Alicia, en cambio, quien murió ese día no fue su hijo, sino su marido. Lejos de ese infierno, Philippe, un niño francés de diez años, viaja en caravana junto a sus padres. Sus caminos se cruzan con los de Miguel y Alicia. Ese encuentro desencadena un viaje sin retorno al lado más oscuro del ser humano."
CUMBRES BORRASCOSAS,Emerald Fennell,135,09,15:50,2026-03-06,Renoir Princesa,https://www.pillalas.com/pase/1058039/,https://www.cinesrenoir.com/pelicula/cumbres-borrascosas/,https://media.pillalas.com/imagenes/726afb526abffa83abe8577deb3c0674bd352fd2b0500497b1d5570f2dd570487210fc4e.jpg,Inglés,No recomendada para menores de 16 años,Viernes 13 Febrero 2026,"Margot Robbie, Jacob Elordi, Hong Chau, Alison Oliver, Owen Cooper, Shazad Latif, Martin Clunes, Ewan Mitchell, Amy Morgan, Jessica Knappett, Charlotte Mellington, Vy Nguyen","Adaptada a todo tipo de formatos en multitud de ocasiones, se trata de una trágica historia de pasiones encontradas en la Inglaterra rural más conservadora. Una historia de venganza y odio, de pasiones desatadas y amores desesperados que van más allá de la muerte ambientada en los brumosos y sombríos páramos de Yorkshire, al norte de Inglaterra."
CUMBRES BORRASCOSAS,Emerald Fennell,135,07,17:40,2026-03-06,Renoir Princesa,https://www.pillalas.com/pase/1057944/,https://www.cinesrenoir.com/pelicula/cumbres-borrascosas/,https://media.pillalas.com/imagenes/726afb526abffa83abe8577deb3c0674bd352fd2b0500497b1d5570f2dd570487210fc4e.jpg,Inglés,No recomendada para menores de 16 años,Viernes 13 Febrero 2026,"Margot Robbie, Jacob Elordi, Hong Chau, Alison Oliver, Owen Cooper, Shazad Latif, Martin Clunes, Ewan Mitchell, Amy Morgan, Jessica Knappett, Charlotte Mellington, Vy Nguyen","Adaptada a todo tipo de formatos en multitud de ocasiones, se trata de una trágica historia de pasiones encontradas en la Inglaterra rural más conservadora. Una historia de venganza y odio, de pasiones desatadas y amores desesperados que van más allá de la muerte ambientada en los brumosos y sombríos páramos de Yorkshire, al norte de Inglaterra."
CUMBRES BORRASCOSAS,Emerald Fennell,135,09,20:00,2026-03-06,Renoir Princesa,https://www.pillalas.com/pase/1058044/,https://www.cinesrenoir.com/pelicula/cumbres-borrascosas/,https://media.pillalas.com/imagenes/726afb526abffa83abe8577deb3c0674bd352fd2b0500497b1d5570f2dd570487210fc4e.jpg,Inglés,No recomendada para menores de 16 años,Viernes 13 Febrero 2026,"Margot Robbie, Jacob Elordi, Hong Chau, Alison Oliver, Owen Cooper, Shazad Latif, Martin Clunes, Ewan Mitchell, Amy Morgan, Jessica Knappett, Charlotte Mellington, Vy Nguyen","Adaptada a todo tipo de formatos en multitud de ocasiones, se trata de una trágica historia de pasiones encontradas en la Inglaterra rural más conservadora. Una historia de venganza y odio, de pasiones desatadas y amores desesperados que van más allá de la muerte ambientada en los brumosos y sombríos páramos de Yorkshire, al norte de Inglaterra."
CUMBRES BORRASCOSAS,Emerald Fennell,135,09,22:30,2026-03-06,Renoir Princesa,https://www.pillalas.com/pase/1058049/,https://www.cinesrenoir.com/pelicula/cumbres-borrascosas/,https://media.pillalas.com/imagenes/726afb526abffa83abe8577deb3c0674bd352fd2b0500497b1d5570f2dd570487210fc4e.jpg,Inglés,No recomendada para menores de 16 años,Viernes 13 Febrero 2026,"Margot Robbie, Jacob Elordi, Hong Chau, Alison Oliver, Owen Cooper, Shazad Latif, Martin Clunes, Ewan Mitchell, Amy Morgan, Jessica Knappett, Charlotte Mellington, Vy Nguyen","Adaptada a todo tipo de formatos en multitud de ocasiones, se trata de una trágica historia de pasiones encontradas en la Inglaterra rural más conservadora. Una historia de venganza y odio, de pasiones desatadas y amores desesperados que van más allá de la muerte ambientada en los brumosos y sombríos páramos de Yorkshire, al norte de Inglaterra."
EL AGENTE SECRETO,Kleber Mendonça Filho,160,04,16:00,2026-03-06,Renoir Princesa,https://www.pillalas.com/pase/1057943/,https://www.cinesrenoir.com/pelicula/el-agente-secreto/,https://media.pillalas.com/imagenes/726afb526abffa83bdba0b90e98cf11293bcd8b9c8be1af817aa6c045cd8f479730f7511.jpg,Portugués,No recomendada para menores de 16 años,Viernes 20 Febrero 2026,"Wagner Moura, Gabriel Leone, Udo Kier, Maria Fernanda Cândido","1977. En un Brasil atormentado por la dictadura militar, Marcelo, un cuarentón que huye de un pasado turbulento, llega a la ciudad de Recife, donde espera construir una nueva vida y reencontrarse con su hijo. Todo se complica cuando descubre que las fuerzas gubernamentales le persiguen y las amenazas de muerte se ciernen sobre su cabeza."
EL AGENTE SECRETO,Kleber Mendonça Filho,160,04,18:55,2026-03-06,Renoir Princesa,https://www.pillalas.com/pase/1057947/,https://www.cinesrenoir.com/pelicula/el-agente-secreto/,https://media.pillalas.com/imagenes/726afb526abffa83bdba0b90e98cf11293bcd8b9c8be1af817aa6c045cd8f479730f7511.jpg,Portugués,No recomendada para menores de 16 años,Viernes 20 Febrero 2026,"Wagner Moura, Gabriel Leone, Udo Kier, Maria Fernanda Cândido","1977. En un Brasil atormentado por la dictadura militar, Marcelo, un cuarentón que huye de un pasado turbulento, llega a la ciudad de Recife, donde espera construir una nueva vida y reencontrarse con su hijo. Todo se complica cuando descubre que las fuerzas gubernamentales le persiguen y las amenazas de muerte se ciernen sobre su cabeza."
EL AGENTE SECRETO,Kleber Mendonça Filho,160,07,20:15,2026-03-06,Renoir Princesa,https://www.pillalas.com/pase/1058045/,https://www.cinesrenoir.com/pelicula/el-agente-secreto/,https://media.pillalas.com/imagenes/726afb526abffa83bdba0b90e98cf11293bcd8b9c8be1af817aa6c045cd8f479730f7511.jpg,Portugués,No recomendada para menores de 16 años,Viernes 20 Febrero 2026,"Wagner Moura, Gabriel Leone, Udo Kier, Maria Fernanda Cândido","1977. En un Brasil atormentado por la dictadura militar, Marcelo, un cuarentón que huye de un pasado turbulento, llega a la ciudad de Recife, donde espera construir una nueva vida y reencontrarse con su hijo. Todo se complica cuando descubre que las fuerzas gubernamentales le persiguen y las amenazas de muerte se ciernen sobre su cabeza."
EL AGENTE SECRETO,Kleber Mendonça Filho,160,04,21:50,2026-03-06,Renoir Princesa,https://www.pillalas.com/pase/1057952/,https://www.cinesrenoir.com/pelicula/el-agente-secreto/,https://media.pillalas.com/imagenes/726afb526abffa83bdba0b90e98cf11293bcd8b9c8be1af817aa6c045cd8f479730f7511.jpg,Portugués,No recomendada para menores de 16 años,Viernes 20 Febrero 2026,"Wagner Moura, Gabriel Leone, Udo Kier, Maria Fernanda Cândido","1977. En un Brasil atormentado por la dictadura militar, Marcelo, un cuarentón que huye de un pasado turbulento, llega a la ciudad de Recife, donde espera construir una nueva vida y reencontrarse con su hijo. Todo se complica cuando descubre que las fuerzas gubernamentales le persiguen y las amenazas de muerte se ciernen sobre su cabeza."
EL MAGO DEL KREMLIN,Olivier Assayas,145,03,16:10,2026-03-06,Renoir Princesa,https://www.pillalas.com/pase/1057893/,https://www.cinesrenoir.com/pelicula/el-mago-del-kremlin/,https://media.pillalas.com/imagenes/726afb526abffa833889e44ac42f5cc54d6019702d8546ebf4550316f78770131f777f2b.jpg,Inglés,No recomendada para menores de 12 años,Viernes 6 Marzo 2026,"Paul Dano, Alicia Vikander, Jude Law, Tom Sturridge, Jeffrey Wright, Will Keen","En medio del caos postsoviético de los años 90, el joven Vadim Baranov (Paul Dano) empieza a labrarse un camino como artista y productor de televisión. Su elocuencia y conexión con las altas esferas le llevan a convertirse, de la noche a la mañana, en el asesor de un agente del KGB con un brillante porvenir: Vladimir Putin (Jude Law). Desde las entrañas del poder, ambos darán forma a la nueva Rusia, difuminando, mediante manipulación, los límites entre la verdad y la mentira."
EL MAGO DEL KREMLIN,Olivier Assayas,145,01,17:40,2026-03-06,Renoir Princesa,https://www.pillalas.com/pase/1057894/,https://www.cinesrenoir.com/pelicula/el-mago-del-kremlin/,https://media.pillalas.com/imagenes/726afb526abffa833889e44ac42f5cc54d6019702d8546ebf4550316f78770131f777f2b.jpg,Inglés,No recomendada para menores de 12 años,Viernes 6 Marzo 2026,"Paul Dano, Alicia Vikander, Jude Law, Tom Sturridge, Jeffrey Wright, Will Keen","En medio del caos postsoviético de los años 90, el joven Vadim Baranov (Paul Dano) empieza a labrarse un camino como artista y productor de televisión. Su elocuencia y conexión con las altas esferas le llevan a convertirse, de la noche a la mañana, en el asesor de un agente del KGB con un brillante porvenir: Vladimir Putin (Jude Law). Desde las entrañas del poder, ambos darán forma a la nueva Rusia, difuminando, mediante manipulación, los límites entre la verdad y la mentira."
EL MAGO DEL KREMLIN,Olivier Assayas,145,01,22:10,2026-03-06,Renoir Princesa,https://www.pillalas.com/pase/1057897/,https://www.cinesrenoir.com/pelicula/el-mago-del-kremlin/,https://media.pillalas.com/imagenes/726afb526abffa833889e44ac42f5cc54d6019702d8546ebf4550316f78770131f777f2b.jpg,Inglés,No recomendada para menores de 12 años,Viernes 6 Marzo 2026,"Paul Dano, Alicia Vikander, Jude Law, Tom Sturridge, Jeffrey Wright, Will Keen","En medio del caos postsoviético de los años 90, el joven Vadim Baranov (Paul Dano) empieza a labrarse un camino como artista y productor de televisión. Su elocuencia y conexión con las altas esferas le llevan a convertirse, de la noche a la mañana, en el asesor de un agente del KGB con un brillante porvenir: Vladimir Putin (Jude Law). Desde las entrañas del poder, ambos darán forma a la nueva Rusia, difuminando, mediante manipulación, los límites entre la verdad y la mentira."
HAMNET,Chloé Zhao,125,08,16:00,2026-03-06,Renoir Princesa,https://www.pillalas.com/pase/1058041/,https://www.cinesrenoir.com/pelicula/hamnet/,https://www.cinesrenoir.com/media/Peliculas/Cartel/HAMNET_Cartel_Digital_8Nominaciones_Oscar_YaEnCines_v2_2.jpg,Inglés,No recomendada para menores de 12 años,Viernes 23 Enero 2026,"Jessie Buckley, Paul Mescal, Joe Alwyn, Emily Watson","Año 1596, Stratford-upon-Avon, Inglaterra. La vida de Agnes transcurre plácidamente junto a su marido y sus tres hijos. Ella cultiva plantas medicinales mientras William trabaja en Londres. El destino, sin embargo, les reservará un duro golpe cuando su hijo Hamnet, de once años, muera repentinamente tras contraer la peste. A raíz de esta tragedia, su padre creará uno de los grandes personajes de la literatura universal, de nombre casi idéntico al de su hijo.


Pero esta película no habla de famosos sucesos sino de algo íntimo y olvidado: La vida de esta familia, y especialmente la de la mujer que la sostenía y que tuvo que cargar con una insoportable pérdida."
HAMNET,Chloé Zhao,125,05,17:55,2026-03-06,Renoir Princesa,https://www.pillalas.com/pase/1057945/,https://www.cinesrenoir.com/pelicula/hamnet/,https://www.cinesrenoir.com/media/Peliculas/Cartel/HAMNET_Cartel_Digital_8Nominaciones_Oscar_YaEnCines_v2_2.jpg,Inglés,No recomendada para menores de 12 años,Viernes 23 Enero 2026,"Jessie Buckley, Paul Mescal, Joe Alwyn, Emily Watson","Año 1596, Stratford-upon-Avon, Inglaterra. La vida de Agnes transcurre plácidamente junto a su marido y sus tres hijos. Ella cultiva plantas medicinales mientras William trabaja en Londres. El destino, sin embargo, les reservará un duro golpe cuando su hijo Hamnet, de once años, muera repentinamente tras contraer la peste. A raíz de esta tragedia, su padre creará uno de los grandes personajes de la literatura universal, de nombre casi idéntico al de su hijo.


Pero esta película no habla de famosos sucesos sino de algo íntimo y olvidado: La vida de esta familia, y especialmente la de la mujer que la sostenía y que tuvo que cargar con una insoportable pérdida."
HAMNET,Chloé Zhao,125,05,20:15,2026-03-06,Renoir Princesa,https://www.pillalas.com/pase/1057949/,https://www.cinesrenoir.com/pelicula/hamnet/,https://www.cinesrenoir.com/media/Peliculas/Cartel/HAMNET_Cartel_Digital_8Nominaciones_Oscar_YaEnCines_v2_2.jpg,Inglés,No recomendada para menores de 12 años,Viernes 23 Enero 2026,"Jessie Buckley, Paul Mescal, Joe Alwyn, Emily Watson","Año 1596, Stratford-upon-Avon, Inglaterra. La vida de Agnes transcurre plácidamente junto a su marido y sus tres hijos. Ella cultiva plantas medicinales mientras William trabaja en Londres. El destino, sin embargo, les reservará un duro golpe cuando su hijo Hamnet, de once años, muera repentinamente tras contraer la peste. A raíz de esta tragedia, su padre creará uno de los grandes personajes de la literatura universal, de nombre casi idéntico al de su hijo.


Pero esta película no habla de famosos sucesos sino de algo íntimo y olvidado: La vida de esta familia, y especialmente la de la mujer que la sostenía y que tuvo que cargar con una insoportable pérdida."
HAMNET,Chloé Zhao,125,05,22:35,2026-03-06,Renoir Princesa,https://www.pillalas.com/pase/1057953/,https://www.cinesrenoir.com/pelicula/hamnet/,https://www.cinesrenoir.com/media/Peliculas/Cartel/HAMNET_Cartel_Digital_8Nominaciones_Oscar_YaEnCines_v2_2.jpg,Inglés,No recomendada para menores de 12 años,Viernes 23 Enero 2026,"Jessie Buckley, Paul Mescal, Joe Alwyn, Emily Watson","Año 1596, Stratford-upon-Avon, Inglaterra. La vida de Agnes transcurre plácidamente junto a su marido y sus tres hijos. Ella cultiva plantas medicinales mientras William trabaja en Londres. El destino, sin embargo, les reservará un duro golpe cuando su hijo Hamnet, de once años, muera repentinamente tras contraer la peste. A raíz de esta tragedia, su padre creará uno de los grandes personajes de la literatura universal, de nombre casi idéntico al de su hijo.


Pero esta película no habla de famosos sucesos sino de algo íntimo y olvidado: La vida de esta familia, y especialmente la de la mujer que la sostenía y que tuvo que cargar con una insoportable pérdida."
LA SOMBRA DE MI PADRE,Akinola Davies,94,01,15:50,2026-03-06,Renoir Princesa,https://www.pillalas.com/pase/1058634/,https://www.cinesrenoir.com/pelicula/la-sombra-de-mi-padre/,https://media.pillalas.com/imagenes/726afb526abffa83b400e9327dc59948d5f51eecc0c622647e6461545b9a00169ae2e56b.jpg,Inglés,Pendiente de calificación,Viernes 6 Marzo 2026,"Sope Dirisu, Chibuike Marvellous Egbo, Godwin Egbo, Akerele David","Relato semiautobiográfico que transcurre en un solo día en Lagos, la capital de Nigeria, durante la crisis electoral de 1993."
LA SOMBRA DE MI PADRE,Akinola Davies,94,01,20:20,2026-03-06,Renoir Princesa,https://www.pillalas.com/pase/1058635/,https://www.cinesrenoir.com/pelicula/la-sombra-de-mi-padre/,https://media.pillalas.com/imagenes/726afb526abffa83b400e9327dc59948d5f51eecc0c622647e6461545b9a00169ae2e56b.jpg,Inglés,Pendiente de calificación,Viernes 6 Marzo 2026,"Sope Dirisu, Chibuike Marvellous Egbo, Godwin Egbo, Akerele David","Relato semiautobiográfico que transcurre en un solo día en Lagos, la capital de Nigeria, durante la crisis electoral de 1993."
LOS DOMINGOS,Alauda Ruiz De Azúa,115,06,16:00,2026-03-06,Renoir Princesa,https://www.pillalas.com/pase/1057942/,https://www.cinesrenoir.com/pelicula/los-domingos/,https://media.pillalas.com/imagenes/726afb526abffa83eb13c84b6e843cdf406388aa12cc57b934b6e5ab1c8e2d84ce9ad1f4.jpg,Castellano,No recomendada para menores de 12 años,Viernes 24 Octubre 2025,"Patricia López Arnaiz, Blanca Soroa, Miguel Garcés, Juan Minujín, Mabel Rivera, Nagore Aramburu","'Los domingos' cuenta la historia de Ainara (Soroa), una joven idealista y brillante de 17 años que ha de decidir qué carrera universitaria estudiará. O, al menos, eso espera su familia que haga. Sin embargo, la joven manifiesta que se siente cada vez más cerca de Dios y que se plantea abrazar la vida de monja de clausura. La noticia pilla por sorpresa a toda la familia provocando un abismo y una prueba de fuego para todos."
LOS DOMINGOS,Alauda Ruiz De Azúa,115,06,18:15,2026-03-06,Renoir Princesa,https://www.pillalas.com/pase/1057946/,https://www.cinesrenoir.com/pelicula/los-domingos/,https://media.pillalas.com/imagenes/726afb526abffa83eb13c84b6e843cdf406388aa12cc57b934b6e5ab1c8e2d84ce9ad1f4.jpg,Castellano,No recomendada para menores de 12 años,Viernes 24 Octubre 2025,"Patricia López Arnaiz, Blanca Soroa, Miguel Garcés, Juan Minujín, Mabel Rivera, Nagore Aramburu","'Los domingos' cuenta la historia de Ainara (Soroa), una joven idealista y brillante de 17 años que ha de decidir qué carrera universitaria estudiará. O, al menos, eso espera su familia que haga. Sin embargo, la joven manifiesta que se siente cada vez más cerca de Dios y que se plantea abrazar la vida de monja de clausura. La noticia pilla por sorpresa a toda la familia provocando un abismo y una prueba de fuego para todos."
LOS DOMINGOS,Alauda Ruiz De Azúa,115,06,20:30,2026-03-06,Renoir Princesa,https://www.pillalas.com/pase/1057950/,https://www.cinesrenoir.com/pelicula/los-domingos/,https://media.pillalas.com/imagenes/726afb526abffa83eb13c84b6e843cdf406388aa12cc57b934b6e5ab1c8e2d84ce9ad1f4.jpg,Castellano,No recomendada para menores de 12 años,Viernes 24 Octubre 2025,"Patricia López Arnaiz, Blanca Soroa, Miguel Garcés, Juan Minujín, Mabel Rivera, Nagore Aramburu","'Los domingos' cuenta la historia de Ainara (Soroa), una joven idealista y brillante de 17 años que ha de decidir qué carrera universitaria estudiará. O, al menos, eso espera su familia que haga. Sin embargo, la joven manifiesta que se siente cada vez más cerca de Dios y que se plantea abrazar la vida de monja de clausura. La noticia pilla por sorpresa a toda la familia provocando un abismo y una prueba de fuego para todos."
LOS DOMINGOS,Alauda Ruiz De Azúa,115,06,22:40,2026-03-06,Renoir Princesa,https://www.pillalas.com/pase/1057954/,https://www.cinesrenoir.com/pelicula/los-domingos/,https://media.pillalas.com/imagenes/726afb526abffa83eb13c84b6e843cdf406388aa12cc57b934b6e5ab1c8e2d84ce9ad1f4.jpg,Castellano,No recomendada para menores de 12 años,Viernes 24 Octubre 2025,"Patricia López Arnaiz, Blanca Soroa, Miguel Garcés, Juan Minujín, Mabel Rivera, Nagore Aramburu","'Los domingos' cuenta la historia de Ainara (Soroa), una joven idealista y brillante de 17 años que ha de decidir qué carrera universitaria estudiará. O, al menos, eso espera su familia que haga. Sin embargo, la joven manifiesta que se siente cada vez más cerca de Dios y que se plantea abrazar la vida de monja de clausura. La noticia pilla por sorpresa a toda la familia provocando un abismo y una prueba de fuego para todos."
MARTY SUPREME,Josh Safdie,149,03,19:00,2026-03-06,Renoir Princesa,https://www.pillalas.com/pase/1057948/,https://www.cinesrenoir.com/pelicula/marty-supreme/,https://media.pillalas.com/imagenes/726afb526abffa83215ea8a89c8894fb1ac44e6c3b86faba19f84e195b42d541304dcb79.jpg,Inglés,No recomendada para menores de 16 años,Viernes 30 Enero 2026,"Timothee Chalamet, Gwyneth Paltrow, Odessa A Zion, Sandra Bernhard, Fran Drescher, Abel Ferrara, Spenser Granese, Tyler The Creator, Penn Jillette, Kevin O Leary","Marty Mauser (Timothée Chalamet), un joven con una ambición desmesurada, está dispuesto a todo para cumplir su sueño. Con ayuda, entre otros, de la estrella de cine Carol Dunne (Gwyneth Paltrow) demostrará al mundo entero su grandeza."
MARTY SUPREME,Josh Safdie,149,03,21:45,2026-03-06,Renoir Princesa,https://www.pillalas.com/pase/1057951/,https://www.cinesrenoir.com/pelicula/marty-supreme/,https://media.pillalas.com/imagenes/726afb526abffa83215ea8a89c8894fb1ac44e6c3b86faba19f84e195b42d541304dcb79.jpg,Inglés,No recomendada para menores de 16 años,Viernes 30 Enero 2026,"Timothee Chalamet, Gwyneth Paltrow, Odessa A Zion, Sandra Bernhard, Fran Drescher, Abel Ferrara, Spenser Granese, Tyler The Creator, Penn Jillette, Kevin O Leary","Marty Mauser (Timothée Chalamet), un joven con una ambición desmesurada, está dispuesto a todo para cumplir su sueño. Con ayuda, entre otros, de la estrella de cine Carol Dunne (Gwyneth Paltrow) demostrará al mundo entero su grandeza."
PILLION,Harry Lighton,106,11,16:00,2026-03-06,Renoir Princesa,https://www.pillalas.com/pase/1058114/,https://www.cinesrenoir.com/pelicula/pillion/,https://www.cinesrenoir.com/media/Peliculas/Cartel/POSTER_2_3_web_1_1_1.png,Inglés,Pendiente de calificación,Viernes 6 Marzo 2026,"Harry Melling, Alexander Skarsgård, Lesley Sharp, Douglas Hodge","Colin, un chico introvertido, se queda prendado de Ray, el carismático y atractivo líder de una banda de moteros que le toma como su sumiso, dinamitando su rutina y cambiándole la vida."
PILLION,Harry Lighton,106,10,18:10,2026-03-06,Renoir Princesa,https://www.pillalas.com/pase/1058116/,https://www.cinesrenoir.com/pelicula/pillion/,https://www.cinesrenoir.com/media/Peliculas/Cartel/POSTER_2_3_web_1_1_1.png,Inglés,Pendiente de calificación,Viernes 6 Marzo 2026,"Harry Melling, Alexander Skarsgård, Lesley Sharp, Douglas Hodge","Colin, un chico introvertido, se queda prendado de Ray, el carismático y atractivo líder de una banda de moteros que le toma como su sumiso, dinamitando su rutina y cambiándole la vida."
PILLION,Harry Lighton,106,10,20:10,2026-03-06,Renoir Princesa,https://www.pillalas.com/pase/1058117/,https://www.cinesrenoir.com/pelicula/pillion/,https://www.cinesrenoir.com/media/Peliculas/Cartel/POSTER_2_3_web_1_1_1.png,Inglés,Pendiente de calificación,Viernes 6 Marzo 2026,"Harry Melling, Alexander Skarsgård, Lesley Sharp, Douglas Hodge","Colin, un chico introvertido, se queda prendado de Ray, el carismático y atractivo líder de una banda de moteros que le toma como su sumiso, dinamitando su rutina y cambiándole la vida."
PILLION,Harry Lighton,106,11,22:40,2026-03-06,Renoir Princesa,https://www.pillalas.com/pase/1058119/,https://www.cinesrenoir.com/pelicula/pillion/,https://www.cinesrenoir.com/media/Peliculas/Cartel/POSTER_2_3_web_1_1_1.png,Inglés,Pendiente de calificación,Viernes 6 Marzo 2026,"Harry Melling, Alexander Skarsgård, Lesley Sharp, Douglas Hodge","Colin, un chico introvertido, se queda prendado de Ray, el carismático y atractivo líder de una banda de moteros que le toma como su sumiso, dinamitando su rutina y cambiándole la vida."
RENTAL FAMILY (FAMILIA DE ALQUILER),Mitsuyo Miyazaki,109,05,15:50,2026-03-06,Renoir Princesa,https://www.pillalas.com/pase/1057941/,https://www.cinesrenoir.com/pelicula/rental-family-familia-de-alquiler/,https://media.pillalas.com/imagenes/726afb526abffa8354fd8d551fddc8b6f2c37df750c002f9f65d59d1707b603c58f3211d.jpg,Inglés Y Japonés,No recomendada para menores de 12 años,Viernes 9 Enero 2026,"Brendan Fraser, Mari Yamamoto, Takehiro Hira, Akira Emoto, Shannon Gorman","Comedia dramática sobre un actor estadounidense (Brendan Fraser) que lucha por encontrar un propósito en la vida en el Tokio actual. Hasta que consigue un trabajo inusual, trabajar para una agencia japonesa de ""familias de alquiler"", interpretando papeles de suplente para desconocidos."
SIRAT,Óliver Laxe,120,08,20:15,2026-03-06,Renoir Princesa,https://www.pillalas.com/pase/1058046/,https://www.cinesrenoir.com/pelicula/sirat/,https://www.cinesrenoir.com/media/Peliculas/Cartel/SIRAT_ONLINE_GOYAOSCARS.jpg,Castellano Y Otros,No recomendada para menores de 16 años,Viernes 6 Junio 2025,"Sergi López, Bruno Núñez, Stefania Gadda, Joshua Liam Herderson, Tonin Javier, Jade Ouki, Richard Bellamyun","Un hombre (López) y su hijo (Nuñez) llegan a una rave perdida en medio de las áridas y fantasmagóricas montañas del sur de Marruecos. Buscan allí a Mar, su hija y hermana, desaparecida hace meses en una de estas fiestas sin amanecer. Reparten una y otra vez su foto rodeados de música electrónica y de un tipo de libertad que desconocen. Empujados por el destino, y con la esperanza de encontrar ahí a Mar, deciden seguir a un grupo de raveros hacia la última fiesta que se celebrará en el desierto."
SIRAT,Óliver Laxe,120,08,22:25,2026-03-06,Renoir Princesa,https://www.pillalas.com/pase/1058048/,https://www.cinesrenoir.com/pelicula/sirat/,https://www.cinesrenoir.com/media/Peliculas/Cartel/SIRAT_ONLINE_GOYAOSCARS.jpg,Castellano Y Otros,No recomendada para menores de 16 años,Viernes 6 Junio 2025,"Sergi López, Bruno Núñez, Stefania Gadda, Joshua Liam Herderson, Tonin Javier, Jade Ouki, Richard Bellamyun","Un hombre (López) y su hijo (Nuñez) llegan a una rave perdida en medio de las áridas y fantasmagóricas montañas del sur de Marruecos. Buscan allí a Mar, su hija y hermana, desaparecida hace meses en una de estas fiestas sin amanecer. Reparten una y otra vez su foto rodeados de música electrónica y de un tipo de libertad que desconocen. Empujados por el destino, y con la esperanza de encontrar ahí a Mar, deciden seguir a un grupo de raveros hacia la última fiesta que se celebrará en el desierto."
"SORRY, BABY",Eva Victor,102,08,18:20,2026-03-06,Renoir Princesa,https://www.pillalas.com/pase/1058043/,https://www.cinesrenoir.com/pelicula/sorry-baby/,https://media.pillalas.com/imagenes/726afb526abffa837c59681f561d4afba82a26ef8235abdaa380a4c9cf2bacb70dacac1c.jpg,Inglés,No recomendada para menores de 16 años y distintivo especialmente recomendada para el fomento de la igualdad de género,Viernes 27 Febrero 2026,"Eva Victor, Naomi Ackie, Lucas Hedges, John Carroll Lynch, Louis Cancelmi","A Agnes le pasó algo malo. Pero la vida sigue, al menos para todos los que la rodean."
"SORRY, BABY",Eva Victor,102,02,22:45,2026-03-06,Renoir Princesa,https://www.pillalas.com/pase/1057898/,https://www.cinesrenoir.com/pelicula/sorry-baby/,https://media.pillalas.com/imagenes/726afb526abffa837c59681f561d4afba82a26ef8235abdaa380a4c9cf2bacb70dacac1c.jpg,Inglés,No recomendada para menores de 16 años y distintivo especialmente recomendada para el fomento de la igualdad de género,Viernes 27 Febrero 2026,"Eva Victor, Naomi Ackie, Lucas Hedges, John Carroll Lynch, Louis Cancelmi","A Agnes le pasó algo malo. Pero la vida sigue, al menos para todos los que la rodean."
TRES ADIOSES,Isabel Coixet,122,02,16:00,2026-03-06,Renoir Princesa,https://www.pillalas.com/pase/1057892/,https://www.cinesrenoir.com/pelicula/tres-adioses/,https://media.pillalas.com/imagenes/726afb526abffa832ea2a44a189894de905fc7e94534a8bf4ef6bf13e5ccdfe90922c22e.jpg,Italiano,No recomendada para menores de 12 años,Viernes 6 Febrero 2026,"Alba Rohrwacher, Elio Germano, Francesco Carril, Silvia D Amico, Galatea Bellugi, Sarita Choudhury","Tras lo que parecía una discusión sin importancia, Marta (Alba Rohrwacher) y Antonio (Elio Germano) se separan. Él, un chef prometedor, se refugia en sus fogones; ella, en su silencio, empieza a notar algo más que tristeza: ha perdido el apetito… y no solo por desamor. Cuando descubre que detrás hay un problema de salud, todo da un giro inesperado: la comida sabe mejor, la música le llega como nunca y el deseo despierta sus ganas de vivir sin miedo.
Una historia sobre el amor, la vida y esos momentos que lo cambian todo para siempre."
TRES ADIOSES,Isabel Coixet,122,02,18:15,2026-03-06,Renoir Princesa,https://www.pillalas.com/pase/1057895/,https://www.cinesrenoir.com/pelicula/tres-adioses/,https://media.pillalas.com/imagenes/726afb526abffa832ea2a44a189894de905fc7e94534a8bf4ef6bf13e5ccdfe90922c22e.jpg,Italiano,No recomendada para menores de 12 años,Viernes 6 Febrero 2026,"Alba Rohrwacher, Elio Germano, Francesco Carril, Silvia D Amico, Galatea Bellugi, Sarita Choudhury","Tras lo que parecía una discusión sin importancia, Marta (Alba Rohrwacher) y Antonio (Elio Germano) se separan. Él, un chef prometedor, se refugia en sus fogones; ella, en su silencio, empieza a notar algo más que tristeza: ha perdido el apetito… y no solo por desamor. Cuando descubre que detrás hay un problema de salud, todo da un giro inesperado: la comida sabe mejor, la música le llega como nunca y el deseo despierta sus ganas de vivir sin miedo.
Una historia sobre el amor, la vida y esos momentos que lo cambian todo para siempre."
TRES ADIOSES,Isabel Coixet,122,02,20:30,2026-03-06,Renoir Princesa,https://www.pillalas.com/pase/1057896/,https://www.cinesrenoir.com/pelicula/tres-adioses/,https://media.pillalas.com/imagenes/726afb526abffa832ea2a44a189894de905fc7e94534a8bf4ef6bf13e5ccdfe90922c22e.jpg,Italiano,No recomendada para menores de 12 años,Viernes 6 Febrero 2026,"Alba Rohrwacher, Elio Germano, Francesco Carril, Silvia D Amico, Galatea Bellugi, Sarita Choudhury","Tras lo que parecía una discusión sin importancia, Marta (Alba Rohrwacher) y Antonio (Elio Germano) se separan. Él, un chef prometedor, se refugia en sus fogones; ella, en su silencio, empieza a notar algo más que tristeza: ha perdido el apetito… y no solo por desamor. Cuando descubre que detrás hay un problema de salud, todo da un giro inesperado: la comida sabe mejor, la música le llega como nunca y el deseo despierta sus ganas de vivir sin miedo.
Una historia sobre el amor, la vida y esos momentos que lo cambian todo para siempre."
¡LA NOVIA!,Maggie Gyllenhaal,126,10,15:50,2026-03-06,Renoir Princesa,https://www.pillalas.com/pase/1058040/,https://www.cinesrenoir.com/pelicula/la-novia/,https://media.pillalas.com/imagenes/726afb526abffa834d5e9976411fdc20e28407e451a89b449da3736e5440bebb2e35bc4c.jpg,Inglés,No recomendada para menores de 16 años y distintivo especialmente recomendada para el fomento de la igualdad de género,Viernes 6 Marzo 2026,"Jessie Buckley, Christian Bale, Peter Sarsgaard, Annette Bening, Penelope Cruz, Jake Gyllenhaal, Julianne Hough, Louis Cancelmi, John Magaro, Linda Emond, Jeannie Berlin, Matthew Maher","En el Chicago de los años 30, un solitario Frankenstein pide la ayuda del Dr. Euphronius para crearse una compañera. Los dos resucitan a una joven asesinada y en ese momento nace la Novia, quien irá más allá de lo que cualquiera de los dos pretendía, encendiendo un romance apasionado, la atención de la policía y un movimiento social salvaje y radical."
¡LA NOVIA!,Maggie Gyllenhaal,126,11,18:00,2026-03-06,Renoir Princesa,https://www.pillalas.com/pase/1058115/,https://www.cinesrenoir.com/pelicula/la-novia/,https://media.pillalas.com/imagenes/726afb526abffa834d5e9976411fdc20e28407e451a89b449da3736e5440bebb2e35bc4c.jpg,Inglés,No recomendada para menores de 16 años y distintivo especialmente recomendada para el fomento de la igualdad de género,Viernes 6 Marzo 2026,"Jessie Buckley, Christian Bale, Peter Sarsgaard, Annette Bening, Penelope Cruz, Jake Gyllenhaal, Julianne Hough, Louis Cancelmi, John Magaro, Linda Emond, Jeannie Berlin, Matthew Maher","En el Chicago de los años 30, un solitario Frankenstein pide la ayuda del Dr. Euphronius para crearse una compañera. Los dos resucitan a una joven asesinada y en ese momento nace la Novia, quien irá más allá de lo que cualquiera de los dos pretendía, encendiendo un romance apasionado, la atención de la policía y un movimiento social salvaje y radical."
¡LA NOVIA!,Maggie Gyllenhaal,126,11,20:20,2026-03-06,Renoir Princesa,https://www.pillalas.com/pase/1058118/,https://www.cinesrenoir.com/pelicula/la-novia/,https://media.pillalas.com/imagenes/726afb526abffa834d5e9976411fdc20e28407e451a89b449da3736e5440bebb2e35bc4c.jpg,Inglés,No recomendada para menores de 16 años y distintivo especialmente recomendada para el fomento de la igualdad de género,Viernes 6 Marzo 2026,"Jessie Buckley, Christian Bale, Peter Sarsgaard, Annette Bening, Penelope Cruz, Jake Gyllenhaal, Julianne Hough, Louis Cancelmi, John Magaro, Linda Emond, Jeannie Berlin, Matthew Maher","En el Chicago de los años 30, un solitario Frankenstein pide la ayuda del Dr. Euphronius para crearse una compañera. Los dos resucitan a una joven asesinada y en ese momento nace la Novia, quien irá más allá de lo que cualquiera de los dos pretendía, encendiendo un romance apasionado, la atención de la policía y un movimiento social salvaje y radical."
¡LA NOVIA!,Maggie Gyllenhaal,126,10,22:10,2026-03-06,Renoir Princesa,https://www.pillalas.com/pase/1058047/,https://www.cinesrenoir.com/pelicula/la-novia/,https://media.pillalas.com/imagenes/726afb526abffa834d5e9976411fdc20e28407e451a89b449da3736e5440bebb2e35bc4c.jpg,Inglés,No recomendada para menores de 16 años y distintivo especialmente recomendada para el fomento de la igualdad de género,Viernes 6 Marzo 2026,"Jessie Buckley, Christian Bale, Peter Sarsgaard, Annette Bening, Penelope Cruz, Jake Gyllenhaal, Julianne Hough, Louis Cancelmi, John Magaro, Linda Emond, Jeannie Berlin, Matthew Maher","En el Chicago de los años 30, un solitario Frankenstein pide la ayuda del Dr. Euphronius para crearse una compañera. Los dos resucitan a una joven asesinada y en ese momento nace la Novia, quien irá más allá de lo que cualquiera de los dos pretendía, encendiendo un romance apasionado, la atención de la policía y un movimiento social salvaje y radical."
CAMINANDO CON EL DIABLO,Rubén Pérez-Barrena,83,09,18:20,2026-03-07,Renoir Princesa,https://www.pillalas.com/pase/1058053/,https://www.cinesrenoir.com/pelicula/caminando-con-el-diablo/,https://media.pillalas.com/imagenes/726afb526abffa83961675500a58cf0d4c3949b70c666a7228045fb9d4e5bc88aba5c294.jpg,Castellano,No recomendada para menores de 16 años,Viernes 6 Marzo 2026,"Tamar Novas, Marina Salas, Iván Marcos, Annick Weerts, Alban Petit","España, años ochenta. Miguel y Alicia arrastran la desaparición de su hijo Gabriel. Miguel se consume por la culpa de aquella noche de alcohol en la que lo perdió. Para Alicia, en cambio, quien murió ese día no fue su hijo, sino su marido. Lejos de ese infierno, Philippe, un niño francés de diez años, viaja en caravana junto a sus padres. Sus caminos se cruzan con los de Miguel y Alicia. Ese encuentro desencadena un viaje sin retorno al lado más oscuro del ser humano."
CUMBRES BORRASCOSAS,Emerald Fennell,135,09,15:50,2026-03-07,Renoir Princesa,https://www.pillalas.com/pase/1058050/,https://www.cinesrenoir.com/pelicula/cumbres-borrascosas/,https://media.pillalas.com/imagenes/726afb526abffa83abe8577deb3c0674bd352fd2b0500497b1d5570f2dd570487210fc4e.jpg,Inglés,No recomendada para menores de 16 años,Viernes 13 Febrero 2026,"Margot Robbie, Jacob Elordi, Hong Chau, Alison Oliver, Owen Cooper, Shazad Latif, Martin Clunes, Ewan Mitchell, Amy Morgan, Jessica Knappett, Charlotte Mellington, Vy Nguyen","Adaptada a todo tipo de formatos en multitud de ocasiones, se trata de una trágica historia de pasiones encontradas en la Inglaterra rural más conservadora. Una historia de venganza y odio, de pasiones desatadas y amores desesperados que van más allá de la muerte ambientada en los brumosos y sombríos páramos de Yorkshire, al norte de Inglaterra."
CUMBRES BORRASCOSAS,Emerald Fennell,135,07,17:40,2026-03-07,Renoir Princesa,https://www.pillalas.com/pase/1057958/,https://www.cinesrenoir.com/pelicula/cumbres-borrascosas/,https://media.pillalas.com/imagenes/726afb526abffa83abe8577deb3c0674bd352fd2b0500497b1d5570f2dd570487210fc4e.jpg,Inglés,No recomendada para menores de 16 años,Viernes 13 Febrero 2026,"Margot Robbie, Jacob Elordi, Hong Chau, Alison Oliver, Owen Cooper, Shazad Latif, Martin Clunes, Ewan Mitchell, Amy Morgan, Jessica Knappett, Charlotte Mellington, Vy Nguyen","Adaptada a todo tipo de formatos en multitud de ocasiones, se trata de una trágica historia de pasiones encontradas en la Inglaterra rural más conservadora. Una historia de venganza y odio, de pasiones desatadas y amores desesperados que van más allá de la muerte ambientada en los brumosos y sombríos páramos de Yorkshire, al norte de Inglaterra."
CUMBRES BORRASCOSAS,Emerald Fennell,135,09,20:00,2026-03-07,Renoir Princesa,https://www.pillalas.com/pase/1058055/,https://www.cinesrenoir.com/pelicula/cumbres-borrascosas/,https://media.pillalas.com/imagenes/726afb526abffa83abe8577deb3c0674bd352fd2b0500497b1d5570f2dd570487210fc4e.jpg,Inglés,No recomendada para menores de 16 años,Viernes 13 Febrero 2026,"Margot Robbie, Jacob Elordi, Hong Chau, Alison Oliver, Owen Cooper, Shazad Latif, Martin Clunes, Ewan Mitchell, Amy Morgan, Jessica Knappett, Charlotte Mellington, Vy Nguyen","Adaptada a todo tipo de formatos en multitud de ocasiones, se trata de una trágica historia de pasiones encontradas en la Inglaterra rural más conservadora. Una historia de venganza y odio, de pasiones desatadas y amores desesperados que van más allá de la muerte ambientada en los brumosos y sombríos páramos de Yorkshire, al norte de Inglaterra."
CUMBRES BORRASCOSAS,Emerald Fennell,135,09,22:30,2026-03-07,Renoir Princesa,https://www.pillalas.com/pase/1058060/,https://www.cinesrenoir.com/pelicula/cumbres-borrascosas/,https://media.pillalas.com/imagenes/726afb526abffa83abe8577deb3c0674bd352fd2b0500497b1d5570f2dd570487210fc4e.jpg,Inglés,No recomendada para menores de 16 años,Viernes 13 Febrero 2026,"Margot Robbie, Jacob Elordi, Hong Chau, Alison Oliver, Owen Cooper, Shazad Latif, Martin Clunes, Ewan Mitchell, Amy Morgan, Jessica Knappett, Charlotte Mellington, Vy Nguyen","Adaptada a todo tipo de formatos en multitud de ocasiones, se trata de una trágica historia de pasiones encontradas en la Inglaterra rural más conservadora. Una historia de venganza y odio, de pasiones desatadas y amores desesperados que van más allá de la muerte ambientada en los brumosos y sombríos páramos de Yorkshire, al norte de Inglaterra."
EL AGENTE SECRETO,Kleber Mendonça Filho,160,04,16:00,2026-03-07,Renoir Princesa,https://www.pillalas.com/pase/1057957/,https://www.cinesrenoir.com/pelicula/el-agente-secreto/,https://media.pillalas.com/imagenes/726afb526abffa83bdba0b90e98cf11293bcd8b9c8be1af817aa6c045cd8f479730f7511.jpg,Portugués,No recomendada para menores de 16 años,Viernes 20 Febrero 2026,"Wagner Moura, Gabriel Leone, Udo Kier, Maria Fernanda Cândido","1977. En un Brasil atormentado por la dictadura militar, Marcelo, un cuarentón que huye de un pasado turbulento, llega a la ciudad de Recife, donde espera construir una nueva vida y reencontrarse con su hijo. Todo se complica cuando descubre que las fuerzas gubernamentales le persiguen y las amenazas de muerte se ciernen sobre su cabeza."
EL AGENTE SECRETO,Kleber Mendonça Filho,160,04,18:55,2026-03-07,Renoir Princesa,https://www.pillalas.com/pase/1057961/,https://www.cinesrenoir.com/pelicula/el-agente-secreto/,https://media.pillalas.com/imagenes/726afb526abffa83bdba0b90e98cf11293bcd8b9c8be1af817aa6c045cd8f479730f7511.jpg,Portugués,No recomendada para menores de 16 años,Viernes 20 Febrero 2026,"Wagner Moura, Gabriel Leone, Udo Kier, Maria Fernanda Cândido","1977. En un Brasil atormentado por la dictadura militar, Marcelo, un cuarentón que huye de un pasado turbulento, llega a la ciudad de Recife, donde espera construir una nueva vida y reencontrarse con su hijo. Todo se complica cuando descubre que las fuerzas gubernamentales le persiguen y las amenazas de muerte se ciernen sobre su cabeza."
EL AGENTE SECRETO,Kleber Mendonça Filho,160,07,20:15,2026-03-07,Renoir Princesa,https://www.pillalas.com/pase/1058056/,https://www.cinesrenoir.com/pelicula/el-agente-secreto/,https://media.pillalas.com/imagenes/726afb526abffa83bdba0b90e98cf11293bcd8b9c8be1af817aa6c045cd8f479730f7511.jpg,Portugués,No recomendada para menores de 16 años,Viernes 20 Febrero 2026,"Wagner Moura, Gabriel Leone, Udo Kier, Maria Fernanda Cândido","1977. En un Brasil atormentado por la dictadura militar, Marcelo, un cuarentón que huye de un pasado turbulento, llega a la ciudad de Recife, donde espera construir una nueva vida y reencontrarse con su hijo. Todo se complica cuando descubre que las fuerzas gubernamentales le persiguen y las amenazas de muerte se ciernen sobre su cabeza."
EL AGENTE SECRETO,Kleber Mendonça Filho,160,04,21:50,2026-03-07,Renoir Princesa,https://www.pillalas.com/pase/1057966/,https://www.cinesrenoir.com/pelicula/el-agente-secreto/,https://media.pillalas.com/imagenes/726afb526abffa83bdba0b90e98cf11293bcd8b9c8be1af817aa6c045cd8f479730f7511.jpg,Portugués,No recomendada para menores de 16 años,Viernes 20 Febrero 2026,"Wagner Moura, Gabriel Leone, Udo Kier, Maria Fernanda Cândido","1977. En un Brasil atormentado por la dictadura militar, Marcelo, un cuarentón que huye de un pasado turbulento, llega a la ciudad de Recife, donde espera construir una nueva vida y reencontrarse con su hijo. Todo se complica cuando descubre que las fuerzas gubernamentales le persiguen y las amenazas de muerte se ciernen sobre su cabeza."
EL MAGO DEL KREMLIN,Olivier Assayas,145,03,16:10,2026-03-07,Renoir Princesa,https://www.pillalas.com/pase/1057900/,https://www.cinesrenoir.com/pelicula/el-mago-del-kremlin/,https://media.pillalas.com/imagenes/726afb526abffa833889e44ac42f5cc54d6019702d8546ebf4550316f78770131f777f2b.jpg,Inglés,No recomendada para menores de 12 años,Viernes 6 Marzo 2026,"Paul Dano, Alicia Vikander, Jude Law, Tom Sturridge, Jeffrey Wright, Will Keen","En medio del caos postsoviético de los años 90, el joven Vadim Baranov (Paul Dano) empieza a labrarse un camino como artista y productor de televisión. Su elocuencia y conexión con las altas esferas le llevan a convertirse, de la noche a la mañana, en el asesor de un agente del KGB con un brillante porvenir: Vladimir Putin (Jude Law). Desde las entrañas del poder, ambos darán forma a la nueva Rusia, difuminando, mediante manipulación, los límites entre la verdad y la mentira."
EL MAGO DEL KREMLIN,Olivier Assayas,145,01,17:40,2026-03-07,Renoir Princesa,https://www.pillalas.com/pase/1057901/,https://www.cinesrenoir.com/pelicula/el-mago-del-kremlin/,https://media.pillalas.com/imagenes/726afb526abffa833889e44ac42f5cc54d6019702d8546ebf4550316f78770131f777f2b.jpg,Inglés,No recomendada para menores de 12 años,Viernes 6 Marzo 2026,"Paul Dano, Alicia Vikander, Jude Law, Tom Sturridge, Jeffrey Wright, Will Keen","En medio del caos postsoviético de los años 90, el joven Vadim Baranov (Paul Dano) empieza a labrarse un camino como artista y productor de televisión. Su elocuencia y conexión con las altas esferas le llevan a convertirse, de la noche a la mañana, en el asesor de un agente del KGB con un brillante porvenir: Vladimir Putin (Jude Law). Desde las entrañas del poder, ambos darán forma a la nueva Rusia, difuminando, mediante manipulación, los límites entre la verdad y la mentira."
EL MAGO DEL KREMLIN,Olivier Assayas,145,01,22:10,2026-03-07,Renoir Princesa,https://www.pillalas.com/pase/1057904/,https://www.cinesrenoir.com/pelicula/el-mago-del-kremlin/,https://media.pillalas.com/imagenes/726afb526abffa833889e44ac42f5cc54d6019702d8546ebf4550316f78770131f777f2b.jpg,Inglés,No recomendada para menores de 12 años,Viernes 6 Marzo 2026,"Paul Dano, Alicia Vikander, Jude Law, Tom Sturridge, Jeffrey Wright, Will Keen","En medio del caos postsoviético de los años 90, el joven Vadim Baranov (Paul Dano) empieza a labrarse un camino como artista y productor de televisión. Su elocuencia y conexión con las altas esferas le llevan a convertirse, de la noche a la mañana, en el asesor de un agente del KGB con un brillante porvenir: Vladimir Putin (Jude Law). Desde las entrañas del poder, ambos darán forma a la nueva Rusia, difuminando, mediante manipulación, los límites entre la verdad y la mentira."
HAMNET,Chloé Zhao,125,08,16:00,2026-03-07,Renoir Princesa,https://www.pillalas.com/pase/1058052/,https://www.cinesrenoir.com/pelicula/hamnet/,https://www.cinesrenoir.com/media/Peliculas/Cartel/HAMNET_Cartel_Digital_8Nominaciones_Oscar_YaEnCines_v2_2.jpg,Inglés,No recomendada para menores de 12 años,Viernes 23 Enero 2026,"Jessie Buckley, Paul Mescal, Joe Alwyn, Emily Watson","Año 1596, Stratford-upon-Avon, Inglaterra. La vida de Agnes transcurre plácidamente junto a su marido y sus tres hijos. Ella cultiva plantas medicinales mientras William trabaja en Londres. El destino, sin embargo, les reservará un duro golpe cuando su hijo Hamnet, de once años, muera repentinamente tras contraer la peste. A raíz de esta tragedia, su padre creará uno de los grandes personajes de la literatura universal, de nombre casi idéntico al de su hijo.


Pero esta película no habla de famosos sucesos sino de algo íntimo y olvidado: La vida de esta familia, y especialmente la de la mujer que la sostenía y que tuvo que cargar con una insoportable pérdida."
HAMNET,Chloé Zhao,125,05,17:55,2026-03-07,Renoir Princesa,https://www.pillalas.com/pase/1057959/,https://www.cinesrenoir.com/pelicula/hamnet/,https://www.cinesrenoir.com/media/Peliculas/Cartel/HAMNET_Cartel_Digital_8Nominaciones_Oscar_YaEnCines_v2_2.jpg,Inglés,No recomendada para menores de 12 años,Viernes 23 Enero 2026,"Jessie Buckley, Paul Mescal, Joe Alwyn, Emily Watson","Año 1596, Stratford-upon-Avon, Inglaterra. La vida de Agnes transcurre plácidamente junto a su marido y sus tres hijos. Ella cultiva plantas medicinales mientras William trabaja en Londres. El destino, sin embargo, les reservará un duro golpe cuando su hijo Hamnet, de once años, muera repentinamente tras contraer la peste. A raíz de esta tragedia, su padre creará uno de los grandes personajes de la literatura universal, de nombre casi idéntico al de su hijo.


Pero esta película no habla de famosos sucesos sino de algo íntimo y olvidado: La vida de esta familia, y especialmente la de la mujer que la sostenía y que tuvo que cargar con una insoportable pérdida."
HAMNET,Chloé Zhao,125,05,20:15,2026-03-07,Renoir Princesa,https://www.pillalas.com/pase/1057963/,https://www.cinesrenoir.com/pelicula/hamnet/,https://www.cinesrenoir.com/media/Peliculas/Cartel/HAMNET_Cartel_Digital_8Nominaciones_Oscar_YaEnCines_v2_2.jpg,Inglés,No recomendada para menores de 12 años,Viernes 23 Enero 2026,"Jessie Buckley, Paul Mescal, Joe Alwyn, Emily Watson","Año 1596, Stratford-upon-Avon, Inglaterra. La vida de Agnes transcurre plácidamente junto a su marido y sus tres hijos. Ella cultiva plantas medicinales mientras William trabaja en Londres. El destino, sin embargo, les reservará un duro golpe cuando su hijo Hamnet, de once años, muera repentinamente tras contraer la peste. A raíz de esta tragedia, su padre creará uno de los grandes personajes de la literatura universal, de nombre casi idéntico al de su hijo.


Pero esta película no habla de famosos sucesos sino de algo íntimo y olvidado: La vida de esta familia, y especialmente la de la mujer que la sostenía y que tuvo que cargar con una insoportable pérdida."
HAMNET,Chloé Zhao,125,05,22:35,2026-03-07,Renoir Princesa,https://www.pillalas.com/pase/1057967/,https://www.cinesrenoir.com/pelicula/hamnet/,https://www.cinesrenoir.com/media/Peliculas/Cartel/HAMNET_Cartel_Digital_8Nominaciones_Oscar_YaEnCines_v2_2.jpg,Inglés,No recomendada para menores de 12 años,Viernes 23 Enero 2026,"Jessie Buckley, Paul Mescal, Joe Alwyn, Emily Watson","Año 1596, Stratford-upon-Avon, Inglaterra. La vida de Agnes transcurre plácidamente junto a su marido y sus tres hijos. Ella cultiva plantas medicinales mientras William trabaja en Londres. El destino, sin embargo, les reservará un duro golpe cuando su hijo Hamnet, de once años, muera repentinamente tras contraer la peste. A raíz de esta tragedia, su padre creará uno de los grandes personajes de la literatura universal, de nombre casi idéntico al de su hijo.


Pero esta película no habla de famosos sucesos sino de algo íntimo y olvidado: La vida de esta familia, y especialmente la de la mujer que la sostenía y que tuvo que cargar con una insoportable pérdida."
LA SOMBRA DE MI PADRE,Akinola Davies,94,01,15:50,2026-03-07,Renoir Princesa,https://www.pillalas.com/pase/1058636/,https://www.cinesrenoir.com/pelicula/la-sombra-de-mi-padre/,https://media.pillalas.com/imagenes/726afb526abffa83b400e9327dc59948d5f51eecc0c622647e6461545b9a00169ae2e56b.jpg,Inglés,Pendiente de calificación,Viernes 6 Marzo 2026,"Sope Dirisu, Chibuike Marvellous Egbo, Godwin Egbo, Akerele David","Relato semiautobiográfico que transcurre en un solo día en Lagos, la capital de Nigeria, durante la crisis electoral de 1993."
LA SOMBRA DE MI PADRE,Akinola Davies,94,01,20:20,2026-03-07,Renoir Princesa,https://www.pillalas.com/pase/1058637/,https://www.cinesrenoir.com/pelicula/la-sombra-de-mi-padre/,https://media.pillalas.com/imagenes/726afb526abffa83b400e9327dc59948d5f51eecc0c622647e6461545b9a00169ae2e56b.jpg,Inglés,Pendiente de calificación,Viernes 6 Marzo 2026,"Sope Dirisu, Chibuike Marvellous Egbo, Godwin Egbo, Akerele David","Relato semiautobiográfico que transcurre en un solo día en Lagos, la capital de Nigeria, durante la crisis electoral de 1993."
LOS DOMINGOS,Alauda Ruiz De Azúa,115,06,16:00,2026-03-07,Renoir Princesa,https://www.pillalas.com/pase/1057956/,https://www.cinesrenoir.com/pelicula/los-domingos/,https://media.pillalas.com/imagenes/726afb526abffa83eb13c84b6e843cdf406388aa12cc57b934b6e5ab1c8e2d84ce9ad1f4.jpg,Castellano,No recomendada para menores de 12 años,Viernes 24 Octubre 2025,"Patricia López Arnaiz, Blanca Soroa, Miguel Garcés, Juan Minujín, Mabel Rivera, Nagore Aramburu","'Los domingos' cuenta la historia de Ainara (Soroa), una joven idealista y brillante de 17 años que ha de decidir qué carrera universitaria estudiará. O, al menos, eso espera su familia que haga. Sin embargo, la joven manifiesta que se siente cada vez más cerca de Dios y que se plantea abrazar la vida de monja de clausura. La noticia pilla por sorpresa a toda la familia provocando un abismo y una prueba de fuego para todos."
LOS DOMINGOS,Alauda Ruiz De Azúa,115,06,18:15,2026-03-07,Renoir Princesa,https://www.pillalas.com/pase/1057960/,https://www.cinesrenoir.com/pelicula/los-domingos/,https://media.pillalas.com/imagenes/726afb526abffa83eb13c84b6e843cdf406388aa12cc57b934b6e5ab1c8e2d84ce9ad1f4.jpg,Castellano,No recomendada para menores de 12 años,Viernes 24 Octubre 2025,"Patricia López Arnaiz, Blanca Soroa, Miguel Garcés, Juan Minujín, Mabel Rivera, Nagore Aramburu","'Los domingos' cuenta la historia de Ainara (Soroa), una joven idealista y brillante de 17 años que ha de decidir qué carrera universitaria estudiará. O, al menos, eso espera su familia que haga. Sin embargo, la joven manifiesta que se siente cada vez más cerca de Dios y que se plantea abrazar la vida de monja de clausura. La noticia pilla por sorpresa a toda la familia provocando un abismo y una prueba de fuego para todos."
LOS DOMINGOS,Alauda Ruiz De Azúa,115,06,20:30,2026-03-07,Renoir Princesa,https://www.pillalas.com/pase/1057964/,https://www.cinesrenoir.com/pelicula/los-domingos/,https://media.pillalas.com/imagenes/726afb526abffa83eb13c84b6e843cdf406388aa12cc57b934b6e5ab1c8e2d84ce9ad1f4.jpg,Castellano,No recomendada para menores de 12 años,Viernes 24 Octubre 2025,"Patricia López Arnaiz, Blanca Soroa, Miguel Garcés, Juan Minujín, Mabel Rivera, Nagore Aramburu","'Los domingos' cuenta la historia de Ainara (Soroa), una joven idealista y brillante de 17 años que ha de decidir qué carrera universitaria estudiará. O, al menos, eso espera su familia que haga. Sin embargo, la joven manifiesta que se siente cada vez más cerca de Dios y que se plantea abrazar la vida de monja de clausura. La noticia pilla por sorpresa a toda la familia provocando un abismo y una prueba de fuego para todos."
LOS DOMINGOS,Alauda Ruiz De Azúa,115,06,22:40,2026-03-07,Renoir Princesa,https://www.pillalas.com/pase/1057968/,https://www.cinesrenoir.com/pelicula/los-domingos/,https://media.pillalas.com/imagenes/726afb526abffa83eb13c84b6e843cdf406388aa12cc57b934b6e5ab1c8e2d84ce9ad1f4.jpg,Castellano,No recomendada para menores de 12 años,Viernes 24 Octubre 2025,"Patricia López Arnaiz, Blanca Soroa, Miguel Garcés, Juan Minujín, Mabel Rivera, Nagore Aramburu","'Los domingos' cuenta la historia de Ainara (Soroa), una joven idealista y brillante de 17 años que ha de decidir qué carrera universitaria estudiará. O, al menos, eso espera su familia que haga. Sin embargo, la joven manifiesta que se siente cada vez más cerca de Dios y que se plantea abrazar la vida de monja de clausura. La noticia pilla por sorpresa a toda la familia provocando un abismo y una prueba de fuego para todos."
MARTY SUPREME,Josh Safdie,149,03,19:00,2026-03-07,Renoir Princesa,https://www.pillalas.com/pase/1057962/,https://www.cinesrenoir.com/pelicula/marty-supreme/,https://media.pillalas.com/imagenes/726afb526abffa83215ea8a89c8894fb1ac44e6c3b86faba19f84e195b42d541304dcb79.jpg,Inglés,No recomendada para menores de 16 años,Viernes 30 Enero 2026,"Timothee Chalamet, Gwyneth Paltrow, Odessa A Zion, Sandra Bernhard, Fran Drescher, Abel Ferrara, Spenser Granese, Tyler The Creator, Penn Jillette, Kevin O Leary","Marty Mauser (Timothée Chalamet), un joven con una ambición desmesurada, está dispuesto a todo para cumplir su sueño. Con ayuda, entre otros, de la estrella de cine Carol Dunne (Gwyneth Paltrow) demostrará al mundo entero su grandeza."
MARTY SUPREME,Josh Safdie,149,03,21:45,2026-03-07,Renoir Princesa,https://www.pillalas.com/pase/1057965/,https://www.cinesrenoir.com/pelicula/marty-supreme/,https://media.pillalas.com/imagenes/726afb526abffa83215ea8a89c8894fb1ac44e6c3b86faba19f84e195b42d541304dcb79.jpg,Inglés,No recomendada para menores de 16 años,Viernes 30 Enero 2026,"Timothee Chalamet, Gwyneth Paltrow, Odessa A Zion, Sandra Bernhard, Fran Drescher, Abel Ferrara, Spenser Granese, Tyler The Creator, Penn Jillette, Kevin O Leary","Marty Mauser (Timothée Chalamet), un joven con una ambición desmesurada, está dispuesto a todo para cumplir su sueño. Con ayuda, entre otros, de la estrella de cine Carol Dunne (Gwyneth Paltrow) demostrará al mundo entero su grandeza."
PILLION,Harry Lighton,106,11,16:00,2026-03-07,Renoir Princesa,https://www.pillalas.com/pase/1058120/,https://www.cinesrenoir.com/pelicula/pillion/,https://www.cinesrenoir.com/media/Peliculas/Cartel/POSTER_2_3_web_1_1_1.png,Inglés,Pendiente de calificación,Viernes 6 Marzo 2026,"Harry Melling, Alexander Skarsgård, Lesley Sharp, Douglas Hodge","Colin, un chico introvertido, se queda prendado de Ray, el carismático y atractivo líder de una banda de moteros que le toma como su sumiso, dinamitando su rutina y cambiándole la vida."
PILLION,Harry Lighton,106,10,18:10,2026-03-07,Renoir Princesa,https://www.pillalas.com/pase/1058122/,https://www.cinesrenoir.com/pelicula/pillion/,https://www.cinesrenoir.com/media/Peliculas/Cartel/POSTER_2_3_web_1_1_1.png,Inglés,Pendiente de calificación,Viernes 6 Marzo 2026,"Harry Melling, Alexander Skarsgård, Lesley Sharp, Douglas Hodge","Colin, un chico introvertido, se queda prendado de Ray, el carismático y atractivo líder de una banda de moteros que le toma como su sumiso, dinamitando su rutina y cambiándole la vida."
PILLION,Harry Lighton,106,10,20:10,2026-03-07,Renoir Princesa,https://www.pillalas.com/pase/1058123/,https://www.cinesrenoir.com/pelicula/pillion/,https://www.cinesrenoir.com/media/Peliculas/Cartel/POSTER_2_3_web_1_1_1.png,Inglés,Pendiente de calificación,Viernes 6 Marzo 2026,"Harry Melling, Alexander Skarsgård, Lesley Sharp, Douglas Hodge","Colin, un chico introvertido, se queda prendado de Ray, el carismático y atractivo líder de una banda de moteros que le toma como su sumiso, dinamitando su rutina y cambiándole la vida."
PILLION,Harry Lighton,106,11,22:40,2026-03-07,Renoir Princesa,https://www.pillalas.com/pase/1058125/,https://www.cinesrenoir.com/pelicula/pillion/,https://www.cinesrenoir.com/media/Peliculas/Cartel/POSTER_2_3_web_1_1_1.png,Inglés,Pendiente de calificación,Viernes 6 Marzo 2026,"Harry Melling, Alexander Skarsgård, Lesley Sharp, Douglas Hodge","Colin, un chico introvertido, se queda prendado de Ray, el carismático y atractivo líder de una banda de moteros que le toma como su sumiso, dinamitando su rutina y cambiándole la vida."
RENTAL FAMILY (FAMILIA DE ALQUILER),Mitsuyo Miyazaki,109,05,15:50,2026-03-07,Renoir Princesa,https://www.pillalas.com/pase/1057955/,https://www.cinesrenoir.com/pelicula/rental-family-familia-de-alquiler/,https://media.pillalas.com/imagenes/726afb526abffa8354fd8d551fddc8b6f2c37df750c002f9f65d59d1707b603c58f3211d.jpg,Inglés Y Japonés,No recomendada para menores de 12 años,Viernes 9 Enero 2026,"Brendan Fraser, Mari Yamamoto, Takehiro Hira, Akira Emoto, Shannon Gorman","Comedia dramática sobre un actor estadounidense (Brendan Fraser) que lucha por encontrar un propósito en la vida en el Tokio actual. Hasta que consigue un trabajo inusual, trabajar para una agencia japonesa de ""familias de alquiler"", interpretando papeles de suplente para desconocidos."
SIRAT,Óliver Laxe,120,08,20:15,2026-03-07,Renoir Princesa,https://www.pillalas.com/pase/1058057/,https://www.cinesrenoir.com/pelicula/sirat/,https://www.cinesrenoir.com/media/Peliculas/Cartel/SIRAT_ONLINE_GOYAOSCARS.jpg,Castellano Y Otros,No recomendada para menores de 16 años,Viernes 6 Junio 2025,"Sergi López, Bruno Núñez, Stefania Gadda, Joshua Liam Herderson, Tonin Javier, Jade Ouki, Richard Bellamyun","Un hombre (López) y su hijo (Nuñez) llegan a una rave perdida en medio de las áridas y fantasmagóricas montañas del sur de Marruecos. Buscan allí a Mar, su hija y hermana, desaparecida hace meses en una de estas fiestas sin amanecer. Reparten una y otra vez su foto rodeados de música electrónica y de un tipo de libertad que desconocen. Empujados por el destino, y con la esperanza de encontrar ahí a Mar, deciden seguir a un grupo de raveros hacia la última fiesta que se celebrará en el desierto."
SIRAT,Óliver Laxe,120,08,22:25,2026-03-07,Renoir Princesa,https://www.pillalas.com/pase/1058059/,https://www.cinesrenoir.com/pelicula/sirat/,https://www.cinesrenoir.com/media/Peliculas/Cartel/SIRAT_ONLINE_GOYAOSCARS.jpg,Castellano Y Otros,No recomendada para menores de 16 años,Viernes 6 Junio 2025,"Sergi López, Bruno Núñez, Stefania Gadda, Joshua Liam Herderson, Tonin Javier, Jade Ouki, Richard Bellamyun","Un hombre (López) y su hijo (Nuñez) llegan a una rave perdida en medio de las áridas y fantasmagóricas montañas del sur de Marruecos. Buscan allí a Mar, su hija y hermana, desaparecida hace meses en una de estas fiestas sin amanecer. Reparten una y otra vez su foto rodeados de música electrónica y de un tipo de libertad que desconocen. Empujados por el destino, y con la esperanza de encontrar ahí a Mar, deciden seguir a un grupo de raveros hacia la última fiesta que se celebrará en el desierto."
"SORRY, BABY",Eva Victor,102,08,18:20,2026-03-07,Renoir Princesa,https://www.pillalas.com/pase/1058054/,https://www.cinesrenoir.com/pelicula/sorry-baby/,https://media.pillalas.com/imagenes/726afb526abffa837c59681f561d4afba82a26ef8235abdaa380a4c9cf2bacb70dacac1c.jpg,Inglés,No recomendada para menores de 16 años y distintivo especialmente recomendada para el fomento de la igualdad de género,Viernes 27 Febrero 2026,"Eva Victor, Naomi Ackie, Lucas Hedges, John Carroll Lynch, Louis Cancelmi","A Agnes le pasó algo malo. Pero la vida sigue, al menos para todos los que la rodean."
"SORRY, BABY",Eva Victor,102,02,22:45,2026-03-07,Renoir Princesa,https://www.pillalas.com/pase/1057905/,https://www.cinesrenoir.com/pelicula/sorry-baby/,https://media.pillalas.com/imagenes/726afb526abffa837c59681f561d4afba82a26ef8235abdaa380a4c9cf2bacb70dacac1c.jpg,Inglés,No recomendada para menores de 16 años y distintivo especialmente recomendada para el fomento de la igualdad de género,Viernes 27 Febrero 2026,"Eva Victor, Naomi Ackie, Lucas Hedges, John Carroll Lynch, Louis Cancelmi","A Agnes le pasó algo malo. Pero la vida sigue, al menos para todos los que la rodean."
TRES ADIOSES,Isabel Coixet,122,02,16:00,2026-03-07,Renoir Princesa,https://www.pillalas.com/pase/1057899/,https://www.cinesrenoir.com/pelicula/tres-adioses/,https://media.pillalas.com/imagenes/726afb526abffa832ea2a44a189894de905fc7e94534a8bf4ef6bf13e5ccdfe90922c22e.jpg,Italiano,No recomendada para menores de 12 años,Viernes 6 Febrero 2026,"Alba Rohrwacher, Elio Germano, Francesco Carril, Silvia D Amico, Galatea Bellugi, Sarita Choudhury","Tras lo que parecía una discusión sin importancia, Marta (Alba Rohrwacher) y Antonio (Elio Germano) se separan. Él, un chef prometedor, se refugia en sus fogones; ella, en su silencio, empieza a notar algo más que tristeza: ha perdido el apetito… y no solo por desamor. Cuando descubre que detrás hay un problema de salud, todo da un giro inesperado: la comida sabe mejor, la música le llega como nunca y el deseo despierta sus ganas de vivir sin miedo.
Una historia sobre el amor, la vida y esos momentos que lo cambian todo para siempre."
TRES ADIOSES,Isabel Coixet,122,02,18:15,2026-03-07,Renoir Princesa,https://www.pillalas.com/pase/1057902/,https://www.cinesrenoir.com/pelicula/tres-adioses/,https://media.pillalas.com/imagenes/726afb526abffa832ea2a44a189894de905fc7e94534a8bf4ef6bf13e5ccdfe90922c22e.jpg,Italiano,No recomendada para menores de 12 años,Viernes 6 Febrero 2026,"Alba Rohrwacher, Elio Germano, Francesco Carril, Silvia D Amico, Galatea Bellugi, Sarita Choudhury","Tras lo que parecía una discusión sin importancia, Marta (Alba Rohrwacher) y Antonio (Elio Germano) se separan. Él, un chef prometedor, se refugia en sus fogones; ella, en su silencio, empieza a notar algo más que tristeza: ha perdido el apetito… y no solo por desamor. Cuando descubre que detrás hay un problema de salud, todo da un giro inesperado: la comida sabe mejor, la música le llega como nunca y el deseo despierta sus ganas de vivir sin miedo.
Una historia sobre el amor, la vida y esos momentos que lo cambian todo para siempre."
TRES ADIOSES,Isabel Coixet,122,02,20:30,2026-03-07,Renoir Princesa,https://www.pillalas.com/pase/1057903/,https://www.cinesrenoir.com/pelicula/tres-adioses/,https://media.pillalas.com/imagenes/726afb526abffa832ea2a44a189894de905fc7e94534a8bf4ef6bf13e5ccdfe90922c22e.jpg,Italiano,No recomendada para menores de 12 años,Viernes 6 Febrero 2026,"Alba Rohrwacher, Elio Germano, Francesco Carril, Silvia D Amico, Galatea Bellugi, Sarita Choudhury","Tras lo que parecía una discusión sin importancia, Marta (Alba Rohrwacher) y Antonio (Elio Germano) se separan. Él, un chef prometedor, se refugia en sus fogones; ella, en su silencio, empieza a notar algo más que tristeza: ha perdido el apetito… y no solo por desamor. Cuando descubre que detrás hay un problema de salud, todo da un giro inesperado: la comida sabe mejor, la música le llega como nunca y el deseo despierta sus ganas de vivir sin miedo.
Una historia sobre el amor, la vida y esos momentos que lo cambian todo para siempre."
¡LA NOVIA!,Maggie Gyllenhaal,126,10,15:50,2026-03-07,Renoir Princesa,https://www.pillalas.com/pase/1058051/,https://www.cinesrenoir.com/pelicula/la-novia/,https://media.pillalas.com/imagenes/726afb526abffa834d5e9976411fdc20e28407e451a89b449da3736e5440bebb2e35bc4c.jpg,Inglés,No recomendada para menores de 16 años y distintivo especialmente recomendada para el fomento de la igualdad de género,Viernes 6 Marzo 2026,"Jessie Buckley, Christian Bale, Peter Sarsgaard, Annette Bening, Penelope Cruz, Jake Gyllenhaal, Julianne Hough, Louis Cancelmi, John Magaro, Linda Emond, Jeannie Berlin, Matthew Maher","En el Chicago de los años 30, un solitario Frankenstein pide la ayuda del Dr. Euphronius para crearse una compañera. Los dos resucitan a una joven asesinada y en ese momento nace la Novia, quien irá más allá de lo que cualquiera de los dos pretendía, encendiendo un romance apasionado, la atención de la policía y un movimiento social salvaje y radical."
¡LA NOVIA!,Maggie Gyllenhaal,126,11,18:00,2026-03-07,Renoir Princesa,https://www.pillalas.com/pase/1058121/,https://www.cinesrenoir.com/pelicula/la-novia/,https://media.pillalas.com/imagenes/726afb526abffa834d5e9976411fdc20e28407e451a89b449da3736e5440bebb2e35bc4c.jpg,Inglés,No recomendada para menores de 16 años y distintivo especialmente recomendada para el fomento de la igualdad de género,Viernes 6 Marzo 2026,"Jessie Buckley, Christian Bale, Peter Sarsgaard, Annette Bening, Penelope Cruz, Jake Gyllenhaal, Julianne Hough, Louis Cancelmi, John Magaro, Linda Emond, Jeannie Berlin, Matthew Maher","En el Chicago de los años 30, un solitario Frankenstein pide la ayuda del Dr. Euphronius para crearse una compañera. Los dos resucitan a una joven asesinada y en ese momento nace la Novia, quien irá más allá de lo que cualquiera de los dos pretendía, encendiendo un romance apasionado, la atención de la policía y un movimiento social salvaje y radical."
¡LA NOVIA!,Maggie Gyllenhaal,126,11,20:20,2026-03-07,Renoir Princesa,https://www.pillalas.com/pase/1058124/,https://www.cinesrenoir.com/pelicula/la-novia/,https://media.pillalas.com/imagenes/726afb526abffa834d5e9976411fdc20e28407e451a89b449da3736e5440bebb2e35bc4c.jpg,Inglés,No recomendada para menores de 16 años y distintivo especialmente recomendada para el fomento de la igualdad de género,Viernes 6 Marzo 2026,"Jessie Buckley, Christian Bale, Peter Sarsgaard, Annette Bening, Penelope Cruz, Jake Gyllenhaal, Julianne Hough, Louis Cancelmi, John Magaro, Linda Emond, Jeannie Berlin, Matthew Maher","En el Chicago de los años 30, un solitario Frankenstein pide la ayuda del Dr. Euphronius para crearse una compañera. Los dos resucitan a una joven asesinada y en ese momento nace la Novia, quien irá más allá de lo que cualquiera de los dos pretendía, encendiendo un romance apasionado, la atención de la policía y un movimiento social salvaje y radical."
¡LA NOVIA!,Maggie Gyllenhaal,126,10,22:10,2026-03-07,Renoir Princesa,https://www.pillalas.com/pase/1058058/,https://www.cinesrenoir.com/pelicula/la-novia/,https://media.pillalas.com/imagenes/726afb526abffa834d5e9976411fdc20e28407e451a89b449da3736e5440bebb2e35bc4c.jpg,Inglés,No recomendada para menores de 16 años y distintivo especialmente recomendada para el fomento de la igualdad de género,Viernes 6 Marzo 2026,"Jessie Buckley, Christian Bale, Peter Sarsgaard, Annette Bening, Penelope Cruz, Jake Gyllenhaal, Julianne Hough, Louis Cancelmi, John Magaro, Linda Emond, Jeannie Berlin, Matthew Maher","En el Chicago de los años 30, un solitario Frankenstein pide la ayuda del Dr. Euphronius para crearse una compañera. Los dos resucitan a una joven asesinada y en ese momento nace la Novia, quien irá más allá de lo que cualquiera de los dos pretendía, encendiendo un romance apasionado, la atención de la policía y un movimiento social salvaje y radical."
CAMINANDO CON EL DIABLO,Rubén Pérez-Barrena,83,09,18:20,2026-03-08,Renoir Princesa,https://www.pillalas.com/pase/1058064/,https://www.cinesrenoir.com/pelicula/caminando-con-el-diablo/,https://media.pillalas.com/imagenes/726afb526abffa83961675500a58cf0d4c3949b70c666a7228045fb9d4e5bc88aba5c294.jpg,Castellano,No recomendada para menores de 16 años,Viernes 6 Marzo 2026,"Tamar Novas, Marina Salas, Iván Marcos, Annick Weerts, Alban Petit","España, años ochenta. Miguel y Alicia arrastran la desaparición de su hijo Gabriel. Miguel se consume por la culpa de aquella noche de alcohol en la que lo perdió. Para Alicia, en cambio, quien murió ese día no fue su hijo, sino su marido. Lejos de ese infierno, Philippe, un niño francés de diez años, viaja en caravana junto a sus padres. Sus caminos se cruzan con los de Miguel y Alicia. Ese encuentro desencadena un viaje sin retorno al lado más oscuro del ser humano."
CUMBRES BORRASCOSAS,Emerald Fennell,135,09,15:50,2026-03-08,Renoir Princesa,https://www.pillalas.com/pase/1058061/,https://www.cinesrenoir.com/pelicula/cumbres-borrascosas/,https://media.pillalas.com/imagenes/726afb526abffa83abe8577deb3c0674bd352fd2b0500497b1d5570f2dd570487210fc4e.jpg,Inglés,No recomendada para menores de 16 años,Viernes 13 Febrero 2026,"Margot Robbie, Jacob Elordi, Hong Chau, Alison Oliver, Owen Cooper, Shazad Latif, Martin Clunes, Ewan Mitchell, Amy Morgan, Jessica Knappett, Charlotte Mellington, Vy Nguyen","Adaptada a todo tipo de formatos en multitud de ocasiones, se trata de una trágica historia de pasiones encontradas en la Inglaterra rural más conservadora. Una historia de venganza y odio, de pasiones desatadas y amores desesperados que van más allá de la muerte ambientada en los brumosos y sombríos páramos de Yorkshire, al norte de Inglaterra."
CUMBRES BORRASCOSAS,Emerald Fennell,135,07,17:40,2026-03-08,Renoir Princesa,https://www.pillalas.com/pase/1057972/,https://www.cinesrenoir.com/pelicula/cumbres-borrascosas/,https://media.pillalas.com/imagenes/726afb526abffa83abe8577deb3c0674bd352fd2b0500497b1d5570f2dd570487210fc4e.jpg,Inglés,No recomendada para menores de 16 años,Viernes 13 Febrero 2026,"Margot Robbie, Jacob Elordi, Hong Chau, Alison Oliver, Owen Cooper, Shazad Latif, Martin Clunes, Ewan Mitchell, Amy Morgan, Jessica Knappett, Charlotte Mellington, Vy Nguyen","Adaptada a todo tipo de formatos en multitud de ocasiones, se trata de una trágica historia de pasiones encontradas en la Inglaterra rural más conservadora. Una historia de venganza y odio, de pasiones desatadas y amores desesperados que van más allá de la muerte ambientada en los brumosos y sombríos páramos de Yorkshire, al norte de Inglaterra."
CUMBRES BORRASCOSAS,Emerald Fennell,135,09,20:00,2026-03-08,Renoir Princesa,https://www.pillalas.com/pase/1058066/,https://www.cinesrenoir.com/pelicula/cumbres-borrascosas/,https://media.pillalas.com/imagenes/726afb526abffa83abe8577deb3c0674bd352fd2b0500497b1d5570f2dd570487210fc4e.jpg,Inglés,No recomendada para menores de 16 años,Viernes 13 Febrero 2026,"Margot Robbie, Jacob Elordi, Hong Chau, Alison Oliver, Owen Cooper, Shazad Latif, Martin Clunes, Ewan Mitchell, Amy Morgan, Jessica Knappett, Charlotte Mellington, Vy Nguyen","Adaptada a todo tipo de formatos en multitud de ocasiones, se trata de una trágica historia de pasiones encontradas en la Inglaterra rural más conservadora. Una historia de venganza y odio, de pasiones desatadas y amores desesperados que van más allá de la muerte ambientada en los brumosos y sombríos páramos de Yorkshire, al norte de Inglaterra."
CUMBRES BORRASCOSAS,Emerald Fennell,135,09,22:30,2026-03-08,Renoir Princesa,https://www.pillalas.com/pase/1058071/,https://www.cinesrenoir.com/pelicula/cumbres-borrascosas/,https://media.pillalas.com/imagenes/726afb526abffa83abe8577deb3c0674bd352fd2b0500497b1d5570f2dd570487210fc4e.jpg,Inglés,No recomendada para menores de 16 años,Viernes 13 Febrero 2026,"Margot Robbie, Jacob Elordi, Hong Chau, Alison Oliver, Owen Cooper, Shazad Latif, Martin Clunes, Ewan Mitchell, Amy Morgan, Jessica Knappett, Charlotte Mellington, Vy Nguyen","Adaptada a todo tipo de formatos en multitud de ocasiones, se trata de una trágica historia de pasiones encontradas en la Inglaterra rural más conservadora. Una historia de venganza y odio, de pasiones desatadas y amores desesperados que van más allá de la muerte ambientada en los brumosos y sombríos páramos de Yorkshire, al norte de Inglaterra."
EL AGENTE SECRETO,Kleber Mendonça Filho,160,04,16:00,2026-03-08,Renoir Princesa,https://www.pillalas.com/pase/1057971/,https://www.cinesrenoir.com/pelicula/el-agente-secreto/,https://media.pillalas.com/imagenes/726afb526abffa83bdba0b90e98cf11293bcd8b9c8be1af817aa6c045cd8f479730f7511.jpg,Portugués,No recomendada para menores de 16 años,Viernes 20 Febrero 2026,"Wagner Moura, Gabriel Leone, Udo Kier, Maria Fernanda Cândido","1977. En un Brasil atormentado por la dictadura militar, Marcelo, un cuarentón que huye de un pasado turbulento, llega a la ciudad de Recife, donde espera construir una nueva vida y reencontrarse con su hijo. Todo se complica cuando descubre que las fuerzas gubernamentales le persiguen y las amenazas de muerte se ciernen sobre su cabeza."
EL AGENTE SECRETO,Kleber Mendonça Filho,160,04,18:55,2026-03-08,Renoir Princesa,https://www.pillalas.com/pase/1057975/,https://www.cinesrenoir.com/pelicula/el-agente-secreto/,https://media.pillalas.com/imagenes/726afb526abffa83bdba0b90e98cf11293bcd8b9c8be1af817aa6c045cd8f479730f7511.jpg,Portugués,No recomendada para menores de 16 años,Viernes 20 Febrero 2026,"Wagner Moura, Gabriel Leone, Udo Kier, Maria Fernanda Cândido","1977. En un Brasil atormentado por la dictadura militar, Marcelo, un cuarentón que huye de un pasado turbulento, llega a la ciudad de Recife, donde espera construir una nueva vida y reencontrarse con su hijo. Todo se complica cuando descubre que las fuerzas gubernamentales le persiguen y las amenazas de muerte se ciernen sobre su cabeza."
EL AGENTE SECRETO,Kleber Mendonça Filho,160,07,20:15,2026-03-08,Renoir Princesa,https://www.pillalas.com/pase/1058067/,https://www.cinesrenoir.com/pelicula/el-agente-secreto/,https://media.pillalas.com/imagenes/726afb526abffa83bdba0b90e98cf11293bcd8b9c8be1af817aa6c045cd8f479730f7511.jpg,Portugués,No recomendada para menores de 16 años,Viernes 20 Febrero 2026,"Wagner Moura, Gabriel Leone, Udo Kier, Maria Fernanda Cândido","1977. En un Brasil atormentado por la dictadura militar, Marcelo, un cuarentón que huye de un pasado turbulento, llega a la ciudad de Recife, donde espera construir una nueva vida y reencontrarse con su hijo. Todo se complica cuando descubre que las fuerzas gubernamentales le persiguen y las amenazas de muerte se ciernen sobre su cabeza."
EL AGENTE SECRETO,Kleber Mendonça Filho,160,04,21:50,2026-03-08,Renoir Princesa,https://www.pillalas.com/pase/1057980/,https://www.cinesrenoir.com/pelicula/el-agente-secreto/,https://media.pillalas.com/imagenes/726afb526abffa83bdba0b90e98cf11293bcd8b9c8be1af817aa6c045cd8f479730f7511.jpg,Portugués,No recomendada para menores de 16 años,Viernes 20 Febrero 2026,"Wagner Moura, Gabriel Leone, Udo Kier, Maria Fernanda Cândido","1977. En un Brasil atormentado por la dictadura militar, Marcelo, un cuarentón que huye de un pasado turbulento, llega a la ciudad de Recife, donde espera construir una nueva vida y reencontrarse con su hijo. Todo se complica cuando descubre que las fuerzas gubernamentales le persiguen y las amenazas de muerte se ciernen sobre su cabeza."
EL MAGO DEL KREMLIN,Olivier Assayas,145,03,16:10,2026-03-08,Renoir Princesa,https://www.pillalas.com/pase/1057907/,https://www.cinesrenoir.com/pelicula/el-mago-del-kremlin/,https://media.pillalas.com/imagenes/726afb526abffa833889e44ac42f5cc54d6019702d8546ebf4550316f78770131f777f2b.jpg,Inglés,No recomendada para menores de 12 años,Viernes 6 Marzo 2026,"Paul Dano, Alicia Vikander, Jude Law, Tom Sturridge, Jeffrey Wright, Will Keen","En medio del caos postsoviético de los años 90, el joven Vadim Baranov (Paul Dano) empieza a labrarse un camino como artista y productor de televisión. Su elocuencia y conexión con las altas esferas le llevan a convertirse, de la noche a la mañana, en el asesor de un agente del KGB con un brillante porvenir: Vladimir Putin (Jude Law). Desde las entrañas del poder, ambos darán forma a la nueva Rusia, difuminando, mediante manipulación, los límites entre la verdad y la mentira."
EL MAGO DEL KREMLIN,Olivier Assayas,145,01,17:40,2026-03-08,Renoir Princesa,https://www.pillalas.com/pase/1057908/,https://www.cinesrenoir.com/pelicula/el-mago-del-kremlin/,https://media.pillalas.com/imagenes/726afb526abffa833889e44ac42f5cc54d6019702d8546ebf4550316f78770131f777f2b.jpg,Inglés,No recomendada para menores de 12 años,Viernes 6 Marzo 2026,"Paul Dano, Alicia Vikander, Jude Law, Tom Sturridge, Jeffrey Wright, Will Keen","En medio del caos postsoviético de los años 90, el joven Vadim Baranov (Paul Dano) empieza a labrarse un camino como artista y productor de televisión. Su elocuencia y conexión con las altas esferas le llevan a convertirse, de la noche a la mañana, en el asesor de un agente del KGB con un brillante porvenir: Vladimir Putin (Jude Law). Desde las entrañas del poder, ambos darán forma a la nueva Rusia, difuminando, mediante manipulación, los límites entre la verdad y la mentira."
EL MAGO DEL KREMLIN,Olivier Assayas,145,01,22:10,2026-03-08,Renoir Princesa,https://www.pillalas.com/pase/1057911/,https://www.cinesrenoir.com/pelicula/el-mago-del-kremlin/,https://media.pillalas.com/imagenes/726afb526abffa833889e44ac42f5cc54d6019702d8546ebf4550316f78770131f777f2b.jpg,Inglés,No recomendada para menores de 12 años,Viernes 6 Marzo 2026,"Paul Dano, Alicia Vikander, Jude Law, Tom Sturridge, Jeffrey Wright, Will Keen","En medio del caos postsoviético de los años 90, el joven Vadim Baranov (Paul Dano) empieza a labrarse un camino como artista y productor de televisión. Su elocuencia y conexión con las altas esferas le llevan a convertirse, de la noche a la mañana, en el asesor de un agente del KGB con un brillante porvenir: Vladimir Putin (Jude Law). Desde las entrañas del poder, ambos darán forma a la nueva Rusia, difuminando, mediante manipulación, los límites entre la verdad y la mentira."
HAMNET,Chloé Zhao,125,08,16:00,2026-03-08,Renoir Princesa,https://www.pillalas.com/pase/1058063/,https://www.cinesrenoir.com/pelicula/hamnet/,https://www.cinesrenoir.com/media/Peliculas/Cartel/HAMNET_Cartel_Digital_8Nominaciones_Oscar_YaEnCines_v2_2.jpg,Inglés,No recomendada para menores de 12 años,Viernes 23 Enero 2026,"Jessie Buckley, Paul Mescal, Joe Alwyn, Emily Watson","Año 1596, Stratford-upon-Avon, Inglaterra. La vida de Agnes transcurre plácidamente junto a su marido y sus tres hijos. Ella cultiva plantas medicinales mientras William trabaja en Londres. El destino, sin embargo, les reservará un duro golpe cuando su hijo Hamnet, de once años, muera repentinamente tras contraer la peste. A raíz de esta tragedia, su padre creará uno de los grandes personajes de la literatura universal, de nombre casi idéntico al de su hijo.


Pero esta película no habla de famosos sucesos sino de algo íntimo y olvidado: La vida de esta familia, y especialmente la de la mujer que la sostenía y que tuvo que cargar con una insoportable pérdida."
HAMNET,Chloé Zhao,125,05,17:55,2026-03-08,Renoir Princesa,https://www.pillalas.com/pase/1057973/,https://www.cinesrenoir.com/pelicula/hamnet/,https://www.cinesrenoir.com/media/Peliculas/Cartel/HAMNET_Cartel_Digital_8Nominaciones_Oscar_YaEnCines_v2_2.jpg,Inglés,No recomendada para menores de 12 años,Viernes 23 Enero 2026,"Jessie Buckley, Paul Mescal, Joe Alwyn, Emily Watson","Año 1596, Stratford-upon-Avon, Inglaterra. La vida de Agnes transcurre plácidamente junto a su marido y sus tres hijos. Ella cultiva plantas medicinales mientras William trabaja en Londres. El destino, sin embargo, les reservará un duro golpe cuando su hijo Hamnet, de once años, muera repentinamente tras contraer la peste. A raíz de esta tragedia, su padre creará uno de los grandes personajes de la literatura universal, de nombre casi idéntico al de su hijo.


Pero esta película no habla de famosos sucesos sino de algo íntimo y olvidado: La vida de esta familia, y especialmente la de la mujer que la sostenía y que tuvo que cargar con una insoportable pérdida."
HAMNET,Chloé Zhao,125,05,20:15,2026-03-08,Renoir Princesa,https://www.pillalas.com/pase/1057977/,https://www.cinesrenoir.com/pelicula/hamnet/,https://www.cinesrenoir.com/media/Peliculas/Cartel/HAMNET_Cartel_Digital_8Nominaciones_Oscar_YaEnCines_v2_2.jpg,Inglés,No recomendada para menores de 12 años,Viernes 23 Enero 2026,"Jessie Buckley, Paul Mescal, Joe Alwyn, Emily Watson","Año 1596, Stratford-upon-Avon, Inglaterra. La vida de Agnes transcurre plácidamente junto a su marido y sus tres hijos. Ella cultiva plantas medicinales mientras William trabaja en Londres. El destino, sin embargo, les reservará un duro golpe cuando su hijo Hamnet, de once años, muera repentinamente tras contraer la peste. A raíz de esta tragedia, su padre creará uno de los grandes personajes de la literatura universal, de nombre casi idéntico al de su hijo.


Pero esta película no habla de famosos sucesos sino de algo íntimo y olvidado: La vida de esta familia, y especialmente la de la mujer que la sostenía y que tuvo que cargar con una insoportable pérdida."
HAMNET,Chloé Zhao,125,05,22:35,2026-03-08,Renoir Princesa,https://www.pillalas.com/pase/1057981/,https://www.cinesrenoir.com/pelicula/hamnet/,https://www.cinesrenoir.com/media/Peliculas/Cartel/HAMNET_Cartel_Digital_8Nominaciones_Oscar_YaEnCines_v2_2.jpg,Inglés,No recomendada para menores de 12 años,Viernes 23 Enero 2026,"Jessie Buckley, Paul Mescal, Joe Alwyn, Emily Watson","Año 1596, Stratford-upon-Avon, Inglaterra. La vida de Agnes transcurre plácidamente junto a su marido y sus tres hijos. Ella cultiva plantas medicinales mientras William trabaja en Londres. El destino, sin embargo, les reservará un duro golpe cuando su hijo Hamnet, de once años, muera repentinamente tras contraer la peste. A raíz de esta tragedia, su padre creará uno de los grandes personajes de la literatura universal, de nombre casi idéntico al de su hijo.


Pero esta película no habla de famosos sucesos sino de algo íntimo y olvidado: La vida de esta familia, y especialmente la de la mujer que la sostenía y que tuvo que cargar con una insoportable pérdida."
LA SOMBRA DE MI PADRE,Akinola Davies,94,01,15:50,2026-03-08,Renoir Princesa,https://www.pillalas.com/pase/1058638/,https://www.cinesrenoir.com/pelicula/la-sombra-de-mi-padre/,https://media.pillalas.com/imagenes/726afb526abffa83b400e9327dc59948d5f51eecc0c622647e6461545b9a00169ae2e56b.jpg,Inglés,Pendiente de calificación,Viernes 6 Marzo 2026,"Sope Dirisu, Chibuike Marvellous Egbo, Godwin Egbo, Akerele David","Relato semiautobiográfico que transcurre en un solo día en Lagos, la capital de Nigeria, durante la crisis electoral de 1993."
LA SOMBRA DE MI PADRE,Akinola Davies,94,01,20:20,2026-03-08,Renoir Princesa,https://www.pillalas.com/pase/1058639/,https://www.cinesrenoir.com/pelicula/la-sombra-de-mi-padre/,https://media.pillalas.com/imagenes/726afb526abffa83b400e9327dc59948d5f51eecc0c622647e6461545b9a00169ae2e56b.jpg,Inglés,Pendiente de calificación,Viernes 6 Marzo 2026,"Sope Dirisu, Chibuike Marvellous Egbo, Godwin Egbo, Akerele David","Relato semiautobiográfico que transcurre en un solo día en Lagos, la capital de Nigeria, durante la crisis electoral de 1993."
LOS DOMINGOS,Alauda Ruiz De Azúa,115,06,16:00,2026-03-08,Renoir Princesa,https://www.pillalas.com/pase/1057970/,https://www.cinesrenoir.com/pelicula/los-domingos/,https://media.pillalas.com/imagenes/726afb526abffa83eb13c84b6e843cdf406388aa12cc57b934b6e5ab1c8e2d84ce9ad1f4.jpg,Castellano,No recomendada para menores de 12 años,Viernes 24 Octubre 2025,"Patricia López Arnaiz, Blanca Soroa, Miguel Garcés, Juan Minujín, Mabel Rivera, Nagore Aramburu","'Los domingos' cuenta la historia de Ainara (Soroa), una joven idealista y brillante de 17 años que ha de decidir qué carrera universitaria estudiará. O, al menos, eso espera su familia que haga. Sin embargo, la joven manifiesta que se siente cada vez más cerca de Dios y que se plantea abrazar la vida de monja de clausura. La noticia pilla por sorpresa a toda la familia provocando un abismo y una prueba de fuego para todos."
LOS DOMINGOS,Alauda Ruiz De Azúa,115,06,18:15,2026-03-08,Renoir Princesa,https://www.pillalas.com/pase/1057974/,https://www.cinesrenoir.com/pelicula/los-domingos/,https://media.pillalas.com/imagenes/726afb526abffa83eb13c84b6e843cdf406388aa12cc57b934b6e5ab1c8e2d84ce9ad1f4.jpg,Castellano,No recomendada para menores de 12 años,Viernes 24 Octubre 2025,"Patricia López Arnaiz, Blanca Soroa, Miguel Garcés, Juan Minujín, Mabel Rivera, Nagore Aramburu","'Los domingos' cuenta la historia de Ainara (Soroa), una joven idealista y brillante de 17 años que ha de decidir qué carrera universitaria estudiará. O, al menos, eso espera su familia que haga. Sin embargo, la joven manifiesta que se siente cada vez más cerca de Dios y que se plantea abrazar la vida de monja de clausura. La noticia pilla por sorpresa a toda la familia provocando un abismo y una prueba de fuego para todos."
LOS DOMINGOS,Alauda Ruiz De Azúa,115,06,20:30,2026-03-08,Renoir Princesa,https://www.pillalas.com/pase/1057978/,https://www.cinesrenoir.com/pelicula/los-domingos/,https://media.pillalas.com/imagenes/726afb526abffa83eb13c84b6e843cdf406388aa12cc57b934b6e5ab1c8e2d84ce9ad1f4.jpg,Castellano,No recomendada para menores de 12 años,Viernes 24 Octubre 2025,"Patricia López Arnaiz, Blanca Soroa, Miguel Garcés, Juan Minujín, Mabel Rivera, Nagore Aramburu","'Los domingos' cuenta la historia de Ainara (Soroa), una joven idealista y brillante de 17 años que ha de decidir qué carrera universitaria estudiará. O, al menos, eso espera su familia que haga. Sin embargo, la joven manifiesta que se siente cada vez más cerca de Dios y que se plantea abrazar la vida de monja de clausura. La noticia pilla por sorpresa a toda la familia provocando un abismo y una prueba de fuego para todos."
LOS DOMINGOS,Alauda Ruiz De Azúa,115,06,22:40,2026-03-08,Renoir Princesa,https://www.pillalas.com/pase/1057982/,https://www.cinesrenoir.com/pelicula/los-domingos/,https://media.pillalas.com/imagenes/726afb526abffa83eb13c84b6e843cdf406388aa12cc57b934b6e5ab1c8e2d84ce9ad1f4.jpg,Castellano,No recomendada para menores de 12 años,Viernes 24 Octubre 2025,"Patricia López Arnaiz, Blanca Soroa, Miguel Garcés, Juan Minujín, Mabel Rivera, Nagore Aramburu","'Los domingos' cuenta la historia de Ainara (Soroa), una joven idealista y brillante de 17 años que ha de decidir qué carrera universitaria estudiará. O, al menos, eso espera su familia que haga. Sin embargo, la joven manifiesta que se siente cada vez más cerca de Dios y que se plantea abrazar la vida de monja de clausura. La noticia pilla por sorpresa a toda la familia provocando un abismo y una prueba de fuego para todos."
MARTY SUPREME,Josh Safdie,149,03,19:00,2026-03-08,Renoir Princesa,https://www.pillalas.com/pase/1057976/,https://www.cinesrenoir.com/pelicula/marty-supreme/,https://media.pillalas.com/imagenes/726afb526abffa83215ea8a89c8894fb1ac44e6c3b86faba19f84e195b42d541304dcb79.jpg,Inglés,No recomendada para menores de 16 años,Viernes 30 Enero 2026,"Timothee Chalamet, Gwyneth Paltrow, Odessa A Zion, Sandra Bernhard, Fran Drescher, Abel Ferrara, Spenser Granese, Tyler The Creator, Penn Jillette, Kevin O Leary","Marty Mauser (Timothée Chalamet), un joven con una ambición desmesurada, está dispuesto a todo para cumplir su sueño. Con ayuda, entre otros, de la estrella de cine Carol Dunne (Gwyneth Paltrow) demostrará al mundo entero su grandeza."
MARTY SUPREME,Josh Safdie,149,03,21:45,2026-03-08,Renoir Princesa,https://www.pillalas.com/pase/1057979/,https://www.cinesrenoir.com/pelicula/marty-supreme/,https://media.pillalas.com/imagenes/726afb526abffa83215ea8a89c8894fb1ac44e6c3b86faba19f84e195b42d541304dcb79.jpg,Inglés,No recomendada para menores de 16 años,Viernes 30 Enero 2026,"Timothee Chalamet, Gwyneth Paltrow, Odessa A Zion, Sandra Bernhard, Fran Drescher, Abel Ferrara, Spenser Granese, Tyler The Creator, Penn Jillette, Kevin O Leary","Marty Mauser (Timothée Chalamet), un joven con una ambición desmesurada, está dispuesto a todo para cumplir su sueño. Con ayuda, entre otros, de la estrella de cine Carol Dunne (Gwyneth Paltrow) demostrará al mundo entero su grandeza."
PILLION,Harry Lighton,106,11,16:00,2026-03-08,Renoir Princesa,https://www.pillalas.com/pase/1058126/,https://www.cinesrenoir.com/pelicula/pillion/,https://www.cinesrenoir.com/media/Peliculas/Cartel/POSTER_2_3_web_1_1_1.png,Inglés,Pendiente de calificación,Viernes 6 Marzo 2026,"Harry Melling, Alexander Skarsgård, Lesley Sharp, Douglas Hodge","Colin, un chico introvertido, se queda prendado de Ray, el carismático y atractivo líder de una banda de moteros que le toma como su sumiso, dinamitando su rutina y cambiándole la vida."
PILLION,Harry Lighton,106,10,18:10,2026-03-08,Renoir Princesa,https://www.pillalas.com/pase/1058128/,https://www.cinesrenoir.com/pelicula/pillion/,https://www.cinesrenoir.com/media/Peliculas/Cartel/POSTER_2_3_web_1_1_1.png,Inglés,Pendiente de calificación,Viernes 6 Marzo 2026,"Harry Melling, Alexander Skarsgård, Lesley Sharp, Douglas Hodge","Colin, un chico introvertido, se queda prendado de Ray, el carismático y atractivo líder de una banda de moteros que le toma como su sumiso, dinamitando su rutina y cambiándole la vida."
PILLION,Harry Lighton,106,10,20:10,2026-03-08,Renoir Princesa,https://www.pillalas.com/pase/1058129/,https://www.cinesrenoir.com/pelicula/pillion/,https://www.cinesrenoir.com/media/Peliculas/Cartel/POSTER_2_3_web_1_1_1.png,Inglés,Pendiente de calificación,Viernes 6 Marzo 2026,"Harry Melling, Alexander Skarsgård, Lesley Sharp, Douglas Hodge","Colin, un chico introvertido, se queda prendado de Ray, el carismático y atractivo líder de una banda de moteros que le toma como su sumiso, dinamitando su rutina y cambiándole la vida."
PILLION,Harry Lighton,106,11,22:40,2026-03-08,Renoir Princesa,https://www.pillalas.com/pase/1058131/,https://www.cinesrenoir.com/pelicula/pillion/,https://www.cinesrenoir.com/media/Peliculas/Cartel/POSTER_2_3_web_1_1_1.png,Inglés,Pendiente de calificación,Viernes 6 Marzo 2026,"Harry Melling, Alexander Skarsgård, Lesley Sharp, Douglas Hodge","Colin, un chico introvertido, se queda prendado de Ray, el carismático y atractivo líder de una banda de moteros que le toma como su sumiso, dinamitando su rutina y cambiándole la vida."
RENTAL FAMILY (FAMILIA DE ALQUILER),Mitsuyo Miyazaki,109,05,15:50,2026-03-08,Renoir Princesa,https://www.pillalas.com/pase/1057969/,https://www.cinesrenoir.com/pelicula/rental-family-familia-de-alquiler/,https://media.pillalas.com/imagenes/726afb526abffa8354fd8d551fddc8b6f2c37df750c002f9f65d59d1707b603c58f3211d.jpg,Inglés Y Japonés,No recomendada para menores de 12 años,Viernes 9 Enero 2026,"Brendan Fraser, Mari Yamamoto, Takehiro Hira, Akira Emoto, Shannon Gorman","Comedia dramática sobre un actor estadounidense (Brendan Fraser) que lucha por encontrar un propósito en la vida en el Tokio actual. Hasta que consigue un trabajo inusual, trabajar para una agencia japonesa de ""familias de alquiler"", interpretando papeles de suplente para desconocidos."
SIRAT,Óliver Laxe,120,08,20:15,2026-03-08,Renoir Princesa,https://www.pillalas.com/pase/1058068/,https://www.cinesrenoir.com/pelicula/sirat/,https://www.cinesrenoir.com/media/Peliculas/Cartel/SIRAT_ONLINE_GOYAOSCARS.jpg,Castellano Y Otros,No recomendada para menores de 16 años,Viernes 6 Junio 2025,"Sergi López, Bruno Núñez, Stefania Gadda, Joshua Liam Herderson, Tonin Javier, Jade Ouki, Richard Bellamyun","Un hombre (López) y su hijo (Nuñez) llegan a una rave perdida en medio de las áridas y fantasmagóricas montañas del sur de Marruecos. Buscan allí a Mar, su hija y hermana, desaparecida hace meses en una de estas fiestas sin amanecer. Reparten una y otra vez su foto rodeados de música electrónica y de un tipo de libertad que desconocen. Empujados por el destino, y con la esperanza de encontrar ahí a Mar, deciden seguir a un grupo de raveros hacia la última fiesta que se celebrará en el desierto."
SIRAT,Óliver Laxe,120,08,22:25,2026-03-08,Renoir Princesa,https://www.pillalas.com/pase/1058070/,https://www.cinesrenoir.com/pelicula/sirat/,https://www.cinesrenoir.com/media/Peliculas/Cartel/SIRAT_ONLINE_GOYAOSCARS.jpg,Castellano Y Otros,No recomendada para menores de 16 años,Viernes 6 Junio 2025,"Sergi López, Bruno Núñez, Stefania Gadda, Joshua Liam Herderson, Tonin Javier, Jade Ouki, Richard Bellamyun","Un hombre (López) y su hijo (Nuñez) llegan a una rave perdida en medio de las áridas y fantasmagóricas montañas del sur de Marruecos. Buscan allí a Mar, su hija y hermana, desaparecida hace meses en una de estas fiestas sin amanecer. Reparten una y otra vez su foto rodeados de música electrónica y de un tipo de libertad que desconocen. Empujados por el destino, y con la esperanza de encontrar ahí a Mar, deciden seguir a un grupo de raveros hacia la última fiesta que se celebrará en el desierto."
"SORRY, BABY",Eva Victor,102,08,18:20,2026-03-08,Renoir Princesa,https://www.pillalas.com/pase/1058065/,https://www.cinesrenoir.com/pelicula/sorry-baby/,https://media.pillalas.com/imagenes/726afb526abffa837c59681f561d4afba82a26ef8235abdaa380a4c9cf2bacb70dacac1c.jpg,Inglés,No recomendada para menores de 16 años y distintivo especialmente recomendada para el fomento de la igualdad de género,Viernes 27 Febrero 2026,"Eva Victor, Naomi Ackie, Lucas Hedges, John Carroll Lynch, Louis Cancelmi","A Agnes le pasó algo malo. Pero la vida sigue, al menos para todos los que la rodean."
"SORRY, BABY",Eva Victor,102,02,22:45,2026-03-08,Renoir Princesa,https://www.pillalas.com/pase/1057912/,https://www.cinesrenoir.com/pelicula/sorry-baby/,https://media.pillalas.com/imagenes/726afb526abffa837c59681f561d4afba82a26ef8235abdaa380a4c9cf2bacb70dacac1c.jpg,Inglés,No recomendada para menores de 16 años y distintivo especialmente recomendada para el fomento de la igualdad de género,Viernes 27 Febrero 2026,"Eva Victor, Naomi Ackie, Lucas Hedges, John Carroll Lynch, Louis Cancelmi","A Agnes le pasó algo malo. Pero la vida sigue, al menos para todos los que la rodean."
TRES ADIOSES,Isabel Coixet,122,02,16:00,2026-03-08,Renoir Princesa,https://www.pillalas.com/pase/1057906/,https://www.cinesrenoir.com/pelicula/tres-adioses/,https://media.pillalas.com/imagenes/726afb526abffa832ea2a44a189894de905fc7e94534a8bf4ef6bf13e5ccdfe90922c22e.jpg,Italiano,No recomendada para menores de 12 años,Viernes 6 Febrero 2026,"Alba Rohrwacher, Elio Germano, Francesco Carril, Silvia D Amico, Galatea Bellugi, Sarita Choudhury","Tras lo que parecía una discusión sin importancia, Marta (Alba Rohrwacher) y Antonio (Elio Germano) se separan. Él, un chef prometedor, se refugia en sus fogones; ella, en su silencio, empieza a notar algo más que tristeza: ha perdido el apetito… y no solo por desamor. Cuando descubre que detrás hay un problema de salud, todo da un giro inesperado: la comida sabe mejor, la música le llega como nunca y el deseo despierta sus ganas de vivir sin miedo.
Una historia sobre el amor, la vida y esos momentos que lo cambian todo para siempre."
TRES ADIOSES,Isabel Coixet,122,02,18:15,2026-03-08,Renoir Princesa,https://www.pillalas.com/pase/1057909/,https://www.cinesrenoir.com/pelicula/tres-adioses/,https://media.pillalas.com/imagenes/726afb526abffa832ea2a44a189894de905fc7e94534a8bf4ef6bf13e5ccdfe90922c22e.jpg,Italiano,No recomendada para menores de 12 años,Viernes 6 Febrero 2026,"Alba Rohrwacher, Elio Germano, Francesco Carril, Silvia D Amico, Galatea Bellugi, Sarita Choudhury","Tras lo que parecía una discusión sin importancia, Marta (Alba Rohrwacher) y Antonio (Elio Germano) se separan. Él, un chef prometedor, se refugia en sus fogones; ella, en su silencio, empieza a notar algo más que tristeza: ha perdido el apetito… y no solo por desamor. Cuando descubre que detrás hay un problema de salud, todo da un giro inesperado: la comida sabe mejor, la música le llega como nunca y el deseo despierta sus ganas de vivir sin miedo.
Una historia sobre el amor, la vida y esos momentos que lo cambian todo para siempre."
TRES ADIOSES,Isabel Coixet,122,02,20:30,2026-03-08,Renoir Princesa,https://www.pillalas.com/pase/1057910/,https://www.cinesrenoir.com/pelicula/tres-adioses/,https://media.pillalas.com/imagenes/726afb526abffa832ea2a44a189894de905fc7e94534a8bf4ef6bf13e5ccdfe90922c22e.jpg,Italiano,No recomendada para menores de 12 años,Viernes 6 Febrero 2026,"Alba Rohrwacher, Elio Germano, Francesco Carril, Silvia D Amico, Galatea Bellugi, Sarita Choudhury","Tras lo que parecía una discusión sin importancia, Marta (Alba Rohrwacher) y Antonio (Elio Germano) se separan. Él, un chef prometedor, se refugia en sus fogones; ella, en su silencio, empieza a notar algo más que tristeza: ha perdido el apetito… y no solo por desamor. Cuando descubre que detrás hay un problema de salud, todo da un giro inesperado: la comida sabe mejor, la música le llega como nunca y el deseo despierta sus ganas de vivir sin miedo.
Una historia sobre el amor, la vida y esos momentos que lo cambian todo para siempre."
¡LA NOVIA!,Maggie Gyllenhaal,126,10,15:50,2026-03-08,Renoir Princesa,https://www.pillalas.com/pase/1058062/,https://www.cinesrenoir.com/pelicula/la-novia/,https://media.pillalas.com/imagenes/726afb526abffa834d5e9976411fdc20e28407e451a89b449da3736e5440bebb2e35bc4c.jpg,Inglés,No recomendada para menores de 16 años y distintivo especialmente recomendada para el fomento de la igualdad de género,Viernes 6 Marzo 2026,"Jessie Buckley, Christian Bale, Peter Sarsgaard, Annette Bening, Penelope Cruz, Jake Gyllenhaal, Julianne Hough, Louis Cancelmi, John Magaro, Linda Emond, Jeannie Berlin, Matthew Maher","En el Chicago de los años 30, un solitario Frankenstein pide la ayuda del Dr. Euphronius para crearse una compañera. Los dos resucitan a una joven asesinada y en ese momento nace la Novia, quien irá más allá de lo que cualquiera de los dos pretendía, encendiendo un romance apasionado, la atención de la policía y un movimiento social salvaje y radical."
¡LA NOVIA!,Maggie Gyllenhaal,126,11,18:00,2026-03-08,Renoir Princesa,https://www.pillalas.com/pase/1058127/,https://www.cinesrenoir.com/pelicula/la-novia/,https://media.pillalas.com/imagenes/726afb526abffa834d5e9976411fdc20e28407e451a89b449da3736e5440bebb2e35bc4c.jpg,Inglés,No recomendada para menores de 16 años y distintivo especialmente recomendada para el fomento de la igualdad de género,Viernes 6 Marzo 2026,"Jessie Buckley, Christian Bale, Peter Sarsgaard, Annette Bening, Penelope Cruz, Jake Gyllenhaal, Julianne Hough, Louis Cancelmi, John Magaro, Linda Emond, Jeannie Berlin, Matthew Maher","En el Chicago de los años 30, un solitario Frankenstein pide la ayuda del Dr. Euphronius para crearse una compañera. Los dos resucitan a una joven asesinada y en ese momento nace la Novia, quien irá más allá de lo que cualquiera de los dos pretendía, encendiendo un romance apasionado, la atención de la policía y un movimiento social salvaje y radical."
¡LA NOVIA!,Maggie Gyllenhaal,126,11,20:20,2026-03-08,Renoir Princesa,https://www.pillalas.com/pase/1058130/,https://www.cinesrenoir.com/pelicula/la-novia/,https://media.pillalas.com/imagenes/726afb526abffa834d5e9976411fdc20e28407e451a89b449da3736e5440bebb2e35bc4c.jpg,Inglés,No recomendada para menores de 16 años y distintivo especialmente recomendada para el fomento de la igualdad de género,Viernes 6 Marzo 2026,"Jessie Buckley, Christian Bale, Peter Sarsgaard, Annette Bening, Penelope Cruz, Jake Gyllenhaal, Julianne Hough, Louis Cancelmi, John Magaro, Linda Emond, Jeannie Berlin, Matthew Maher","En el Chicago de los años 30, un solitario Frankenstein pide la ayuda del Dr. Euphronius para crearse una compañera. Los dos resucitan a una joven asesinada y en ese momento nace la Novia, quien irá más allá de lo que cualquiera de los dos pretendía, encendiendo un romance apasionado, la atención de la policía y un movimiento social salvaje y radical."
¡LA NOVIA!,Maggie Gyllenhaal,126,10,22:10,2026-03-08,Renoir Princesa,https://www.pillalas.com/pase/1058069/,https://www.cinesrenoir.com/pelicula/la-novia/,https://media.pillalas.com/imagenes/726afb526abffa834d5e9976411fdc20e28407e451a89b449da3736e5440bebb2e35bc4c.jpg,Inglés,No recomendada para menores de 16 años y distintivo especialmente recomendada para el fomento de la igualdad de género,Viernes 6 Marzo 2026,"Jessie Buckley, Christian Bale, Peter Sarsgaard, Annette Bening, Penelope Cruz, Jake Gyllenhaal, Julianne Hough, Louis Cancelmi, John Magaro, Linda Emond, Jeannie Berlin, Matthew Maher","En el Chicago de los años 30, un solitario Frankenstein pide la ayuda del Dr. Euphronius para crearse una compañera. Los dos resucitan a una joven asesinada y en ese momento nace la Novia, quien irá más allá de lo que cualquiera de los dos pretendía, encendiendo un romance apasionado, la atención de la policía y un movimiento social salvaje y radical."
CAMINANDO CON EL DIABLO,Rubén Pérez-Barrena,83,09,18:20,2026-03-09,Renoir Princesa,https://www.pillalas.com/pase/1058075/,https://www.cinesrenoir.com/pelicula/caminando-con-el-diablo/,https://media.pillalas.com/imagenes/726afb526abffa83961675500a58cf0d4c3949b70c666a7228045fb9d4e5bc88aba5c294.jpg,Castellano,No recomendada para menores de 16 años,Viernes 6 Marzo 2026,"Tamar Novas, Marina Salas, Iván Marcos, Annick Weerts, Alban Petit","España, años ochenta. Miguel y Alicia arrastran la desaparición de su hijo Gabriel. Miguel se consume por la culpa de aquella noche de alcohol en la que lo perdió. Para Alicia, en cambio, quien murió ese día no fue su hijo, sino su marido. Lejos de ese infierno, Philippe, un niño francés de diez años, viaja en caravana junto a sus padres. Sus caminos se cruzan con los de Miguel y Alicia. Ese encuentro desencadena un viaje sin retorno al lado más oscuro del ser humano."
CUMBRES BORRASCOSAS,Emerald Fennell,135,09,15:50,2026-03-09,Renoir Princesa,https://www.pillalas.com/pase/1058073/,https://www.cinesrenoir.com/pelicula/cumbres-borrascosas/,https://media.pillalas.com/imagenes/726afb526abffa83abe8577deb3c0674bd352fd2b0500497b1d5570f2dd570487210fc4e.jpg,Inglés,No recomendada para menores de 16 años,Viernes 13 Febrero 2026,"Margot Robbie, Jacob Elordi, Hong Chau, Alison Oliver, Owen Cooper, Shazad Latif, Martin Clunes, Ewan Mitchell, Amy Morgan, Jessica Knappett, Charlotte Mellington, Vy Nguyen","Adaptada a todo tipo de formatos en multitud de ocasiones, se trata de una trágica historia de pasiones encontradas en la Inglaterra rural más conservadora. Una historia de venganza y odio, de pasiones desatadas y amores desesperados que van más allá de la muerte ambientada en los brumosos y sombríos páramos de Yorkshire, al norte de Inglaterra."
CUMBRES BORRASCOSAS,Emerald Fennell,135,07,17:40,2026-03-09,Renoir Princesa,https://www.pillalas.com/pase/1057986/,https://www.cinesrenoir.com/pelicula/cumbres-borrascosas/,https://media.pillalas.com/imagenes/726afb526abffa83abe8577deb3c0674bd352fd2b0500497b1d5570f2dd570487210fc4e.jpg,Inglés,No recomendada para menores de 16 años,Viernes 13 Febrero 2026,"Margot Robbie, Jacob Elordi, Hong Chau, Alison Oliver, Owen Cooper, Shazad Latif, Martin Clunes, Ewan Mitchell, Amy Morgan, Jessica Knappett, Charlotte Mellington, Vy Nguyen","Adaptada a todo tipo de formatos en multitud de ocasiones, se trata de una trágica historia de pasiones encontradas en la Inglaterra rural más conservadora. Una historia de venganza y odio, de pasiones desatadas y amores desesperados que van más allá de la muerte ambientada en los brumosos y sombríos páramos de Yorkshire, al norte de Inglaterra."
CUMBRES BORRASCOSAS,Emerald Fennell,135,09,20:00,2026-03-09,Renoir Princesa,https://www.pillalas.com/pase/1058077/,https://www.cinesrenoir.com/pelicula/cumbres-borrascosas/,https://media.pillalas.com/imagenes/726afb526abffa83abe8577deb3c0674bd352fd2b0500497b1d5570f2dd570487210fc4e.jpg,Inglés,No recomendada para menores de 16 años,Viernes 13 Febrero 2026,"Margot Robbie, Jacob Elordi, Hong Chau, Alison Oliver, Owen Cooper, Shazad Latif, Martin Clunes, Ewan Mitchell, Amy Morgan, Jessica Knappett, Charlotte Mellington, Vy Nguyen","Adaptada a todo tipo de formatos en multitud de ocasiones, se trata de una trágica historia de pasiones encontradas en la Inglaterra rural más conservadora. Una historia de venganza y odio, de pasiones desatadas y amores desesperados que van más allá de la muerte ambientada en los brumosos y sombríos páramos de Yorkshire, al norte de Inglaterra."
CUMBRES BORRASCOSAS,Emerald Fennell,135,09,22:30,2026-03-09,Renoir Princesa,https://www.pillalas.com/pase/1058082/,https://www.cinesrenoir.com/pelicula/cumbres-borrascosas/,https://media.pillalas.com/imagenes/726afb526abffa83abe8577deb3c0674bd352fd2b0500497b1d5570f2dd570487210fc4e.jpg,Inglés,No recomendada para menores de 16 años,Viernes 13 Febrero 2026,"Margot Robbie, Jacob Elordi, Hong Chau, Alison Oliver, Owen Cooper, Shazad Latif, Martin Clunes, Ewan Mitchell, Amy Morgan, Jessica Knappett, Charlotte Mellington, Vy Nguyen","Adaptada a todo tipo de formatos en multitud de ocasiones, se trata de una trágica historia de pasiones encontradas en la Inglaterra rural más conservadora. Una historia de venganza y odio, de pasiones desatadas y amores desesperados que van más allá de la muerte ambientada en los brumosos y sombríos páramos de Yorkshire, al norte de Inglaterra."
EL AGENTE SECRETO,Kleber Mendonça Filho,160,04,16:00,2026-03-09,Renoir Princesa,https://www.pillalas.com/pase/1057985/,https://www.cinesrenoir.com/pelicula/el-agente-secreto/,https://media.pillalas.com/imagenes/726afb526abffa83bdba0b90e98cf11293bcd8b9c8be1af817aa6c045cd8f479730f7511.jpg,Portugués,No recomendada para menores de 16 años,Viernes 20 Febrero 2026,"Wagner Moura, Gabriel Leone, Udo Kier, Maria Fernanda Cândido","1977. En un Brasil atormentado por la dictadura militar, Marcelo, un cuarentón que huye de un pasado turbulento, llega a la ciudad de Recife, donde espera construir una nueva vida y reencontrarse con su hijo. Todo se complica cuando descubre que las fuerzas gubernamentales le persiguen y las amenazas de muerte se ciernen sobre su cabeza."
EL AGENTE SECRETO,Kleber Mendonça Filho,160,04,18:55,2026-03-09,Renoir Princesa,https://www.pillalas.com/pase/1057989/,https://www.cinesrenoir.com/pelicula/el-agente-secreto/,https://media.pillalas.com/imagenes/726afb526abffa83bdba0b90e98cf11293bcd8b9c8be1af817aa6c045cd8f479730f7511.jpg,Portugués,No recomendada para menores de 16 años,Viernes 20 Febrero 2026,"Wagner Moura, Gabriel Leone, Udo Kier, Maria Fernanda Cândido","1977. En un Brasil atormentado por la dictadura militar, Marcelo, un cuarentón que huye de un pasado turbulento, llega a la ciudad de Recife, donde espera construir una nueva vida y reencontrarse con su hijo. Todo se complica cuando descubre que las fuerzas gubernamentales le persiguen y las amenazas de muerte se ciernen sobre su cabeza."
EL AGENTE SECRETO,Kleber Mendonça Filho,160,07,20:15,2026-03-09,Renoir Princesa,https://www.pillalas.com/pase/1058079/,https://www.cinesrenoir.com/pelicula/el-agente-secreto/,https://media.pillalas.com/imagenes/726afb526abffa83bdba0b90e98cf11293bcd8b9c8be1af817aa6c045cd8f479730f7511.jpg,Portugués,No recomendada para menores de 16 años,Viernes 20 Febrero 2026,"Wagner Moura, Gabriel Leone, Udo Kier, Maria Fernanda Cândido","1977. En un Brasil atormentado por la dictadura militar, Marcelo, un cuarentón que huye de un pasado turbulento, llega a la ciudad de Recife, donde espera construir una nueva vida y reencontrarse con su hijo. Todo se complica cuando descubre que las fuerzas gubernamentales le persiguen y las amenazas de muerte se ciernen sobre su cabeza."
EL AGENTE SECRETO,Kleber Mendonça Filho,160,04,21:50,2026-03-09,Renoir Princesa,https://www.pillalas.com/pase/1057994/,https://www.cinesrenoir.com/pelicula/el-agente-secreto/,https://media.pillalas.com/imagenes/726afb526abffa83bdba0b90e98cf11293bcd8b9c8be1af817aa6c045cd8f479730f7511.jpg,Portugués,No recomendada para menores de 16 años,Viernes 20 Febrero 2026,"Wagner Moura, Gabriel Leone, Udo Kier, Maria Fernanda Cândido","1977. En un Brasil atormentado por la dictadura militar, Marcelo, un cuarentón que huye de un pasado turbulento, llega a la ciudad de Recife, donde espera construir una nueva vida y reencontrarse con su hijo. Todo se complica cuando descubre que las fuerzas gubernamentales le persiguen y las amenazas de muerte se ciernen sobre su cabeza."
EL MAGO DEL KREMLIN,Olivier Assayas,145,03,16:10,2026-03-09,Renoir Princesa,https://www.pillalas.com/pase/1057914/,https://www.cinesrenoir.com/pelicula/el-mago-del-kremlin/,https://media.pillalas.com/imagenes/726afb526abffa833889e44ac42f5cc54d6019702d8546ebf4550316f78770131f777f2b.jpg,Inglés,No recomendada para menores de 12 años,Viernes 6 Marzo 2026,"Paul Dano, Alicia Vikander, Jude Law, Tom Sturridge, Jeffrey Wright, Will Keen","En medio del caos postsoviético de los años 90, el joven Vadim Baranov (Paul Dano) empieza a labrarse un camino como artista y productor de televisión. Su elocuencia y conexión con las altas esferas le llevan a convertirse, de la noche a la mañana, en el asesor de un agente del KGB con un brillante porvenir: Vladimir Putin (Jude Law). Desde las entrañas del poder, ambos darán forma a la nueva Rusia, difuminando, mediante manipulación, los límites entre la verdad y la mentira."
EL MAGO DEL KREMLIN,Olivier Assayas,145,01,17:40,2026-03-09,Renoir Princesa,https://www.pillalas.com/pase/1057915/,https://www.cinesrenoir.com/pelicula/el-mago-del-kremlin/,https://media.pillalas.com/imagenes/726afb526abffa833889e44ac42f5cc54d6019702d8546ebf4550316f78770131f777f2b.jpg,Inglés,No recomendada para menores de 12 años,Viernes 6 Marzo 2026,"Paul Dano, Alicia Vikander, Jude Law, Tom Sturridge, Jeffrey Wright, Will Keen","En medio del caos postsoviético de los años 90, el joven Vadim Baranov (Paul Dano) empieza a labrarse un camino como artista y productor de televisión. Su elocuencia y conexión con las altas esferas le llevan a convertirse, de la noche a la mañana, en el asesor de un agente del KGB con un brillante porvenir: Vladimir Putin (Jude Law). Desde las entrañas del poder, ambos darán forma a la nueva Rusia, difuminando, mediante manipulación, los límites entre la verdad y la mentira."
EL MAGO DEL KREMLIN,Olivier Assayas,145,01,22:10,2026-03-09,Renoir Princesa,https://www.pillalas.com/pase/1057918/,https://www.cinesrenoir.com/pelicula/el-mago-del-kremlin/,https://media.pillalas.com/imagenes/726afb526abffa833889e44ac42f5cc54d6019702d8546ebf4550316f78770131f777f2b.jpg,Inglés,No recomendada para menores de 12 años,Viernes 6 Marzo 2026,"Paul Dano, Alicia Vikander, Jude Law, Tom Sturridge, Jeffrey Wright, Will Keen","En medio del caos postsoviético de los años 90, el joven Vadim Baranov (Paul Dano) empieza a labrarse un camino como artista y productor de televisión. Su elocuencia y conexión con las altas esferas le llevan a convertirse, de la noche a la mañana, en el asesor de un agente del KGB con un brillante porvenir: Vladimir Putin (Jude Law). Desde las entrañas del poder, ambos darán forma a la nueva Rusia, difuminando, mediante manipulación, los límites entre la verdad y la mentira."
HAMNET,Chloé Zhao,125,08,16:00,2026-03-09,Renoir Princesa,https://www.pillalas.com/pase/1058074/,https://www.cinesrenoir.com/pelicula/hamnet/,https://www.cinesrenoir.com/media/Peliculas/Cartel/HAMNET_Cartel_Digital_8Nominaciones_Oscar_YaEnCines_v2_2.jpg,Inglés,No recomendada para menores de 12 años,Viernes 23 Enero 2026,"Jessie Buckley, Paul Mescal, Joe Alwyn, Emily Watson","Año 1596, Stratford-upon-Avon, Inglaterra. La vida de Agnes transcurre plácidamente junto a su marido y sus tres hijos. Ella cultiva plantas medicinales mientras William trabaja en Londres. El destino, sin embargo, les reservará un duro golpe cuando su hijo Hamnet, de once años, muera repentinamente tras contraer la peste. A raíz de esta tragedia, su padre creará uno de los grandes personajes de la literatura universal, de nombre casi idéntico al de su hijo.


Pero esta película no habla de famosos sucesos sino de algo íntimo y olvidado: La vida de esta familia, y especialmente la de la mujer que la sostenía y que tuvo que cargar con una insoportable pérdida."
HAMNET,Chloé Zhao,125,05,17:55,2026-03-09,Renoir Princesa,https://www.pillalas.com/pase/1057987/,https://www.cinesrenoir.com/pelicula/hamnet/,https://www.cinesrenoir.com/media/Peliculas/Cartel/HAMNET_Cartel_Digital_8Nominaciones_Oscar_YaEnCines_v2_2.jpg,Inglés,No recomendada para menores de 12 años,Viernes 23 Enero 2026,"Jessie Buckley, Paul Mescal, Joe Alwyn, Emily Watson","Año 1596, Stratford-upon-Avon, Inglaterra. La vida de Agnes transcurre plácidamente junto a su marido y sus tres hijos. Ella cultiva plantas medicinales mientras William trabaja en Londres. El destino, sin embargo, les reservará un duro golpe cuando su hijo Hamnet, de once años, muera repentinamente tras contraer la peste. A raíz de esta tragedia, su padre creará uno de los grandes personajes de la literatura universal, de nombre casi idéntico al de su hijo.


Pero esta película no habla de famosos sucesos sino de algo íntimo y olvidado: La vida de esta familia, y especialmente la de la mujer que la sostenía y que tuvo que cargar con una insoportable pérdida."
HAMNET,Chloé Zhao,125,05,20:15,2026-03-09,Renoir Princesa,https://www.pillalas.com/pase/1057991/,https://www.cinesrenoir.com/pelicula/hamnet/,https://www.cinesrenoir.com/media/Peliculas/Cartel/HAMNET_Cartel_Digital_8Nominaciones_Oscar_YaEnCines_v2_2.jpg,Inglés,No recomendada para menores de 12 años,Viernes 23 Enero 2026,"Jessie Buckley, Paul Mescal, Joe Alwyn, Emily Watson","Año 1596, Stratford-upon-Avon, Inglaterra. La vida de Agnes transcurre plácidamente junto a su marido y sus tres hijos. Ella cultiva plantas medicinales mientras William trabaja en Londres. El destino, sin embargo, les reservará un duro golpe cuando su hijo Hamnet, de once años, muera repentinamente tras contraer la peste. A raíz de esta tragedia, su padre creará uno de los grandes personajes de la literatura universal, de nombre casi idéntico al de su hijo.


Pero esta película no habla de famosos sucesos sino de algo íntimo y olvidado: La vida de esta familia, y especialmente la de la mujer que la sostenía y que tuvo que cargar con una insoportable pérdida."
HAMNET,Chloé Zhao,125,05,22:35,2026-03-09,Renoir Princesa,https://www.pillalas.com/pase/1057995/,https://www.cinesrenoir.com/pelicula/hamnet/,https://www.cinesrenoir.com/media/Peliculas/Cartel/HAMNET_Cartel_Digital_8Nominaciones_Oscar_YaEnCines_v2_2.jpg,Inglés,No recomendada para menores de 12 años,Viernes 23 Enero 2026,"Jessie Buckley, Paul Mescal, Joe Alwyn, Emily Watson","Año 1596, Stratford-upon-Avon, Inglaterra. La vida de Agnes transcurre plácidamente junto a su marido y sus tres hijos. Ella cultiva plantas medicinales mientras William trabaja en Londres. El destino, sin embargo, les reservará un duro golpe cuando su hijo Hamnet, de once años, muera repentinamente tras contraer la peste. A raíz de esta tragedia, su padre creará uno de los grandes personajes de la literatura universal, de nombre casi idéntico al de su hijo.


Pero esta película no habla de famosos sucesos sino de algo íntimo y olvidado: La vida de esta familia, y especialmente la de la mujer que la sostenía y que tuvo que cargar con una insoportable pérdida."
LA SOMBRA DE MI PADRE,Akinola Davies,94,01,15:50,2026-03-09,Renoir Princesa,https://www.pillalas.com/pase/1058640/,https://www.cinesrenoir.com/pelicula/la-sombra-de-mi-padre/,https://media.pillalas.com/imagenes/726afb526abffa83b400e9327dc59948d5f51eecc0c622647e6461545b9a00169ae2e56b.jpg,Inglés,Pendiente de calificación,Viernes 6 Marzo 2026,"Sope Dirisu, Chibuike Marvellous Egbo, Godwin Egbo, Akerele David","Relato semiautobiográfico que transcurre en un solo día en Lagos, la capital de Nigeria, durante la crisis electoral de 1993."
LA SOMBRA DE MI PADRE,Akinola Davies,94,01,20:20,2026-03-09,Renoir Princesa,https://www.pillalas.com/pase/1058641/,https://www.cinesrenoir.com/pelicula/la-sombra-de-mi-padre/,https://media.pillalas.com/imagenes/726afb526abffa83b400e9327dc59948d5f51eecc0c622647e6461545b9a00169ae2e56b.jpg,Inglés,Pendiente de calificación,Viernes 6 Marzo 2026,"Sope Dirisu, Chibuike Marvellous Egbo, Godwin Egbo, Akerele David","Relato semiautobiográfico que transcurre en un solo día en Lagos, la capital de Nigeria, durante la crisis electoral de 1993."
LOS DOMINGOS,Alauda Ruiz De Azúa,115,06,16:00,2026-03-09,Renoir Princesa,https://www.pillalas.com/pase/1057984/,https://www.cinesrenoir.com/pelicula/los-domingos/,https://media.pillalas.com/imagenes/726afb526abffa83eb13c84b6e843cdf406388aa12cc57b934b6e5ab1c8e2d84ce9ad1f4.jpg,Castellano,No recomendada para menores de 12 años,Viernes 24 Octubre 2025,"Patricia López Arnaiz, Blanca Soroa, Miguel Garcés, Juan Minujín, Mabel Rivera, Nagore Aramburu","'Los domingos' cuenta la historia de Ainara (Soroa), una joven idealista y brillante de 17 años que ha de decidir qué carrera universitaria estudiará. O, al menos, eso espera su familia que haga. Sin embargo, la joven manifiesta que se siente cada vez más cerca de Dios y que se plantea abrazar la vida de monja de clausura. La noticia pilla por sorpresa a toda la familia provocando un abismo y una prueba de fuego para todos."
LOS DOMINGOS,Alauda Ruiz De Azúa,115,06,18:15,2026-03-09,Renoir Princesa,https://www.pillalas.com/pase/1057988/,https://www.cinesrenoir.com/pelicula/los-domingos/,https://media.pillalas.com/imagenes/726afb526abffa83eb13c84b6e843cdf406388aa12cc57b934b6e5ab1c8e2d84ce9ad1f4.jpg,Castellano,No recomendada para menores de 12 años,Viernes 24 Octubre 2025,"Patricia López Arnaiz, Blanca Soroa, Miguel Garcés, Juan Minujín, Mabel Rivera, Nagore Aramburu","'Los domingos' cuenta la historia de Ainara (Soroa), una joven idealista y brillante de 17 años que ha de decidir qué carrera universitaria estudiará. O, al menos, eso espera su familia que haga. Sin embargo, la joven manifiesta que se siente cada vez más cerca de Dios y que se plantea abrazar la vida de monja de clausura. La noticia pilla por sorpresa a toda la familia provocando un abismo y una prueba de fuego para todos."
LOS DOMINGOS,Alauda Ruiz De Azúa,115,06,20:30,2026-03-09,Renoir Princesa,https://www.pillalas.com/pase/1057992/,https://www.cinesrenoir.com/pelicula/los-domingos/,https://media.pillalas.com/imagenes/726afb526abffa83eb13c84b6e843cdf406388aa12cc57b934b6e5ab1c8e2d84ce9ad1f4.jpg,Castellano,No recomendada para menores de 12 años,Viernes 24 Octubre 2025,"Patricia López Arnaiz, Blanca Soroa, Miguel Garcés, Juan Minujín, Mabel Rivera, Nagore Aramburu","'Los domingos' cuenta la historia de Ainara (Soroa), una joven idealista y brillante de 17 años que ha de decidir qué carrera universitaria estudiará. O, al menos, eso espera su familia que haga. Sin embargo, la joven manifiesta que se siente cada vez más cerca de Dios y que se plantea abrazar la vida de monja de clausura. La noticia pilla por sorpresa a toda la familia provocando un abismo y una prueba de fuego para todos."
LOS DOMINGOS,Alauda Ruiz De Azúa,115,06,22:40,2026-03-09,Renoir Princesa,https://www.pillalas.com/pase/1057996/,https://www.cinesrenoir.com/pelicula/los-domingos/,https://media.pillalas.com/imagenes/726afb526abffa83eb13c84b6e843cdf406388aa12cc57b934b6e5ab1c8e2d84ce9ad1f4.jpg,Castellano,No recomendada para menores de 12 años,Viernes 24 Octubre 2025,"Patricia López Arnaiz, Blanca Soroa, Miguel Garcés, Juan Minujín, Mabel Rivera, Nagore Aramburu","'Los domingos' cuenta la historia de Ainara (Soroa), una joven idealista y brillante de 17 años que ha de decidir qué carrera universitaria estudiará. O, al menos, eso espera su familia que haga. Sin embargo, la joven manifiesta que se siente cada vez más cerca de Dios y que se plantea abrazar la vida de monja de clausura. La noticia pilla por sorpresa a toda la familia provocando un abismo y una prueba de fuego para todos."
MARTY SUPREME,Josh Safdie,149,03,19:00,2026-03-09,Renoir Princesa,https://www.pillalas.com/pase/1057990/,https://www.cinesrenoir.com/pelicula/marty-supreme/,https://media.pillalas.com/imagenes/726afb526abffa83215ea8a89c8894fb1ac44e6c3b86faba19f84e195b42d541304dcb79.jpg,Inglés,No recomendada para menores de 16 años,Viernes 30 Enero 2026,"Timothee Chalamet, Gwyneth Paltrow, Odessa A Zion, Sandra Bernhard, Fran Drescher, Abel Ferrara, Spenser Granese, Tyler The Creator, Penn Jillette, Kevin O Leary","Marty Mauser (Timothée Chalamet), un joven con una ambición desmesurada, está dispuesto a todo para cumplir su sueño. Con ayuda, entre otros, de la estrella de cine Carol Dunne (Gwyneth Paltrow) demostrará al mundo entero su grandeza."
MARTY SUPREME,Josh Safdie,149,03,21:45,2026-03-09,Renoir Princesa,https://www.pillalas.com/pase/1057993/,https://www.cinesrenoir.com/pelicula/marty-supreme/,https://media.pillalas.com/imagenes/726afb526abffa83215ea8a89c8894fb1ac44e6c3b86faba19f84e195b42d541304dcb79.jpg,Inglés,No recomendada para menores de 16 años,Viernes 30 Enero 2026,"Timothee Chalamet, Gwyneth Paltrow, Odessa A Zion, Sandra Bernhard, Fran Drescher, Abel Ferrara, Spenser Granese, Tyler The Creator, Penn Jillette, Kevin O Leary","Marty Mauser (Timothée Chalamet), un joven con una ambición desmesurada, está dispuesto a todo para cumplir su sueño. Con ayuda, entre otros, de la estrella de cine Carol Dunne (Gwyneth Paltrow) demostrará al mundo entero su grandeza."
PILLION,Harry Lighton,106,11,16:00,2026-03-09,Renoir Princesa,https://www.pillalas.com/pase/1058132/,https://www.cinesrenoir.com/pelicula/pillion/,https://www.cinesrenoir.com/media/Peliculas/Cartel/POSTER_2_3_web_1_1_1.png,Inglés,Pendiente de calificación,Viernes 6 Marzo 2026,"Harry Melling, Alexander Skarsgård, Lesley Sharp, Douglas Hodge","Colin, un chico introvertido, se queda prendado de Ray, el carismático y atractivo líder de una banda de moteros que le toma como su sumiso, dinamitando su rutina y cambiándole la vida."
PILLION,Harry Lighton,106,10,18:10,2026-03-09,Renoir Princesa,https://www.pillalas.com/pase/1058134/,https://www.cinesrenoir.com/pelicula/pillion/,https://www.cinesrenoir.com/media/Peliculas/Cartel/POSTER_2_3_web_1_1_1.png,Inglés,Pendiente de calificación,Viernes 6 Marzo 2026,"Harry Melling, Alexander Skarsgård, Lesley Sharp, Douglas Hodge","Colin, un chico introvertido, se queda prendado de Ray, el carismático y atractivo líder de una banda de moteros que le toma como su sumiso, dinamitando su rutina y cambiándole la vida."
PILLION,Harry Lighton,106,10,20:10,2026-03-09,Renoir Princesa,https://www.pillalas.com/pase/1058135/,https://www.cinesrenoir.com/pelicula/pillion/,https://www.cinesrenoir.com/media/Peliculas/Cartel/POSTER_2_3_web_1_1_1.png,Inglés,Pendiente de calificación,Viernes 6 Marzo 2026,"Harry Melling, Alexander Skarsgård, Lesley Sharp, Douglas Hodge","Colin, un chico introvertido, se queda prendado de Ray, el carismático y atractivo líder de una banda de moteros que le toma como su sumiso, dinamitando su rutina y cambiándole la vida."
PILLION,Harry Lighton,106,11,22:40,2026-03-09,Renoir Princesa,https://www.pillalas.com/pase/1058137/,https://www.cinesrenoir.com/pelicula/pillion/,https://www.cinesrenoir.com/media/Peliculas/Cartel/POSTER_2_3_web_1_1_1.png,Inglés,Pendiente de calificación,Viernes 6 Marzo 2026,"Harry Melling, Alexander Skarsgård, Lesley Sharp, Douglas Hodge","Colin, un chico introvertido, se queda prendado de Ray, el carismático y atractivo líder de una banda de moteros que le toma como su sumiso, dinamitando su rutina y cambiándole la vida."
RENTAL FAMILY (FAMILIA DE ALQUILER),Mitsuyo Miyazaki,109,05,15:50,2026-03-09,Renoir Princesa,https://www.pillalas.com/pase/1057983/,https://www.cinesrenoir.com/pelicula/rental-family-familia-de-alquiler/,https://media.pillalas.com/imagenes/726afb526abffa8354fd8d551fddc8b6f2c37df750c002f9f65d59d1707b603c58f3211d.jpg,Inglés Y Japonés,No recomendada para menores de 12 años,Viernes 9 Enero 2026,"Brendan Fraser, Mari Yamamoto, Takehiro Hira, Akira Emoto, Shannon Gorman","Comedia dramática sobre un actor estadounidense (Brendan Fraser) que lucha por encontrar un propósito en la vida en el Tokio actual. Hasta que consigue un trabajo inusual, trabajar para una agencia japonesa de ""familias de alquiler"", interpretando papeles de suplente para desconocidos."
SIRAT,Óliver Laxe,120,08,20:15,2026-03-09,Renoir Princesa,https://www.pillalas.com/pase/1058078/,https://www.cinesrenoir.com/pelicula/sirat/,https://www.cinesrenoir.com/media/Peliculas/Cartel/SIRAT_ONLINE_GOYAOSCARS.jpg,Castellano Y Otros,No recomendada para menores de 16 años,Viernes 6 Junio 2025,"Sergi López, Bruno Núñez, Stefania Gadda, Joshua Liam Herderson, Tonin Javier, Jade Ouki, Richard Bellamyun","Un hombre (López) y su hijo (Nuñez) llegan a una rave perdida en medio de las áridas y fantasmagóricas montañas del sur de Marruecos. Buscan allí a Mar, su hija y hermana, desaparecida hace meses en una de estas fiestas sin amanecer. Reparten una y otra vez su foto rodeados de música electrónica y de un tipo de libertad que desconocen. Empujados por el destino, y con la esperanza de encontrar ahí a Mar, deciden seguir a un grupo de raveros hacia la última fiesta que se celebrará en el desierto."
SIRAT,Óliver Laxe,120,08,22:25,2026-03-09,Renoir Princesa,https://www.pillalas.com/pase/1058081/,https://www.cinesrenoir.com/pelicula/sirat/,https://www.cinesrenoir.com/media/Peliculas/Cartel/SIRAT_ONLINE_GOYAOSCARS.jpg,Castellano Y Otros,No recomendada para menores de 16 años,Viernes 6 Junio 2025,"Sergi López, Bruno Núñez, Stefania Gadda, Joshua Liam Herderson, Tonin Javier, Jade Ouki, Richard Bellamyun","Un hombre (López) y su hijo (Nuñez) llegan a una rave perdida en medio de las áridas y fantasmagóricas montañas del sur de Marruecos. Buscan allí a Mar, su hija y hermana, desaparecida hace meses en una de estas fiestas sin amanecer. Reparten una y otra vez su foto rodeados de música electrónica y de un tipo de libertad que desconocen. Empujados por el destino, y con la esperanza de encontrar ahí a Mar, deciden seguir a un grupo de raveros hacia la última fiesta que se celebrará en el desierto."
"SORRY, BABY",Eva Victor,102,08,18:20,2026-03-09,Renoir Princesa,https://www.pillalas.com/pase/1058076/,https://www.cinesrenoir.com/pelicula/sorry-baby/,https://media.pillalas.com/imagenes/726afb526abffa837c59681f561d4afba82a26ef8235abdaa380a4c9cf2bacb70dacac1c.jpg,Inglés,No recomendada para menores de 16 años y distintivo especialmente recomendada para el fomento de la igualdad de género,Viernes 27 Febrero 2026,"Eva Victor, Naomi Ackie, Lucas Hedges, John Carroll Lynch, Louis Cancelmi","A Agnes le pasó algo malo. Pero la vida sigue, al menos para todos los que la rodean."
"SORRY, BABY",Eva Victor,102,02,22:45,2026-03-09,Renoir Princesa,https://www.pillalas.com/pase/1057919/,https://www.cinesrenoir.com/pelicula/sorry-baby/,https://media.pillalas.com/imagenes/726afb526abffa837c59681f561d4afba82a26ef8235abdaa380a4c9cf2bacb70dacac1c.jpg,Inglés,No recomendada para menores de 16 años y distintivo especialmente recomendada para el fomento de la igualdad de género,Viernes 27 Febrero 2026,"Eva Victor, Naomi Ackie, Lucas Hedges, John Carroll Lynch, Louis Cancelmi","A Agnes le pasó algo malo. Pero la vida sigue, al menos para todos los que la rodean."
TRES ADIOSES,Isabel Coixet,122,02,16:00,2026-03-09,Renoir Princesa,https://www.pillalas.com/pase/1057913/,https://www.cinesrenoir.com/pelicula/tres-adioses/,https://media.pillalas.com/imagenes/726afb526abffa832ea2a44a189894de905fc7e94534a8bf4ef6bf13e5ccdfe90922c22e.jpg,Italiano,No recomendada para menores de 12 años,Viernes 6 Febrero 2026,"Alba Rohrwacher, Elio Germano, Francesco Carril, Silvia D Amico, Galatea Bellugi, Sarita Choudhury","Tras lo que parecía una discusión sin importancia, Marta (Alba Rohrwacher) y Antonio (Elio Germano) se separan. Él, un chef prometedor, se refugia en sus fogones; ella, en su silencio, empieza a notar algo más que tristeza: ha perdido el apetito… y no solo por desamor. Cuando descubre que detrás hay un problema de salud, todo da un giro inesperado: la comida sabe mejor, la música le llega como nunca y el deseo despierta sus ganas de vivir sin miedo.
Una historia sobre el amor, la vida y esos momentos que lo cambian todo para siempre."
TRES ADIOSES,Isabel Coixet,122,02,18:15,2026-03-09,Renoir Princesa,https://www.pillalas.com/pase/1057916/,https://www.cinesrenoir.com/pelicula/tres-adioses/,https://media.pillalas.com/imagenes/726afb526abffa832ea2a44a189894de905fc7e94534a8bf4ef6bf13e5ccdfe90922c22e.jpg,Italiano,No recomendada para menores de 12 años,Viernes 6 Febrero 2026,"Alba Rohrwacher, Elio Germano, Francesco Carril, Silvia D Amico, Galatea Bellugi, Sarita Choudhury","Tras lo que parecía una discusión sin importancia, Marta (Alba Rohrwacher) y Antonio (Elio Germano) se separan. Él, un chef prometedor, se refugia en sus fogones; ella, en su silencio, empieza a notar algo más que tristeza: ha perdido el apetito… y no solo por desamor. Cuando descubre que detrás hay un problema de salud, todo da un giro inesperado: la comida sabe mejor, la música le llega como nunca y el deseo despierta sus ganas de vivir sin miedo.
Una historia sobre el amor, la vida y esos momentos que lo cambian todo para siempre."
TRES ADIOSES,Isabel Coixet,122,02,20:30,2026-03-09,Renoir Princesa,https://www.pillalas.com/pase/1057917/,https://www.cinesrenoir.com/pelicula/tres-adioses/,https://media.pillalas.com/imagenes/726afb526abffa832ea2a44a189894de905fc7e94534a8bf4ef6bf13e5ccdfe90922c22e.jpg,Italiano,No recomendada para menores de 12 años,Viernes 6 Febrero 2026,"Alba Rohrwacher, Elio Germano, Francesco Carril, Silvia D Amico, Galatea Bellugi, Sarita Choudhury","Tras lo que parecía una discusión sin importancia, Marta (Alba Rohrwacher) y Antonio (Elio Germano) se separan. Él, un chef prometedor, se refugia en sus fogones; ella, en su silencio, empieza a notar algo más que tristeza: ha perdido el apetito… y no solo por desamor. Cuando descubre que detrás hay un problema de salud, todo da un giro inesperado: la comida sabe mejor, la música le llega como nunca y el deseo despierta sus ganas de vivir sin miedo.
Una historia sobre el amor, la vida y esos momentos que lo cambian todo para siempre."
¡LA NOVIA!,Maggie Gyllenhaal,126,10,15:50,2026-03-09,Renoir Princesa,https://www.pillalas.com/pase/1058072/,https://www.cinesrenoir.com/pelicula/la-novia/,https://media.pillalas.com/imagenes/726afb526abffa834d5e9976411fdc20e28407e451a89b449da3736e5440bebb2e35bc4c.jpg,Inglés,No recomendada para menores de 16 años y distintivo especialmente recomendada para el fomento de la igualdad de género,Viernes 6 Marzo 2026,"Jessie Buckley, Christian Bale, Peter Sarsgaard, Annette Bening, Penelope Cruz, Jake Gyllenhaal, Julianne Hough, Louis Cancelmi, John Magaro, Linda Emond, Jeannie Berlin, Matthew Maher","En el Chicago de los años 30, un solitario Frankenstein pide la ayuda del Dr. Euphronius para crearse una compañera. Los dos resucitan a una joven asesinada y en ese momento nace la Novia, quien irá más allá de lo que cualquiera de los dos pretendía, encendiendo un romance apasionado, la atención de la policía y un movimiento social salvaje y radical."
¡LA NOVIA!,Maggie Gyllenhaal,126,11,18:00,2026-03-09,Renoir Princesa,https://www.pillalas.com/pase/1058133/,https://www.cinesrenoir.com/pelicula/la-novia/,https://media.pillalas.com/imagenes/726afb526abffa834d5e9976411fdc20e28407e451a89b449da3736e5440bebb2e35bc4c.jpg,Inglés,No recomendada para menores de 16 años y distintivo especialmente recomendada para el fomento de la igualdad de género,Viernes 6 Marzo 2026,"Jessie Buckley, Christian Bale, Peter Sarsgaard, Annette Bening, Penelope Cruz, Jake Gyllenhaal, Julianne Hough, Louis Cancelmi, John Magaro, Linda Emond, Jeannie Berlin, Matthew Maher","En el Chicago de los años 30, un solitario Frankenstein pide la ayuda del Dr. Euphronius para crearse una compañera. Los dos resucitan a una joven asesinada y en ese momento nace la Novia, quien irá más allá de lo que cualquiera de los dos pretendía, encendiendo un romance apasionado, la atención de la policía y un movimiento social salvaje y radical."
¡LA NOVIA!,Maggie Gyllenhaal,126,11,20:20,2026-03-09,Renoir Princesa,https://www.pillalas.com/pase/1058136/,https://www.cinesrenoir.com/pelicula/la-novia/,https://media.pillalas.com/imagenes/726afb526abffa834d5e9976411fdc20e28407e451a89b449da3736e5440bebb2e35bc4c.jpg,Inglés,No recomendada para menores de 16 años y distintivo especialmente recomendada para el fomento de la igualdad de género,Viernes 6 Marzo 2026,"Jessie Buckley, Christian Bale, Peter Sarsgaard, Annette Bening, Penelope Cruz, Jake Gyllenhaal, Julianne Hough, Louis Cancelmi, John Magaro, Linda Emond, Jeannie Berlin, Matthew Maher","En el Chicago de los años 30, un solitario Frankenstein pide la ayuda del Dr. Euphronius para crearse una compañera. Los dos resucitan a una joven asesinada y en ese momento nace la Novia, quien irá más allá de lo que cualquiera de los dos pretendía, encendiendo un romance apasionado, la atención de la policía y un movimiento social salvaje y radical."
¡LA NOVIA!,Maggie Gyllenhaal,126,10,22:10,2026-03-09,Renoir Princesa,https://www.pillalas.com/pase/1058080/,https://www.cinesrenoir.com/pelicula/la-novia/,https://media.pillalas.com/imagenes/726afb526abffa834d5e9976411fdc20e28407e451a89b449da3736e5440bebb2e35bc4c.jpg,Inglés,No recomendada para menores de 16 años y distintivo especialmente recomendada para el fomento de la igualdad de género,Viernes 6 Marzo 2026,"Jessie Buckley, Christian Bale, Peter Sarsgaard, Annette Bening, Penelope Cruz, Jake Gyllenhaal, Julianne Hough, Louis Cancelmi, John Magaro, Linda Emond, Jeannie Berlin, Matthew Maher","En el Chicago de los años 30, un solitario Frankenstein pide la ayuda del Dr. Euphronius para crearse una compañera. Los dos resucitan a una joven asesinada y en ese momento nace la Novia, quien irá más allá de lo que cualquiera de los dos pretendía, encendiendo un romance apasionado, la atención de la policía y un movimiento social salvaje y radical."
CAMINANDO CON EL DIABLO,Rubén Pérez-Barrena,83,09,18:20,2026-03-10,Renoir Princesa,https://www.pillalas.com/pase/1058086/,https://www.cinesrenoir.com/pelicula/caminando-con-el-diablo/,https://media.pillalas.com/imagenes/726afb526abffa83961675500a58cf0d4c3949b70c666a7228045fb9d4e5bc88aba5c294.jpg,Castellano,No recomendada para menores de 16 años,Viernes 6 Marzo 2026,"Tamar Novas, Marina Salas, Iván Marcos, Annick Weerts, Alban Petit","España, años ochenta. Miguel y Alicia arrastran la desaparición de su hijo Gabriel. Miguel se consume por la culpa de aquella noche de alcohol en la que lo perdió. Para Alicia, en cambio, quien murió ese día no fue su hijo, sino su marido. Lejos de ese infierno, Philippe, un niño francés de diez años, viaja en caravana junto a sus padres. Sus caminos se cruzan con los de Miguel y Alicia. Ese encuentro desencadena un viaje sin retorno al lado más oscuro del ser humano."
CUMBRES BORRASCOSAS,Emerald Fennell,135,09,15:50,2026-03-10,Renoir Princesa,https://www.pillalas.com/pase/1058083/,https://www.cinesrenoir.com/pelicula/cumbres-borrascosas/,https://media.pillalas.com/imagenes/726afb526abffa83abe8577deb3c0674bd352fd2b0500497b1d5570f2dd570487210fc4e.jpg,Inglés,No recomendada para menores de 16 años,Viernes 13 Febrero 2026,"Margot Robbie, Jacob Elordi, Hong Chau, Alison Oliver, Owen Cooper, Shazad Latif, Martin Clunes, Ewan Mitchell, Amy Morgan, Jessica Knappett, Charlotte Mellington, Vy Nguyen","Adaptada a todo tipo de formatos en multitud de ocasiones, se trata de una trágica historia de pasiones encontradas en la Inglaterra rural más conservadora. Una historia de venganza y odio, de pasiones desatadas y amores desesperados que van más allá de la muerte ambientada en los brumosos y sombríos páramos de Yorkshire, al norte de Inglaterra."
CUMBRES BORRASCOSAS,Emerald Fennell,135,07,17:40,2026-03-10,Renoir Princesa,https://www.pillalas.com/pase/1058000/,https://www.cinesrenoir.com/pelicula/cumbres-borrascosas/,https://media.pillalas.com/imagenes/726afb526abffa83abe8577deb3c0674bd352fd2b0500497b1d5570f2dd570487210fc4e.jpg,Inglés,No recomendada para menores de 16 años,Viernes 13 Febrero 2026,"Margot Robbie, Jacob Elordi, Hong Chau, Alison Oliver, Owen Cooper, Shazad Latif, Martin Clunes, Ewan Mitchell, Amy Morgan, Jessica Knappett, Charlotte Mellington, Vy Nguyen","Adaptada a todo tipo de formatos en multitud de ocasiones, se trata de una trágica historia de pasiones encontradas en la Inglaterra rural más conservadora. Una historia de venganza y odio, de pasiones desatadas y amores desesperados que van más allá de la muerte ambientada en los brumosos y sombríos páramos de Yorkshire, al norte de Inglaterra."
CUMBRES BORRASCOSAS,Emerald Fennell,135,09,20:00,2026-03-10,Renoir Princesa,https://www.pillalas.com/pase/1058088/,https://www.cinesrenoir.com/pelicula/cumbres-borrascosas/,https://media.pillalas.com/imagenes/726afb526abffa83abe8577deb3c0674bd352fd2b0500497b1d5570f2dd570487210fc4e.jpg,Inglés,No recomendada para menores de 16 años,Viernes 13 Febrero 2026,"Margot Robbie, Jacob Elordi, Hong Chau, Alison Oliver, Owen Cooper, Shazad Latif, Martin Clunes, Ewan Mitchell, Amy Morgan, Jessica Knappett, Charlotte Mellington, Vy Nguyen","Adaptada a todo tipo de formatos en multitud de ocasiones, se trata de una trágica historia de pasiones encontradas en la Inglaterra rural más conservadora. Una historia de venganza y odio, de pasiones desatadas y amores desesperados que van más allá de la muerte ambientada en los brumosos y sombríos páramos de Yorkshire, al norte de Inglaterra."
CUMBRES BORRASCOSAS,Emerald Fennell,135,09,22:30,2026-03-10,Renoir Princesa,https://www.pillalas.com/pase/1058092/,https://www.cinesrenoir.com/pelicula/cumbres-borrascosas/,https://media.pillalas.com/imagenes/726afb526abffa83abe8577deb3c0674bd352fd2b0500497b1d5570f2dd570487210fc4e.jpg,Inglés,No recomendada para menores de 16 años,Viernes 13 Febrero 2026,"Margot Robbie, Jacob Elordi, Hong Chau, Alison Oliver, Owen Cooper, Shazad Latif, Martin Clunes, Ewan Mitchell, Amy Morgan, Jessica Knappett, Charlotte Mellington, Vy Nguyen","Adaptada a todo tipo de formatos en multitud de ocasiones, se trata de una trágica historia de pasiones encontradas en la Inglaterra rural más conservadora. Una historia de venganza y odio, de pasiones desatadas y amores desesperados que van más allá de la muerte ambientada en los brumosos y sombríos páramos de Yorkshire, al norte de Inglaterra."
EL AGENTE SECRETO,Kleber Mendonça Filho,160,04,16:00,2026-03-10,Renoir Princesa,https://www.pillalas.com/pase/1057998/,https://www.cinesrenoir.com/pelicula/el-agente-secreto/,https://media.pillalas.com/imagenes/726afb526abffa83bdba0b90e98cf11293bcd8b9c8be1af817aa6c045cd8f479730f7511.jpg,Portugués,No recomendada para menores de 16 años,Viernes 20 Febrero 2026,"Wagner Moura, Gabriel Leone, Udo Kier, Maria Fernanda Cândido","1977. En un Brasil atormentado por la dictadura militar, Marcelo, un cuarentón que huye de un pasado turbulento, llega a la ciudad de Recife, donde espera construir una nueva vida y reencontrarse con su hijo. Todo se complica cuando descubre que las fuerzas gubernamentales le persiguen y las amenazas de muerte se ciernen sobre su cabeza."
EL AGENTE SECRETO,Kleber Mendonça Filho,160,04,18:55,2026-03-10,Renoir Princesa,https://www.pillalas.com/pase/1058003/,https://www.cinesrenoir.com/pelicula/el-agente-secreto/,https://media.pillalas.com/imagenes/726afb526abffa83bdba0b90e98cf11293bcd8b9c8be1af817aa6c045cd8f479730f7511.jpg,Portugués,No recomendada para menores de 16 años,Viernes 20 Febrero 2026,"Wagner Moura, Gabriel Leone, Udo Kier, Maria Fernanda Cândido","1977. En un Brasil atormentado por la dictadura militar, Marcelo, un cuarentón que huye de un pasado turbulento, llega a la ciudad de Recife, donde espera construir una nueva vida y reencontrarse con su hijo. Todo se complica cuando descubre que las fuerzas gubernamentales le persiguen y las amenazas de muerte se ciernen sobre su cabeza."
EL AGENTE SECRETO,Kleber Mendonça Filho,160,04,21:50,2026-03-10,Renoir Princesa,https://www.pillalas.com/pase/1058008/,https://www.cinesrenoir.com/pelicula/el-agente-secreto/,https://media.pillalas.com/imagenes/726afb526abffa83bdba0b90e98cf11293bcd8b9c8be1af817aa6c045cd8f479730f7511.jpg,Portugués,No recomendada para menores de 16 años,Viernes 20 Febrero 2026,"Wagner Moura, Gabriel Leone, Udo Kier, Maria Fernanda Cândido","1977. En un Brasil atormentado por la dictadura militar, Marcelo, un cuarentón que huye de un pasado turbulento, llega a la ciudad de Recife, donde espera construir una nueva vida y reencontrarse con su hijo. Todo se complica cuando descubre que las fuerzas gubernamentales le persiguen y las amenazas de muerte se ciernen sobre su cabeza."
EL MAGO DEL KREMLIN,Olivier Assayas,145,03,16:10,2026-03-10,Renoir Princesa,https://www.pillalas.com/pase/1057921/,https://www.cinesrenoir.com/pelicula/el-mago-del-kremlin/,https://media.pillalas.com/imagenes/726afb526abffa833889e44ac42f5cc54d6019702d8546ebf4550316f78770131f777f2b.jpg,Inglés,No recomendada para menores de 12 años,Viernes 6 Marzo 2026,"Paul Dano, Alicia Vikander, Jude Law, Tom Sturridge, Jeffrey Wright, Will Keen","En medio del caos postsoviético de los años 90, el joven Vadim Baranov (Paul Dano) empieza a labrarse un camino como artista y productor de televisión. Su elocuencia y conexión con las altas esferas le llevan a convertirse, de la noche a la mañana, en el asesor de un agente del KGB con un brillante porvenir: Vladimir Putin (Jude Law). Desde las entrañas del poder, ambos darán forma a la nueva Rusia, difuminando, mediante manipulación, los límites entre la verdad y la mentira."
EL MAGO DEL KREMLIN,Olivier Assayas,145,01,17:40,2026-03-10,Renoir Princesa,https://www.pillalas.com/pase/1057922/,https://www.cinesrenoir.com/pelicula/el-mago-del-kremlin/,https://media.pillalas.com/imagenes/726afb526abffa833889e44ac42f5cc54d6019702d8546ebf4550316f78770131f777f2b.jpg,Inglés,No recomendada para menores de 12 años,Viernes 6 Marzo 2026,"Paul Dano, Alicia Vikander, Jude Law, Tom Sturridge, Jeffrey Wright, Will Keen","En medio del caos postsoviético de los años 90, el joven Vadim Baranov (Paul Dano) empieza a labrarse un camino como artista y productor de televisión. Su elocuencia y conexión con las altas esferas le llevan a convertirse, de la noche a la mañana, en el asesor de un agente del KGB con un brillante porvenir: Vladimir Putin (Jude Law). Desde las entrañas del poder, ambos darán forma a la nueva Rusia, difuminando, mediante manipulación, los límites entre la verdad y la mentira."
EL MAGO DEL KREMLIN,Olivier Assayas,145,01,22:10,2026-03-10,Renoir Princesa,https://www.pillalas.com/pase/1057925/,https://www.cinesrenoir.com/pelicula/el-mago-del-kremlin/,https://media.pillalas.com/imagenes/726afb526abffa833889e44ac42f5cc54d6019702d8546ebf4550316f78770131f777f2b.jpg,Inglés,No recomendada para menores de 12 años,Viernes 6 Marzo 2026,"Paul Dano, Alicia Vikander, Jude Law, Tom Sturridge, Jeffrey Wright, Will Keen","En medio del caos postsoviético de los años 90, el joven Vadim Baranov (Paul Dano) empieza a labrarse un camino como artista y productor de televisión. Su elocuencia y conexión con las altas esferas le llevan a convertirse, de la noche a la mañana, en el asesor de un agente del KGB con un brillante porvenir: Vladimir Putin (Jude Law). Desde las entrañas del poder, ambos darán forma a la nueva Rusia, difuminando, mediante manipulación, los límites entre la verdad y la mentira."
HAMNET,Chloé Zhao,125,08,16:00,2026-03-10,Renoir Princesa,https://www.pillalas.com/pase/1058085/,https://www.cinesrenoir.com/pelicula/hamnet/,https://www.cinesrenoir.com/media/Peliculas/Cartel/HAMNET_Cartel_Digital_8Nominaciones_Oscar_YaEnCines_v2_2.jpg,Inglés,No recomendada para menores de 12 años,Viernes 23 Enero 2026,"Jessie Buckley, Paul Mescal, Joe Alwyn, Emily Watson","Año 1596, Stratford-upon-Avon, Inglaterra. La vida de Agnes transcurre plácidamente junto a su marido y sus tres hijos. Ella cultiva plantas medicinales mientras William trabaja en Londres. El destino, sin embargo, les reservará un duro golpe cuando su hijo Hamnet, de once años, muera repentinamente tras contraer la peste. A raíz de esta tragedia, su padre creará uno de los grandes personajes de la literatura universal, de nombre casi idéntico al de su hijo.


Pero esta película no habla de famosos sucesos sino de algo íntimo y olvidado: La vida de esta familia, y especialmente la de la mujer que la sostenía y que tuvo que cargar con una insoportable pérdida."
HAMNET,Chloé Zhao,125,05,17:55,2026-03-10,Renoir Princesa,https://www.pillalas.com/pase/1058001/,https://www.cinesrenoir.com/pelicula/hamnet/,https://www.cinesrenoir.com/media/Peliculas/Cartel/HAMNET_Cartel_Digital_8Nominaciones_Oscar_YaEnCines_v2_2.jpg,Inglés,No recomendada para menores de 12 años,Viernes 23 Enero 2026,"Jessie Buckley, Paul Mescal, Joe Alwyn, Emily Watson","Año 1596, Stratford-upon-Avon, Inglaterra. La vida de Agnes transcurre plácidamente junto a su marido y sus tres hijos. Ella cultiva plantas medicinales mientras William trabaja en Londres. El destino, sin embargo, les reservará un duro golpe cuando su hijo Hamnet, de once años, muera repentinamente tras contraer la peste. A raíz de esta tragedia, su padre creará uno de los grandes personajes de la literatura universal, de nombre casi idéntico al de su hijo.


Pero esta película no habla de famosos sucesos sino de algo íntimo y olvidado: La vida de esta familia, y especialmente la de la mujer que la sostenía y que tuvo que cargar con una insoportable pérdida."
HAMNET,Chloé Zhao,125,05,20:15,2026-03-10,Renoir Princesa,https://www.pillalas.com/pase/1058005/,https://www.cinesrenoir.com/pelicula/hamnet/,https://www.cinesrenoir.com/media/Peliculas/Cartel/HAMNET_Cartel_Digital_8Nominaciones_Oscar_YaEnCines_v2_2.jpg,Inglés,No recomendada para menores de 12 años,Viernes 23 Enero 2026,"Jessie Buckley, Paul Mescal, Joe Alwyn, Emily Watson","Año 1596, Stratford-upon-Avon, Inglaterra. La vida de Agnes transcurre plácidamente junto a su marido y sus tres hijos. Ella cultiva plantas medicinales mientras William trabaja en Londres. El destino, sin embargo, les reservará un duro golpe cuando su hijo Hamnet, de once años, muera repentinamente tras contraer la peste. A raíz de esta tragedia, su padre creará uno de los grandes personajes de la literatura universal, de nombre casi idéntico al de su hijo.


Pero esta película no habla de famosos sucesos sino de algo íntimo y olvidado: La vida de esta familia, y especialmente la de la mujer que la sostenía y que tuvo que cargar con una insoportable pérdida."
HAMNET,Chloé Zhao,125,05,22:35,2026-03-10,Renoir Princesa,https://www.pillalas.com/pase/1058009/,https://www.cinesrenoir.com/pelicula/hamnet/,https://www.cinesrenoir.com/media/Peliculas/Cartel/HAMNET_Cartel_Digital_8Nominaciones_Oscar_YaEnCines_v2_2.jpg,Inglés,No recomendada para menores de 12 años,Viernes 23 Enero 2026,"Jessie Buckley, Paul Mescal, Joe Alwyn, Emily Watson","Año 1596, Stratford-upon-Avon, Inglaterra. La vida de Agnes transcurre plácidamente junto a su marido y sus tres hijos. Ella cultiva plantas medicinales mientras William trabaja en Londres. El destino, sin embargo, les reservará un duro golpe cuando su hijo Hamnet, de once años, muera repentinamente tras contraer la peste. A raíz de esta tragedia, su padre creará uno de los grandes personajes de la literatura universal, de nombre casi idéntico al de su hijo.


Pero esta película no habla de famosos sucesos sino de algo íntimo y olvidado: La vida de esta familia, y especialmente la de la mujer que la sostenía y que tuvo que cargar con una insoportable pérdida."
LA DOLCE VITA [WILDER CINEMA],Federico Fellini,174,07,20:00,2026-03-10,Renoir Princesa,https://www.pillalas.com/pase/1057646/,https://www.cinesrenoir.com/pelicula/la-dolce-vita-wilder-cinema/,https://media.pillalas.com/imagenes/726afb526abffa83f3714f94e321f623eec3e786616b4ee7647d1bb19bb453eb9a5ae4d9.jpg,Italiano,No recomendada para menores de 12 años,Martes 10 Marzo 2026,"Marcello Mastroianni,  Anita Ekberg,  Anouk Aimée,  Yvonne Furneaux,  Alain Cuny,  Nadia Gray,  Annibale Ninchi,  Margali Noel,  Lex Barker,  Jacques Sernas,  Adriano Celentano","Icono absoluto del cine europeo, La dolce vita retrata el vacío, el deseo y la decadencia de la alta sociedad romana con una elegancia hipnótica. Fellini construye una película fragmentaria y profundamente moderna que capturó el espíritu de una época y creó imágenes eternas. Sofisticada, provocadora y sorprendentemente actual, sigue siendo una obra clave para entender el cine como reflejo cultural y estilo de vida.Palma de Oro – Festival de Cannes“Una obra maestra del cine europeo.” — El País“Fellini cambió el cine para siempre.” — Fotogramas“Una película icónica e irrepetible.” — Cinemanía“Hipnótica y profundamente influyente.” — The Guardian“Un clásico eterno.” — Sight & Sound"
LA SOMBRA DE MI PADRE,Akinola Davies,94,01,15:50,2026-03-10,Renoir Princesa,https://www.pillalas.com/pase/1058642/,https://www.cinesrenoir.com/pelicula/la-sombra-de-mi-padre/,https://media.pillalas.com/imagenes/726afb526abffa83b400e9327dc59948d5f51eecc0c622647e6461545b9a00169ae2e56b.jpg,Inglés,Pendiente de calificación,Viernes 6 Marzo 2026,"Sope Dirisu, Chibuike Marvellous Egbo, Godwin Egbo, Akerele David","Relato semiautobiográfico que transcurre en un solo día en Lagos, la capital de Nigeria, durante la crisis electoral de 1993."
LA SOMBRA DE MI PADRE,Akinola Davies,94,01,20:20,2026-03-10,Renoir Princesa,https://www.pillalas.com/pase/1058643/,https://www.cinesrenoir.com/pelicula/la-sombra-de-mi-padre/,https://media.pillalas.com/imagenes/726afb526abffa83b400e9327dc59948d5f51eecc0c622647e6461545b9a00169ae2e56b.jpg,Inglés,Pendiente de calificación,Viernes 6 Marzo 2026,"Sope Dirisu, Chibuike Marvellous Egbo, Godwin Egbo, Akerele David","Relato semiautobiográfico que transcurre en un solo día en Lagos, la capital de Nigeria, durante la crisis electoral de 1993."
LOS DOMINGOS,Alauda Ruiz De Azúa,115,06,16:00,2026-03-10,Renoir Princesa,https://www.pillalas.com/pase/1057999/,https://www.cinesrenoir.com/pelicula/los-domingos/,https://media.pillalas.com/imagenes/726afb526abffa83eb13c84b6e843cdf406388aa12cc57b934b6e5ab1c8e2d84ce9ad1f4.jpg,Castellano,No recomendada para menores de 12 años,Viernes 24 Octubre 2025,"Patricia López Arnaiz, Blanca Soroa, Miguel Garcés, Juan Minujín, Mabel Rivera, Nagore Aramburu","'Los domingos' cuenta la historia de Ainara (Soroa), una joven idealista y brillante de 17 años que ha de decidir qué carrera universitaria estudiará. O, al menos, eso espera su familia que haga. Sin embargo, la joven manifiesta que se siente cada vez más cerca de Dios y que se plantea abrazar la vida de monja de clausura. La noticia pilla por sorpresa a toda la familia provocando un abismo y una prueba de fuego para todos."
LOS DOMINGOS,Alauda Ruiz De Azúa,115,06,18:15,2026-03-10,Renoir Princesa,https://www.pillalas.com/pase/1058002/,https://www.cinesrenoir.com/pelicula/los-domingos/,https://media.pillalas.com/imagenes/726afb526abffa83eb13c84b6e843cdf406388aa12cc57b934b6e5ab1c8e2d84ce9ad1f4.jpg,Castellano,No recomendada para menores de 12 años,Viernes 24 Octubre 2025,"Patricia López Arnaiz, Blanca Soroa, Miguel Garcés, Juan Minujín, Mabel Rivera, Nagore Aramburu","'Los domingos' cuenta la historia de Ainara (Soroa), una joven idealista y brillante de 17 años que ha de decidir qué carrera universitaria estudiará. O, al menos, eso espera su familia que haga. Sin embargo, la joven manifiesta que se siente cada vez más cerca de Dios y que se plantea abrazar la vida de monja de clausura. La noticia pilla por sorpresa a toda la familia provocando un abismo y una prueba de fuego para todos."
LOS DOMINGOS,Alauda Ruiz De Azúa,115,06,20:30,2026-03-10,Renoir Princesa,https://www.pillalas.com/pase/1058006/,https://www.cinesrenoir.com/pelicula/los-domingos/,https://media.pillalas.com/imagenes/726afb526abffa83eb13c84b6e843cdf406388aa12cc57b934b6e5ab1c8e2d84ce9ad1f4.jpg,Castellano,No recomendada para menores de 12 años,Viernes 24 Octubre 2025,"Patricia López Arnaiz, Blanca Soroa, Miguel Garcés, Juan Minujín, Mabel Rivera, Nagore Aramburu","'Los domingos' cuenta la historia de Ainara (Soroa), una joven idealista y brillante de 17 años que ha de decidir qué carrera universitaria estudiará. O, al menos, eso espera su familia que haga. Sin embargo, la joven manifiesta que se siente cada vez más cerca de Dios y que se plantea abrazar la vida de monja de clausura. La noticia pilla por sorpresa a toda la familia provocando un abismo y una prueba de fuego para todos."
LOS DOMINGOS,Alauda Ruiz De Azúa,115,06,22:40,2026-03-10,Renoir Princesa,https://www.pillalas.com/pase/1058010/,https://www.cinesrenoir.com/pelicula/los-domingos/,https://media.pillalas.com/imagenes/726afb526abffa83eb13c84b6e843cdf406388aa12cc57b934b6e5ab1c8e2d84ce9ad1f4.jpg,Castellano,No recomendada para menores de 12 años,Viernes 24 Octubre 2025,"Patricia López Arnaiz, Blanca Soroa, Miguel Garcés, Juan Minujín, Mabel Rivera, Nagore Aramburu","'Los domingos' cuenta la historia de Ainara (Soroa), una joven idealista y brillante de 17 años que ha de decidir qué carrera universitaria estudiará. O, al menos, eso espera su familia que haga. Sin embargo, la joven manifiesta que se siente cada vez más cerca de Dios y que se plantea abrazar la vida de monja de clausura. La noticia pilla por sorpresa a toda la familia provocando un abismo y una prueba de fuego para todos."
MARTY SUPREME,Josh Safdie,149,03,19:00,2026-03-10,Renoir Princesa,https://www.pillalas.com/pase/1058004/,https://www.cinesrenoir.com/pelicula/marty-supreme/,https://media.pillalas.com/imagenes/726afb526abffa83215ea8a89c8894fb1ac44e6c3b86faba19f84e195b42d541304dcb79.jpg,Inglés,No recomendada para menores de 16 años,Viernes 30 Enero 2026,"Timothee Chalamet, Gwyneth Paltrow, Odessa A Zion, Sandra Bernhard, Fran Drescher, Abel Ferrara, Spenser Granese, Tyler The Creator, Penn Jillette, Kevin O Leary","Marty Mauser (Timothée Chalamet), un joven con una ambición desmesurada, está dispuesto a todo para cumplir su sueño. Con ayuda, entre otros, de la estrella de cine Carol Dunne (Gwyneth Paltrow) demostrará al mundo entero su grandeza."
MARTY SUPREME,Josh Safdie,149,03,21:45,2026-03-10,Renoir Princesa,https://www.pillalas.com/pase/1058007/,https://www.cinesrenoir.com/pelicula/marty-supreme/,https://media.pillalas.com/imagenes/726afb526abffa83215ea8a89c8894fb1ac44e6c3b86faba19f84e195b42d541304dcb79.jpg,Inglés,No recomendada para menores de 16 años,Viernes 30 Enero 2026,"Timothee Chalamet, Gwyneth Paltrow, Odessa A Zion, Sandra Bernhard, Fran Drescher, Abel Ferrara, Spenser Granese, Tyler The Creator, Penn Jillette, Kevin O Leary","Marty Mauser (Timothée Chalamet), un joven con una ambición desmesurada, está dispuesto a todo para cumplir su sueño. Con ayuda, entre otros, de la estrella de cine Carol Dunne (Gwyneth Paltrow) demostrará al mundo entero su grandeza."
PILLION,Harry Lighton,106,11,16:00,2026-03-10,Renoir Princesa,https://www.pillalas.com/pase/1058138/,https://www.cinesrenoir.com/pelicula/pillion/,https://www.cinesrenoir.com/media/Peliculas/Cartel/POSTER_2_3_web_1_1_1.png,Inglés,Pendiente de calificación,Viernes 6 Marzo 2026,"Harry Melling, Alexander Skarsgård, Lesley Sharp, Douglas Hodge","Colin, un chico introvertido, se queda prendado de Ray, el carismático y atractivo líder de una banda de moteros que le toma como su sumiso, dinamitando su rutina y cambiándole la vida."
PILLION,Harry Lighton,106,10,18:10,2026-03-10,Renoir Princesa,https://www.pillalas.com/pase/1058140/,https://www.cinesrenoir.com/pelicula/pillion/,https://www.cinesrenoir.com/media/Peliculas/Cartel/POSTER_2_3_web_1_1_1.png,Inglés,Pendiente de calificación,Viernes 6 Marzo 2026,"Harry Melling, Alexander Skarsgård, Lesley Sharp, Douglas Hodge","Colin, un chico introvertido, se queda prendado de Ray, el carismático y atractivo líder de una banda de moteros que le toma como su sumiso, dinamitando su rutina y cambiándole la vida."
PILLION,Harry Lighton,106,10,20:10,2026-03-10,Renoir Princesa,https://www.pillalas.com/pase/1058141/,https://www.cinesrenoir.com/pelicula/pillion/,https://www.cinesrenoir.com/media/Peliculas/Cartel/POSTER_2_3_web_1_1_1.png,Inglés,Pendiente de calificación,Viernes 6 Marzo 2026,"Harry Melling, Alexander Skarsgård, Lesley Sharp, Douglas Hodge","Colin, un chico introvertido, se queda prendado de Ray, el carismático y atractivo líder de una banda de moteros que le toma como su sumiso, dinamitando su rutina y cambiándole la vida."
PILLION,Harry Lighton,106,11,22:40,2026-03-10,Renoir Princesa,https://www.pillalas.com/pase/1058143/,https://www.cinesrenoir.com/pelicula/pillion/,https://www.cinesrenoir.com/media/Peliculas/Cartel/POSTER_2_3_web_1_1_1.png,Inglés,Pendiente de calificación,Viernes 6 Marzo 2026,"Harry Melling, Alexander Skarsgård, Lesley Sharp, Douglas Hodge","Colin, un chico introvertido, se queda prendado de Ray, el carismático y atractivo líder de una banda de moteros que le toma como su sumiso, dinamitando su rutina y cambiándole la vida."
RENTAL FAMILY (FAMILIA DE ALQUILER),Mitsuyo Miyazaki,109,05,15:50,2026-03-10,Renoir Princesa,https://www.pillalas.com/pase/1057997/,https://www.cinesrenoir.com/pelicula/rental-family-familia-de-alquiler/,https://media.pillalas.com/imagenes/726afb526abffa8354fd8d551fddc8b6f2c37df750c002f9f65d59d1707b603c58f3211d.jpg,Inglés Y Japonés,No recomendada para menores de 12 años,Viernes 9 Enero 2026,"Brendan Fraser, Mari Yamamoto, Takehiro Hira, Akira Emoto, Shannon Gorman","Comedia dramática sobre un actor estadounidense (Brendan Fraser) que lucha por encontrar un propósito en la vida en el Tokio actual. Hasta que consigue un trabajo inusual, trabajar para una agencia japonesa de ""familias de alquiler"", interpretando papeles de suplente para desconocidos."
SIRAT,Óliver Laxe,120,08,20:15,2026-03-10,Renoir Princesa,https://www.pillalas.com/pase/1058089/,https://www.cinesrenoir.com/pelicula/sirat/,https://www.cinesrenoir.com/media/Peliculas/Cartel/SIRAT_ONLINE_GOYAOSCARS.jpg,Castellano Y Otros,No recomendada para menores de 16 años,Viernes 6 Junio 2025,"Sergi López, Bruno Núñez, Stefania Gadda, Joshua Liam Herderson, Tonin Javier, Jade Ouki, Richard Bellamyun","Un hombre (López) y su hijo (Nuñez) llegan a una rave perdida en medio de las áridas y fantasmagóricas montañas del sur de Marruecos. Buscan allí a Mar, su hija y hermana, desaparecida hace meses en una de estas fiestas sin amanecer. Reparten una y otra vez su foto rodeados de música electrónica y de un tipo de libertad que desconocen. Empujados por el destino, y con la esperanza de encontrar ahí a Mar, deciden seguir a un grupo de raveros hacia la última fiesta que se celebrará en el desierto."
SIRAT,Óliver Laxe,120,08,22:25,2026-03-10,Renoir Princesa,https://www.pillalas.com/pase/1058091/,https://www.cinesrenoir.com/pelicula/sirat/,https://www.cinesrenoir.com/media/Peliculas/Cartel/SIRAT_ONLINE_GOYAOSCARS.jpg,Castellano Y Otros,No recomendada para menores de 16 años,Viernes 6 Junio 2025,"Sergi López, Bruno Núñez, Stefania Gadda, Joshua Liam Herderson, Tonin Javier, Jade Ouki, Richard Bellamyun","Un hombre (López) y su hijo (Nuñez) llegan a una rave perdida en medio de las áridas y fantasmagóricas montañas del sur de Marruecos. Buscan allí a Mar, su hija y hermana, desaparecida hace meses en una de estas fiestas sin amanecer. Reparten una y otra vez su foto rodeados de música electrónica y de un tipo de libertad que desconocen. Empujados por el destino, y con la esperanza de encontrar ahí a Mar, deciden seguir a un grupo de raveros hacia la última fiesta que se celebrará en el desierto."
"SORRY, BABY",Eva Victor,102,08,18:20,2026-03-10,Renoir Princesa,https://www.pillalas.com/pase/1058087/,https://www.cinesrenoir.com/pelicula/sorry-baby/,https://media.pillalas.com/imagenes/726afb526abffa837c59681f561d4afba82a26ef8235abdaa380a4c9cf2bacb70dacac1c.jpg,Inglés,No recomendada para menores de 16 años y distintivo especialmente recomendada para el fomento de la igualdad de género,Viernes 27 Febrero 2026,"Eva Victor, Naomi Ackie, Lucas Hedges, John Carroll Lynch, Louis Cancelmi","A Agnes le pasó algo malo. Pero la vida sigue, al menos para todos los que la rodean."
"SORRY, BABY",Eva Victor,102,02,22:45,2026-03-10,Renoir Princesa,https://www.pillalas.com/pase/1057926/,https://www.cinesrenoir.com/pelicula/sorry-baby/,https://media.pillalas.com/imagenes/726afb526abffa837c59681f561d4afba82a26ef8235abdaa380a4c9cf2bacb70dacac1c.jpg,Inglés,No recomendada para menores de 16 años y distintivo especialmente recomendada para el fomento de la igualdad de género,Viernes 27 Febrero 2026,"Eva Victor, Naomi Ackie, Lucas Hedges, John Carroll Lynch, Louis Cancelmi","A Agnes le pasó algo malo. Pero la vida sigue, al menos para todos los que la rodean."
TRES ADIOSES,Isabel Coixet,122,02,16:00,2026-03-10,Renoir Princesa,https://www.pillalas.com/pase/1057920/,https://www.cinesrenoir.com/pelicula/tres-adioses/,https://media.pillalas.com/imagenes/726afb526abffa832ea2a44a189894de905fc7e94534a8bf4ef6bf13e5ccdfe90922c22e.jpg,Italiano,No recomendada para menores de 12 años,Viernes 6 Febrero 2026,"Alba Rohrwacher, Elio Germano, Francesco Carril, Silvia D Amico, Galatea Bellugi, Sarita Choudhury","Tras lo que parecía una discusión sin importancia, Marta (Alba Rohrwacher) y Antonio (Elio Germano) se separan. Él, un chef prometedor, se refugia en sus fogones; ella, en su silencio, empieza a notar algo más que tristeza: ha perdido el apetito… y no solo por desamor. Cuando descubre que detrás hay un problema de salud, todo da un giro inesperado: la comida sabe mejor, la música le llega como nunca y el deseo despierta sus ganas de vivir sin miedo.
Una historia sobre el amor, la vida y esos momentos que lo cambian todo para siempre."
TRES ADIOSES,Isabel Coixet,122,02,18:15,2026-03-10,Renoir Princesa,https://www.pillalas.com/pase/1057923/,https://www.cinesrenoir.com/pelicula/tres-adioses/,https://media.pillalas.com/imagenes/726afb526abffa832ea2a44a189894de905fc7e94534a8bf4ef6bf13e5ccdfe90922c22e.jpg,Italiano,No recomendada para menores de 12 años,Viernes 6 Febrero 2026,"Alba Rohrwacher, Elio Germano, Francesco Carril, Silvia D Amico, Galatea Bellugi, Sarita Choudhury","Tras lo que parecía una discusión sin importancia, Marta (Alba Rohrwacher) y Antonio (Elio Germano) se separan. Él, un chef prometedor, se refugia en sus fogones; ella, en su silencio, empieza a notar algo más que tristeza: ha perdido el apetito… y no solo por desamor. Cuando descubre que detrás hay un problema de salud, todo da un giro inesperado: la comida sabe mejor, la música le llega como nunca y el deseo despierta sus ganas de vivir sin miedo.
Una historia sobre el amor, la vida y esos momentos que lo cambian todo para siempre."
TRES ADIOSES,Isabel Coixet,122,02,20:30,2026-03-10,Renoir Princesa,https://www.pillalas.com/pase/1057924/,https://www.cinesrenoir.com/pelicula/tres-adioses/,https://media.pillalas.com/imagenes/726afb526abffa832ea2a44a189894de905fc7e94534a8bf4ef6bf13e5ccdfe90922c22e.jpg,Italiano,No recomendada para menores de 12 años,Viernes 6 Febrero 2026,"Alba Rohrwacher, Elio Germano, Francesco Carril, Silvia D Amico, Galatea Bellugi, Sarita Choudhury","Tras lo que parecía una discusión sin importancia, Marta (Alba Rohrwacher) y Antonio (Elio Germano) se separan. Él, un chef prometedor, se refugia en sus fogones; ella, en su silencio, empieza a notar algo más que tristeza: ha perdido el apetito… y no solo por desamor. Cuando descubre que detrás hay un problema de salud, todo da un giro inesperado: la comida sabe mejor, la música le llega como nunca y el deseo despierta sus ganas de vivir sin miedo.
Una historia sobre el amor, la vida y esos momentos que lo cambian todo para siempre."
¡LA NOVIA!,Maggie Gyllenhaal,126,10,15:50,2026-03-10,Renoir Princesa,https://www.pillalas.com/pase/1058084/,https://www.cinesrenoir.com/pelicula/la-novia/,https://media.pillalas.com/imagenes/726afb526abffa834d5e9976411fdc20e28407e451a89b449da3736e5440bebb2e35bc4c.jpg,Inglés,No recomendada para menores de 16 años y distintivo especialmente recomendada para el fomento de la igualdad de género,Viernes 6 Marzo 2026,"Jessie Buckley, Christian Bale, Peter Sarsgaard, Annette Bening, Penelope Cruz, Jake Gyllenhaal, Julianne Hough, Louis Cancelmi, John Magaro, Linda Emond, Jeannie Berlin, Matthew Maher","En el Chicago de los años 30, un solitario Frankenstein pide la ayuda del Dr. Euphronius para crearse una compañera. Los dos resucitan a una joven asesinada y en ese momento nace la Novia, quien irá más allá de lo que cualquiera de los dos pretendía, encendiendo un romance apasionado, la atención de la policía y un movimiento social salvaje y radical."
¡LA NOVIA!,Maggie Gyllenhaal,126,11,18:00,2026-03-10,Renoir Princesa,https://www.pillalas.com/pase/1058139/,https://www.cinesrenoir.com/pelicula/la-novia/,https://media.pillalas.com/imagenes/726afb526abffa834d5e9976411fdc20e28407e451a89b449da3736e5440bebb2e35bc4c.jpg,Inglés,No recomendada para menores de 16 años y distintivo especialmente recomendada para el fomento de la igualdad de género,Viernes 6 Marzo 2026,"Jessie Buckley, Christian Bale, Peter Sarsgaard, Annette Bening, Penelope Cruz, Jake Gyllenhaal, Julianne Hough, Louis Cancelmi, John Magaro, Linda Emond, Jeannie Berlin, Matthew Maher","En el Chicago de los años 30, un solitario Frankenstein pide la ayuda del Dr. Euphronius para crearse una compañera. Los dos resucitan a una joven asesinada y en ese momento nace la Novia, quien irá más allá de lo que cualquiera de los dos pretendía, encendiendo un romance apasionado, la atención de la policía y un movimiento social salvaje y radical."
¡LA NOVIA!,Maggie Gyllenhaal,126,11,20:20,2026-03-10,Renoir Princesa,https://www.pillalas.com/pase/1058142/,https://www.cinesrenoir.com/pelicula/la-novia/,https://media.pillalas.com/imagenes/726afb526abffa834d5e9976411fdc20e28407e451a89b449da3736e5440bebb2e35bc4c.jpg,Inglés,No recomendada para menores de 16 años y distintivo especialmente recomendada para el fomento de la igualdad de género,Viernes 6 Marzo 2026,"Jessie Buckley, Christian Bale, Peter Sarsgaard, Annette Bening, Penelope Cruz, Jake Gyllenhaal, Julianne Hough, Louis Cancelmi, John Magaro, Linda Emond, Jeannie Berlin, Matthew Maher","En el Chicago de los años 30, un solitario Frankenstein pide la ayuda del Dr. Euphronius para crearse una compañera. Los dos resucitan a una joven asesinada y en ese momento nace la Novia, quien irá más allá de lo que cualquiera de los dos pretendía, encendiendo un romance apasionado, la atención de la policía y un movimiento social salvaje y radical."
¡LA NOVIA!,Maggie Gyllenhaal,126,10,22:10,2026-03-10,Renoir Princesa,https://www.pillalas.com/pase/1058090/,https://www.cinesrenoir.com/pelicula/la-novia/,https://media.pillalas.com/imagenes/726afb526abffa834d5e9976411fdc20e28407e451a89b449da3736e5440bebb2e35bc4c.jpg,Inglés,No recomendada para menores de 16 años y distintivo especialmente recomendada para el fomento de la igualdad de género,Viernes 6 Marzo 2026,"Jessie Buckley, Christian Bale, Peter Sarsgaard, Annette Bening, Penelope Cruz, Jake Gyllenhaal, Julianne Hough, Louis Cancelmi, John Magaro, Linda Emond, Jeannie Berlin, Matthew Maher","En el Chicago de los años 30, un solitario Frankenstein pide la ayuda del Dr. Euphronius para crearse una compañera. Los dos resucitan a una joven asesinada y en ese momento nace la Novia, quien irá más allá de lo que cualquiera de los dos pretendía, encendiendo un romance apasionado, la atención de la policía y un movimiento social salvaje y radical."
CAMINANDO CON EL DIABLO,Rubén Pérez-Barrena,83,09,18:20,2026-03-11,Renoir Princesa,https://www.pillalas.com/pase/1058097/,https://www.cinesrenoir.com/pelicula/caminando-con-el-diablo/,https://media.pillalas.com/imagenes/726afb526abffa83961675500a58cf0d4c3949b70c666a7228045fb9d4e5bc88aba5c294.jpg,Castellano,No recomendada para menores de 16 años,Viernes 6 Marzo 2026,"Tamar Novas, Marina Salas, Iván Marcos, Annick Weerts, Alban Petit","España, años ochenta. Miguel y Alicia arrastran la desaparición de su hijo Gabriel. Miguel se consume por la culpa de aquella noche de alcohol en la que lo perdió. Para Alicia, en cambio, quien murió ese día no fue su hijo, sino su marido. Lejos de ese infierno, Philippe, un niño francés de diez años, viaja en caravana junto a sus padres. Sus caminos se cruzan con los de Miguel y Alicia. Ese encuentro desencadena un viaje sin retorno al lado más oscuro del ser humano."
CUMBRES BORRASCOSAS,Emerald Fennell,135,09,15:50,2026-03-11,Renoir Princesa,https://www.pillalas.com/pase/1058094/,https://www.cinesrenoir.com/pelicula/cumbres-borrascosas/,https://media.pillalas.com/imagenes/726afb526abffa83abe8577deb3c0674bd352fd2b0500497b1d5570f2dd570487210fc4e.jpg,Inglés,No recomendada para menores de 16 años,Viernes 13 Febrero 2026,"Margot Robbie, Jacob Elordi, Hong Chau, Alison Oliver, Owen Cooper, Shazad Latif, Martin Clunes, Ewan Mitchell, Amy Morgan, Jessica Knappett, Charlotte Mellington, Vy Nguyen","Adaptada a todo tipo de formatos en multitud de ocasiones, se trata de una trágica historia de pasiones encontradas en la Inglaterra rural más conservadora. Una historia de venganza y odio, de pasiones desatadas y amores desesperados que van más allá de la muerte ambientada en los brumosos y sombríos páramos de Yorkshire, al norte de Inglaterra."
CUMBRES BORRASCOSAS,Emerald Fennell,135,07,17:40,2026-03-11,Renoir Princesa,https://www.pillalas.com/pase/1058014/,https://www.cinesrenoir.com/pelicula/cumbres-borrascosas/,https://media.pillalas.com/imagenes/726afb526abffa83abe8577deb3c0674bd352fd2b0500497b1d5570f2dd570487210fc4e.jpg,Inglés,No recomendada para menores de 16 años,Viernes 13 Febrero 2026,"Margot Robbie, Jacob Elordi, Hong Chau, Alison Oliver, Owen Cooper, Shazad Latif, Martin Clunes, Ewan Mitchell, Amy Morgan, Jessica Knappett, Charlotte Mellington, Vy Nguyen","Adaptada a todo tipo de formatos en multitud de ocasiones, se trata de una trágica historia de pasiones encontradas en la Inglaterra rural más conservadora. Una historia de venganza y odio, de pasiones desatadas y amores desesperados que van más allá de la muerte ambientada en los brumosos y sombríos páramos de Yorkshire, al norte de Inglaterra."
CUMBRES BORRASCOSAS,Emerald Fennell,135,09,20:00,2026-03-11,Renoir Princesa,https://www.pillalas.com/pase/1058098/,https://www.cinesrenoir.com/pelicula/cumbres-borrascosas/,https://media.pillalas.com/imagenes/726afb526abffa83abe8577deb3c0674bd352fd2b0500497b1d5570f2dd570487210fc4e.jpg,Inglés,No recomendada para menores de 16 años,Viernes 13 Febrero 2026,"Margot Robbie, Jacob Elordi, Hong Chau, Alison Oliver, Owen Cooper, Shazad Latif, Martin Clunes, Ewan Mitchell, Amy Morgan, Jessica Knappett, Charlotte Mellington, Vy Nguyen","Adaptada a todo tipo de formatos en multitud de ocasiones, se trata de una trágica historia de pasiones encontradas en la Inglaterra rural más conservadora. Una historia de venganza y odio, de pasiones desatadas y amores desesperados que van más allá de la muerte ambientada en los brumosos y sombríos páramos de Yorkshire, al norte de Inglaterra."
CUMBRES BORRASCOSAS,Emerald Fennell,135,09,22:30,2026-03-11,Renoir Princesa,https://www.pillalas.com/pase/1058103/,https://www.cinesrenoir.com/pelicula/cumbres-borrascosas/,https://media.pillalas.com/imagenes/726afb526abffa83abe8577deb3c0674bd352fd2b0500497b1d5570f2dd570487210fc4e.jpg,Inglés,No recomendada para menores de 16 años,Viernes 13 Febrero 2026,"Margot Robbie, Jacob Elordi, Hong Chau, Alison Oliver, Owen Cooper, Shazad Latif, Martin Clunes, Ewan Mitchell, Amy Morgan, Jessica Knappett, Charlotte Mellington, Vy Nguyen","Adaptada a todo tipo de formatos en multitud de ocasiones, se trata de una trágica historia de pasiones encontradas en la Inglaterra rural más conservadora. Una historia de venganza y odio, de pasiones desatadas y amores desesperados que van más allá de la muerte ambientada en los brumosos y sombríos páramos de Yorkshire, al norte de Inglaterra."
EL AGENTE SECRETO,Kleber Mendonça Filho,160,04,16:00,2026-03-11,Renoir Princesa,https://www.pillalas.com/pase/1058013/,https://www.cinesrenoir.com/pelicula/el-agente-secreto/,https://media.pillalas.com/imagenes/726afb526abffa83bdba0b90e98cf11293bcd8b9c8be1af817aa6c045cd8f479730f7511.jpg,Portugués,No recomendada para menores de 16 años,Viernes 20 Febrero 2026,"Wagner Moura, Gabriel Leone, Udo Kier, Maria Fernanda Cândido","1977. En un Brasil atormentado por la dictadura militar, Marcelo, un cuarentón que huye de un pasado turbulento, llega a la ciudad de Recife, donde espera construir una nueva vida y reencontrarse con su hijo. Todo se complica cuando descubre que las fuerzas gubernamentales le persiguen y las amenazas de muerte se ciernen sobre su cabeza."
EL AGENTE SECRETO,Kleber Mendonça Filho,160,04,18:55,2026-03-11,Renoir Princesa,https://www.pillalas.com/pase/1058017/,https://www.cinesrenoir.com/pelicula/el-agente-secreto/,https://media.pillalas.com/imagenes/726afb526abffa83bdba0b90e98cf11293bcd8b9c8be1af817aa6c045cd8f479730f7511.jpg,Portugués,No recomendada para menores de 16 años,Viernes 20 Febrero 2026,"Wagner Moura, Gabriel Leone, Udo Kier, Maria Fernanda Cândido","1977. En un Brasil atormentado por la dictadura militar, Marcelo, un cuarentón que huye de un pasado turbulento, llega a la ciudad de Recife, donde espera construir una nueva vida y reencontrarse con su hijo. Todo se complica cuando descubre que las fuerzas gubernamentales le persiguen y las amenazas de muerte se ciernen sobre su cabeza."
EL AGENTE SECRETO,Kleber Mendonça Filho,160,07,20:15,2026-03-11,Renoir Princesa,https://www.pillalas.com/pase/1058099/,https://www.cinesrenoir.com/pelicula/el-agente-secreto/,https://media.pillalas.com/imagenes/726afb526abffa83bdba0b90e98cf11293bcd8b9c8be1af817aa6c045cd8f479730f7511.jpg,Portugués,No recomendada para menores de 16 años,Viernes 20 Febrero 2026,"Wagner Moura, Gabriel Leone, Udo Kier, Maria Fernanda Cândido","1977. En un Brasil atormentado por la dictadura militar, Marcelo, un cuarentón que huye de un pasado turbulento, llega a la ciudad de Recife, donde espera construir una nueva vida y reencontrarse con su hijo. Todo se complica cuando descubre que las fuerzas gubernamentales le persiguen y las amenazas de muerte se ciernen sobre su cabeza."
EL AGENTE SECRETO,Kleber Mendonça Filho,160,04,21:50,2026-03-11,Renoir Princesa,https://www.pillalas.com/pase/1058022/,https://www.cinesrenoir.com/pelicula/el-agente-secreto/,https://media.pillalas.com/imagenes/726afb526abffa83bdba0b90e98cf11293bcd8b9c8be1af817aa6c045cd8f479730f7511.jpg,Portugués,No recomendada para menores de 16 años,Viernes 20 Febrero 2026,"Wagner Moura, Gabriel Leone, Udo Kier, Maria Fernanda Cândido","1977. En un Brasil atormentado por la dictadura militar, Marcelo, un cuarentón que huye de un pasado turbulento, llega a la ciudad de Recife, donde espera construir una nueva vida y reencontrarse con su hijo. Todo se complica cuando descubre que las fuerzas gubernamentales le persiguen y las amenazas de muerte se ciernen sobre su cabeza."
EL MAGO DEL KREMLIN,Olivier Assayas,145,03,16:10,2026-03-11,Renoir Princesa,https://www.pillalas.com/pase/1057928/,https://www.cinesrenoir.com/pelicula/el-mago-del-kremlin/,https://media.pillalas.com/imagenes/726afb526abffa833889e44ac42f5cc54d6019702d8546ebf4550316f78770131f777f2b.jpg,Inglés,No recomendada para menores de 12 años,Viernes 6 Marzo 2026,"Paul Dano, Alicia Vikander, Jude Law, Tom Sturridge, Jeffrey Wright, Will Keen","En medio del caos postsoviético de los años 90, el joven Vadim Baranov (Paul Dano) empieza a labrarse un camino como artista y productor de televisión. Su elocuencia y conexión con las altas esferas le llevan a convertirse, de la noche a la mañana, en el asesor de un agente del KGB con un brillante porvenir: Vladimir Putin (Jude Law). Desde las entrañas del poder, ambos darán forma a la nueva Rusia, difuminando, mediante manipulación, los límites entre la verdad y la mentira."
EL MAGO DEL KREMLIN,Olivier Assayas,145,01,17:40,2026-03-11,Renoir Princesa,https://www.pillalas.com/pase/1057929/,https://www.cinesrenoir.com/pelicula/el-mago-del-kremlin/,https://media.pillalas.com/imagenes/726afb526abffa833889e44ac42f5cc54d6019702d8546ebf4550316f78770131f777f2b.jpg,Inglés,No recomendada para menores de 12 años,Viernes 6 Marzo 2026,"Paul Dano, Alicia Vikander, Jude Law, Tom Sturridge, Jeffrey Wright, Will Keen","En medio del caos postsoviético de los años 90, el joven Vadim Baranov (Paul Dano) empieza a labrarse un camino como artista y productor de televisión. Su elocuencia y conexión con las altas esferas le llevan a convertirse, de la noche a la mañana, en el asesor de un agente del KGB con un brillante porvenir: Vladimir Putin (Jude Law). Desde las entrañas del poder, ambos darán forma a la nueva Rusia, difuminando, mediante manipulación, los límites entre la verdad y la mentira."
EL MAGO DEL KREMLIN,Olivier Assayas,145,01,22:10,2026-03-11,Renoir Princesa,https://www.pillalas.com/pase/1057932/,https://www.cinesrenoir.com/pelicula/el-mago-del-kremlin/,https://media.pillalas.com/imagenes/726afb526abffa833889e44ac42f5cc54d6019702d8546ebf4550316f78770131f777f2b.jpg,Inglés,No recomendada para menores de 12 años,Viernes 6 Marzo 2026,"Paul Dano, Alicia Vikander, Jude Law, Tom Sturridge, Jeffrey Wright, Will Keen","En medio del caos postsoviético de los años 90, el joven Vadim Baranov (Paul Dano) empieza a labrarse un camino como artista y productor de televisión. Su elocuencia y conexión con las altas esferas le llevan a convertirse, de la noche a la mañana, en el asesor de un agente del KGB con un brillante porvenir: Vladimir Putin (Jude Law). Desde las entrañas del poder, ambos darán forma a la nueva Rusia, difuminando, mediante manipulación, los límites entre la verdad y la mentira."
HAMNET,Chloé Zhao,125,08,16:00,2026-03-11,Renoir Princesa,https://www.pillalas.com/pase/1058095/,https://www.cinesrenoir.com/pelicula/hamnet/,https://www.cinesrenoir.com/media/Peliculas/Cartel/HAMNET_Cartel_Digital_8Nominaciones_Oscar_YaEnCines_v2_2.jpg,Inglés,No recomendada para menores de 12 años,Viernes 23 Enero 2026,"Jessie Buckley, Paul Mescal, Joe Alwyn, Emily Watson","Año 1596, Stratford-upon-Avon, Inglaterra. La vida de Agnes transcurre plácidamente junto a su marido y sus tres hijos. Ella cultiva plantas medicinales mientras William trabaja en Londres. El destino, sin embargo, les reservará un duro golpe cuando su hijo Hamnet, de once años, muera repentinamente tras contraer la peste. A raíz de esta tragedia, su padre creará uno de los grandes personajes de la literatura universal, de nombre casi idéntico al de su hijo.


Pero esta película no habla de famosos sucesos sino de algo íntimo y olvidado: La vida de esta familia, y especialmente la de la mujer que la sostenía y que tuvo que cargar con una insoportable pérdida."
HAMNET,Chloé Zhao,125,05,17:55,2026-03-11,Renoir Princesa,https://www.pillalas.com/pase/1058015/,https://www.cinesrenoir.com/pelicula/hamnet/,https://www.cinesrenoir.com/media/Peliculas/Cartel/HAMNET_Cartel_Digital_8Nominaciones_Oscar_YaEnCines_v2_2.jpg,Inglés,No recomendada para menores de 12 años,Viernes 23 Enero 2026,"Jessie Buckley, Paul Mescal, Joe Alwyn, Emily Watson","Año 1596, Stratford-upon-Avon, Inglaterra. La vida de Agnes transcurre plácidamente junto a su marido y sus tres hijos. Ella cultiva plantas medicinales mientras William trabaja en Londres. El destino, sin embargo, les reservará un duro golpe cuando su hijo Hamnet, de once años, muera repentinamente tras contraer la peste. A raíz de esta tragedia, su padre creará uno de los grandes personajes de la literatura universal, de nombre casi idéntico al de su hijo.


Pero esta película no habla de famosos sucesos sino de algo íntimo y olvidado: La vida de esta familia, y especialmente la de la mujer que la sostenía y que tuvo que cargar con una insoportable pérdida."
HAMNET,Chloé Zhao,125,05,20:15,2026-03-11,Renoir Princesa,https://www.pillalas.com/pase/1058019/,https://www.cinesrenoir.com/pelicula/hamnet/,https://www.cinesrenoir.com/media/Peliculas/Cartel/HAMNET_Cartel_Digital_8Nominaciones_Oscar_YaEnCines_v2_2.jpg,Inglés,No recomendada para menores de 12 años,Viernes 23 Enero 2026,"Jessie Buckley, Paul Mescal, Joe Alwyn, Emily Watson","Año 1596, Stratford-upon-Avon, Inglaterra. La vida de Agnes transcurre plácidamente junto a su marido y sus tres hijos. Ella cultiva plantas medicinales mientras William trabaja en Londres. El destino, sin embargo, les reservará un duro golpe cuando su hijo Hamnet, de once años, muera repentinamente tras contraer la peste. A raíz de esta tragedia, su padre creará uno de los grandes personajes de la literatura universal, de nombre casi idéntico al de su hijo.


Pero esta película no habla de famosos sucesos sino de algo íntimo y olvidado: La vida de esta familia, y especialmente la de la mujer que la sostenía y que tuvo que cargar con una insoportable pérdida."
HAMNET,Chloé Zhao,125,05,22:35,2026-03-11,Renoir Princesa,https://www.pillalas.com/pase/1058023/,https://www.cinesrenoir.com/pelicula/hamnet/,https://www.cinesrenoir.com/media/Peliculas/Cartel/HAMNET_Cartel_Digital_8Nominaciones_Oscar_YaEnCines_v2_2.jpg,Inglés,No recomendada para menores de 12 años,Viernes 23 Enero 2026,"Jessie Buckley, Paul Mescal, Joe Alwyn, Emily Watson","Año 1596, Stratford-upon-Avon, Inglaterra. La vida de Agnes transcurre plácidamente junto a su marido y sus tres hijos. Ella cultiva plantas medicinales mientras William trabaja en Londres. El destino, sin embargo, les reservará un duro golpe cuando su hijo Hamnet, de once años, muera repentinamente tras contraer la peste. A raíz de esta tragedia, su padre creará uno de los grandes personajes de la literatura universal, de nombre casi idéntico al de su hijo.


Pero esta película no habla de famosos sucesos sino de algo íntimo y olvidado: La vida de esta familia, y especialmente la de la mujer que la sostenía y que tuvo que cargar con una insoportable pérdida."
LA SOMBRA DE MI PADRE,Akinola Davies,94,01,15:50,2026-03-11,Renoir Princesa,https://www.pillalas.com/pase/1058644/,https://www.cinesrenoir.com/pelicula/la-sombra-de-mi-padre/,https://media.pillalas.com/imagenes/726afb526abffa83b400e9327dc59948d5f51eecc0c622647e6461545b9a00169ae2e56b.jpg,Inglés,Pendiente de calificación,Viernes 6 Marzo 2026,"Sope Dirisu, Chibuike Marvellous Egbo, Godwin Egbo, Akerele David","Relato semiautobiográfico que transcurre en un solo día en Lagos, la capital de Nigeria, durante la crisis electoral de 1993."
LA SOMBRA DE MI PADRE,Akinola Davies,94,01,20:20,2026-03-11,Renoir Princesa,https://www.pillalas.com/pase/1058645/,https://www.cinesrenoir.com/pelicula/la-sombra-de-mi-padre/,https://media.pillalas.com/imagenes/726afb526abffa83b400e9327dc59948d5f51eecc0c622647e6461545b9a00169ae2e56b.jpg,Inglés,Pendiente de calificación,Viernes 6 Marzo 2026,"Sope Dirisu, Chibuike Marvellous Egbo, Godwin Egbo, Akerele David","Relato semiautobiográfico que transcurre en un solo día en Lagos, la capital de Nigeria, durante la crisis electoral de 1993."
LOS DOMINGOS,Alauda Ruiz De Azúa,115,06,16:00,2026-03-11,Renoir Princesa,https://www.pillalas.com/pase/1058012/,https://www.cinesrenoir.com/pelicula/los-domingos/,https://media.pillalas.com/imagenes/726afb526abffa83eb13c84b6e843cdf406388aa12cc57b934b6e5ab1c8e2d84ce9ad1f4.jpg,Castellano,No recomendada para menores de 12 años,Viernes 24 Octubre 2025,"Patricia López Arnaiz, Blanca Soroa, Miguel Garcés, Juan Minujín, Mabel Rivera, Nagore Aramburu","'Los domingos' cuenta la historia de Ainara (Soroa), una joven idealista y brillante de 17 años que ha de decidir qué carrera universitaria estudiará. O, al menos, eso espera su familia que haga. Sin embargo, la joven manifiesta que se siente cada vez más cerca de Dios y que se plantea abrazar la vida de monja de clausura. La noticia pilla por sorpresa a toda la familia provocando un abismo y una prueba de fuego para todos."
LOS DOMINGOS,Alauda Ruiz De Azúa,115,06,18:15,2026-03-11,Renoir Princesa,https://www.pillalas.com/pase/1058016/,https://www.cinesrenoir.com/pelicula/los-domingos/,https://media.pillalas.com/imagenes/726afb526abffa83eb13c84b6e843cdf406388aa12cc57b934b6e5ab1c8e2d84ce9ad1f4.jpg,Castellano,No recomendada para menores de 12 años,Viernes 24 Octubre 2025,"Patricia López Arnaiz, Blanca Soroa, Miguel Garcés, Juan Minujín, Mabel Rivera, Nagore Aramburu","'Los domingos' cuenta la historia de Ainara (Soroa), una joven idealista y brillante de 17 años que ha de decidir qué carrera universitaria estudiará. O, al menos, eso espera su familia que haga. Sin embargo, la joven manifiesta que se siente cada vez más cerca de Dios y que se plantea abrazar la vida de monja de clausura. La noticia pilla por sorpresa a toda la familia provocando un abismo y una prueba de fuego para todos."
LOS DOMINGOS,Alauda Ruiz De Azúa,115,06,20:30,2026-03-11,Renoir Princesa,https://www.pillalas.com/pase/1058020/,https://www.cinesrenoir.com/pelicula/los-domingos/,https://media.pillalas.com/imagenes/726afb526abffa83eb13c84b6e843cdf406388aa12cc57b934b6e5ab1c8e2d84ce9ad1f4.jpg,Castellano,No recomendada para menores de 12 años,Viernes 24 Octubre 2025,"Patricia López Arnaiz, Blanca Soroa, Miguel Garcés, Juan Minujín, Mabel Rivera, Nagore Aramburu","'Los domingos' cuenta la historia de Ainara (Soroa), una joven idealista y brillante de 17 años que ha de decidir qué carrera universitaria estudiará. O, al menos, eso espera su familia que haga. Sin embargo, la joven manifiesta que se siente cada vez más cerca de Dios y que se plantea abrazar la vida de monja de clausura. La noticia pilla por sorpresa a toda la familia provocando un abismo y una prueba de fuego para todos."
LOS DOMINGOS,Alauda Ruiz De Azúa,115,06,22:40,2026-03-11,Renoir Princesa,https://www.pillalas.com/pase/1058024/,https://www.cinesrenoir.com/pelicula/los-domingos/,https://media.pillalas.com/imagenes/726afb526abffa83eb13c84b6e843cdf406388aa12cc57b934b6e5ab1c8e2d84ce9ad1f4.jpg,Castellano,No recomendada para menores de 12 años,Viernes 24 Octubre 2025,"Patricia López Arnaiz, Blanca Soroa, Miguel Garcés, Juan Minujín, Mabel Rivera, Nagore Aramburu","'Los domingos' cuenta la historia de Ainara (Soroa), una joven idealista y brillante de 17 años que ha de decidir qué carrera universitaria estudiará. O, al menos, eso espera su familia que haga. Sin embargo, la joven manifiesta que se siente cada vez más cerca de Dios y que se plantea abrazar la vida de monja de clausura. La noticia pilla por sorpresa a toda la familia provocando un abismo y una prueba de fuego para todos."
MARTY SUPREME,Josh Safdie,149,03,19:00,2026-03-11,Renoir Princesa,https://www.pillalas.com/pase/1058018/,https://www.cinesrenoir.com/pelicula/marty-supreme/,https://media.pillalas.com/imagenes/726afb526abffa83215ea8a89c8894fb1ac44e6c3b86faba19f84e195b42d541304dcb79.jpg,Inglés,No recomendada para menores de 16 años,Viernes 30 Enero 2026,"Timothee Chalamet, Gwyneth Paltrow, Odessa A Zion, Sandra Bernhard, Fran Drescher, Abel Ferrara, Spenser Granese, Tyler The Creator, Penn Jillette, Kevin O Leary","Marty Mauser (Timothée Chalamet), un joven con una ambición desmesurada, está dispuesto a todo para cumplir su sueño. Con ayuda, entre otros, de la estrella de cine Carol Dunne (Gwyneth Paltrow) demostrará al mundo entero su grandeza."
MARTY SUPREME,Josh Safdie,149,03,21:45,2026-03-11,Renoir Princesa,https://www.pillalas.com/pase/1058021/,https://www.cinesrenoir.com/pelicula/marty-supreme/,https://media.pillalas.com/imagenes/726afb526abffa83215ea8a89c8894fb1ac44e6c3b86faba19f84e195b42d541304dcb79.jpg,Inglés,No recomendada para menores de 16 años,Viernes 30 Enero 2026,"Timothee Chalamet, Gwyneth Paltrow, Odessa A Zion, Sandra Bernhard, Fran Drescher, Abel Ferrara, Spenser Granese, Tyler The Creator, Penn Jillette, Kevin O Leary","Marty Mauser (Timothée Chalamet), un joven con una ambición desmesurada, está dispuesto a todo para cumplir su sueño. Con ayuda, entre otros, de la estrella de cine Carol Dunne (Gwyneth Paltrow) demostrará al mundo entero su grandeza."
PILLION,Harry Lighton,106,11,16:00,2026-03-11,Renoir Princesa,https://www.pillalas.com/pase/1058144/,https://www.cinesrenoir.com/pelicula/pillion/,https://www.cinesrenoir.com/media/Peliculas/Cartel/POSTER_2_3_web_1_1_1.png,Inglés,Pendiente de calificación,Viernes 6 Marzo 2026,"Harry Melling, Alexander Skarsgård, Lesley Sharp, Douglas Hodge","Colin, un chico introvertido, se queda prendado de Ray, el carismático y atractivo líder de una banda de moteros que le toma como su sumiso, dinamitando su rutina y cambiándole la vida."
PILLION,Harry Lighton,106,10,18:10,2026-03-11,Renoir Princesa,https://www.pillalas.com/pase/1058146/,https://www.cinesrenoir.com/pelicula/pillion/,https://www.cinesrenoir.com/media/Peliculas/Cartel/POSTER_2_3_web_1_1_1.png,Inglés,Pendiente de calificación,Viernes 6 Marzo 2026,"Harry Melling, Alexander Skarsgård, Lesley Sharp, Douglas Hodge","Colin, un chico introvertido, se queda prendado de Ray, el carismático y atractivo líder de una banda de moteros que le toma como su sumiso, dinamitando su rutina y cambiándole la vida."
PILLION,Harry Lighton,106,10,20:10,2026-03-11,Renoir Princesa,https://www.pillalas.com/pase/1058147/,https://www.cinesrenoir.com/pelicula/pillion/,https://www.cinesrenoir.com/media/Peliculas/Cartel/POSTER_2_3_web_1_1_1.png,Inglés,Pendiente de calificación,Viernes 6 Marzo 2026,"Harry Melling, Alexander Skarsgård, Lesley Sharp, Douglas Hodge","Colin, un chico introvertido, se queda prendado de Ray, el carismático y atractivo líder de una banda de moteros que le toma como su sumiso, dinamitando su rutina y cambiándole la vida."
PILLION,Harry Lighton,106,11,22:40,2026-03-11,Renoir Princesa,https://www.pillalas.com/pase/1058149/,https://www.cinesrenoir.com/pelicula/pillion/,https://www.cinesrenoir.com/media/Peliculas/Cartel/POSTER_2_3_web_1_1_1.png,Inglés,Pendiente de calificación,Viernes 6 Marzo 2026,"Harry Melling, Alexander Skarsgård, Lesley Sharp, Douglas Hodge","Colin, un chico introvertido, se queda prendado de Ray, el carismático y atractivo líder de una banda de moteros que le toma como su sumiso, dinamitando su rutina y cambiándole la vida."
RENTAL FAMILY (FAMILIA DE ALQUILER),Mitsuyo Miyazaki,109,05,15:50,2026-03-11,Renoir Princesa,https://www.pillalas.com/pase/1058011/,https://www.cinesrenoir.com/pelicula/rental-family-familia-de-alquiler/,https://media.pillalas.com/imagenes/726afb526abffa8354fd8d551fddc8b6f2c37df750c002f9f65d59d1707b603c58f3211d.jpg,Inglés Y Japonés,No recomendada para menores de 12 años,Viernes 9 Enero 2026,"Brendan Fraser, Mari Yamamoto, Takehiro Hira, Akira Emoto, Shannon Gorman","Comedia dramática sobre un actor estadounidense (Brendan Fraser) que lucha por encontrar un propósito en la vida en el Tokio actual. Hasta que consigue un trabajo inusual, trabajar para una agencia japonesa de ""familias de alquiler"", interpretando papeles de suplente para desconocidos."
SIRAT,Óliver Laxe,120,08,20:15,2026-03-11,Renoir Princesa,https://www.pillalas.com/pase/1058100/,https://www.cinesrenoir.com/pelicula/sirat/,https://www.cinesrenoir.com/media/Peliculas/Cartel/SIRAT_ONLINE_GOYAOSCARS.jpg,Castellano Y Otros,No recomendada para menores de 16 años,Viernes 6 Junio 2025,"Sergi López, Bruno Núñez, Stefania Gadda, Joshua Liam Herderson, Tonin Javier, Jade Ouki, Richard Bellamyun","Un hombre (López) y su hijo (Nuñez) llegan a una rave perdida en medio de las áridas y fantasmagóricas montañas del sur de Marruecos. Buscan allí a Mar, su hija y hermana, desaparecida hace meses en una de estas fiestas sin amanecer. Reparten una y otra vez su foto rodeados de música electrónica y de un tipo de libertad que desconocen. Empujados por el destino, y con la esperanza de encontrar ahí a Mar, deciden seguir a un grupo de raveros hacia la última fiesta que se celebrará en el desierto."
SIRAT,Óliver Laxe,120,08,22:25,2026-03-11,Renoir Princesa,https://www.pillalas.com/pase/1058102/,https://www.cinesrenoir.com/pelicula/sirat/,https://www.cinesrenoir.com/media/Peliculas/Cartel/SIRAT_ONLINE_GOYAOSCARS.jpg,Castellano Y Otros,No recomendada para menores de 16 años,Viernes 6 Junio 2025,"Sergi López, Bruno Núñez, Stefania Gadda, Joshua Liam Herderson, Tonin Javier, Jade Ouki, Richard Bellamyun","Un hombre (López) y su hijo (Nuñez) llegan a una rave perdida en medio de las áridas y fantasmagóricas montañas del sur de Marruecos. Buscan allí a Mar, su hija y hermana, desaparecida hace meses en una de estas fiestas sin amanecer. Reparten una y otra vez su foto rodeados de música electrónica y de un tipo de libertad que desconocen. Empujados por el destino, y con la esperanza de encontrar ahí a Mar, deciden seguir a un grupo de raveros hacia la última fiesta que se celebrará en el desierto."
"SORRY, BABY",Eva Victor,102,08,18:20,2026-03-11,Renoir Princesa,https://www.pillalas.com/pase/1058096/,https://www.cinesrenoir.com/pelicula/sorry-baby/,https://media.pillalas.com/imagenes/726afb526abffa837c59681f561d4afba82a26ef8235abdaa380a4c9cf2bacb70dacac1c.jpg,Inglés,No recomendada para menores de 16 años y distintivo especialmente recomendada para el fomento de la igualdad de género,Viernes 27 Febrero 2026,"Eva Victor, Naomi Ackie, Lucas Hedges, John Carroll Lynch, Louis Cancelmi","A Agnes le pasó algo malo. Pero la vida sigue, al menos para todos los que la rodean."
"SORRY, BABY",Eva Victor,102,02,22:45,2026-03-11,Renoir Princesa,https://www.pillalas.com/pase/1057933/,https://www.cinesrenoir.com/pelicula/sorry-baby/,https://media.pillalas.com/imagenes/726afb526abffa837c59681f561d4afba82a26ef8235abdaa380a4c9cf2bacb70dacac1c.jpg,Inglés,No recomendada para menores de 16 años y distintivo especialmente recomendada para el fomento de la igualdad de género,Viernes 27 Febrero 2026,"Eva Victor, Naomi Ackie, Lucas Hedges, John Carroll Lynch, Louis Cancelmi","A Agnes le pasó algo malo. Pero la vida sigue, al menos para todos los que la rodean."
TRES ADIOSES,Isabel Coixet,122,02,16:00,2026-03-11,Renoir Princesa,https://www.pillalas.com/pase/1057927/,https://www.cinesrenoir.com/pelicula/tres-adioses/,https://media.pillalas.com/imagenes/726afb526abffa832ea2a44a189894de905fc7e94534a8bf4ef6bf13e5ccdfe90922c22e.jpg,Italiano,No recomendada para menores de 12 años,Viernes 6 Febrero 2026,"Alba Rohrwacher, Elio Germano, Francesco Carril, Silvia D Amico, Galatea Bellugi, Sarita Choudhury","Tras lo que parecía una discusión sin importancia, Marta (Alba Rohrwacher) y Antonio (Elio Germano) se separan. Él, un chef prometedor, se refugia en sus fogones; ella, en su silencio, empieza a notar algo más que tristeza: ha perdido el apetito… y no solo por desamor. Cuando descubre que detrás hay un problema de salud, todo da un giro inesperado: la comida sabe mejor, la música le llega como nunca y el deseo despierta sus ganas de vivir sin miedo.
Una historia sobre el amor, la vida y esos momentos que lo cambian todo para siempre."
TRES ADIOSES,Isabel Coixet,122,02,18:15,2026-03-11,Renoir Princesa,https://www.pillalas.com/pase/1057930/,https://www.cinesrenoir.com/pelicula/tres-adioses/,https://media.pillalas.com/imagenes/726afb526abffa832ea2a44a189894de905fc7e94534a8bf4ef6bf13e5ccdfe90922c22e.jpg,Italiano,No recomendada para menores de 12 años,Viernes 6 Febrero 2026,"Alba Rohrwacher, Elio Germano, Francesco Carril, Silvia D Amico, Galatea Bellugi, Sarita Choudhury","Tras lo que parecía una discusión sin importancia, Marta (Alba Rohrwacher) y Antonio (Elio Germano) se separan. Él, un chef prometedor, se refugia en sus fogones; ella, en su silencio, empieza a notar algo más que tristeza: ha perdido el apetito… y no solo por desamor. Cuando descubre que detrás hay un problema de salud, todo da un giro inesperado: la comida sabe mejor, la música le llega como nunca y el deseo despierta sus ganas de vivir sin miedo.
Una historia sobre el amor, la vida y esos momentos que lo cambian todo para siempre."
TRES ADIOSES,Isabel Coixet,122,02,20:30,2026-03-11,Renoir Princesa,https://www.pillalas.com/pase/1057931/,https://www.cinesrenoir.com/pelicula/tres-adioses/,https://media.pillalas.com/imagenes/726afb526abffa832ea2a44a189894de905fc7e94534a8bf4ef6bf13e5ccdfe90922c22e.jpg,Italiano,No recomendada para menores de 12 años,Viernes 6 Febrero 2026,"Alba Rohrwacher, Elio Germano, Francesco Carril, Silvia D Amico, Galatea Bellugi, Sarita Choudhury","Tras lo que parecía una discusión sin importancia, Marta (Alba Rohrwacher) y Antonio (Elio Germano) se separan. Él, un chef prometedor, se refugia en sus fogones; ella, en su silencio, empieza a notar algo más que tristeza: ha perdido el apetito… y no solo por desamor. Cuando descubre que detrás hay un problema de salud, todo da un giro inesperado: la comida sabe mejor, la música le llega como nunca y el deseo despierta sus ganas de vivir sin miedo.
Una historia sobre el amor, la vida y esos momentos que lo cambian todo para siempre."
¡LA NOVIA!,Maggie Gyllenhaal,126,10,15:50,2026-03-11,Renoir Princesa,https://www.pillalas.com/pase/1058093/,https://www.cinesrenoir.com/pelicula/la-novia/,https://media.pillalas.com/imagenes/726afb526abffa834d5e9976411fdc20e28407e451a89b449da3736e5440bebb2e35bc4c.jpg,Inglés,No recomendada para menores de 16 años y distintivo especialmente recomendada para el fomento de la igualdad de género,Viernes 6 Marzo 2026,"Jessie Buckley, Christian Bale, Peter Sarsgaard, Annette Bening, Penelope Cruz, Jake Gyllenhaal, Julianne Hough, Louis Cancelmi, John Magaro, Linda Emond, Jeannie Berlin, Matthew Maher","En el Chicago de los años 30, un solitario Frankenstein pide la ayuda del Dr. Euphronius para crearse una compañera. Los dos resucitan a una joven asesinada y en ese momento nace la Novia, quien irá más allá de lo que cualquiera de los dos pretendía, encendiendo un romance apasionado, la atención de la policía y un movimiento social salvaje y radical."
¡LA NOVIA!,Maggie Gyllenhaal,126,11,18:00,2026-03-11,Renoir Princesa,https://www.pillalas.com/pase/1058145/,https://www.cinesrenoir.com/pelicula/la-novia/,https://media.pillalas.com/imagenes/726afb526abffa834d5e9976411fdc20e28407e451a89b449da3736e5440bebb2e35bc4c.jpg,Inglés,No recomendada para menores de 16 años y distintivo especialmente recomendada para el fomento de la igualdad de género,Viernes 6 Marzo 2026,"Jessie Buckley, Christian Bale, Peter Sarsgaard, Annette Bening, Penelope Cruz, Jake Gyllenhaal, Julianne Hough, Louis Cancelmi, John Magaro, Linda Emond, Jeannie Berlin, Matthew Maher","En el Chicago de los años 30, un solitario Frankenstein pide la ayuda del Dr. Euphronius para crearse una compañera. Los dos resucitan a una joven asesinada y en ese momento nace la Novia, quien irá más allá de lo que cualquiera de los dos pretendía, encendiendo un romance apasionado, la atención de la policía y un movimiento social salvaje y radical."
¡LA NOVIA!,Maggie Gyllenhaal,126,11,20:20,2026-03-11,Renoir Princesa,https://www.pillalas.com/pase/1058148/,https://www.cinesrenoir.com/pelicula/la-novia/,https://media.pillalas.com/imagenes/726afb526abffa834d5e9976411fdc20e28407e451a89b449da3736e5440bebb2e35bc4c.jpg,Inglés,No recomendada para menores de 16 años y distintivo especialmente recomendada para el fomento de la igualdad de género,Viernes 6 Marzo 2026,"Jessie Buckley, Christian Bale, Peter Sarsgaard, Annette Bening, Penelope Cruz, Jake Gyllenhaal, Julianne Hough, Louis Cancelmi, John Magaro, Linda Emond, Jeannie Berlin, Matthew Maher","En el Chicago de los años 30, un solitario Frankenstein pide la ayuda del Dr. Euphronius para crearse una compañera. Los dos resucitan a una joven asesinada y en ese momento nace la Novia, quien irá más allá de lo que cualquiera de los dos pretendía, encendiendo un romance apasionado, la atención de la policía y un movimiento social salvaje y radical."
¡LA NOVIA!,Maggie Gyllenhaal,126,10,22:10,2026-03-11,Renoir Princesa,https://www.pillalas.com/pase/1058101/,https://www.cinesrenoir.com/pelicula/la-novia/,https://media.pillalas.com/imagenes/726afb526abffa834d5e9976411fdc20e28407e451a89b449da3736e5440bebb2e35bc4c.jpg,Inglés,No recomendada para menores de 16 años y distintivo especialmente recomendada para el fomento de la igualdad de género,Viernes 6 Marzo 2026,"Jessie Buckley, Christian Bale, Peter Sarsgaard, Annette Bening, Penelope Cruz, Jake Gyllenhaal, Julianne Hough, Louis Cancelmi, John Magaro, Linda Emond, Jeannie Berlin, Matthew Maher","En el Chicago de los años 30, un solitario Frankenstein pide la ayuda del Dr. Euphronius para crearse una compañera. Los dos resucitan a una joven asesinada y en ese momento nace la Novia, quien irá más allá de lo que cualquiera de los dos pretendía, encendiendo un romance apasionado, la atención de la policía y un movimiento social salvaje y radical."
CAMINANDO CON EL DIABLO,Rubén Pérez-Barrena,83,09,18:20,2026-03-12,Renoir Princesa,https://www.pillalas.com/pase/1058108/,https://www.cinesrenoir.com/pelicula/caminando-con-el-diablo/,https://media.pillalas.com/imagenes/726afb526abffa83961675500a58cf0d4c3949b70c666a7228045fb9d4e5bc88aba5c294.jpg,Castellano,No recomendada para menores de 16 años,Viernes 6 Marzo 2026,"Tamar Novas, Marina Salas, Iván Marcos, Annick Weerts, Alban Petit","España, años ochenta. Miguel y Alicia arrastran la desaparición de su hijo Gabriel. Miguel se consume por la culpa de aquella noche de alcohol en la que lo perdió. Para Alicia, en cambio, quien murió ese día no fue su hijo, sino su marido. Lejos de ese infierno, Philippe, un niño francés de diez años, viaja en caravana junto a sus padres. Sus caminos se cruzan con los de Miguel y Alicia. Ese encuentro desencadena un viaje sin retorno al lado más oscuro del ser humano."
CUMBRES BORRASCOSAS,Emerald Fennell,135,09,15:50,2026-03-12,Renoir Princesa,https://www.pillalas.com/pase/1058104/,https://www.cinesrenoir.com/pelicula/cumbres-borrascosas/,https://media.pillalas.com/imagenes/726afb526abffa83abe8577deb3c0674bd352fd2b0500497b1d5570f2dd570487210fc4e.jpg,Inglés,No recomendada para menores de 16 años,Viernes 13 Febrero 2026,"Margot Robbie, Jacob Elordi, Hong Chau, Alison Oliver, Owen Cooper, Shazad Latif, Martin Clunes, Ewan Mitchell, Amy Morgan, Jessica Knappett, Charlotte Mellington, Vy Nguyen","Adaptada a todo tipo de formatos en multitud de ocasiones, se trata de una trágica historia de pasiones encontradas en la Inglaterra rural más conservadora. Una historia de venganza y odio, de pasiones desatadas y amores desesperados que van más allá de la muerte ambientada en los brumosos y sombríos páramos de Yorkshire, al norte de Inglaterra."
CUMBRES BORRASCOSAS,Emerald Fennell,135,07,17:40,2026-03-12,Renoir Princesa,https://www.pillalas.com/pase/1058028/,https://www.cinesrenoir.com/pelicula/cumbres-borrascosas/,https://media.pillalas.com/imagenes/726afb526abffa83abe8577deb3c0674bd352fd2b0500497b1d5570f2dd570487210fc4e.jpg,Inglés,No recomendada para menores de 16 años,Viernes 13 Febrero 2026,"Margot Robbie, Jacob Elordi, Hong Chau, Alison Oliver, Owen Cooper, Shazad Latif, Martin Clunes, Ewan Mitchell, Amy Morgan, Jessica Knappett, Charlotte Mellington, Vy Nguyen","Adaptada a todo tipo de formatos en multitud de ocasiones, se trata de una trágica historia de pasiones encontradas en la Inglaterra rural más conservadora. Una historia de venganza y odio, de pasiones desatadas y amores desesperados que van más allá de la muerte ambientada en los brumosos y sombríos páramos de Yorkshire, al norte de Inglaterra."
CUMBRES BORRASCOSAS,Emerald Fennell,135,09,20:00,2026-03-12,Renoir Princesa,https://www.pillalas.com/pase/1058109/,https://www.cinesrenoir.com/pelicula/cumbres-borrascosas/,https://media.pillalas.com/imagenes/726afb526abffa83abe8577deb3c0674bd352fd2b0500497b1d5570f2dd570487210fc4e.jpg,Inglés,No recomendada para menores de 16 años,Viernes 13 Febrero 2026,"Margot Robbie, Jacob Elordi, Hong Chau, Alison Oliver, Owen Cooper, Shazad Latif, Martin Clunes, Ewan Mitchell, Amy Morgan, Jessica Knappett, Charlotte Mellington, Vy Nguyen","Adaptada a todo tipo de formatos en multitud de ocasiones, se trata de una trágica historia de pasiones encontradas en la Inglaterra rural más conservadora. Una historia de venganza y odio, de pasiones desatadas y amores desesperados que van más allá de la muerte ambientada en los brumosos y sombríos páramos de Yorkshire, al norte de Inglaterra."
CUMBRES BORRASCOSAS,Emerald Fennell,135,09,22:30,2026-03-12,Renoir Princesa,https://www.pillalas.com/pase/1058113/,https://www.cinesrenoir.com/pelicula/cumbres-borrascosas/,https://media.pillalas.com/imagenes/726afb526abffa83abe8577deb3c0674bd352fd2b0500497b1d5570f2dd570487210fc4e.jpg,Inglés,No recomendada para menores de 16 años,Viernes 13 Febrero 2026,"Margot Robbie, Jacob Elordi, Hong Chau, Alison Oliver, Owen Cooper, Shazad Latif, Martin Clunes, Ewan Mitchell, Amy Morgan, Jessica Knappett, Charlotte Mellington, Vy Nguyen","Adaptada a todo tipo de formatos en multitud de ocasiones, se trata de una trágica historia de pasiones encontradas en la Inglaterra rural más conservadora. Una historia de venganza y odio, de pasiones desatadas y amores desesperados que van más allá de la muerte ambientada en los brumosos y sombríos páramos de Yorkshire, al norte de Inglaterra."
EL AGENTE SECRETO,Kleber Mendonça Filho,160,04,16:00,2026-03-12,Renoir Princesa,https://www.pillalas.com/pase/1058027/,https://www.cinesrenoir.com/pelicula/el-agente-secreto/,https://media.pillalas.com/imagenes/726afb526abffa83bdba0b90e98cf11293bcd8b9c8be1af817aa6c045cd8f479730f7511.jpg,Portugués,No recomendada para menores de 16 años,Viernes 20 Febrero 2026,"Wagner Moura, Gabriel Leone, Udo Kier, Maria Fernanda Cândido","1977. En un Brasil atormentado por la dictadura militar, Marcelo, un cuarentón que huye de un pasado turbulento, llega a la ciudad de Recife, donde espera construir una nueva vida y reencontrarse con su hijo. Todo se complica cuando descubre que las fuerzas gubernamentales le persiguen y las amenazas de muerte se ciernen sobre su cabeza."
EL AGENTE SECRETO,Kleber Mendonça Filho,160,04,18:55,2026-03-12,Renoir Princesa,https://www.pillalas.com/pase/1058031/,https://www.cinesrenoir.com/pelicula/el-agente-secreto/,https://media.pillalas.com/imagenes/726afb526abffa83bdba0b90e98cf11293bcd8b9c8be1af817aa6c045cd8f479730f7511.jpg,Portugués,No recomendada para menores de 16 años,Viernes 20 Febrero 2026,"Wagner Moura, Gabriel Leone, Udo Kier, Maria Fernanda Cândido","1977. En un Brasil atormentado por la dictadura militar, Marcelo, un cuarentón que huye de un pasado turbulento, llega a la ciudad de Recife, donde espera construir una nueva vida y reencontrarse con su hijo. Todo se complica cuando descubre que las fuerzas gubernamentales le persiguen y las amenazas de muerte se ciernen sobre su cabeza."
EL AGENTE SECRETO,Kleber Mendonça Filho,160,04,21:50,2026-03-12,Renoir Princesa,https://www.pillalas.com/pase/1058036/,https://www.cinesrenoir.com/pelicula/el-agente-secreto/,https://media.pillalas.com/imagenes/726afb526abffa83bdba0b90e98cf11293bcd8b9c8be1af817aa6c045cd8f479730f7511.jpg,Portugués,No recomendada para menores de 16 años,Viernes 20 Febrero 2026,"Wagner Moura, Gabriel Leone, Udo Kier, Maria Fernanda Cândido","1977. En un Brasil atormentado por la dictadura militar, Marcelo, un cuarentón que huye de un pasado turbulento, llega a la ciudad de Recife, donde espera construir una nueva vida y reencontrarse con su hijo. Todo se complica cuando descubre que las fuerzas gubernamentales le persiguen y las amenazas de muerte se ciernen sobre su cabeza."
EL MAGO DEL KREMLIN,Olivier Assayas,145,03,16:10,2026-03-12,Renoir Princesa,https://www.pillalas.com/pase/1057935/,https://www.cinesrenoir.com/pelicula/el-mago-del-kremlin/,https://media.pillalas.com/imagenes/726afb526abffa833889e44ac42f5cc54d6019702d8546ebf4550316f78770131f777f2b.jpg,Inglés,No recomendada para menores de 12 años,Viernes 6 Marzo 2026,"Paul Dano, Alicia Vikander, Jude Law, Tom Sturridge, Jeffrey Wright, Will Keen","En medio del caos postsoviético de los años 90, el joven Vadim Baranov (Paul Dano) empieza a labrarse un camino como artista y productor de televisión. Su elocuencia y conexión con las altas esferas le llevan a convertirse, de la noche a la mañana, en el asesor de un agente del KGB con un brillante porvenir: Vladimir Putin (Jude Law). Desde las entrañas del poder, ambos darán forma a la nueva Rusia, difuminando, mediante manipulación, los límites entre la verdad y la mentira."
EL MAGO DEL KREMLIN,Olivier Assayas,145,01,17:40,2026-03-12,Renoir Princesa,https://www.pillalas.com/pase/1057936/,https://www.cinesrenoir.com/pelicula/el-mago-del-kremlin/,https://media.pillalas.com/imagenes/726afb526abffa833889e44ac42f5cc54d6019702d8546ebf4550316f78770131f777f2b.jpg,Inglés,No recomendada para menores de 12 años,Viernes 6 Marzo 2026,"Paul Dano, Alicia Vikander, Jude Law, Tom Sturridge, Jeffrey Wright, Will Keen","En medio del caos postsoviético de los años 90, el joven Vadim Baranov (Paul Dano) empieza a labrarse un camino como artista y productor de televisión. Su elocuencia y conexión con las altas esferas le llevan a convertirse, de la noche a la mañana, en el asesor de un agente del KGB con un brillante porvenir: Vladimir Putin (Jude Law). Desde las entrañas del poder, ambos darán forma a la nueva Rusia, difuminando, mediante manipulación, los límites entre la verdad y la mentira."
EL MAGO DEL KREMLIN,Olivier Assayas,145,01,22:10,2026-03-12,Renoir Princesa,https://www.pillalas.com/pase/1057939/,https://www.cinesrenoir.com/pelicula/el-mago-del-kremlin/,https://media.pillalas.com/imagenes/726afb526abffa833889e44ac42f5cc54d6019702d8546ebf4550316f78770131f777f2b.jpg,Inglés,No recomendada para menores de 12 años,Viernes 6 Marzo 2026,"Paul Dano, Alicia Vikander, Jude Law, Tom Sturridge, Jeffrey Wright, Will Keen","En medio del caos postsoviético de los años 90, el joven Vadim Baranov (Paul Dano) empieza a labrarse un camino como artista y productor de televisión. Su elocuencia y conexión con las altas esferas le llevan a convertirse, de la noche a la mañana, en el asesor de un agente del KGB con un brillante porvenir: Vladimir Putin (Jude Law). Desde las entrañas del poder, ambos darán forma a la nueva Rusia, difuminando, mediante manipulación, los límites entre la verdad y la mentira."
HAMNET,Chloé Zhao,125,08,16:00,2026-03-12,Renoir Princesa,https://www.pillalas.com/pase/1058106/,https://www.cinesrenoir.com/pelicula/hamnet/,https://www.cinesrenoir.com/media/Peliculas/Cartel/HAMNET_Cartel_Digital_8Nominaciones_Oscar_YaEnCines_v2_2.jpg,Inglés,No recomendada para menores de 12 años,Viernes 23 Enero 2026,"Jessie Buckley, Paul Mescal, Joe Alwyn, Emily Watson","Año 1596, Stratford-upon-Avon, Inglaterra. La vida de Agnes transcurre plácidamente junto a su marido y sus tres hijos. Ella cultiva plantas medicinales mientras William trabaja en Londres. El destino, sin embargo, les reservará un duro golpe cuando su hijo Hamnet, de once años, muera repentinamente tras contraer la peste. A raíz de esta tragedia, su padre creará uno de los grandes personajes de la literatura universal, de nombre casi idéntico al de su hijo.


Pero esta película no habla de famosos sucesos sino de algo íntimo y olvidado: La vida de esta familia, y especialmente la de la mujer que la sostenía y que tuvo que cargar con una insoportable pérdida."
HAMNET,Chloé Zhao,125,05,17:55,2026-03-12,Renoir Princesa,https://www.pillalas.com/pase/1058029/,https://www.cinesrenoir.com/pelicula/hamnet/,https://www.cinesrenoir.com/media/Peliculas/Cartel/HAMNET_Cartel_Digital_8Nominaciones_Oscar_YaEnCines_v2_2.jpg,Inglés,No recomendada para menores de 12 años,Viernes 23 Enero 2026,"Jessie Buckley, Paul Mescal, Joe Alwyn, Emily Watson","Año 1596, Stratford-upon-Avon, Inglaterra. La vida de Agnes transcurre plácidamente junto a su marido y sus tres hijos. Ella cultiva plantas medicinales mientras William trabaja en Londres. El destino, sin embargo, les reservará un duro golpe cuando su hijo Hamnet, de once años, muera repentinamente tras contraer la peste. A raíz de esta tragedia, su padre creará uno de los grandes personajes de la literatura universal, de nombre casi idéntico al de su hijo.


Pero esta película no habla de famosos sucesos sino de algo íntimo y olvidado: La vida de esta familia, y especialmente la de la mujer que la sostenía y que tuvo que cargar con una insoportable pérdida."
HAMNET,Chloé Zhao,125,05,20:15,2026-03-12,Renoir Princesa,https://www.pillalas.com/pase/1058033/,https://www.cinesrenoir.com/pelicula/hamnet/,https://www.cinesrenoir.com/media/Peliculas/Cartel/HAMNET_Cartel_Digital_8Nominaciones_Oscar_YaEnCines_v2_2.jpg,Inglés,No recomendada para menores de 12 años,Viernes 23 Enero 2026,"Jessie Buckley, Paul Mescal, Joe Alwyn, Emily Watson","Año 1596, Stratford-upon-Avon, Inglaterra. La vida de Agnes transcurre plácidamente junto a su marido y sus tres hijos. Ella cultiva plantas medicinales mientras William trabaja en Londres. El destino, sin embargo, les reservará un duro golpe cuando su hijo Hamnet, de once años, muera repentinamente tras contraer la peste. A raíz de esta tragedia, su padre creará uno de los grandes personajes de la literatura universal, de nombre casi idéntico al de su hijo.


Pero esta película no habla de famosos sucesos sino de algo íntimo y olvidado: La vida de esta familia, y especialmente la de la mujer que la sostenía y que tuvo que cargar con una insoportable pérdida."
HAMNET,Chloé Zhao,125,05,22:35,2026-03-12,Renoir Princesa,https://www.pillalas.com/pase/1058037/,https://www.cinesrenoir.com/pelicula/hamnet/,https://www.cinesrenoir.com/media/Peliculas/Cartel/HAMNET_Cartel_Digital_8Nominaciones_Oscar_YaEnCines_v2_2.jpg,Inglés,No recomendada para menores de 12 años,Viernes 23 Enero 2026,"Jessie Buckley, Paul Mescal, Joe Alwyn, Emily Watson","Año 1596, Stratford-upon-Avon, Inglaterra. La vida de Agnes transcurre plácidamente junto a su marido y sus tres hijos. Ella cultiva plantas medicinales mientras William trabaja en Londres. El destino, sin embargo, les reservará un duro golpe cuando su hijo Hamnet, de once años, muera repentinamente tras contraer la peste. A raíz de esta tragedia, su padre creará uno de los grandes personajes de la literatura universal, de nombre casi idéntico al de su hijo.


Pero esta película no habla de famosos sucesos sino de algo íntimo y olvidado: La vida de esta familia, y especialmente la de la mujer que la sostenía y que tuvo que cargar con una insoportable pérdida."
LA SOMBRA DE MI PADRE,Akinola Davies,94,01,15:50,2026-03-12,Renoir Princesa,https://www.pillalas.com/pase/1058646/,https://www.cinesrenoir.com/pelicula/la-sombra-de-mi-padre/,https://media.pillalas.com/imagenes/726afb526abffa83b400e9327dc59948d5f51eecc0c622647e6461545b9a00169ae2e56b.jpg,Inglés,Pendiente de calificación,Viernes 6 Marzo 2026,"Sope Dirisu, Chibuike Marvellous Egbo, Godwin Egbo, Akerele David","Relato semiautobiográfico que transcurre en un solo día en Lagos, la capital de Nigeria, durante la crisis electoral de 1993."
LA SOMBRA DE MI PADRE,Akinola Davies,94,01,20:20,2026-03-12,Renoir Princesa,https://www.pillalas.com/pase/1058647/,https://www.cinesrenoir.com/pelicula/la-sombra-de-mi-padre/,https://media.pillalas.com/imagenes/726afb526abffa83b400e9327dc59948d5f51eecc0c622647e6461545b9a00169ae2e56b.jpg,Inglés,Pendiente de calificación,Viernes 6 Marzo 2026,"Sope Dirisu, Chibuike Marvellous Egbo, Godwin Egbo, Akerele David","Relato semiautobiográfico que transcurre en un solo día en Lagos, la capital de Nigeria, durante la crisis electoral de 1993."
LOS DOMINGOS,Alauda Ruiz De Azúa,115,06,16:00,2026-03-12,Renoir Princesa,https://www.pillalas.com/pase/1058026/,https://www.cinesrenoir.com/pelicula/los-domingos/,https://media.pillalas.com/imagenes/726afb526abffa83eb13c84b6e843cdf406388aa12cc57b934b6e5ab1c8e2d84ce9ad1f4.jpg,Castellano,No recomendada para menores de 12 años,Viernes 24 Octubre 2025,"Patricia López Arnaiz, Blanca Soroa, Miguel Garcés, Juan Minujín, Mabel Rivera, Nagore Aramburu","'Los domingos' cuenta la historia de Ainara (Soroa), una joven idealista y brillante de 17 años que ha de decidir qué carrera universitaria estudiará. O, al menos, eso espera su familia que haga. Sin embargo, la joven manifiesta que se siente cada vez más cerca de Dios y que se plantea abrazar la vida de monja de clausura. La noticia pilla por sorpresa a toda la familia provocando un abismo y una prueba de fuego para todos."
LOS DOMINGOS,Alauda Ruiz De Azúa,115,06,18:15,2026-03-12,Renoir Princesa,https://www.pillalas.com/pase/1058030/,https://www.cinesrenoir.com/pelicula/los-domingos/,https://media.pillalas.com/imagenes/726afb526abffa83eb13c84b6e843cdf406388aa12cc57b934b6e5ab1c8e2d84ce9ad1f4.jpg,Castellano,No recomendada para menores de 12 años,Viernes 24 Octubre 2025,"Patricia López Arnaiz, Blanca Soroa, Miguel Garcés, Juan Minujín, Mabel Rivera, Nagore Aramburu","'Los domingos' cuenta la historia de Ainara (Soroa), una joven idealista y brillante de 17 años que ha de decidir qué carrera universitaria estudiará. O, al menos, eso espera su familia que haga. Sin embargo, la joven manifiesta que se siente cada vez más cerca de Dios y que se plantea abrazar la vida de monja de clausura. La noticia pilla por sorpresa a toda la familia provocando un abismo y una prueba de fuego para todos."
LOS DOMINGOS,Alauda Ruiz De Azúa,115,06,20:30,2026-03-12,Renoir Princesa,https://www.pillalas.com/pase/1058034/,https://www.cinesrenoir.com/pelicula/los-domingos/,https://media.pillalas.com/imagenes/726afb526abffa83eb13c84b6e843cdf406388aa12cc57b934b6e5ab1c8e2d84ce9ad1f4.jpg,Castellano,No recomendada para menores de 12 años,Viernes 24 Octubre 2025,"Patricia López Arnaiz, Blanca Soroa, Miguel Garcés, Juan Minujín, Mabel Rivera, Nagore Aramburu","'Los domingos' cuenta la historia de Ainara (Soroa), una joven idealista y brillante de 17 años que ha de decidir qué carrera universitaria estudiará. O, al menos, eso espera su familia que haga. Sin embargo, la joven manifiesta que se siente cada vez más cerca de Dios y que se plantea abrazar la vida de monja de clausura. La noticia pilla por sorpresa a toda la familia provocando un abismo y una prueba de fuego para todos."
LOS DOMINGOS,Alauda Ruiz De Azúa,115,06,22:40,2026-03-12,Renoir Princesa,https://www.pillalas.com/pase/1058038/,https://www.cinesrenoir.com/pelicula/los-domingos/,https://media.pillalas.com/imagenes/726afb526abffa83eb13c84b6e843cdf406388aa12cc57b934b6e5ab1c8e2d84ce9ad1f4.jpg,Castellano,No recomendada para menores de 12 años,Viernes 24 Octubre 2025,"Patricia López Arnaiz, Blanca Soroa, Miguel Garcés, Juan Minujín, Mabel Rivera, Nagore Aramburu","'Los domingos' cuenta la historia de Ainara (Soroa), una joven idealista y brillante de 17 años que ha de decidir qué carrera universitaria estudiará. O, al menos, eso espera su familia que haga. Sin embargo, la joven manifiesta que se siente cada vez más cerca de Dios y que se plantea abrazar la vida de monja de clausura. La noticia pilla por sorpresa a toda la familia provocando un abismo y una prueba de fuego para todos."
MARTY SUPREME,Josh Safdie,149,03,19:00,2026-03-12,Renoir Princesa,https://www.pillalas.com/pase/1058032/,https://www.cinesrenoir.com/pelicula/marty-supreme/,https://media.pillalas.com/imagenes/726afb526abffa83215ea8a89c8894fb1ac44e6c3b86faba19f84e195b42d541304dcb79.jpg,Inglés,No recomendada para menores de 16 años,Viernes 30 Enero 2026,"Timothee Chalamet, Gwyneth Paltrow, Odessa A Zion, Sandra Bernhard, Fran Drescher, Abel Ferrara, Spenser Granese, Tyler The Creator, Penn Jillette, Kevin O Leary","Marty Mauser (Timothée Chalamet), un joven con una ambición desmesurada, está dispuesto a todo para cumplir su sueño. Con ayuda, entre otros, de la estrella de cine Carol Dunne (Gwyneth Paltrow) demostrará al mundo entero su grandeza."
MARTY SUPREME,Josh Safdie,149,03,21:45,2026-03-12,Renoir Princesa,https://www.pillalas.com/pase/1058035/,https://www.cinesrenoir.com/pelicula/marty-supreme/,https://media.pillalas.com/imagenes/726afb526abffa83215ea8a89c8894fb1ac44e6c3b86faba19f84e195b42d541304dcb79.jpg,Inglés,No recomendada para menores de 16 años,Viernes 30 Enero 2026,"Timothee Chalamet, Gwyneth Paltrow, Odessa A Zion, Sandra Bernhard, Fran Drescher, Abel Ferrara, Spenser Granese, Tyler The Creator, Penn Jillette, Kevin O Leary","Marty Mauser (Timothée Chalamet), un joven con una ambición desmesurada, está dispuesto a todo para cumplir su sueño. Con ayuda, entre otros, de la estrella de cine Carol Dunne (Gwyneth Paltrow) demostrará al mundo entero su grandeza."
MILLENIUM ACTRESS [WILDER CINEMA],Satoshi Kon,87,07,20:00,2026-03-12,Renoir Princesa,https://www.pillalas.com/pase/1057647/,https://www.cinesrenoir.com/pelicula/millenium-actress-wilder-cinema/,https://media.pillalas.com/imagenes/726afb526abffa8377a637019d2afdd33872103c92990635b2aa6153f9256f0191a80dc9.jpg,Japonés,No recomendada para menores de 12 años,Jueves 12 Marzo 2026,Animación,"Delicada y profundamente emotiva, Millennium Actress es una de las obras más personales y elegantes de Satoshi Kon. A través del recuerdo de una gran actriz retirada, la película entrelaza cine, memoria y emoción, difuminando las fronteras entre vida y ficción con una fluidez deslumbrante. Romántica, melancólica y visualmente hipnótica, es una celebración del cine como refugio, como pasión y como forma de vida. Una obra luminosa y conmovedora que confirma a Kon como uno de los grandes autores de la animación moderna.Premio a la Mejor Película de Animación – Festival de Sitges“Una obra maestra de sensibilidad y elegancia.” — El País“Satoshi Kon en estado de gracia.” — Fotogramas“Una de las películas más bellas jamás realizadas en animación.” — Cinemanía“Un canto de amor al cine.” — The Guardian“Emocionante, original y profundamente humana.” — The New York Times"
PILLION,Harry Lighton,106,11,16:00,2026-03-12,Renoir Princesa,https://www.pillalas.com/pase/1058150/,https://www.cinesrenoir.com/pelicula/pillion/,https://www.cinesrenoir.com/media/Peliculas/Cartel/POSTER_2_3_web_1_1_1.png,Inglés,Pendiente de calificación,Viernes 6 Marzo 2026,"Harry Melling, Alexander Skarsgård, Lesley Sharp, Douglas Hodge","Colin, un chico introvertido, se queda prendado de Ray, el carismático y atractivo líder de una banda de moteros que le toma como su sumiso, dinamitando su rutina y cambiándole la vida."
PILLION,Harry Lighton,106,10,18:10,2026-03-12,Renoir Princesa,https://www.pillalas.com/pase/1058152/,https://www.cinesrenoir.com/pelicula/pillion/,https://www.cinesrenoir.com/media/Peliculas/Cartel/POSTER_2_3_web_1_1_1.png,Inglés,Pendiente de calificación,Viernes 6 Marzo 2026,"Harry Melling, Alexander Skarsgård, Lesley Sharp, Douglas Hodge","Colin, un chico introvertido, se queda prendado de Ray, el carismático y atractivo líder de una banda de moteros que le toma como su sumiso, dinamitando su rutina y cambiándole la vida."
PILLION,Harry Lighton,106,10,20:10,2026-03-12,Renoir Princesa,https://www.pillalas.com/pase/1058153/,https://www.cinesrenoir.com/pelicula/pillion/,https://www.cinesrenoir.com/media/Peliculas/Cartel/POSTER_2_3_web_1_1_1.png,Inglés,Pendiente de calificación,Viernes 6 Marzo 2026,"Harry Melling, Alexander Skarsgård, Lesley Sharp, Douglas Hodge","Colin, un chico introvertido, se queda prendado de Ray, el carismático y atractivo líder de una banda de moteros que le toma como su sumiso, dinamitando su rutina y cambiándole la vida."
PILLION,Harry Lighton,106,11,22:40,2026-03-12,Renoir Princesa,https://www.pillalas.com/pase/1058155/,https://www.cinesrenoir.com/pelicula/pillion/,https://www.cinesrenoir.com/media/Peliculas/Cartel/POSTER_2_3_web_1_1_1.png,Inglés,Pendiente de calificación,Viernes 6 Marzo 2026,"Harry Melling, Alexander Skarsgård, Lesley Sharp, Douglas Hodge","Colin, un chico introvertido, se queda prendado de Ray, el carismático y atractivo líder de una banda de moteros que le toma como su sumiso, dinamitando su rutina y cambiándole la vida."
RENTAL FAMILY (FAMILIA DE ALQUILER),Mitsuyo Miyazaki,109,05,15:50,2026-03-12,Renoir Princesa,https://www.pillalas.com/pase/1058025/,https://www.cinesrenoir.com/pelicula/rental-family-familia-de-alquiler/,https://media.pillalas.com/imagenes/726afb526abffa8354fd8d551fddc8b6f2c37df750c002f9f65d59d1707b603c58f3211d.jpg,Inglés Y Japonés,No recomendada para menores de 12 años,Viernes 9 Enero 2026,"Brendan Fraser, Mari Yamamoto, Takehiro Hira, Akira Emoto, Shannon Gorman","Comedia dramática sobre un actor estadounidense (Brendan Fraser) que lucha por encontrar un propósito en la vida en el Tokio actual. Hasta que consigue un trabajo inusual, trabajar para una agencia japonesa de ""familias de alquiler"", interpretando papeles de suplente para desconocidos."
SIRAT,Óliver Laxe,120,08,20:15,2026-03-12,Renoir Princesa,https://www.pillalas.com/pase/1058110/,https://www.cinesrenoir.com/pelicula/sirat/,https://www.cinesrenoir.com/media/Peliculas/Cartel/SIRAT_ONLINE_GOYAOSCARS.jpg,Castellano Y Otros,No recomendada para menores de 16 años,Viernes 6 Junio 2025,"Sergi López, Bruno Núñez, Stefania Gadda, Joshua Liam Herderson, Tonin Javier, Jade Ouki, Richard Bellamyun","Un hombre (López) y su hijo (Nuñez) llegan a una rave perdida en medio de las áridas y fantasmagóricas montañas del sur de Marruecos. Buscan allí a Mar, su hija y hermana, desaparecida hace meses en una de estas fiestas sin amanecer. Reparten una y otra vez su foto rodeados de música electrónica y de un tipo de libertad que desconocen. Empujados por el destino, y con la esperanza de encontrar ahí a Mar, deciden seguir a un grupo de raveros hacia la última fiesta que se celebrará en el desierto."
SIRAT,Óliver Laxe,120,08,22:25,2026-03-12,Renoir Princesa,https://www.pillalas.com/pase/1058112/,https://www.cinesrenoir.com/pelicula/sirat/,https://www.cinesrenoir.com/media/Peliculas/Cartel/SIRAT_ONLINE_GOYAOSCARS.jpg,Castellano Y Otros,No recomendada para menores de 16 años,Viernes 6 Junio 2025,"Sergi López, Bruno Núñez, Stefania Gadda, Joshua Liam Herderson, Tonin Javier, Jade Ouki, Richard Bellamyun","Un hombre (López) y su hijo (Nuñez) llegan a una rave perdida en medio de las áridas y fantasmagóricas montañas del sur de Marruecos. Buscan allí a Mar, su hija y hermana, desaparecida hace meses en una de estas fiestas sin amanecer. Reparten una y otra vez su foto rodeados de música electrónica y de un tipo de libertad que desconocen. Empujados por el destino, y con la esperanza de encontrar ahí a Mar, deciden seguir a un grupo de raveros hacia la última fiesta que se celebrará en el desierto."
"SORRY, BABY",Eva Victor,102,08,18:20,2026-03-12,Renoir Princesa,https://www.pillalas.com/pase/1058107/,https://www.cinesrenoir.com/pelicula/sorry-baby/,https://media.pillalas.com/imagenes/726afb526abffa837c59681f561d4afba82a26ef8235abdaa380a4c9cf2bacb70dacac1c.jpg,Inglés,No recomendada para menores de 16 años y distintivo especialmente recomendada para el fomento de la igualdad de género,Viernes 27 Febrero 2026,"Eva Victor, Naomi Ackie, Lucas Hedges, John Carroll Lynch, Louis Cancelmi","A Agnes le pasó algo malo. Pero la vida sigue, al menos para todos los que la rodean."
"SORRY, BABY",Eva Victor,102,02,22:45,2026-03-12,Renoir Princesa,https://www.pillalas.com/pase/1057940/,https://www.cinesrenoir.com/pelicula/sorry-baby/,https://media.pillalas.com/imagenes/726afb526abffa837c59681f561d4afba82a26ef8235abdaa380a4c9cf2bacb70dacac1c.jpg,Inglés,No recomendada para menores de 16 años y distintivo especialmente recomendada para el fomento de la igualdad de género,Viernes 27 Febrero 2026,"Eva Victor, Naomi Ackie, Lucas Hedges, John Carroll Lynch, Louis Cancelmi","A Agnes le pasó algo malo. Pero la vida sigue, al menos para todos los que la rodean."
TRES ADIOSES,Isabel Coixet,122,02,16:00,2026-03-12,Renoir Princesa,https://www.pillalas.com/pase/1057934/,https://www.cinesrenoir.com/pelicula/tres-adioses/,https://media.pillalas.com/imagenes/726afb526abffa832ea2a44a189894de905fc7e94534a8bf4ef6bf13e5ccdfe90922c22e.jpg,Italiano,No recomendada para menores de 12 años,Viernes 6 Febrero 2026,"Alba Rohrwacher, Elio Germano, Francesco Carril, Silvia D Amico, Galatea Bellugi, Sarita Choudhury","Tras lo que parecía una discusión sin importancia, Marta (Alba Rohrwacher) y Antonio (Elio Germano) se separan. Él, un chef prometedor, se refugia en sus fogones; ella, en su silencio, empieza a notar algo más que tristeza: ha perdido el apetito… y no solo por desamor. Cuando descubre que detrás hay un problema de salud, todo da un giro inesperado: la comida sabe mejor, la música le llega como nunca y el deseo despierta sus ganas de vivir sin miedo.
Una historia sobre el amor, la vida y esos momentos que lo cambian todo para siempre."
TRES ADIOSES,Isabel Coixet,122,02,18:15,2026-03-12,Renoir Princesa,https://www.pillalas.com/pase/1057937/,https://www.cinesrenoir.com/pelicula/tres-adioses/,https://media.pillalas.com/imagenes/726afb526abffa832ea2a44a189894de905fc7e94534a8bf4ef6bf13e5ccdfe90922c22e.jpg,Italiano,No recomendada para menores de 12 años,Viernes 6 Febrero 2026,"Alba Rohrwacher, Elio Germano, Francesco Carril, Silvia D Amico, Galatea Bellugi, Sarita Choudhury","Tras lo que parecía una discusión sin importancia, Marta (Alba Rohrwacher) y Antonio (Elio Germano) se separan. Él, un chef prometedor, se refugia en sus fogones; ella, en su silencio, empieza a notar algo más que tristeza: ha perdido el apetito… y no solo por desamor. Cuando descubre que detrás hay un problema de salud, todo da un giro inesperado: la comida sabe mejor, la música le llega como nunca y el deseo despierta sus ganas de vivir sin miedo.
Una historia sobre el amor, la vida y esos momentos que lo cambian todo para siempre."
TRES ADIOSES,Isabel Coixet,122,02,20:30,2026-03-12,Renoir Princesa,https://www.pillalas.com/pase/1057938/,https://www.cinesrenoir.com/pelicula/tres-adioses/,https://media.pillalas.com/imagenes/726afb526abffa832ea2a44a189894de905fc7e94534a8bf4ef6bf13e5ccdfe90922c22e.jpg,Italiano,No recomendada para menores de 12 años,Viernes 6 Febrero 2026,"Alba Rohrwacher, Elio Germano, Francesco Carril, Silvia D Amico, Galatea Bellugi, Sarita Choudhury","Tras lo que parecía una discusión sin importancia, Marta (Alba Rohrwacher) y Antonio (Elio Germano) se separan. Él, un chef prometedor, se refugia en sus fogones; ella, en su silencio, empieza a notar algo más que tristeza: ha perdido el apetito… y no solo por desamor. Cuando descubre que detrás hay un problema de salud, todo da un giro inesperado: la comida sabe mejor, la música le llega como nunca y el deseo despierta sus ganas de vivir sin miedo.
Una historia sobre el amor, la vida y esos momentos que lo cambian todo para siempre."
¡LA NOVIA!,Maggie Gyllenhaal,126,10,15:50,2026-03-12,Renoir Princesa,https://www.pillalas.com/pase/1058105/,https://www.cinesrenoir.com/pelicula/la-novia/,https://media.pillalas.com/imagenes/726afb526abffa834d5e9976411fdc20e28407e451a89b449da3736e5440bebb2e35bc4c.jpg,Inglés,No recomendada para menores de 16 años y distintivo especialmente recomendada para el fomento de la igualdad de género,Viernes 6 Marzo 2026,"Jessie Buckley, Christian Bale, Peter Sarsgaard, Annette Bening, Penelope Cruz, Jake Gyllenhaal, Julianne Hough, Louis Cancelmi, John Magaro, Linda Emond, Jeannie Berlin, Matthew Maher","En el Chicago de los años 30, un solitario Frankenstein pide la ayuda del Dr. Euphronius para crearse una compañera. Los dos resucitan a una joven asesinada y en ese momento nace la Novia, quien irá más allá de lo que cualquiera de los dos pretendía, encendiendo un romance apasionado, la atención de la policía y un movimiento social salvaje y radical."
¡LA NOVIA!,Maggie Gyllenhaal,126,11,18:00,2026-03-12,Renoir Princesa,https://www.pillalas.com/pase/1058151/,https://www.cinesrenoir.com/pelicula/la-novia/,https://media.pillalas.com/imagenes/726afb526abffa834d5e9976411fdc20e28407e451a89b449da3736e5440bebb2e35bc4c.jpg,Inglés,No recomendada para menores de 16 años y distintivo especialmente recomendada para el fomento de la igualdad de género,Viernes 6 Marzo 2026,"Jessie Buckley, Christian Bale, Peter Sarsgaard, Annette Bening, Penelope Cruz, Jake Gyllenhaal, Julianne Hough, Louis Cancelmi, John Magaro, Linda Emond, Jeannie Berlin, Matthew Maher","En el Chicago de los años 30, un solitario Frankenstein pide la ayuda del Dr. Euphronius para crearse una compañera. Los dos resucitan a una joven asesinada y en ese momento nace la Novia, quien irá más allá de lo que cualquiera de los dos pretendía, encendiendo un romance apasionado, la atención de la policía y un movimiento social salvaje y radical."
¡LA NOVIA!,Maggie Gyllenhaal,126,11,20:20,2026-03-12,Renoir Princesa,https://www.pillalas.com/pase/1058154/,https://www.cinesrenoir.com/pelicula/la-novia/,https://media.pillalas.com/imagenes/726afb526abffa834d5e9976411fdc20e28407e451a89b449da3736e5440bebb2e35bc4c.jpg,Inglés,No recomendada para menores de 16 años y distintivo especialmente recomendada para el fomento de la igualdad de género,Viernes 6 Marzo 2026,"Jessie Buckley, Christian Bale, Peter Sarsgaard, Annette Bening, Penelope Cruz, Jake Gyllenhaal, Julianne Hough, Louis Cancelmi, John Magaro, Linda Emond, Jeannie Berlin, Matthew Maher","En el Chicago de los años 30, un solitario Frankenstein pide la ayuda del Dr. Euphronius para crearse una compañera. Los dos resucitan a una joven asesinada y en ese momento nace la Novia, quien irá más allá de lo que cualquiera de los dos pretendía, encendiendo un romance apasionado, la atención de la policía y un movimiento social salvaje y radical."
¡LA NOVIA!,Maggie Gyllenhaal,126,10,22:10,2026-03-12,Renoir Princesa,https://www.pillalas.com/pase/1058111/,https://www.cinesrenoir.com/pelicula/la-novia/,https://media.pillalas.com/imagenes/726afb526abffa834d5e9976411fdc20e28407e451a89b449da3736e5440bebb2e35bc4c.jpg,Inglés,No recomendada para menores de 16 años y distintivo especialmente recomendada para el fomento de la igualdad de género,Viernes 6 Marzo 2026,"Jessie Buckley, Christian Bale, Peter Sarsgaard, Annette Bening, Penelope Cruz, Jake Gyllenhaal, Julianne Hough, Louis Cancelmi, John Magaro, Linda Emond, Jeannie Berlin, Matthew Maher","En el Chicago de los años 30, un solitario Frankenstein pide la ayuda del Dr. Euphronius para crearse una compañera. Los dos resucitan a una joven asesinada y en ese momento nace la Novia, quien irá más allá de lo que cualquiera de los dos pretendía, encendiendo un romance apasionado, la atención de la policía y un movimiento social salvaje y radical."
HISTORIAS DEL BUEN VALLE,José Luis Guerin,122,05,15:50,2026-03-05,Renoir Plaza de España,https://www.pillalas.com/pase/1056661/,https://www.cinesrenoir.com/pelicula/historias-del-buen-valle/,https://media.pillalas.com/imagenes/726afb526abffa838aaf07790a37e874c7509f5af4e227ab1664533c196269093a9c8841.jpg,Castellano,Apta para todos los públicos,Viernes 13 Febrero 2026,Documental,"En el paisaje indefinido de un barrio periférico, entre el mundo rural y el urbano, coexisten las casas levantadas por los primeros migrantes, quienes llegaron de toda España tras la posguerra…, y los nuevos bloques y viviendas de la ciudad dormitorio, donde se concentra la nueva migración, convirtiendo este humilde rincón en una auténtica aldea global. Historias del buen valle es una suma de imaginarios, de conflictos sociales, generacionales e identitarios, urbanísticos y ecológicos; pero es también una mirada reposada y humanista sobre el mundo actual."
LA CHICA ZURDA,Shih-Ching Tsou,108,04,20:25,2026-03-05,Renoir Plaza de España,https://www.pillalas.com/pase/1056633/,https://www.cinesrenoir.com/pelicula/la-chica-zurda/,https://media.pillalas.com/imagenes/726afb526abffa83e5ee5674d1ac0b73f39c1d9ebacca7f6a4c573d6423a82f140c7a520.jpg,Mandarín,No recomendada para menores de 12 años,Viernes 30 Enero 2026,"Shi-Yuan Ma, Janel Tsai, Nina Ye, Teng-Hui Huang, Akio Chen, Blaire Chang, Xin-Yan Chao","La pequeña I-Jing corretea con curiosidad por las calles de un mercado nocturno de Taipei, entre neones, motocicletas y toda clase de puestos de comida como el que regenta su madre, que trata de sacar adelante a la niña y a su hermana mayor."
LA TARTA DEL PRESIDENTE,Hasan Hadi,105,04,15:50,2026-03-05,Renoir Plaza de España,https://www.pillalas.com/pase/1056627/,https://www.cinesrenoir.com/pelicula/20260305050511-la-tarta-del-presidente/,https://media.pillalas.com/imagenes/726afb526abffa83eda64f8b418bec544f18146f6ca2869a88655e1df49985337de64299.jpg,Iraquí,No recomendada para menores de 12 años,Viernes 6 Febrero 2026,"Baneen Ahmad Nayyef, Waheed Thabet Khreibat, Sajad Mohamad Qasem, Muthanna Malaghi, Ahmad Qasem Saywan, Maytham Mreidi, Rahim Alhaj, Thaer Salem, Fatima Abouharoon","Irak, años noventa. La pequeña Lamia recibe la misión de preparar una tarta con motivo del cumpleaños del presidente Sadam Huseín. Acompañada por su amigo Saeed y con su gallo Hindi a cuestas, recorre Bagdad en busca de los ingredientes, viviendo una serie de peripecias que alterarán por completo su vida cotidiana."
LA TARTA DEL PRESIDENTE,Hasan Hadi,105,05,18:15,2026-03-05,Renoir Plaza de España,https://www.pillalas.com/pase/1056662/,https://www.cinesrenoir.com/pelicula/20260305050511-la-tarta-del-presidente/,https://media.pillalas.com/imagenes/726afb526abffa83eda64f8b418bec544f18146f6ca2869a88655e1df49985337de64299.jpg,Iraquí,No recomendada para menores de 12 años,Viernes 6 Febrero 2026,"Baneen Ahmad Nayyef, Waheed Thabet Khreibat, Sajad Mohamad Qasem, Muthanna Malaghi, Ahmad Qasem Saywan, Maytham Mreidi, Rahim Alhaj, Thaer Salem, Fatima Abouharoon","Irak, años noventa. La pequeña Lamia recibe la misión de preparar una tarta con motivo del cumpleaños del presidente Sadam Huseín. Acompañada por su amigo Saeed y con su gallo Hindi a cuestas, recorre Bagdad en busca de los ingredientes, viviendo una serie de peripecias que alterarán por completo su vida cotidiana."
LA TARTA DEL PRESIDENTE,Hasan Hadi,105,05,22:45,2026-03-05,Renoir Plaza de España,https://www.pillalas.com/pase/1056664/,https://www.cinesrenoir.com/pelicula/20260305050511-la-tarta-del-presidente/,https://media.pillalas.com/imagenes/726afb526abffa83eda64f8b418bec544f18146f6ca2869a88655e1df49985337de64299.jpg,Iraquí,No recomendada para menores de 12 años,Viernes 6 Febrero 2026,"Baneen Ahmad Nayyef, Waheed Thabet Khreibat, Sajad Mohamad Qasem, Muthanna Malaghi, Ahmad Qasem Saywan, Maytham Mreidi, Rahim Alhaj, Thaer Salem, Fatima Abouharoon","Irak, años noventa. La pequeña Lamia recibe la misión de preparar una tarta con motivo del cumpleaños del presidente Sadam Huseín. Acompañada por su amigo Saeed y con su gallo Hindi a cuestas, recorre Bagdad en busca de los ingredientes, viviendo una serie de peripecias que alterarán por completo su vida cotidiana."
LOS MISERABLES. EL ORIGEN,Éric Bersnard,98,01,15:50,2026-03-05,Renoir Plaza de España,https://www.pillalas.com/pase/1056561/,https://www.cinesrenoir.com/pelicula/los-miserables-el-origen/,https://media.pillalas.com/imagenes/726afb526abffa83f1fe811a2f88361f6bd22e58f78ce5ce248cf98ac6dddbdf057da693.jpg,Francés,No recomendada para menores de 16 años,Viernes 27 Febrero 2026,"Grégory Gadebois, Bernard Campan, Alexandra Lamy, Isabelle Carré, Dominique Pinon, Romane Libert, Albert Dupontel","Francia, 1815. Tras 19 años de condena, Jean Valjean queda en libertad. Rechazado por todos, encuentra refugio en casa del obispo Myriel, su hermana y su sirvienta. Sorprendido por una bondad que no comprende, Valjean deberá elegir entre el odio que lo consume o la posibilidad de redención que se le ofrece."
LOS MISERABLES. EL ORIGEN,Éric Bersnard,98,02,18:35,2026-03-05,Renoir Plaza de España,https://www.pillalas.com/pase/1056563/,https://www.cinesrenoir.com/pelicula/los-miserables-el-origen/,https://media.pillalas.com/imagenes/726afb526abffa83f1fe811a2f88361f6bd22e58f78ce5ce248cf98ac6dddbdf057da693.jpg,Francés,No recomendada para menores de 16 años,Viernes 27 Febrero 2026,"Grégory Gadebois, Bernard Campan, Alexandra Lamy, Isabelle Carré, Dominique Pinon, Romane Libert, Albert Dupontel","Francia, 1815. Tras 19 años de condena, Jean Valjean queda en libertad. Rechazado por todos, encuentra refugio en casa del obispo Myriel, su hermana y su sirvienta. Sorprendido por una bondad que no comprende, Valjean deberá elegir entre el odio que lo consume o la posibilidad de redención que se le ofrece."
LOS MISERABLES. EL ORIGEN,Éric Bersnard,98,02,20:35,2026-03-05,Renoir Plaza de España,https://www.pillalas.com/pase/1056564/,https://www.cinesrenoir.com/pelicula/los-miserables-el-origen/,https://media.pillalas.com/imagenes/726afb526abffa83f1fe811a2f88361f6bd22e58f78ce5ce248cf98ac6dddbdf057da693.jpg,Francés,No recomendada para menores de 16 años,Viernes 27 Febrero 2026,"Grégory Gadebois, Bernard Campan, Alexandra Lamy, Isabelle Carré, Dominique Pinon, Romane Libert, Albert Dupontel","Francia, 1815. Tras 19 años de condena, Jean Valjean queda en libertad. Rechazado por todos, encuentra refugio en casa del obispo Myriel, su hermana y su sirvienta. Sorprendido por una bondad que no comprende, Valjean deberá elegir entre el odio que lo consume o la posibilidad de redención que se le ofrece."
LOS MISERABLES. EL ORIGEN,Éric Bersnard,98,01,22:45,2026-03-05,Renoir Plaza de España,https://www.pillalas.com/pase/1056566/,https://www.cinesrenoir.com/pelicula/los-miserables-el-origen/,https://media.pillalas.com/imagenes/726afb526abffa83f1fe811a2f88361f6bd22e58f78ce5ce248cf98ac6dddbdf057da693.jpg,Francés,No recomendada para menores de 16 años,Viernes 27 Febrero 2026,"Grégory Gadebois, Bernard Campan, Alexandra Lamy, Isabelle Carré, Dominique Pinon, Romane Libert, Albert Dupontel","Francia, 1815. Tras 19 años de condena, Jean Valjean queda en libertad. Rechazado por todos, encuentra refugio en casa del obispo Myriel, su hermana y su sirvienta. Sorprendido por una bondad que no comprende, Valjean deberá elegir entre el odio que lo consume o la posibilidad de redención que se le ofrece."
NO HAY OTRA OPCIÓN,Park Chan-Wook,139,02,16:00,2026-03-05,Renoir Plaza de España,https://www.pillalas.com/pase/1056562/,https://www.cinesrenoir.com/pelicula/no-hay-otra-opcion/,https://media.pillalas.com/imagenes/726afb526abffa83bdeb4516e384b837092cce5cc6598f1dfd4dee91ff9227e1f484f775.jpg,Coreano,Pendiente de calificación,Viernes 13 Febrero 2026,"Lee Byung-Hun, Son Ye-Jin, Lee Sung-Min, Yeom Hye-Ran, Park Hee-Soon, Cha Seung-Won, Yoo Yeon-Seok","La historia sigue a un hombre de mediana edad llamado Man-su que se embarca decidido en una búsqueda de trabajo tras ser despedido inesperadamente de la compañía de papel en la que trabajó durante 25 años. ""Si no hay una vacante para mí, tendré que crear una para que me contraten. No hay otra opción"". Adaptación de la novela ""The Ax"" de Donald E. Westlake, que ya fue llevada al cine en la película ""Arcadia"", dirigida por Costa-Gavras en 2005."
NO HAY OTRA OPCIÓN,Park Chan-Wook,139,04,17:50,2026-03-05,Renoir Plaza de España,https://www.pillalas.com/pase/1056630/,https://www.cinesrenoir.com/pelicula/no-hay-otra-opcion/,https://media.pillalas.com/imagenes/726afb526abffa83bdeb4516e384b837092cce5cc6598f1dfd4dee91ff9227e1f484f775.jpg,Coreano,Pendiente de calificación,Viernes 13 Febrero 2026,"Lee Byung-Hun, Son Ye-Jin, Lee Sung-Min, Yeom Hye-Ran, Park Hee-Soon, Cha Seung-Won, Yoo Yeon-Seok","La historia sigue a un hombre de mediana edad llamado Man-su que se embarca decidido en una búsqueda de trabajo tras ser despedido inesperadamente de la compañía de papel en la que trabajó durante 25 años. ""Si no hay una vacante para mí, tendré que crear una para que me contraten. No hay otra opción"". Adaptación de la novela ""The Ax"" de Donald E. Westlake, que ya fue llevada al cine en la película ""Arcadia"", dirigida por Costa-Gavras en 2005."
NO HAY OTRA OPCIÓN,Park Chan-Wook,139,01,20:15,2026-03-05,Renoir Plaza de España,https://www.pillalas.com/pase/1056632/,https://www.cinesrenoir.com/pelicula/no-hay-otra-opcion/,https://media.pillalas.com/imagenes/726afb526abffa83bdeb4516e384b837092cce5cc6598f1dfd4dee91ff9227e1f484f775.jpg,Coreano,Pendiente de calificación,Viernes 13 Febrero 2026,"Lee Byung-Hun, Son Ye-Jin, Lee Sung-Min, Yeom Hye-Ran, Park Hee-Soon, Cha Seung-Won, Yoo Yeon-Seok","La historia sigue a un hombre de mediana edad llamado Man-su que se embarca decidido en una búsqueda de trabajo tras ser despedido inesperadamente de la compañía de papel en la que trabajó durante 25 años. ""Si no hay una vacante para mí, tendré que crear una para que me contraten. No hay otra opción"". Adaptación de la novela ""The Ax"" de Donald E. Westlake, que ya fue llevada al cine en la película ""Arcadia"", dirigida por Costa-Gavras en 2005."
NO HAY OTRA OPCIÓN,Park Chan-Wook,139,02,22:35,2026-03-05,Renoir Plaza de España,https://www.pillalas.com/pase/1056565/,https://www.cinesrenoir.com/pelicula/no-hay-otra-opcion/,https://media.pillalas.com/imagenes/726afb526abffa83bdeb4516e384b837092cce5cc6598f1dfd4dee91ff9227e1f484f775.jpg,Coreano,Pendiente de calificación,Viernes 13 Febrero 2026,"Lee Byung-Hun, Son Ye-Jin, Lee Sung-Min, Yeom Hye-Ran, Park Hee-Soon, Cha Seung-Won, Yoo Yeon-Seok","La historia sigue a un hombre de mediana edad llamado Man-su que se embarca decidido en una búsqueda de trabajo tras ser despedido inesperadamente de la compañía de papel en la que trabajó durante 25 años. ""Si no hay una vacante para mí, tendré que crear una para que me contraten. No hay otra opción"". Adaptación de la novela ""The Ax"" de Donald E. Westlake, que ya fue llevada al cine en la película ""Arcadia"", dirigida por Costa-Gavras en 2005."
ORWELL 2+2 = 5,Raoul Peck,119,03,16:00,2026-03-05,Renoir Plaza de España,https://www.pillalas.com/pase/1056628/,https://www.cinesrenoir.com/pelicula/orwell-22-5/,https://media.pillalas.com/imagenes/726afb526abffa83b83d4cc400c9761fa7472981f7fc060c0bd7e85b0217a3f74541294d.jpg,Inglés Y Otros,No recomendada para menores de 16 años,Viernes 27 Febrero 2026,Damian Lewis,"George Orwell fue uno de los autores más visionarios del siglo XX, cuyas novelas, 1984 y Rebelión en la granja, predijeron un futuro autoritario y escalofriante. El aclamado director Raoul Peck (I Am Not Your Negro) entrelaza clips, lecturas del diario de Orwell, referencias cinematográficas e imágenes actuales para crear no solo un retrato del escritor, sino también una nueva perspectiva sobre lo profética que se ha vuelto su obra."
ORWELL 2+2 = 5,Raoul Peck,119,03,18:15,2026-03-05,Renoir Plaza de España,https://www.pillalas.com/pase/1056631/,https://www.cinesrenoir.com/pelicula/orwell-22-5/,https://media.pillalas.com/imagenes/726afb526abffa83b83d4cc400c9761fa7472981f7fc060c0bd7e85b0217a3f74541294d.jpg,Inglés Y Otros,No recomendada para menores de 16 años,Viernes 27 Febrero 2026,Damian Lewis,"George Orwell fue uno de los autores más visionarios del siglo XX, cuyas novelas, 1984 y Rebelión en la granja, predijeron un futuro autoritario y escalofriante. El aclamado director Raoul Peck (I Am Not Your Negro) entrelaza clips, lecturas del diario de Orwell, referencias cinematográficas e imágenes actuales para crear no solo un retrato del escritor, sino también una nueva perspectiva sobre lo profética que se ha vuelto su obra."
ORWELL 2+2 = 5,Raoul Peck,119,03,20:30,2026-03-05,Renoir Plaza de España,https://www.pillalas.com/pase/1056634/,https://www.cinesrenoir.com/pelicula/orwell-22-5/,https://media.pillalas.com/imagenes/726afb526abffa83b83d4cc400c9761fa7472981f7fc060c0bd7e85b0217a3f74541294d.jpg,Inglés Y Otros,No recomendada para menores de 16 años,Viernes 27 Febrero 2026,Damian Lewis,"George Orwell fue uno de los autores más visionarios del siglo XX, cuyas novelas, 1984 y Rebelión en la granja, predijeron un futuro autoritario y escalofriante. El aclamado director Raoul Peck (I Am Not Your Negro) entrelaza clips, lecturas del diario de Orwell, referencias cinematográficas e imágenes actuales para crear no solo un retrato del escritor, sino también una nueva perspectiva sobre lo profética que se ha vuelto su obra."
ORWELL 2+2 = 5,Raoul Peck,119,03,22:45,2026-03-05,Renoir Plaza de España,https://www.pillalas.com/pase/1056636/,https://www.cinesrenoir.com/pelicula/orwell-22-5/,https://media.pillalas.com/imagenes/726afb526abffa83b83d4cc400c9761fa7472981f7fc060c0bd7e85b0217a3f74541294d.jpg,Inglés Y Otros,No recomendada para menores de 16 años,Viernes 27 Febrero 2026,Damian Lewis,"George Orwell fue uno de los autores más visionarios del siglo XX, cuyas novelas, 1984 y Rebelión en la granja, predijeron un futuro autoritario y escalofriante. El aclamado director Raoul Peck (I Am Not Your Negro) entrelaza clips, lecturas del diario de Orwell, referencias cinematográficas e imágenes actuales para crear no solo un retrato del escritor, sino también una nueva perspectiva sobre lo profética que se ha vuelto su obra."
RONDALLAS,Daniel Sánchez Arévalo,112,04,22:35,2026-03-05,Renoir Plaza de España,https://www.pillalas.com/pase/1056635/,https://www.cinesrenoir.com/pelicula/rondallas/,https://media.pillalas.com/imagenes/726afb526abffa837e9904cf9605e92b548ae9aee41492f9aff2d6b9abb046215ab8ce23.jpg,Castellano,No recomendada para menores de 12 años,Jueves 1 Enero 2026,"Javier Gutiérrez, María Vázquez, Judith Fernández, Tamar Novas, Carlos Blanco, Fer Fraga, Xosé A. Touriñán, Marta Larralde, Lola López Rodríguez","Dos años después del trágico naufragio de un barco pesquero que sacudió a un pequeño pueblo marinero gallego, algunos miembros de la rondalla, una agrupación de música tradicional en la que participan desde niños hasta ancianos, deciden que ya es hora de recuperar la ilusión y dejar el luto atrás. Por ello vuelven a unirse para ponerla en marcha con la intención de competir en un concurso contra los pueblos vecinos, pero sobre todo de empezar a mirar hacia delante de nuevo."
VALOR SENTIMENTAL,Joachim Trier,133,01,17:50,2026-03-05,Renoir Plaza de España,https://www.pillalas.com/pase/1056629/,https://www.cinesrenoir.com/pelicula/valor-sentimental/,https://media.pillalas.com/imagenes/726afb526abffa83fe1b3adc6f8909539f80c9a958e909b641f78d7648edf8e1f62ca547.jpg,Noruego E Inglés,No recomendada para menores de 12 años,Viernes 5 Diciembre 2025,"Renate Reinsve, Stellan Skarsgård, Inga Ibsdotter Lilleaas, Elle Fanning, Anders Danielsen Lie, Jesper Christensen, Lena Endre, Cory Michael Smith, Catherine Cohen, Andreas Stoltenberg Granerud, Øyvind Hesjedal Loven, Lars Väringer, Ida Marianne Vassbotn Klasson, Vilde Søyland","Las hermanas Nora y Agnes se reencuentran con su padre ausente, un director de cine muy reconocido en el pasado que ha vuelto para ofrecer a Nora el papel principal de su próxima película. Aunque ella lo rechaza, Gustav decide seguir adelante y utilizar la casa familiar como escenario de su nuevo rodaje, lo que reaviva las tensiones entre ellos, especialmente tras la llegada de una joven actriz de Hollywood que acepta el papel en su lugar. El vínculo entre las hermanas se convertirá en su mayor refugio frente a las heridas del pasado."
VALOR SENTIMENTAL,Joachim Trier,133,05,20:15,2026-03-05,Renoir Plaza de España,https://www.pillalas.com/pase/1056663/,https://www.cinesrenoir.com/pelicula/valor-sentimental/,https://media.pillalas.com/imagenes/726afb526abffa83fe1b3adc6f8909539f80c9a958e909b641f78d7648edf8e1f62ca547.jpg,Noruego E Inglés,No recomendada para menores de 12 años,Viernes 5 Diciembre 2025,"Renate Reinsve, Stellan Skarsgård, Inga Ibsdotter Lilleaas, Elle Fanning, Anders Danielsen Lie, Jesper Christensen, Lena Endre, Cory Michael Smith, Catherine Cohen, Andreas Stoltenberg Granerud, Øyvind Hesjedal Loven, Lars Väringer, Ida Marianne Vassbotn Klasson, Vilde Søyland","Las hermanas Nora y Agnes se reencuentran con su padre ausente, un director de cine muy reconocido en el pasado que ha vuelto para ofrecer a Nora el papel principal de su próxima película. Aunque ella lo rechaza, Gustav decide seguir adelante y utilizar la casa familiar como escenario de su nuevo rodaje, lo que reaviva las tensiones entre ellos, especialmente tras la llegada de una joven actriz de Hollywood que acepta el papel en su lugar. El vínculo entre las hermanas se convertirá en su mayor refugio frente a las heridas del pasado."
EL ÚLTIMO VIKINGO,Anders Thomas Jensen,116,02,16:00,2026-03-06,Renoir Plaza de España,https://www.pillalas.com/pase/1057682/,https://www.cinesrenoir.com/pelicula/el-ultimo-vikingo/,https://media.pillalas.com/imagenes/726afb526abffa831071fdb7895dda5a8f5443f58bef959385371bd83d00b407e021267b.jpg,Danés,No recomendada para menores de 16 años,Viernes 6 Marzo 2026,"Mads Mikkelsen, Nikolaj Lie Kaas, Søren Malling, Sofie Gråbøl","Anker sale de prisión tras cumplir una condena de quince años por robo. El dinero del atraco fue enterrado por su hermano Manfred. Solo él sabe dónde está. Por desgracia, desde entonces Manfred ha desarrollado un trastorno mental que le ha hecho olvidarlo todo. Juntos, los hermanos emprenden un viaje inesperado para encontrar el dinero y descubrir quiénes son en realidad."
EL ÚLTIMO VIKINGO,Anders Thomas Jensen,116,02,18:10,2026-03-06,Renoir Plaza de España,https://www.pillalas.com/pase/1057684/,https://www.cinesrenoir.com/pelicula/el-ultimo-vikingo/,https://media.pillalas.com/imagenes/726afb526abffa831071fdb7895dda5a8f5443f58bef959385371bd83d00b407e021267b.jpg,Danés,No recomendada para menores de 16 años,Viernes 6 Marzo 2026,"Mads Mikkelsen, Nikolaj Lie Kaas, Søren Malling, Sofie Gråbøl","Anker sale de prisión tras cumplir una condena de quince años por robo. El dinero del atraco fue enterrado por su hermano Manfred. Solo él sabe dónde está. Por desgracia, desde entonces Manfred ha desarrollado un trastorno mental que le ha hecho olvidarlo todo. Juntos, los hermanos emprenden un viaje inesperado para encontrar el dinero y descubrir quiénes son en realidad."
EL ÚLTIMO VIKINGO,Anders Thomas Jensen,116,02,20:25,2026-03-06,Renoir Plaza de España,https://www.pillalas.com/pase/1057687/,https://www.cinesrenoir.com/pelicula/el-ultimo-vikingo/,https://media.pillalas.com/imagenes/726afb526abffa831071fdb7895dda5a8f5443f58bef959385371bd83d00b407e021267b.jpg,Danés,No recomendada para menores de 16 años,Viernes 6 Marzo 2026,"Mads Mikkelsen, Nikolaj Lie Kaas, Søren Malling, Sofie Gråbøl","Anker sale de prisión tras cumplir una condena de quince años por robo. El dinero del atraco fue enterrado por su hermano Manfred. Solo él sabe dónde está. Por desgracia, desde entonces Manfred ha desarrollado un trastorno mental que le ha hecho olvidarlo todo. Juntos, los hermanos emprenden un viaje inesperado para encontrar el dinero y descubrir quiénes son en realidad."
EL ÚLTIMO VIKINGO,Anders Thomas Jensen,116,02,22:40,2026-03-06,Renoir Plaza de España,https://www.pillalas.com/pase/1057690/,https://www.cinesrenoir.com/pelicula/el-ultimo-vikingo/,https://media.pillalas.com/imagenes/726afb526abffa831071fdb7895dda5a8f5443f58bef959385371bd83d00b407e021267b.jpg,Danés,No recomendada para menores de 16 años,Viernes 6 Marzo 2026,"Mads Mikkelsen, Nikolaj Lie Kaas, Søren Malling, Sofie Gråbøl","Anker sale de prisión tras cumplir una condena de quince años por robo. El dinero del atraco fue enterrado por su hermano Manfred. Solo él sabe dónde está. Por desgracia, desde entonces Manfred ha desarrollado un trastorno mental que le ha hecho olvidarlo todo. Juntos, los hermanos emprenden un viaje inesperado para encontrar el dinero y descubrir quiénes son en realidad."
LA CHICA ZURDA,Shih-Ching Tsou,108,04,20:25,2026-03-06,Renoir Plaza de España,https://www.pillalas.com/pase/1057761/,https://www.cinesrenoir.com/pelicula/la-chica-zurda/,https://media.pillalas.com/imagenes/726afb526abffa83e5ee5674d1ac0b73f39c1d9ebacca7f6a4c573d6423a82f140c7a520.jpg,Mandarín,No recomendada para menores de 12 años,Viernes 30 Enero 2026,"Shi-Yuan Ma, Janel Tsai, Nina Ye, Teng-Hui Huang, Akio Chen, Blaire Chang, Xin-Yan Chao","La pequeña I-Jing corretea con curiosidad por las calles de un mercado nocturno de Taipei, entre neones, motocicletas y toda clase de puestos de comida como el que regenta su madre, que trata de sacar adelante a la niña y a su hermana mayor."
LA TARTA DEL PRESIDENTE,Hasan Hadi,105,05,15:50,2026-03-06,Renoir Plaza de España,https://www.pillalas.com/pase/1057758/,https://www.cinesrenoir.com/pelicula/20260305050511-la-tarta-del-presidente/,https://media.pillalas.com/imagenes/726afb526abffa83eda64f8b418bec544f18146f6ca2869a88655e1df49985337de64299.jpg,Iraquí,No recomendada para menores de 12 años,Viernes 6 Febrero 2026,"Baneen Ahmad Nayyef, Waheed Thabet Khreibat, Sajad Mohamad Qasem, Muthanna Malaghi, Ahmad Qasem Saywan, Maytham Mreidi, Rahim Alhaj, Thaer Salem, Fatima Abouharoon","Irak, años noventa. La pequeña Lamia recibe la misión de preparar una tarta con motivo del cumpleaños del presidente Sadam Huseín. Acompañada por su amigo Saeed y con su gallo Hindi a cuestas, recorre Bagdad en busca de los ingredientes, viviendo una serie de peripecias que alterarán por completo su vida cotidiana."
LA TARTA DEL PRESIDENTE,Hasan Hadi,105,04,18:25,2026-03-06,Renoir Plaza de España,https://www.pillalas.com/pase/1057686/,https://www.cinesrenoir.com/pelicula/20260305050511-la-tarta-del-presidente/,https://media.pillalas.com/imagenes/726afb526abffa83eda64f8b418bec544f18146f6ca2869a88655e1df49985337de64299.jpg,Iraquí,No recomendada para menores de 12 años,Viernes 6 Febrero 2026,"Baneen Ahmad Nayyef, Waheed Thabet Khreibat, Sajad Mohamad Qasem, Muthanna Malaghi, Ahmad Qasem Saywan, Maytham Mreidi, Rahim Alhaj, Thaer Salem, Fatima Abouharoon","Irak, años noventa. La pequeña Lamia recibe la misión de preparar una tarta con motivo del cumpleaños del presidente Sadam Huseín. Acompañada por su amigo Saeed y con su gallo Hindi a cuestas, recorre Bagdad en busca de los ingredientes, viviendo una serie de peripecias que alterarán por completo su vida cotidiana."
LA TARTA DEL PRESIDENTE,Hasan Hadi,105,05,22:45,2026-03-06,Renoir Plaza de España,https://www.pillalas.com/pase/1057762/,https://www.cinesrenoir.com/pelicula/20260305050511-la-tarta-del-presidente/,https://media.pillalas.com/imagenes/726afb526abffa83eda64f8b418bec544f18146f6ca2869a88655e1df49985337de64299.jpg,Iraquí,No recomendada para menores de 12 años,Viernes 6 Febrero 2026,"Baneen Ahmad Nayyef, Waheed Thabet Khreibat, Sajad Mohamad Qasem, Muthanna Malaghi, Ahmad Qasem Saywan, Maytham Mreidi, Rahim Alhaj, Thaer Salem, Fatima Abouharoon","Irak, años noventa. La pequeña Lamia recibe la misión de preparar una tarta con motivo del cumpleaños del presidente Sadam Huseín. Acompañada por su amigo Saeed y con su gallo Hindi a cuestas, recorre Bagdad en busca de los ingredientes, viviendo una serie de peripecias que alterarán por completo su vida cotidiana."
LOS MISERABLES. EL ORIGEN,Éric Bersnard,98,01,15:50,2026-03-06,Renoir Plaza de España,https://www.pillalas.com/pase/1057653/,https://www.cinesrenoir.com/pelicula/los-miserables-el-origen/,https://media.pillalas.com/imagenes/726afb526abffa83f1fe811a2f88361f6bd22e58f78ce5ce248cf98ac6dddbdf057da693.jpg,Francés,No recomendada para menores de 16 años,Viernes 27 Febrero 2026,"Grégory Gadebois, Bernard Campan, Alexandra Lamy, Isabelle Carré, Dominique Pinon, Romane Libert, Albert Dupontel","Francia, 1815. Tras 19 años de condena, Jean Valjean queda en libertad. Rechazado por todos, encuentra refugio en casa del obispo Myriel, su hermana y su sirvienta. Sorprendido por una bondad que no comprende, Valjean deberá elegir entre el odio que lo consume o la posibilidad de redención que se le ofrece."
LOS MISERABLES. EL ORIGEN,Éric Bersnard,98,01,22:45,2026-03-06,Renoir Plaza de España,https://www.pillalas.com/pase/1057656/,https://www.cinesrenoir.com/pelicula/los-miserables-el-origen/,https://media.pillalas.com/imagenes/726afb526abffa83f1fe811a2f88361f6bd22e58f78ce5ce248cf98ac6dddbdf057da693.jpg,Francés,No recomendada para menores de 16 años,Viernes 27 Febrero 2026,"Grégory Gadebois, Bernard Campan, Alexandra Lamy, Isabelle Carré, Dominique Pinon, Romane Libert, Albert Dupontel","Francia, 1815. Tras 19 años de condena, Jean Valjean queda en libertad. Rechazado por todos, encuentra refugio en casa del obispo Myriel, su hermana y su sirvienta. Sorprendido por una bondad que no comprende, Valjean deberá elegir entre el odio que lo consume o la posibilidad de redención que se le ofrece."
NO HAY OTRA OPCIÓN,Park Chan-Wook,139,04,15:50,2026-03-06,Renoir Plaza de España,https://www.pillalas.com/pase/1057681/,https://www.cinesrenoir.com/pelicula/no-hay-otra-opcion/,https://media.pillalas.com/imagenes/726afb526abffa83bdeb4516e384b837092cce5cc6598f1dfd4dee91ff9227e1f484f775.jpg,Coreano,Pendiente de calificación,Viernes 13 Febrero 2026,"Lee Byung-Hun, Son Ye-Jin, Lee Sung-Min, Yeom Hye-Ran, Park Hee-Soon, Cha Seung-Won, Yoo Yeon-Seok","La historia sigue a un hombre de mediana edad llamado Man-su que se embarca decidido en una búsqueda de trabajo tras ser despedido inesperadamente de la compañía de papel en la que trabajó durante 25 años. ""Si no hay una vacante para mí, tendré que crear una para que me contraten. No hay otra opción"". Adaptación de la novela ""The Ax"" de Donald E. Westlake, que ya fue llevada al cine en la película ""Arcadia"", dirigida por Costa-Gavras en 2005."
NO HAY OTRA OPCIÓN,Park Chan-Wook,139,01,17:40,2026-03-06,Renoir Plaza de España,https://www.pillalas.com/pase/1057654/,https://www.cinesrenoir.com/pelicula/no-hay-otra-opcion/,https://media.pillalas.com/imagenes/726afb526abffa83bdeb4516e384b837092cce5cc6598f1dfd4dee91ff9227e1f484f775.jpg,Coreano,Pendiente de calificación,Viernes 13 Febrero 2026,"Lee Byung-Hun, Son Ye-Jin, Lee Sung-Min, Yeom Hye-Ran, Park Hee-Soon, Cha Seung-Won, Yoo Yeon-Seok","La historia sigue a un hombre de mediana edad llamado Man-su que se embarca decidido en una búsqueda de trabajo tras ser despedido inesperadamente de la compañía de papel en la que trabajó durante 25 años. ""Si no hay una vacante para mí, tendré que crear una para que me contraten. No hay otra opción"". Adaptación de la novela ""The Ax"" de Donald E. Westlake, que ya fue llevada al cine en la película ""Arcadia"", dirigida por Costa-Gavras en 2005."
NO HAY OTRA OPCIÓN,Park Chan-Wook,139,01,20:15,2026-03-06,Renoir Plaza de España,https://www.pillalas.com/pase/1057655/,https://www.cinesrenoir.com/pelicula/no-hay-otra-opcion/,https://media.pillalas.com/imagenes/726afb526abffa83bdeb4516e384b837092cce5cc6598f1dfd4dee91ff9227e1f484f775.jpg,Coreano,Pendiente de calificación,Viernes 13 Febrero 2026,"Lee Byung-Hun, Son Ye-Jin, Lee Sung-Min, Yeom Hye-Ran, Park Hee-Soon, Cha Seung-Won, Yoo Yeon-Seok","La historia sigue a un hombre de mediana edad llamado Man-su que se embarca decidido en una búsqueda de trabajo tras ser despedido inesperadamente de la compañía de papel en la que trabajó durante 25 años. ""Si no hay una vacante para mí, tendré que crear una para que me contraten. No hay otra opción"". Adaptación de la novela ""The Ax"" de Donald E. Westlake, que ya fue llevada al cine en la película ""Arcadia"", dirigida por Costa-Gavras en 2005."
NO HAY OTRA OPCIÓN,Park Chan-Wook,139,04,22:30,2026-03-06,Renoir Plaza de España,https://www.pillalas.com/pase/1057689/,https://www.cinesrenoir.com/pelicula/no-hay-otra-opcion/,https://media.pillalas.com/imagenes/726afb526abffa83bdeb4516e384b837092cce5cc6598f1dfd4dee91ff9227e1f484f775.jpg,Coreano,Pendiente de calificación,Viernes 13 Febrero 2026,"Lee Byung-Hun, Son Ye-Jin, Lee Sung-Min, Yeom Hye-Ran, Park Hee-Soon, Cha Seung-Won, Yoo Yeon-Seok","La historia sigue a un hombre de mediana edad llamado Man-su que se embarca decidido en una búsqueda de trabajo tras ser despedido inesperadamente de la compañía de papel en la que trabajó durante 25 años. ""Si no hay una vacante para mí, tendré que crear una para que me contraten. No hay otra opción"". Adaptación de la novela ""The Ax"" de Donald E. Westlake, que ya fue llevada al cine en la película ""Arcadia"", dirigida por Costa-Gavras en 2005."
ORWELL 2+2 = 5,Raoul Peck,119,03,16:00,2026-03-06,Renoir Plaza de España,https://www.pillalas.com/pase/1057683/,https://www.cinesrenoir.com/pelicula/orwell-22-5/,https://media.pillalas.com/imagenes/726afb526abffa83b83d4cc400c9761fa7472981f7fc060c0bd7e85b0217a3f74541294d.jpg,Inglés Y Otros,No recomendada para menores de 16 años,Viernes 27 Febrero 2026,Damian Lewis,"George Orwell fue uno de los autores más visionarios del siglo XX, cuyas novelas, 1984 y Rebelión en la granja, predijeron un futuro autoritario y escalofriante. El aclamado director Raoul Peck (I Am Not Your Negro) entrelaza clips, lecturas del diario de Orwell, referencias cinematográficas e imágenes actuales para crear no solo un retrato del escritor, sino también una nueva perspectiva sobre lo profética que se ha vuelto su obra."
ORWELL 2+2 = 5,Raoul Peck,119,03,18:15,2026-03-06,Renoir Plaza de España,https://www.pillalas.com/pase/1057685/,https://www.cinesrenoir.com/pelicula/orwell-22-5/,https://media.pillalas.com/imagenes/726afb526abffa83b83d4cc400c9761fa7472981f7fc060c0bd7e85b0217a3f74541294d.jpg,Inglés Y Otros,No recomendada para menores de 16 años,Viernes 27 Febrero 2026,Damian Lewis,"George Orwell fue uno de los autores más visionarios del siglo XX, cuyas novelas, 1984 y Rebelión en la granja, predijeron un futuro autoritario y escalofriante. El aclamado director Raoul Peck (I Am Not Your Negro) entrelaza clips, lecturas del diario de Orwell, referencias cinematográficas e imágenes actuales para crear no solo un retrato del escritor, sino también una nueva perspectiva sobre lo profética que se ha vuelto su obra."
ORWELL 2+2 = 5,Raoul Peck,119,03,20:30,2026-03-06,Renoir Plaza de España,https://www.pillalas.com/pase/1057688/,https://www.cinesrenoir.com/pelicula/orwell-22-5/,https://media.pillalas.com/imagenes/726afb526abffa83b83d4cc400c9761fa7472981f7fc060c0bd7e85b0217a3f74541294d.jpg,Inglés Y Otros,No recomendada para menores de 16 años,Viernes 27 Febrero 2026,Damian Lewis,"George Orwell fue uno de los autores más visionarios del siglo XX, cuyas novelas, 1984 y Rebelión en la granja, predijeron un futuro autoritario y escalofriante. El aclamado director Raoul Peck (I Am Not Your Negro) entrelaza clips, lecturas del diario de Orwell, referencias cinematográficas e imágenes actuales para crear no solo un retrato del escritor, sino también una nueva perspectiva sobre lo profética que se ha vuelto su obra."
ORWELL 2+2 = 5,Raoul Peck,119,03,22:45,2026-03-06,Renoir Plaza de España,https://www.pillalas.com/pase/1057691/,https://www.cinesrenoir.com/pelicula/orwell-22-5/,https://media.pillalas.com/imagenes/726afb526abffa83b83d4cc400c9761fa7472981f7fc060c0bd7e85b0217a3f74541294d.jpg,Inglés Y Otros,No recomendada para menores de 16 años,Viernes 27 Febrero 2026,Damian Lewis,"George Orwell fue uno de los autores más visionarios del siglo XX, cuyas novelas, 1984 y Rebelión en la granja, predijeron un futuro autoritario y escalofriante. El aclamado director Raoul Peck (I Am Not Your Negro) entrelaza clips, lecturas del diario de Orwell, referencias cinematográficas e imágenes actuales para crear no solo un retrato del escritor, sino también una nueva perspectiva sobre lo profética que se ha vuelto su obra."
VALOR SENTIMENTAL,Joachim Trier,133,05,17:50,2026-03-06,Renoir Plaza de España,https://www.pillalas.com/pase/1057759/,https://www.cinesrenoir.com/pelicula/valor-sentimental/,https://media.pillalas.com/imagenes/726afb526abffa83fe1b3adc6f8909539f80c9a958e909b641f78d7648edf8e1f62ca547.jpg,Noruego E Inglés,No recomendada para menores de 12 años,Viernes 5 Diciembre 2025,"Renate Reinsve, Stellan Skarsgård, Inga Ibsdotter Lilleaas, Elle Fanning, Anders Danielsen Lie, Jesper Christensen, Lena Endre, Cory Michael Smith, Catherine Cohen, Andreas Stoltenberg Granerud, Øyvind Hesjedal Loven, Lars Väringer, Ida Marianne Vassbotn Klasson, Vilde Søyland","Las hermanas Nora y Agnes se reencuentran con su padre ausente, un director de cine muy reconocido en el pasado que ha vuelto para ofrecer a Nora el papel principal de su próxima película. Aunque ella lo rechaza, Gustav decide seguir adelante y utilizar la casa familiar como escenario de su nuevo rodaje, lo que reaviva las tensiones entre ellos, especialmente tras la llegada de una joven actriz de Hollywood que acepta el papel en su lugar. El vínculo entre las hermanas se convertirá en su mayor refugio frente a las heridas del pasado."
VALOR SENTIMENTAL,Joachim Trier,133,05,20:20,2026-03-06,Renoir Plaza de España,https://www.pillalas.com/pase/1057760/,https://www.cinesrenoir.com/pelicula/valor-sentimental/,https://media.pillalas.com/imagenes/726afb526abffa83fe1b3adc6f8909539f80c9a958e909b641f78d7648edf8e1f62ca547.jpg,Noruego E Inglés,No recomendada para menores de 12 años,Viernes 5 Diciembre 2025,"Renate Reinsve, Stellan Skarsgård, Inga Ibsdotter Lilleaas, Elle Fanning, Anders Danielsen Lie, Jesper Christensen, Lena Endre, Cory Michael Smith, Catherine Cohen, Andreas Stoltenberg Granerud, Øyvind Hesjedal Loven, Lars Väringer, Ida Marianne Vassbotn Klasson, Vilde Søyland","Las hermanas Nora y Agnes se reencuentran con su padre ausente, un director de cine muy reconocido en el pasado que ha vuelto para ofrecer a Nora el papel principal de su próxima película. Aunque ella lo rechaza, Gustav decide seguir adelante y utilizar la casa familiar como escenario de su nuevo rodaje, lo que reaviva las tensiones entre ellos, especialmente tras la llegada de una joven actriz de Hollywood que acepta el papel en su lugar. El vínculo entre las hermanas se convertirá en su mayor refugio frente a las heridas del pasado."
EL ÚLTIMO VIKINGO,Anders Thomas Jensen,116,02,16:00,2026-03-07,Renoir Plaza de España,https://www.pillalas.com/pase/1057694/,https://www.cinesrenoir.com/pelicula/el-ultimo-vikingo/,https://media.pillalas.com/imagenes/726afb526abffa831071fdb7895dda5a8f5443f58bef959385371bd83d00b407e021267b.jpg,Danés,No recomendada para menores de 16 años,Viernes 6 Marzo 2026,"Mads Mikkelsen, Nikolaj Lie Kaas, Søren Malling, Sofie Gråbøl","Anker sale de prisión tras cumplir una condena de quince años por robo. El dinero del atraco fue enterrado por su hermano Manfred. Solo él sabe dónde está. Por desgracia, desde entonces Manfred ha desarrollado un trastorno mental que le ha hecho olvidarlo todo. Juntos, los hermanos emprenden un viaje inesperado para encontrar el dinero y descubrir quiénes son en realidad."
EL ÚLTIMO VIKINGO,Anders Thomas Jensen,116,02,18:10,2026-03-07,Renoir Plaza de España,https://www.pillalas.com/pase/1057695/,https://www.cinesrenoir.com/pelicula/el-ultimo-vikingo/,https://media.pillalas.com/imagenes/726afb526abffa831071fdb7895dda5a8f5443f58bef959385371bd83d00b407e021267b.jpg,Danés,No recomendada para menores de 16 años,Viernes 6 Marzo 2026,"Mads Mikkelsen, Nikolaj Lie Kaas, Søren Malling, Sofie Gråbøl","Anker sale de prisión tras cumplir una condena de quince años por robo. El dinero del atraco fue enterrado por su hermano Manfred. Solo él sabe dónde está. Por desgracia, desde entonces Manfred ha desarrollado un trastorno mental que le ha hecho olvidarlo todo. Juntos, los hermanos emprenden un viaje inesperado para encontrar el dinero y descubrir quiénes son en realidad."
EL ÚLTIMO VIKINGO,Anders Thomas Jensen,116,02,20:25,2026-03-07,Renoir Plaza de España,https://www.pillalas.com/pase/1057698/,https://www.cinesrenoir.com/pelicula/el-ultimo-vikingo/,https://media.pillalas.com/imagenes/726afb526abffa831071fdb7895dda5a8f5443f58bef959385371bd83d00b407e021267b.jpg,Danés,No recomendada para menores de 16 años,Viernes 6 Marzo 2026,"Mads Mikkelsen, Nikolaj Lie Kaas, Søren Malling, Sofie Gråbøl","Anker sale de prisión tras cumplir una condena de quince años por robo. El dinero del atraco fue enterrado por su hermano Manfred. Solo él sabe dónde está. Por desgracia, desde entonces Manfred ha desarrollado un trastorno mental que le ha hecho olvidarlo todo. Juntos, los hermanos emprenden un viaje inesperado para encontrar el dinero y descubrir quiénes son en realidad."
EL ÚLTIMO VIKINGO,Anders Thomas Jensen,116,02,22:40,2026-03-07,Renoir Plaza de España,https://www.pillalas.com/pase/1057701/,https://www.cinesrenoir.com/pelicula/el-ultimo-vikingo/,https://media.pillalas.com/imagenes/726afb526abffa831071fdb7895dda5a8f5443f58bef959385371bd83d00b407e021267b.jpg,Danés,No recomendada para menores de 16 años,Viernes 6 Marzo 2026,"Mads Mikkelsen, Nikolaj Lie Kaas, Søren Malling, Sofie Gråbøl","Anker sale de prisión tras cumplir una condena de quince años por robo. El dinero del atraco fue enterrado por su hermano Manfred. Solo él sabe dónde está. Por desgracia, desde entonces Manfred ha desarrollado un trastorno mental que le ha hecho olvidarlo todo. Juntos, los hermanos emprenden un viaje inesperado para encontrar el dinero y descubrir quiénes son en realidad."
LA CHICA ZURDA,Shih-Ching Tsou,108,04,20:25,2026-03-07,Renoir Plaza de España,https://www.pillalas.com/pase/1057766/,https://www.cinesrenoir.com/pelicula/la-chica-zurda/,https://media.pillalas.com/imagenes/726afb526abffa83e5ee5674d1ac0b73f39c1d9ebacca7f6a4c573d6423a82f140c7a520.jpg,Mandarín,No recomendada para menores de 12 años,Viernes 30 Enero 2026,"Shi-Yuan Ma, Janel Tsai, Nina Ye, Teng-Hui Huang, Akio Chen, Blaire Chang, Xin-Yan Chao","La pequeña I-Jing corretea con curiosidad por las calles de un mercado nocturno de Taipei, entre neones, motocicletas y toda clase de puestos de comida como el que regenta su madre, que trata de sacar adelante a la niña y a su hermana mayor."
LA TARTA DEL PRESIDENTE,Hasan Hadi,105,05,15:50,2026-03-07,Renoir Plaza de España,https://www.pillalas.com/pase/1057763/,https://www.cinesrenoir.com/pelicula/20260305050511-la-tarta-del-presidente/,https://media.pillalas.com/imagenes/726afb526abffa83eda64f8b418bec544f18146f6ca2869a88655e1df49985337de64299.jpg,Iraquí,No recomendada para menores de 12 años,Viernes 6 Febrero 2026,"Baneen Ahmad Nayyef, Waheed Thabet Khreibat, Sajad Mohamad Qasem, Muthanna Malaghi, Ahmad Qasem Saywan, Maytham Mreidi, Rahim Alhaj, Thaer Salem, Fatima Abouharoon","Irak, años noventa. La pequeña Lamia recibe la misión de preparar una tarta con motivo del cumpleaños del presidente Sadam Huseín. Acompañada por su amigo Saeed y con su gallo Hindi a cuestas, recorre Bagdad en busca de los ingredientes, viviendo una serie de peripecias que alterarán por completo su vida cotidiana."
LA TARTA DEL PRESIDENTE,Hasan Hadi,105,04,18:25,2026-03-07,Renoir Plaza de España,https://www.pillalas.com/pase/1057697/,https://www.cinesrenoir.com/pelicula/20260305050511-la-tarta-del-presidente/,https://media.pillalas.com/imagenes/726afb526abffa83eda64f8b418bec544f18146f6ca2869a88655e1df49985337de64299.jpg,Iraquí,No recomendada para menores de 12 años,Viernes 6 Febrero 2026,"Baneen Ahmad Nayyef, Waheed Thabet Khreibat, Sajad Mohamad Qasem, Muthanna Malaghi, Ahmad Qasem Saywan, Maytham Mreidi, Rahim Alhaj, Thaer Salem, Fatima Abouharoon","Irak, años noventa. La pequeña Lamia recibe la misión de preparar una tarta con motivo del cumpleaños del presidente Sadam Huseín. Acompañada por su amigo Saeed y con su gallo Hindi a cuestas, recorre Bagdad en busca de los ingredientes, viviendo una serie de peripecias que alterarán por completo su vida cotidiana."
LA TARTA DEL PRESIDENTE,Hasan Hadi,105,05,22:45,2026-03-07,Renoir Plaza de España,https://www.pillalas.com/pase/1057767/,https://www.cinesrenoir.com/pelicula/20260305050511-la-tarta-del-presidente/,https://media.pillalas.com/imagenes/726afb526abffa83eda64f8b418bec544f18146f6ca2869a88655e1df49985337de64299.jpg,Iraquí,No recomendada para menores de 12 años,Viernes 6 Febrero 2026,"Baneen Ahmad Nayyef, Waheed Thabet Khreibat, Sajad Mohamad Qasem, Muthanna Malaghi, Ahmad Qasem Saywan, Maytham Mreidi, Rahim Alhaj, Thaer Salem, Fatima Abouharoon","Irak, años noventa. La pequeña Lamia recibe la misión de preparar una tarta con motivo del cumpleaños del presidente Sadam Huseín. Acompañada por su amigo Saeed y con su gallo Hindi a cuestas, recorre Bagdad en busca de los ingredientes, viviendo una serie de peripecias que alterarán por completo su vida cotidiana."
LOS MISERABLES. EL ORIGEN,Éric Bersnard,98,01,15:50,2026-03-07,Renoir Plaza de España,https://www.pillalas.com/pase/1057657/,https://www.cinesrenoir.com/pelicula/los-miserables-el-origen/,https://media.pillalas.com/imagenes/726afb526abffa83f1fe811a2f88361f6bd22e58f78ce5ce248cf98ac6dddbdf057da693.jpg,Francés,No recomendada para menores de 16 años,Viernes 27 Febrero 2026,"Grégory Gadebois, Bernard Campan, Alexandra Lamy, Isabelle Carré, Dominique Pinon, Romane Libert, Albert Dupontel","Francia, 1815. Tras 19 años de condena, Jean Valjean queda en libertad. Rechazado por todos, encuentra refugio en casa del obispo Myriel, su hermana y su sirvienta. Sorprendido por una bondad que no comprende, Valjean deberá elegir entre el odio que lo consume o la posibilidad de redención que se le ofrece."
LOS MISERABLES. EL ORIGEN,Éric Bersnard,98,01,22:45,2026-03-07,Renoir Plaza de España,https://www.pillalas.com/pase/1057660/,https://www.cinesrenoir.com/pelicula/los-miserables-el-origen/,https://media.pillalas.com/imagenes/726afb526abffa83f1fe811a2f88361f6bd22e58f78ce5ce248cf98ac6dddbdf057da693.jpg,Francés,No recomendada para menores de 16 años,Viernes 27 Febrero 2026,"Grégory Gadebois, Bernard Campan, Alexandra Lamy, Isabelle Carré, Dominique Pinon, Romane Libert, Albert Dupontel","Francia, 1815. Tras 19 años de condena, Jean Valjean queda en libertad. Rechazado por todos, encuentra refugio en casa del obispo Myriel, su hermana y su sirvienta. Sorprendido por una bondad que no comprende, Valjean deberá elegir entre el odio que lo consume o la posibilidad de redención que se le ofrece."
NO HAY OTRA OPCIÓN,Park Chan-Wook,139,04,15:50,2026-03-07,Renoir Plaza de España,https://www.pillalas.com/pase/1057692/,https://www.cinesrenoir.com/pelicula/no-hay-otra-opcion/,https://media.pillalas.com/imagenes/726afb526abffa83bdeb4516e384b837092cce5cc6598f1dfd4dee91ff9227e1f484f775.jpg,Coreano,Pendiente de calificación,Viernes 13 Febrero 2026,"Lee Byung-Hun, Son Ye-Jin, Lee Sung-Min, Yeom Hye-Ran, Park Hee-Soon, Cha Seung-Won, Yoo Yeon-Seok","La historia sigue a un hombre de mediana edad llamado Man-su que se embarca decidido en una búsqueda de trabajo tras ser despedido inesperadamente de la compañía de papel en la que trabajó durante 25 años. ""Si no hay una vacante para mí, tendré que crear una para que me contraten. No hay otra opción"". Adaptación de la novela ""The Ax"" de Donald E. Westlake, que ya fue llevada al cine en la película ""Arcadia"", dirigida por Costa-Gavras en 2005."
NO HAY OTRA OPCIÓN,Park Chan-Wook,139,01,17:40,2026-03-07,Renoir Plaza de España,https://www.pillalas.com/pase/1057658/,https://www.cinesrenoir.com/pelicula/no-hay-otra-opcion/,https://media.pillalas.com/imagenes/726afb526abffa83bdeb4516e384b837092cce5cc6598f1dfd4dee91ff9227e1f484f775.jpg,Coreano,Pendiente de calificación,Viernes 13 Febrero 2026,"Lee Byung-Hun, Son Ye-Jin, Lee Sung-Min, Yeom Hye-Ran, Park Hee-Soon, Cha Seung-Won, Yoo Yeon-Seok","La historia sigue a un hombre de mediana edad llamado Man-su que se embarca decidido en una búsqueda de trabajo tras ser despedido inesperadamente de la compañía de papel en la que trabajó durante 25 años. ""Si no hay una vacante para mí, tendré que crear una para que me contraten. No hay otra opción"". Adaptación de la novela ""The Ax"" de Donald E. Westlake, que ya fue llevada al cine en la película ""Arcadia"", dirigida por Costa-Gavras en 2005."
NO HAY OTRA OPCIÓN,Park Chan-Wook,139,01,20:15,2026-03-07,Renoir Plaza de España,https://www.pillalas.com/pase/1057659/,https://www.cinesrenoir.com/pelicula/no-hay-otra-opcion/,https://media.pillalas.com/imagenes/726afb526abffa83bdeb4516e384b837092cce5cc6598f1dfd4dee91ff9227e1f484f775.jpg,Coreano,Pendiente de calificación,Viernes 13 Febrero 2026,"Lee Byung-Hun, Son Ye-Jin, Lee Sung-Min, Yeom Hye-Ran, Park Hee-Soon, Cha Seung-Won, Yoo Yeon-Seok","La historia sigue a un hombre de mediana edad llamado Man-su que se embarca decidido en una búsqueda de trabajo tras ser despedido inesperadamente de la compañía de papel en la que trabajó durante 25 años. ""Si no hay una vacante para mí, tendré que crear una para que me contraten. No hay otra opción"". Adaptación de la novela ""The Ax"" de Donald E. Westlake, que ya fue llevada al cine en la película ""Arcadia"", dirigida por Costa-Gavras en 2005."
NO HAY OTRA OPCIÓN,Park Chan-Wook,139,04,22:30,2026-03-07,Renoir Plaza de España,https://www.pillalas.com/pase/1057700/,https://www.cinesrenoir.com/pelicula/no-hay-otra-opcion/,https://media.pillalas.com/imagenes/726afb526abffa83bdeb4516e384b837092cce5cc6598f1dfd4dee91ff9227e1f484f775.jpg,Coreano,Pendiente de calificación,Viernes 13 Febrero 2026,"Lee Byung-Hun, Son Ye-Jin, Lee Sung-Min, Yeom Hye-Ran, Park Hee-Soon, Cha Seung-Won, Yoo Yeon-Seok","La historia sigue a un hombre de mediana edad llamado Man-su que se embarca decidido en una búsqueda de trabajo tras ser despedido inesperadamente de la compañía de papel en la que trabajó durante 25 años. ""Si no hay una vacante para mí, tendré que crear una para que me contraten. No hay otra opción"". Adaptación de la novela ""The Ax"" de Donald E. Westlake, que ya fue llevada al cine en la película ""Arcadia"", dirigida por Costa-Gavras en 2005."
ORWELL 2+2 = 5,Raoul Peck,119,03,16:00,2026-03-07,Renoir Plaza de España,https://www.pillalas.com/pase/1057693/,https://www.cinesrenoir.com/pelicula/orwell-22-5/,https://media.pillalas.com/imagenes/726afb526abffa83b83d4cc400c9761fa7472981f7fc060c0bd7e85b0217a3f74541294d.jpg,Inglés Y Otros,No recomendada para menores de 16 años,Viernes 27 Febrero 2026,Damian Lewis,"George Orwell fue uno de los autores más visionarios del siglo XX, cuyas novelas, 1984 y Rebelión en la granja, predijeron un futuro autoritario y escalofriante. El aclamado director Raoul Peck (I Am Not Your Negro) entrelaza clips, lecturas del diario de Orwell, referencias cinematográficas e imágenes actuales para crear no solo un retrato del escritor, sino también una nueva perspectiva sobre lo profética que se ha vuelto su obra."
ORWELL 2+2 = 5,Raoul Peck,119,03,18:15,2026-03-07,Renoir Plaza de España,https://www.pillalas.com/pase/1057696/,https://www.cinesrenoir.com/pelicula/orwell-22-5/,https://media.pillalas.com/imagenes/726afb526abffa83b83d4cc400c9761fa7472981f7fc060c0bd7e85b0217a3f74541294d.jpg,Inglés Y Otros,No recomendada para menores de 16 años,Viernes 27 Febrero 2026,Damian Lewis,"George Orwell fue uno de los autores más visionarios del siglo XX, cuyas novelas, 1984 y Rebelión en la granja, predijeron un futuro autoritario y escalofriante. El aclamado director Raoul Peck (I Am Not Your Negro) entrelaza clips, lecturas del diario de Orwell, referencias cinematográficas e imágenes actuales para crear no solo un retrato del escritor, sino también una nueva perspectiva sobre lo profética que se ha vuelto su obra."
ORWELL 2+2 = 5,Raoul Peck,119,03,20:30,2026-03-07,Renoir Plaza de España,https://www.pillalas.com/pase/1057699/,https://www.cinesrenoir.com/pelicula/orwell-22-5/,https://media.pillalas.com/imagenes/726afb526abffa83b83d4cc400c9761fa7472981f7fc060c0bd7e85b0217a3f74541294d.jpg,Inglés Y Otros,No recomendada para menores de 16 años,Viernes 27 Febrero 2026,Damian Lewis,"George Orwell fue uno de los autores más visionarios del siglo XX, cuyas novelas, 1984 y Rebelión en la granja, predijeron un futuro autoritario y escalofriante. El aclamado director Raoul Peck (I Am Not Your Negro) entrelaza clips, lecturas del diario de Orwell, referencias cinematográficas e imágenes actuales para crear no solo un retrato del escritor, sino también una nueva perspectiva sobre lo profética que se ha vuelto su obra."
ORWELL 2+2 = 5,Raoul Peck,119,03,22:45,2026-03-07,Renoir Plaza de España,https://www.pillalas.com/pase/1057702/,https://www.cinesrenoir.com/pelicula/orwell-22-5/,https://media.pillalas.com/imagenes/726afb526abffa83b83d4cc400c9761fa7472981f7fc060c0bd7e85b0217a3f74541294d.jpg,Inglés Y Otros,No recomendada para menores de 16 años,Viernes 27 Febrero 2026,Damian Lewis,"George Orwell fue uno de los autores más visionarios del siglo XX, cuyas novelas, 1984 y Rebelión en la granja, predijeron un futuro autoritario y escalofriante. El aclamado director Raoul Peck (I Am Not Your Negro) entrelaza clips, lecturas del diario de Orwell, referencias cinematográficas e imágenes actuales para crear no solo un retrato del escritor, sino también una nueva perspectiva sobre lo profética que se ha vuelto su obra."
VALOR SENTIMENTAL,Joachim Trier,133,05,17:50,2026-03-07,Renoir Plaza de España,https://www.pillalas.com/pase/1057764/,https://www.cinesrenoir.com/pelicula/valor-sentimental/,https://media.pillalas.com/imagenes/726afb526abffa83fe1b3adc6f8909539f80c9a958e909b641f78d7648edf8e1f62ca547.jpg,Noruego E Inglés,No recomendada para menores de 12 años,Viernes 5 Diciembre 2025,"Renate Reinsve, Stellan Skarsgård, Inga Ibsdotter Lilleaas, Elle Fanning, Anders Danielsen Lie, Jesper Christensen, Lena Endre, Cory Michael Smith, Catherine Cohen, Andreas Stoltenberg Granerud, Øyvind Hesjedal Loven, Lars Väringer, Ida Marianne Vassbotn Klasson, Vilde Søyland","Las hermanas Nora y Agnes se reencuentran con su padre ausente, un director de cine muy reconocido en el pasado que ha vuelto para ofrecer a Nora el papel principal de su próxima película. Aunque ella lo rechaza, Gustav decide seguir adelante y utilizar la casa familiar como escenario de su nuevo rodaje, lo que reaviva las tensiones entre ellos, especialmente tras la llegada de una joven actriz de Hollywood que acepta el papel en su lugar. El vínculo entre las hermanas se convertirá en su mayor refugio frente a las heridas del pasado."
VALOR SENTIMENTAL,Joachim Trier,133,05,20:20,2026-03-07,Renoir Plaza de España,https://www.pillalas.com/pase/1057765/,https://www.cinesrenoir.com/pelicula/valor-sentimental/,https://media.pillalas.com/imagenes/726afb526abffa83fe1b3adc6f8909539f80c9a958e909b641f78d7648edf8e1f62ca547.jpg,Noruego E Inglés,No recomendada para menores de 12 años,Viernes 5 Diciembre 2025,"Renate Reinsve, Stellan Skarsgård, Inga Ibsdotter Lilleaas, Elle Fanning, Anders Danielsen Lie, Jesper Christensen, Lena Endre, Cory Michael Smith, Catherine Cohen, Andreas Stoltenberg Granerud, Øyvind Hesjedal Loven, Lars Väringer, Ida Marianne Vassbotn Klasson, Vilde Søyland","Las hermanas Nora y Agnes se reencuentran con su padre ausente, un director de cine muy reconocido en el pasado que ha vuelto para ofrecer a Nora el papel principal de su próxima película. Aunque ella lo rechaza, Gustav decide seguir adelante y utilizar la casa familiar como escenario de su nuevo rodaje, lo que reaviva las tensiones entre ellos, especialmente tras la llegada de una joven actriz de Hollywood que acepta el papel en su lugar. El vínculo entre las hermanas se convertirá en su mayor refugio frente a las heridas del pasado."
EL ÚLTIMO VIKINGO,Anders Thomas Jensen,116,02,16:00,2026-03-08,Renoir Plaza de España,https://www.pillalas.com/pase/1057705/,https://www.cinesrenoir.com/pelicula/el-ultimo-vikingo/,https://media.pillalas.com/imagenes/726afb526abffa831071fdb7895dda5a8f5443f58bef959385371bd83d00b407e021267b.jpg,Danés,No recomendada para menores de 16 años,Viernes 6 Marzo 2026,"Mads Mikkelsen, Nikolaj Lie Kaas, Søren Malling, Sofie Gråbøl","Anker sale de prisión tras cumplir una condena de quince años por robo. El dinero del atraco fue enterrado por su hermano Manfred. Solo él sabe dónde está. Por desgracia, desde entonces Manfred ha desarrollado un trastorno mental que le ha hecho olvidarlo todo. Juntos, los hermanos emprenden un viaje inesperado para encontrar el dinero y descubrir quiénes son en realidad."
EL ÚLTIMO VIKINGO,Anders Thomas Jensen,116,02,18:10,2026-03-08,Renoir Plaza de España,https://www.pillalas.com/pase/1057706/,https://www.cinesrenoir.com/pelicula/el-ultimo-vikingo/,https://media.pillalas.com/imagenes/726afb526abffa831071fdb7895dda5a8f5443f58bef959385371bd83d00b407e021267b.jpg,Danés,No recomendada para menores de 16 años,Viernes 6 Marzo 2026,"Mads Mikkelsen, Nikolaj Lie Kaas, Søren Malling, Sofie Gråbøl","Anker sale de prisión tras cumplir una condena de quince años por robo. El dinero del atraco fue enterrado por su hermano Manfred. Solo él sabe dónde está. Por desgracia, desde entonces Manfred ha desarrollado un trastorno mental que le ha hecho olvidarlo todo. Juntos, los hermanos emprenden un viaje inesperado para encontrar el dinero y descubrir quiénes son en realidad."
EL ÚLTIMO VIKINGO,Anders Thomas Jensen,116,02,20:25,2026-03-08,Renoir Plaza de España,https://www.pillalas.com/pase/1057709/,https://www.cinesrenoir.com/pelicula/el-ultimo-vikingo/,https://media.pillalas.com/imagenes/726afb526abffa831071fdb7895dda5a8f5443f58bef959385371bd83d00b407e021267b.jpg,Danés,No recomendada para menores de 16 años,Viernes 6 Marzo 2026,"Mads Mikkelsen, Nikolaj Lie Kaas, Søren Malling, Sofie Gråbøl","Anker sale de prisión tras cumplir una condena de quince años por robo. El dinero del atraco fue enterrado por su hermano Manfred. Solo él sabe dónde está. Por desgracia, desde entonces Manfred ha desarrollado un trastorno mental que le ha hecho olvidarlo todo. Juntos, los hermanos emprenden un viaje inesperado para encontrar el dinero y descubrir quiénes son en realidad."
EL ÚLTIMO VIKINGO,Anders Thomas Jensen,116,02,22:40,2026-03-08,Renoir Plaza de España,https://www.pillalas.com/pase/1057712/,https://www.cinesrenoir.com/pelicula/el-ultimo-vikingo/,https://media.pillalas.com/imagenes/726afb526abffa831071fdb7895dda5a8f5443f58bef959385371bd83d00b407e021267b.jpg,Danés,No recomendada para menores de 16 años,Viernes 6 Marzo 2026,"Mads Mikkelsen, Nikolaj Lie Kaas, Søren Malling, Sofie Gråbøl","Anker sale de prisión tras cumplir una condena de quince años por robo. El dinero del atraco fue enterrado por su hermano Manfred. Solo él sabe dónde está. Por desgracia, desde entonces Manfred ha desarrollado un trastorno mental que le ha hecho olvidarlo todo. Juntos, los hermanos emprenden un viaje inesperado para encontrar el dinero y descubrir quiénes son en realidad."
LA CHICA ZURDA,Shih-Ching Tsou,108,04,20:25,2026-03-08,Renoir Plaza de España,https://www.pillalas.com/pase/1057771/,https://www.cinesrenoir.com/pelicula/la-chica-zurda/,https://media.pillalas.com/imagenes/726afb526abffa83e5ee5674d1ac0b73f39c1d9ebacca7f6a4c573d6423a82f140c7a520.jpg,Mandarín,No recomendada para menores de 12 años,Viernes 30 Enero 2026,"Shi-Yuan Ma, Janel Tsai, Nina Ye, Teng-Hui Huang, Akio Chen, Blaire Chang, Xin-Yan Chao","La pequeña I-Jing corretea con curiosidad por las calles de un mercado nocturno de Taipei, entre neones, motocicletas y toda clase de puestos de comida como el que regenta su madre, que trata de sacar adelante a la niña y a su hermana mayor."
LA TARTA DEL PRESIDENTE,Hasan Hadi,105,05,15:50,2026-03-08,Renoir Plaza de España,https://www.pillalas.com/pase/1057768/,https://www.cinesrenoir.com/pelicula/20260305050511-la-tarta-del-presidente/,https://media.pillalas.com/imagenes/726afb526abffa83eda64f8b418bec544f18146f6ca2869a88655e1df49985337de64299.jpg,Iraquí,No recomendada para menores de 12 años,Viernes 6 Febrero 2026,"Baneen Ahmad Nayyef, Waheed Thabet Khreibat, Sajad Mohamad Qasem, Muthanna Malaghi, Ahmad Qasem Saywan, Maytham Mreidi, Rahim Alhaj, Thaer Salem, Fatima Abouharoon","Irak, años noventa. La pequeña Lamia recibe la misión de preparar una tarta con motivo del cumpleaños del presidente Sadam Huseín. Acompañada por su amigo Saeed y con su gallo Hindi a cuestas, recorre Bagdad en busca de los ingredientes, viviendo una serie de peripecias que alterarán por completo su vida cotidiana."
LA TARTA DEL PRESIDENTE,Hasan Hadi,105,04,18:25,2026-03-08,Renoir Plaza de España,https://www.pillalas.com/pase/1057708/,https://www.cinesrenoir.com/pelicula/20260305050511-la-tarta-del-presidente/,https://media.pillalas.com/imagenes/726afb526abffa83eda64f8b418bec544f18146f6ca2869a88655e1df49985337de64299.jpg,Iraquí,No recomendada para menores de 12 años,Viernes 6 Febrero 2026,"Baneen Ahmad Nayyef, Waheed Thabet Khreibat, Sajad Mohamad Qasem, Muthanna Malaghi, Ahmad Qasem Saywan, Maytham Mreidi, Rahim Alhaj, Thaer Salem, Fatima Abouharoon","Irak, años noventa. La pequeña Lamia recibe la misión de preparar una tarta con motivo del cumpleaños del presidente Sadam Huseín. Acompañada por su amigo Saeed y con su gallo Hindi a cuestas, recorre Bagdad en busca de los ingredientes, viviendo una serie de peripecias que alterarán por completo su vida cotidiana."
LA TARTA DEL PRESIDENTE,Hasan Hadi,105,05,22:45,2026-03-08,Renoir Plaza de España,https://www.pillalas.com/pase/1057772/,https://www.cinesrenoir.com/pelicula/20260305050511-la-tarta-del-presidente/,https://media.pillalas.com/imagenes/726afb526abffa83eda64f8b418bec544f18146f6ca2869a88655e1df49985337de64299.jpg,Iraquí,No recomendada para menores de 12 años,Viernes 6 Febrero 2026,"Baneen Ahmad Nayyef, Waheed Thabet Khreibat, Sajad Mohamad Qasem, Muthanna Malaghi, Ahmad Qasem Saywan, Maytham Mreidi, Rahim Alhaj, Thaer Salem, Fatima Abouharoon","Irak, años noventa. La pequeña Lamia recibe la misión de preparar una tarta con motivo del cumpleaños del presidente Sadam Huseín. Acompañada por su amigo Saeed y con su gallo Hindi a cuestas, recorre Bagdad en busca de los ingredientes, viviendo una serie de peripecias que alterarán por completo su vida cotidiana."
LOS MISERABLES. EL ORIGEN,Éric Bersnard,98,01,15:50,2026-03-08,Renoir Plaza de España,https://www.pillalas.com/pase/1057661/,https://www.cinesrenoir.com/pelicula/los-miserables-el-origen/,https://media.pillalas.com/imagenes/726afb526abffa83f1fe811a2f88361f6bd22e58f78ce5ce248cf98ac6dddbdf057da693.jpg,Francés,No recomendada para menores de 16 años,Viernes 27 Febrero 2026,"Grégory Gadebois, Bernard Campan, Alexandra Lamy, Isabelle Carré, Dominique Pinon, Romane Libert, Albert Dupontel","Francia, 1815. Tras 19 años de condena, Jean Valjean queda en libertad. Rechazado por todos, encuentra refugio en casa del obispo Myriel, su hermana y su sirvienta. Sorprendido por una bondad que no comprende, Valjean deberá elegir entre el odio que lo consume o la posibilidad de redención que se le ofrece."
LOS MISERABLES. EL ORIGEN,Éric Bersnard,98,01,22:45,2026-03-08,Renoir Plaza de España,https://www.pillalas.com/pase/1057664/,https://www.cinesrenoir.com/pelicula/los-miserables-el-origen/,https://media.pillalas.com/imagenes/726afb526abffa83f1fe811a2f88361f6bd22e58f78ce5ce248cf98ac6dddbdf057da693.jpg,Francés,No recomendada para menores de 16 años,Viernes 27 Febrero 2026,"Grégory Gadebois, Bernard Campan, Alexandra Lamy, Isabelle Carré, Dominique Pinon, Romane Libert, Albert Dupontel","Francia, 1815. Tras 19 años de condena, Jean Valjean queda en libertad. Rechazado por todos, encuentra refugio en casa del obispo Myriel, su hermana y su sirvienta. Sorprendido por una bondad que no comprende, Valjean deberá elegir entre el odio que lo consume o la posibilidad de redención que se le ofrece."
NO HAY OTRA OPCIÓN,Park Chan-Wook,139,04,15:50,2026-03-08,Renoir Plaza de España,https://www.pillalas.com/pase/1057703/,https://www.cinesrenoir.com/pelicula/no-hay-otra-opcion/,https://media.pillalas.com/imagenes/726afb526abffa83bdeb4516e384b837092cce5cc6598f1dfd4dee91ff9227e1f484f775.jpg,Coreano,Pendiente de calificación,Viernes 13 Febrero 2026,"Lee Byung-Hun, Son Ye-Jin, Lee Sung-Min, Yeom Hye-Ran, Park Hee-Soon, Cha Seung-Won, Yoo Yeon-Seok","La historia sigue a un hombre de mediana edad llamado Man-su que se embarca decidido en una búsqueda de trabajo tras ser despedido inesperadamente de la compañía de papel en la que trabajó durante 25 años. ""Si no hay una vacante para mí, tendré que crear una para que me contraten. No hay otra opción"". Adaptación de la novela ""The Ax"" de Donald E. Westlake, que ya fue llevada al cine en la película ""Arcadia"", dirigida por Costa-Gavras en 2005."
NO HAY OTRA OPCIÓN,Park Chan-Wook,139,01,17:40,2026-03-08,Renoir Plaza de España,https://www.pillalas.com/pase/1057662/,https://www.cinesrenoir.com/pelicula/no-hay-otra-opcion/,https://media.pillalas.com/imagenes/726afb526abffa83bdeb4516e384b837092cce5cc6598f1dfd4dee91ff9227e1f484f775.jpg,Coreano,Pendiente de calificación,Viernes 13 Febrero 2026,"Lee Byung-Hun, Son Ye-Jin, Lee Sung-Min, Yeom Hye-Ran, Park Hee-Soon, Cha Seung-Won, Yoo Yeon-Seok","La historia sigue a un hombre de mediana edad llamado Man-su que se embarca decidido en una búsqueda de trabajo tras ser despedido inesperadamente de la compañía de papel en la que trabajó durante 25 años. ""Si no hay una vacante para mí, tendré que crear una para que me contraten. No hay otra opción"". Adaptación de la novela ""The Ax"" de Donald E. Westlake, que ya fue llevada al cine en la película ""Arcadia"", dirigida por Costa-Gavras en 2005."
NO HAY OTRA OPCIÓN,Park Chan-Wook,139,01,20:15,2026-03-08,Renoir Plaza de España,https://www.pillalas.com/pase/1057663/,https://www.cinesrenoir.com/pelicula/no-hay-otra-opcion/,https://media.pillalas.com/imagenes/726afb526abffa83bdeb4516e384b837092cce5cc6598f1dfd4dee91ff9227e1f484f775.jpg,Coreano,Pendiente de calificación,Viernes 13 Febrero 2026,"Lee Byung-Hun, Son Ye-Jin, Lee Sung-Min, Yeom Hye-Ran, Park Hee-Soon, Cha Seung-Won, Yoo Yeon-Seok","La historia sigue a un hombre de mediana edad llamado Man-su que se embarca decidido en una búsqueda de trabajo tras ser despedido inesperadamente de la compañía de papel en la que trabajó durante 25 años. ""Si no hay una vacante para mí, tendré que crear una para que me contraten. No hay otra opción"". Adaptación de la novela ""The Ax"" de Donald E. Westlake, que ya fue llevada al cine en la película ""Arcadia"", dirigida por Costa-Gavras en 2005."
NO HAY OTRA OPCIÓN,Park Chan-Wook,139,04,22:30,2026-03-08,Renoir Plaza de España,https://www.pillalas.com/pase/1057711/,https://www.cinesrenoir.com/pelicula/no-hay-otra-opcion/,https://media.pillalas.com/imagenes/726afb526abffa83bdeb4516e384b837092cce5cc6598f1dfd4dee91ff9227e1f484f775.jpg,Coreano,Pendiente de calificación,Viernes 13 Febrero 2026,"Lee Byung-Hun, Son Ye-Jin, Lee Sung-Min, Yeom Hye-Ran, Park Hee-Soon, Cha Seung-Won, Yoo Yeon-Seok","La historia sigue a un hombre de mediana edad llamado Man-su que se embarca decidido en una búsqueda de trabajo tras ser despedido inesperadamente de la compañía de papel en la que trabajó durante 25 años. ""Si no hay una vacante para mí, tendré que crear una para que me contraten. No hay otra opción"". Adaptación de la novela ""The Ax"" de Donald E. Westlake, que ya fue llevada al cine en la película ""Arcadia"", dirigida por Costa-Gavras en 2005."
ORWELL 2+2 = 5,Raoul Peck,119,03,16:00,2026-03-08,Renoir Plaza de España,https://www.pillalas.com/pase/1057704/,https://www.cinesrenoir.com/pelicula/orwell-22-5/,https://media.pillalas.com/imagenes/726afb526abffa83b83d4cc400c9761fa7472981f7fc060c0bd7e85b0217a3f74541294d.jpg,Inglés Y Otros,No recomendada para menores de 16 años,Viernes 27 Febrero 2026,Damian Lewis,"George Orwell fue uno de los autores más visionarios del siglo XX, cuyas novelas, 1984 y Rebelión en la granja, predijeron un futuro autoritario y escalofriante. El aclamado director Raoul Peck (I Am Not Your Negro) entrelaza clips, lecturas del diario de Orwell, referencias cinematográficas e imágenes actuales para crear no solo un retrato del escritor, sino también una nueva perspectiva sobre lo profética que se ha vuelto su obra."
ORWELL 2+2 = 5,Raoul Peck,119,03,18:15,2026-03-08,Renoir Plaza de España,https://www.pillalas.com/pase/1057707/,https://www.cinesrenoir.com/pelicula/orwell-22-5/,https://media.pillalas.com/imagenes/726afb526abffa83b83d4cc400c9761fa7472981f7fc060c0bd7e85b0217a3f74541294d.jpg,Inglés Y Otros,No recomendada para menores de 16 años,Viernes 27 Febrero 2026,Damian Lewis,"George Orwell fue uno de los autores más visionarios del siglo XX, cuyas novelas, 1984 y Rebelión en la granja, predijeron un futuro autoritario y escalofriante. El aclamado director Raoul Peck (I Am Not Your Negro) entrelaza clips, lecturas del diario de Orwell, referencias cinematográficas e imágenes actuales para crear no solo un retrato del escritor, sino también una nueva perspectiva sobre lo profética que se ha vuelto su obra."
ORWELL 2+2 = 5,Raoul Peck,119,03,20:30,2026-03-08,Renoir Plaza de España,https://www.pillalas.com/pase/1057710/,https://www.cinesrenoir.com/pelicula/orwell-22-5/,https://media.pillalas.com/imagenes/726afb526abffa83b83d4cc400c9761fa7472981f7fc060c0bd7e85b0217a3f74541294d.jpg,Inglés Y Otros,No recomendada para menores de 16 años,Viernes 27 Febrero 2026,Damian Lewis,"George Orwell fue uno de los autores más visionarios del siglo XX, cuyas novelas, 1984 y Rebelión en la granja, predijeron un futuro autoritario y escalofriante. El aclamado director Raoul Peck (I Am Not Your Negro) entrelaza clips, lecturas del diario de Orwell, referencias cinematográficas e imágenes actuales para crear no solo un retrato del escritor, sino también una nueva perspectiva sobre lo profética que se ha vuelto su obra."
ORWELL 2+2 = 5,Raoul Peck,119,03,22:45,2026-03-08,Renoir Plaza de España,https://www.pillalas.com/pase/1057713/,https://www.cinesrenoir.com/pelicula/orwell-22-5/,https://media.pillalas.com/imagenes/726afb526abffa83b83d4cc400c9761fa7472981f7fc060c0bd7e85b0217a3f74541294d.jpg,Inglés Y Otros,No recomendada para menores de 16 años,Viernes 27 Febrero 2026,Damian Lewis,"George Orwell fue uno de los autores más visionarios del siglo XX, cuyas novelas, 1984 y Rebelión en la granja, predijeron un futuro autoritario y escalofriante. El aclamado director Raoul Peck (I Am Not Your Negro) entrelaza clips, lecturas del diario de Orwell, referencias cinematográficas e imágenes actuales para crear no solo un retrato del escritor, sino también una nueva perspectiva sobre lo profética que se ha vuelto su obra."
VALOR SENTIMENTAL,Joachim Trier,133,05,17:50,2026-03-08,Renoir Plaza de España,https://www.pillalas.com/pase/1057769/,https://www.cinesrenoir.com/pelicula/valor-sentimental/,https://media.pillalas.com/imagenes/726afb526abffa83fe1b3adc6f8909539f80c9a958e909b641f78d7648edf8e1f62ca547.jpg,Noruego E Inglés,No recomendada para menores de 12 años,Viernes 5 Diciembre 2025,"Renate Reinsve, Stellan Skarsgård, Inga Ibsdotter Lilleaas, Elle Fanning, Anders Danielsen Lie, Jesper Christensen, Lena Endre, Cory Michael Smith, Catherine Cohen, Andreas Stoltenberg Granerud, Øyvind Hesjedal Loven, Lars Väringer, Ida Marianne Vassbotn Klasson, Vilde Søyland","Las hermanas Nora y Agnes se reencuentran con su padre ausente, un director de cine muy reconocido en el pasado que ha vuelto para ofrecer a Nora el papel principal de su próxima película. Aunque ella lo rechaza, Gustav decide seguir adelante y utilizar la casa familiar como escenario de su nuevo rodaje, lo que reaviva las tensiones entre ellos, especialmente tras la llegada de una joven actriz de Hollywood que acepta el papel en su lugar. El vínculo entre las hermanas se convertirá en su mayor refugio frente a las heridas del pasado."
VALOR SENTIMENTAL,Joachim Trier,133,05,20:20,2026-03-08,Renoir Plaza de España,https://www.pillalas.com/pase/1057770/,https://www.cinesrenoir.com/pelicula/valor-sentimental/,https://media.pillalas.com/imagenes/726afb526abffa83fe1b3adc6f8909539f80c9a958e909b641f78d7648edf8e1f62ca547.jpg,Noruego E Inglés,No recomendada para menores de 12 años,Viernes 5 Diciembre 2025,"Renate Reinsve, Stellan Skarsgård, Inga Ibsdotter Lilleaas, Elle Fanning, Anders Danielsen Lie, Jesper Christensen, Lena Endre, Cory Michael Smith, Catherine Cohen, Andreas Stoltenberg Granerud, Øyvind Hesjedal Loven, Lars Väringer, Ida Marianne Vassbotn Klasson, Vilde Søyland","Las hermanas Nora y Agnes se reencuentran con su padre ausente, un director de cine muy reconocido en el pasado que ha vuelto para ofrecer a Nora el papel principal de su próxima película. Aunque ella lo rechaza, Gustav decide seguir adelante y utilizar la casa familiar como escenario de su nuevo rodaje, lo que reaviva las tensiones entre ellos, especialmente tras la llegada de una joven actriz de Hollywood que acepta el papel en su lugar. El vínculo entre las hermanas se convertirá en su mayor refugio frente a las heridas del pasado."
EL ÚLTIMO VIKINGO,Anders Thomas Jensen,116,02,16:00,2026-03-09,Renoir Plaza de España,https://www.pillalas.com/pase/1057715/,https://www.cinesrenoir.com/pelicula/el-ultimo-vikingo/,https://media.pillalas.com/imagenes/726afb526abffa831071fdb7895dda5a8f5443f58bef959385371bd83d00b407e021267b.jpg,Danés,No recomendada para menores de 16 años,Viernes 6 Marzo 2026,"Mads Mikkelsen, Nikolaj Lie Kaas, Søren Malling, Sofie Gråbøl","Anker sale de prisión tras cumplir una condena de quince años por robo. El dinero del atraco fue enterrado por su hermano Manfred. Solo él sabe dónde está. Por desgracia, desde entonces Manfred ha desarrollado un trastorno mental que le ha hecho olvidarlo todo. Juntos, los hermanos emprenden un viaje inesperado para encontrar el dinero y descubrir quiénes son en realidad."
EL ÚLTIMO VIKINGO,Anders Thomas Jensen,116,02,18:10,2026-03-09,Renoir Plaza de España,https://www.pillalas.com/pase/1057717/,https://www.cinesrenoir.com/pelicula/el-ultimo-vikingo/,https://media.pillalas.com/imagenes/726afb526abffa831071fdb7895dda5a8f5443f58bef959385371bd83d00b407e021267b.jpg,Danés,No recomendada para menores de 16 años,Viernes 6 Marzo 2026,"Mads Mikkelsen, Nikolaj Lie Kaas, Søren Malling, Sofie Gråbøl","Anker sale de prisión tras cumplir una condena de quince años por robo. El dinero del atraco fue enterrado por su hermano Manfred. Solo él sabe dónde está. Por desgracia, desde entonces Manfred ha desarrollado un trastorno mental que le ha hecho olvidarlo todo. Juntos, los hermanos emprenden un viaje inesperado para encontrar el dinero y descubrir quiénes son en realidad."
EL ÚLTIMO VIKINGO,Anders Thomas Jensen,116,02,20:25,2026-03-09,Renoir Plaza de España,https://www.pillalas.com/pase/1057720/,https://www.cinesrenoir.com/pelicula/el-ultimo-vikingo/,https://media.pillalas.com/imagenes/726afb526abffa831071fdb7895dda5a8f5443f58bef959385371bd83d00b407e021267b.jpg,Danés,No recomendada para menores de 16 años,Viernes 6 Marzo 2026,"Mads Mikkelsen, Nikolaj Lie Kaas, Søren Malling, Sofie Gråbøl","Anker sale de prisión tras cumplir una condena de quince años por robo. El dinero del atraco fue enterrado por su hermano Manfred. Solo él sabe dónde está. Por desgracia, desde entonces Manfred ha desarrollado un trastorno mental que le ha hecho olvidarlo todo. Juntos, los hermanos emprenden un viaje inesperado para encontrar el dinero y descubrir quiénes son en realidad."
EL ÚLTIMO VIKINGO,Anders Thomas Jensen,116,02,22:40,2026-03-09,Renoir Plaza de España,https://www.pillalas.com/pase/1057723/,https://www.cinesrenoir.com/pelicula/el-ultimo-vikingo/,https://media.pillalas.com/imagenes/726afb526abffa831071fdb7895dda5a8f5443f58bef959385371bd83d00b407e021267b.jpg,Danés,No recomendada para menores de 16 años,Viernes 6 Marzo 2026,"Mads Mikkelsen, Nikolaj Lie Kaas, Søren Malling, Sofie Gråbøl","Anker sale de prisión tras cumplir una condena de quince años por robo. El dinero del atraco fue enterrado por su hermano Manfred. Solo él sabe dónde está. Por desgracia, desde entonces Manfred ha desarrollado un trastorno mental que le ha hecho olvidarlo todo. Juntos, los hermanos emprenden un viaje inesperado para encontrar el dinero y descubrir quiénes son en realidad."
LA CHICA ZURDA,Shih-Ching Tsou,108,04,20:25,2026-03-09,Renoir Plaza de España,https://www.pillalas.com/pase/1057776/,https://www.cinesrenoir.com/pelicula/la-chica-zurda/,https://media.pillalas.com/imagenes/726afb526abffa83e5ee5674d1ac0b73f39c1d9ebacca7f6a4c573d6423a82f140c7a520.jpg,Mandarín,No recomendada para menores de 12 años,Viernes 30 Enero 2026,"Shi-Yuan Ma, Janel Tsai, Nina Ye, Teng-Hui Huang, Akio Chen, Blaire Chang, Xin-Yan Chao","La pequeña I-Jing corretea con curiosidad por las calles de un mercado nocturno de Taipei, entre neones, motocicletas y toda clase de puestos de comida como el que regenta su madre, que trata de sacar adelante a la niña y a su hermana mayor."
LA TARTA DEL PRESIDENTE,Hasan Hadi,105,05,15:50,2026-03-09,Renoir Plaza de España,https://www.pillalas.com/pase/1057773/,https://www.cinesrenoir.com/pelicula/20260305050511-la-tarta-del-presidente/,https://media.pillalas.com/imagenes/726afb526abffa83eda64f8b418bec544f18146f6ca2869a88655e1df49985337de64299.jpg,Iraquí,No recomendada para menores de 12 años,Viernes 6 Febrero 2026,"Baneen Ahmad Nayyef, Waheed Thabet Khreibat, Sajad Mohamad Qasem, Muthanna Malaghi, Ahmad Qasem Saywan, Maytham Mreidi, Rahim Alhaj, Thaer Salem, Fatima Abouharoon","Irak, años noventa. La pequeña Lamia recibe la misión de preparar una tarta con motivo del cumpleaños del presidente Sadam Huseín. Acompañada por su amigo Saeed y con su gallo Hindi a cuestas, recorre Bagdad en busca de los ingredientes, viviendo una serie de peripecias que alterarán por completo su vida cotidiana."
LA TARTA DEL PRESIDENTE,Hasan Hadi,105,04,18:25,2026-03-09,Renoir Plaza de España,https://www.pillalas.com/pase/1057719/,https://www.cinesrenoir.com/pelicula/20260305050511-la-tarta-del-presidente/,https://media.pillalas.com/imagenes/726afb526abffa83eda64f8b418bec544f18146f6ca2869a88655e1df49985337de64299.jpg,Iraquí,No recomendada para menores de 12 años,Viernes 6 Febrero 2026,"Baneen Ahmad Nayyef, Waheed Thabet Khreibat, Sajad Mohamad Qasem, Muthanna Malaghi, Ahmad Qasem Saywan, Maytham Mreidi, Rahim Alhaj, Thaer Salem, Fatima Abouharoon","Irak, años noventa. La pequeña Lamia recibe la misión de preparar una tarta con motivo del cumpleaños del presidente Sadam Huseín. Acompañada por su amigo Saeed y con su gallo Hindi a cuestas, recorre Bagdad en busca de los ingredientes, viviendo una serie de peripecias que alterarán por completo su vida cotidiana."
LA TARTA DEL PRESIDENTE,Hasan Hadi,105,05,22:45,2026-03-09,Renoir Plaza de España,https://www.pillalas.com/pase/1057777/,https://www.cinesrenoir.com/pelicula/20260305050511-la-tarta-del-presidente/,https://media.pillalas.com/imagenes/726afb526abffa83eda64f8b418bec544f18146f6ca2869a88655e1df49985337de64299.jpg,Iraquí,No recomendada para menores de 12 años,Viernes 6 Febrero 2026,"Baneen Ahmad Nayyef, Waheed Thabet Khreibat, Sajad Mohamad Qasem, Muthanna Malaghi, Ahmad Qasem Saywan, Maytham Mreidi, Rahim Alhaj, Thaer Salem, Fatima Abouharoon","Irak, años noventa. La pequeña Lamia recibe la misión de preparar una tarta con motivo del cumpleaños del presidente Sadam Huseín. Acompañada por su amigo Saeed y con su gallo Hindi a cuestas, recorre Bagdad en busca de los ingredientes, viviendo una serie de peripecias que alterarán por completo su vida cotidiana."
LOS MISERABLES. EL ORIGEN,Éric Bersnard,98,01,15:50,2026-03-09,Renoir Plaza de España,https://www.pillalas.com/pase/1057665/,https://www.cinesrenoir.com/pelicula/los-miserables-el-origen/,https://media.pillalas.com/imagenes/726afb526abffa83f1fe811a2f88361f6bd22e58f78ce5ce248cf98ac6dddbdf057da693.jpg,Francés,No recomendada para menores de 16 años,Viernes 27 Febrero 2026,"Grégory Gadebois, Bernard Campan, Alexandra Lamy, Isabelle Carré, Dominique Pinon, Romane Libert, Albert Dupontel","Francia, 1815. Tras 19 años de condena, Jean Valjean queda en libertad. Rechazado por todos, encuentra refugio en casa del obispo Myriel, su hermana y su sirvienta. Sorprendido por una bondad que no comprende, Valjean deberá elegir entre el odio que lo consume o la posibilidad de redención que se le ofrece."
LOS MISERABLES. EL ORIGEN,Éric Bersnard,98,01,22:45,2026-03-09,Renoir Plaza de España,https://www.pillalas.com/pase/1057668/,https://www.cinesrenoir.com/pelicula/los-miserables-el-origen/,https://media.pillalas.com/imagenes/726afb526abffa83f1fe811a2f88361f6bd22e58f78ce5ce248cf98ac6dddbdf057da693.jpg,Francés,No recomendada para menores de 16 años,Viernes 27 Febrero 2026,"Grégory Gadebois, Bernard Campan, Alexandra Lamy, Isabelle Carré, Dominique Pinon, Romane Libert, Albert Dupontel","Francia, 1815. Tras 19 años de condena, Jean Valjean queda en libertad. Rechazado por todos, encuentra refugio en casa del obispo Myriel, su hermana y su sirvienta. Sorprendido por una bondad que no comprende, Valjean deberá elegir entre el odio que lo consume o la posibilidad de redención que se le ofrece."
NO HAY OTRA OPCIÓN,Park Chan-Wook,139,04,15:50,2026-03-09,Renoir Plaza de España,https://www.pillalas.com/pase/1057714/,https://www.cinesrenoir.com/pelicula/no-hay-otra-opcion/,https://media.pillalas.com/imagenes/726afb526abffa83bdeb4516e384b837092cce5cc6598f1dfd4dee91ff9227e1f484f775.jpg,Coreano,Pendiente de calificación,Viernes 13 Febrero 2026,"Lee Byung-Hun, Son Ye-Jin, Lee Sung-Min, Yeom Hye-Ran, Park Hee-Soon, Cha Seung-Won, Yoo Yeon-Seok","La historia sigue a un hombre de mediana edad llamado Man-su que se embarca decidido en una búsqueda de trabajo tras ser despedido inesperadamente de la compañía de papel en la que trabajó durante 25 años. ""Si no hay una vacante para mí, tendré que crear una para que me contraten. No hay otra opción"". Adaptación de la novela ""The Ax"" de Donald E. Westlake, que ya fue llevada al cine en la película ""Arcadia"", dirigida por Costa-Gavras en 2005."
NO HAY OTRA OPCIÓN,Park Chan-Wook,139,01,17:40,2026-03-09,Renoir Plaza de España,https://www.pillalas.com/pase/1057666/,https://www.cinesrenoir.com/pelicula/no-hay-otra-opcion/,https://media.pillalas.com/imagenes/726afb526abffa83bdeb4516e384b837092cce5cc6598f1dfd4dee91ff9227e1f484f775.jpg,Coreano,Pendiente de calificación,Viernes 13 Febrero 2026,"Lee Byung-Hun, Son Ye-Jin, Lee Sung-Min, Yeom Hye-Ran, Park Hee-Soon, Cha Seung-Won, Yoo Yeon-Seok","La historia sigue a un hombre de mediana edad llamado Man-su que se embarca decidido en una búsqueda de trabajo tras ser despedido inesperadamente de la compañía de papel en la que trabajó durante 25 años. ""Si no hay una vacante para mí, tendré que crear una para que me contraten. No hay otra opción"". Adaptación de la novela ""The Ax"" de Donald E. Westlake, que ya fue llevada al cine en la película ""Arcadia"", dirigida por Costa-Gavras en 2005."
NO HAY OTRA OPCIÓN,Park Chan-Wook,139,01,20:15,2026-03-09,Renoir Plaza de España,https://www.pillalas.com/pase/1057667/,https://www.cinesrenoir.com/pelicula/no-hay-otra-opcion/,https://media.pillalas.com/imagenes/726afb526abffa83bdeb4516e384b837092cce5cc6598f1dfd4dee91ff9227e1f484f775.jpg,Coreano,Pendiente de calificación,Viernes 13 Febrero 2026,"Lee Byung-Hun, Son Ye-Jin, Lee Sung-Min, Yeom Hye-Ran, Park Hee-Soon, Cha Seung-Won, Yoo Yeon-Seok","La historia sigue a un hombre de mediana edad llamado Man-su que se embarca decidido en una búsqueda de trabajo tras ser despedido inesperadamente de la compañía de papel en la que trabajó durante 25 años. ""Si no hay una vacante para mí, tendré que crear una para que me contraten. No hay otra opción"". Adaptación de la novela ""The Ax"" de Donald E. Westlake, que ya fue llevada al cine en la película ""Arcadia"", dirigida por Costa-Gavras en 2005."
NO HAY OTRA OPCIÓN,Park Chan-Wook,139,04,22:30,2026-03-09,Renoir Plaza de España,https://www.pillalas.com/pase/1057722/,https://www.cinesrenoir.com/pelicula/no-hay-otra-opcion/,https://media.pillalas.com/imagenes/726afb526abffa83bdeb4516e384b837092cce5cc6598f1dfd4dee91ff9227e1f484f775.jpg,Coreano,Pendiente de calificación,Viernes 13 Febrero 2026,"Lee Byung-Hun, Son Ye-Jin, Lee Sung-Min, Yeom Hye-Ran, Park Hee-Soon, Cha Seung-Won, Yoo Yeon-Seok","La historia sigue a un hombre de mediana edad llamado Man-su que se embarca decidido en una búsqueda de trabajo tras ser despedido inesperadamente de la compañía de papel en la que trabajó durante 25 años. ""Si no hay una vacante para mí, tendré que crear una para que me contraten. No hay otra opción"". Adaptación de la novela ""The Ax"" de Donald E. Westlake, que ya fue llevada al cine en la película ""Arcadia"", dirigida por Costa-Gavras en 2005."
ORWELL 2+2 = 5,Raoul Peck,119,03,16:00,2026-03-09,Renoir Plaza de España,https://www.pillalas.com/pase/1057716/,https://www.cinesrenoir.com/pelicula/orwell-22-5/,https://media.pillalas.com/imagenes/726afb526abffa83b83d4cc400c9761fa7472981f7fc060c0bd7e85b0217a3f74541294d.jpg,Inglés Y Otros,No recomendada para menores de 16 años,Viernes 27 Febrero 2026,Damian Lewis,"George Orwell fue uno de los autores más visionarios del siglo XX, cuyas novelas, 1984 y Rebelión en la granja, predijeron un futuro autoritario y escalofriante. El aclamado director Raoul Peck (I Am Not Your Negro) entrelaza clips, lecturas del diario de Orwell, referencias cinematográficas e imágenes actuales para crear no solo un retrato del escritor, sino también una nueva perspectiva sobre lo profética que se ha vuelto su obra."
ORWELL 2+2 = 5,Raoul Peck,119,03,18:15,2026-03-09,Renoir Plaza de España,https://www.pillalas.com/pase/1057718/,https://www.cinesrenoir.com/pelicula/orwell-22-5/,https://media.pillalas.com/imagenes/726afb526abffa83b83d4cc400c9761fa7472981f7fc060c0bd7e85b0217a3f74541294d.jpg,Inglés Y Otros,No recomendada para menores de 16 años,Viernes 27 Febrero 2026,Damian Lewis,"George Orwell fue uno de los autores más visionarios del siglo XX, cuyas novelas, 1984 y Rebelión en la granja, predijeron un futuro autoritario y escalofriante. El aclamado director Raoul Peck (I Am Not Your Negro) entrelaza clips, lecturas del diario de Orwell, referencias cinematográficas e imágenes actuales para crear no solo un retrato del escritor, sino también una nueva perspectiva sobre lo profética que se ha vuelto su obra."
ORWELL 2+2 = 5,Raoul Peck,119,03,20:30,2026-03-09,Renoir Plaza de España,https://www.pillalas.com/pase/1057721/,https://www.cinesrenoir.com/pelicula/orwell-22-5/,https://media.pillalas.com/imagenes/726afb526abffa83b83d4cc400c9761fa7472981f7fc060c0bd7e85b0217a3f74541294d.jpg,Inglés Y Otros,No recomendada para menores de 16 años,Viernes 27 Febrero 2026,Damian Lewis,"George Orwell fue uno de los autores más visionarios del siglo XX, cuyas novelas, 1984 y Rebelión en la granja, predijeron un futuro autoritario y escalofriante. El aclamado director Raoul Peck (I Am Not Your Negro) entrelaza clips, lecturas del diario de Orwell, referencias cinematográficas e imágenes actuales para crear no solo un retrato del escritor, sino también una nueva perspectiva sobre lo profética que se ha vuelto su obra."
ORWELL 2+2 = 5,Raoul Peck,119,03,22:45,2026-03-09,Renoir Plaza de España,https://www.pillalas.com/pase/1057724/,https://www.cinesrenoir.com/pelicula/orwell-22-5/,https://media.pillalas.com/imagenes/726afb526abffa83b83d4cc400c9761fa7472981f7fc060c0bd7e85b0217a3f74541294d.jpg,Inglés Y Otros,No recomendada para menores de 16 años,Viernes 27 Febrero 2026,Damian Lewis,"George Orwell fue uno de los autores más visionarios del siglo XX, cuyas novelas, 1984 y Rebelión en la granja, predijeron un futuro autoritario y escalofriante. El aclamado director Raoul Peck (I Am Not Your Negro) entrelaza clips, lecturas del diario de Orwell, referencias cinematográficas e imágenes actuales para crear no solo un retrato del escritor, sino también una nueva perspectiva sobre lo profética que se ha vuelto su obra."
VALOR SENTIMENTAL,Joachim Trier,133,05,17:50,2026-03-09,Renoir Plaza de España,https://www.pillalas.com/pase/1057774/,https://www.cinesrenoir.com/pelicula/valor-sentimental/,https://media.pillalas.com/imagenes/726afb526abffa83fe1b3adc6f8909539f80c9a958e909b641f78d7648edf8e1f62ca547.jpg,Noruego E Inglés,No recomendada para menores de 12 años,Viernes 5 Diciembre 2025,"Renate Reinsve, Stellan Skarsgård, Inga Ibsdotter Lilleaas, Elle Fanning, Anders Danielsen Lie, Jesper Christensen, Lena Endre, Cory Michael Smith, Catherine Cohen, Andreas Stoltenberg Granerud, Øyvind Hesjedal Loven, Lars Väringer, Ida Marianne Vassbotn Klasson, Vilde Søyland","Las hermanas Nora y Agnes se reencuentran con su padre ausente, un director de cine muy reconocido en el pasado que ha vuelto para ofrecer a Nora el papel principal de su próxima película. Aunque ella lo rechaza, Gustav decide seguir adelante y utilizar la casa familiar como escenario de su nuevo rodaje, lo que reaviva las tensiones entre ellos, especialmente tras la llegada de una joven actriz de Hollywood que acepta el papel en su lugar. El vínculo entre las hermanas se convertirá en su mayor refugio frente a las heridas del pasado."
VALOR SENTIMENTAL,Joachim Trier,133,05,20:20,2026-03-09,Renoir Plaza de España,https://www.pillalas.com/pase/1057775/,https://www.cinesrenoir.com/pelicula/valor-sentimental/,https://media.pillalas.com/imagenes/726afb526abffa83fe1b3adc6f8909539f80c9a958e909b641f78d7648edf8e1f62ca547.jpg,Noruego E Inglés,No recomendada para menores de 12 años,Viernes 5 Diciembre 2025,"Renate Reinsve, Stellan Skarsgård, Inga Ibsdotter Lilleaas, Elle Fanning, Anders Danielsen Lie, Jesper Christensen, Lena Endre, Cory Michael Smith, Catherine Cohen, Andreas Stoltenberg Granerud, Øyvind Hesjedal Loven, Lars Väringer, Ida Marianne Vassbotn Klasson, Vilde Søyland","Las hermanas Nora y Agnes se reencuentran con su padre ausente, un director de cine muy reconocido en el pasado que ha vuelto para ofrecer a Nora el papel principal de su próxima película. Aunque ella lo rechaza, Gustav decide seguir adelante y utilizar la casa familiar como escenario de su nuevo rodaje, lo que reaviva las tensiones entre ellos, especialmente tras la llegada de una joven actriz de Hollywood que acepta el papel en su lugar. El vínculo entre las hermanas se convertirá en su mayor refugio frente a las heridas del pasado."
EL ÚLTIMO VIKINGO,Anders Thomas Jensen,116,02,16:00,2026-03-10,Renoir Plaza de España,https://www.pillalas.com/pase/1057726/,https://www.cinesrenoir.com/pelicula/el-ultimo-vikingo/,https://media.pillalas.com/imagenes/726afb526abffa831071fdb7895dda5a8f5443f58bef959385371bd83d00b407e021267b.jpg,Danés,No recomendada para menores de 16 años,Viernes 6 Marzo 2026,"Mads Mikkelsen, Nikolaj Lie Kaas, Søren Malling, Sofie Gråbøl","Anker sale de prisión tras cumplir una condena de quince años por robo. El dinero del atraco fue enterrado por su hermano Manfred. Solo él sabe dónde está. Por desgracia, desde entonces Manfred ha desarrollado un trastorno mental que le ha hecho olvidarlo todo. Juntos, los hermanos emprenden un viaje inesperado para encontrar el dinero y descubrir quiénes son en realidad."
EL ÚLTIMO VIKINGO,Anders Thomas Jensen,116,02,18:10,2026-03-10,Renoir Plaza de España,https://www.pillalas.com/pase/1057728/,https://www.cinesrenoir.com/pelicula/el-ultimo-vikingo/,https://media.pillalas.com/imagenes/726afb526abffa831071fdb7895dda5a8f5443f58bef959385371bd83d00b407e021267b.jpg,Danés,No recomendada para menores de 16 años,Viernes 6 Marzo 2026,"Mads Mikkelsen, Nikolaj Lie Kaas, Søren Malling, Sofie Gråbøl","Anker sale de prisión tras cumplir una condena de quince años por robo. El dinero del atraco fue enterrado por su hermano Manfred. Solo él sabe dónde está. Por desgracia, desde entonces Manfred ha desarrollado un trastorno mental que le ha hecho olvidarlo todo. Juntos, los hermanos emprenden un viaje inesperado para encontrar el dinero y descubrir quiénes son en realidad."
EL ÚLTIMO VIKINGO,Anders Thomas Jensen,116,02,20:25,2026-03-10,Renoir Plaza de España,https://www.pillalas.com/pase/1057731/,https://www.cinesrenoir.com/pelicula/el-ultimo-vikingo/,https://media.pillalas.com/imagenes/726afb526abffa831071fdb7895dda5a8f5443f58bef959385371bd83d00b407e021267b.jpg,Danés,No recomendada para menores de 16 años,Viernes 6 Marzo 2026,"Mads Mikkelsen, Nikolaj Lie Kaas, Søren Malling, Sofie Gråbøl","Anker sale de prisión tras cumplir una condena de quince años por robo. El dinero del atraco fue enterrado por su hermano Manfred. Solo él sabe dónde está. Por desgracia, desde entonces Manfred ha desarrollado un trastorno mental que le ha hecho olvidarlo todo. Juntos, los hermanos emprenden un viaje inesperado para encontrar el dinero y descubrir quiénes son en realidad."
EL ÚLTIMO VIKINGO,Anders Thomas Jensen,116,02,22:40,2026-03-10,Renoir Plaza de España,https://www.pillalas.com/pase/1057734/,https://www.cinesrenoir.com/pelicula/el-ultimo-vikingo/,https://media.pillalas.com/imagenes/726afb526abffa831071fdb7895dda5a8f5443f58bef959385371bd83d00b407e021267b.jpg,Danés,No recomendada para menores de 16 años,Viernes 6 Marzo 2026,"Mads Mikkelsen, Nikolaj Lie Kaas, Søren Malling, Sofie Gråbøl","Anker sale de prisión tras cumplir una condena de quince años por robo. El dinero del atraco fue enterrado por su hermano Manfred. Solo él sabe dónde está. Por desgracia, desde entonces Manfred ha desarrollado un trastorno mental que le ha hecho olvidarlo todo. Juntos, los hermanos emprenden un viaje inesperado para encontrar el dinero y descubrir quiénes son en realidad."
LA CHICA ZURDA,Shih-Ching Tsou,108,04,20:25,2026-03-10,Renoir Plaza de España,https://www.pillalas.com/pase/1057781/,https://www.cinesrenoir.com/pelicula/la-chica-zurda/,https://media.pillalas.com/imagenes/726afb526abffa83e5ee5674d1ac0b73f39c1d9ebacca7f6a4c573d6423a82f140c7a520.jpg,Mandarín,No recomendada para menores de 12 años,Viernes 30 Enero 2026,"Shi-Yuan Ma, Janel Tsai, Nina Ye, Teng-Hui Huang, Akio Chen, Blaire Chang, Xin-Yan Chao","La pequeña I-Jing corretea con curiosidad por las calles de un mercado nocturno de Taipei, entre neones, motocicletas y toda clase de puestos de comida como el que regenta su madre, que trata de sacar adelante a la niña y a su hermana mayor."
LA TARTA DEL PRESIDENTE,Hasan Hadi,105,05,15:50,2026-03-10,Renoir Plaza de España,https://www.pillalas.com/pase/1057778/,https://www.cinesrenoir.com/pelicula/20260305050511-la-tarta-del-presidente/,https://media.pillalas.com/imagenes/726afb526abffa83eda64f8b418bec544f18146f6ca2869a88655e1df49985337de64299.jpg,Iraquí,No recomendada para menores de 12 años,Viernes 6 Febrero 2026,"Baneen Ahmad Nayyef, Waheed Thabet Khreibat, Sajad Mohamad Qasem, Muthanna Malaghi, Ahmad Qasem Saywan, Maytham Mreidi, Rahim Alhaj, Thaer Salem, Fatima Abouharoon","Irak, años noventa. La pequeña Lamia recibe la misión de preparar una tarta con motivo del cumpleaños del presidente Sadam Huseín. Acompañada por su amigo Saeed y con su gallo Hindi a cuestas, recorre Bagdad en busca de los ingredientes, viviendo una serie de peripecias que alterarán por completo su vida cotidiana."
LA TARTA DEL PRESIDENTE,Hasan Hadi,105,04,18:25,2026-03-10,Renoir Plaza de España,https://www.pillalas.com/pase/1057730/,https://www.cinesrenoir.com/pelicula/20260305050511-la-tarta-del-presidente/,https://media.pillalas.com/imagenes/726afb526abffa83eda64f8b418bec544f18146f6ca2869a88655e1df49985337de64299.jpg,Iraquí,No recomendada para menores de 12 años,Viernes 6 Febrero 2026,"Baneen Ahmad Nayyef, Waheed Thabet Khreibat, Sajad Mohamad Qasem, Muthanna Malaghi, Ahmad Qasem Saywan, Maytham Mreidi, Rahim Alhaj, Thaer Salem, Fatima Abouharoon","Irak, años noventa. La pequeña Lamia recibe la misión de preparar una tarta con motivo del cumpleaños del presidente Sadam Huseín. Acompañada por su amigo Saeed y con su gallo Hindi a cuestas, recorre Bagdad en busca de los ingredientes, viviendo una serie de peripecias que alterarán por completo su vida cotidiana."
LA TARTA DEL PRESIDENTE,Hasan Hadi,105,05,22:45,2026-03-10,Renoir Plaza de España,https://www.pillalas.com/pase/1057782/,https://www.cinesrenoir.com/pelicula/20260305050511-la-tarta-del-presidente/,https://media.pillalas.com/imagenes/726afb526abffa83eda64f8b418bec544f18146f6ca2869a88655e1df49985337de64299.jpg,Iraquí,No recomendada para menores de 12 años,Viernes 6 Febrero 2026,"Baneen Ahmad Nayyef, Waheed Thabet Khreibat, Sajad Mohamad Qasem, Muthanna Malaghi, Ahmad Qasem Saywan, Maytham Mreidi, Rahim Alhaj, Thaer Salem, Fatima Abouharoon","Irak, años noventa. La pequeña Lamia recibe la misión de preparar una tarta con motivo del cumpleaños del presidente Sadam Huseín. Acompañada por su amigo Saeed y con su gallo Hindi a cuestas, recorre Bagdad en busca de los ingredientes, viviendo una serie de peripecias que alterarán por completo su vida cotidiana."
LOS MISERABLES. EL ORIGEN,Éric Bersnard,98,01,15:50,2026-03-10,Renoir Plaza de España,https://www.pillalas.com/pase/1057669/,https://www.cinesrenoir.com/pelicula/los-miserables-el-origen/,https://media.pillalas.com/imagenes/726afb526abffa83f1fe811a2f88361f6bd22e58f78ce5ce248cf98ac6dddbdf057da693.jpg,Francés,No recomendada para menores de 16 años,Viernes 27 Febrero 2026,"Grégory Gadebois, Bernard Campan, Alexandra Lamy, Isabelle Carré, Dominique Pinon, Romane Libert, Albert Dupontel","Francia, 1815. Tras 19 años de condena, Jean Valjean queda en libertad. Rechazado por todos, encuentra refugio en casa del obispo Myriel, su hermana y su sirvienta. Sorprendido por una bondad que no comprende, Valjean deberá elegir entre el odio que lo consume o la posibilidad de redención que se le ofrece."
LOS MISERABLES. EL ORIGEN,Éric Bersnard,98,01,22:45,2026-03-10,Renoir Plaza de España,https://www.pillalas.com/pase/1057672/,https://www.cinesrenoir.com/pelicula/los-miserables-el-origen/,https://media.pillalas.com/imagenes/726afb526abffa83f1fe811a2f88361f6bd22e58f78ce5ce248cf98ac6dddbdf057da693.jpg,Francés,No recomendada para menores de 16 años,Viernes 27 Febrero 2026,"Grégory Gadebois, Bernard Campan, Alexandra Lamy, Isabelle Carré, Dominique Pinon, Romane Libert, Albert Dupontel","Francia, 1815. Tras 19 años de condena, Jean Valjean queda en libertad. Rechazado por todos, encuentra refugio en casa del obispo Myriel, su hermana y su sirvienta. Sorprendido por una bondad que no comprende, Valjean deberá elegir entre el odio que lo consume o la posibilidad de redención que se le ofrece."
NO HAY OTRA OPCIÓN,Park Chan-Wook,139,04,15:50,2026-03-10,Renoir Plaza de España,https://www.pillalas.com/pase/1057725/,https://www.cinesrenoir.com/pelicula/no-hay-otra-opcion/,https://media.pillalas.com/imagenes/726afb526abffa83bdeb4516e384b837092cce5cc6598f1dfd4dee91ff9227e1f484f775.jpg,Coreano,Pendiente de calificación,Viernes 13 Febrero 2026,"Lee Byung-Hun, Son Ye-Jin, Lee Sung-Min, Yeom Hye-Ran, Park Hee-Soon, Cha Seung-Won, Yoo Yeon-Seok","La historia sigue a un hombre de mediana edad llamado Man-su que se embarca decidido en una búsqueda de trabajo tras ser despedido inesperadamente de la compañía de papel en la que trabajó durante 25 años. ""Si no hay una vacante para mí, tendré que crear una para que me contraten. No hay otra opción"". Adaptación de la novela ""The Ax"" de Donald E. Westlake, que ya fue llevada al cine en la película ""Arcadia"", dirigida por Costa-Gavras en 2005."
NO HAY OTRA OPCIÓN,Park Chan-Wook,139,01,17:40,2026-03-10,Renoir Plaza de España,https://www.pillalas.com/pase/1057670/,https://www.cinesrenoir.com/pelicula/no-hay-otra-opcion/,https://media.pillalas.com/imagenes/726afb526abffa83bdeb4516e384b837092cce5cc6598f1dfd4dee91ff9227e1f484f775.jpg,Coreano,Pendiente de calificación,Viernes 13 Febrero 2026,"Lee Byung-Hun, Son Ye-Jin, Lee Sung-Min, Yeom Hye-Ran, Park Hee-Soon, Cha Seung-Won, Yoo Yeon-Seok","La historia sigue a un hombre de mediana edad llamado Man-su que se embarca decidido en una búsqueda de trabajo tras ser despedido inesperadamente de la compañía de papel en la que trabajó durante 25 años. ""Si no hay una vacante para mí, tendré que crear una para que me contraten. No hay otra opción"". Adaptación de la novela ""The Ax"" de Donald E. Westlake, que ya fue llevada al cine en la película ""Arcadia"", dirigida por Costa-Gavras en 2005."
NO HAY OTRA OPCIÓN,Park Chan-Wook,139,01,20:15,2026-03-10,Renoir Plaza de España,https://www.pillalas.com/pase/1057671/,https://www.cinesrenoir.com/pelicula/no-hay-otra-opcion/,https://media.pillalas.com/imagenes/726afb526abffa83bdeb4516e384b837092cce5cc6598f1dfd4dee91ff9227e1f484f775.jpg,Coreano,Pendiente de calificación,Viernes 13 Febrero 2026,"Lee Byung-Hun, Son Ye-Jin, Lee Sung-Min, Yeom Hye-Ran, Park Hee-Soon, Cha Seung-Won, Yoo Yeon-Seok","La historia sigue a un hombre de mediana edad llamado Man-su que se embarca decidido en una búsqueda de trabajo tras ser despedido inesperadamente de la compañía de papel en la que trabajó durante 25 años. ""Si no hay una vacante para mí, tendré que crear una para que me contraten. No hay otra opción"". Adaptación de la novela ""The Ax"" de Donald E. Westlake, que ya fue llevada al cine en la película ""Arcadia"", dirigida por Costa-Gavras en 2005."
NO HAY OTRA OPCIÓN,Park Chan-Wook,139,04,22:30,2026-03-10,Renoir Plaza de España,https://www.pillalas.com/pase/1057733/,https://www.cinesrenoir.com/pelicula/no-hay-otra-opcion/,https://media.pillalas.com/imagenes/726afb526abffa83bdeb4516e384b837092cce5cc6598f1dfd4dee91ff9227e1f484f775.jpg,Coreano,Pendiente de calificación,Viernes 13 Febrero 2026,"Lee Byung-Hun, Son Ye-Jin, Lee Sung-Min, Yeom Hye-Ran, Park Hee-Soon, Cha Seung-Won, Yoo Yeon-Seok","La historia sigue a un hombre de mediana edad llamado Man-su que se embarca decidido en una búsqueda de trabajo tras ser despedido inesperadamente de la compañía de papel en la que trabajó durante 25 años. ""Si no hay una vacante para mí, tendré que crear una para que me contraten. No hay otra opción"". Adaptación de la novela ""The Ax"" de Donald E. Westlake, que ya fue llevada al cine en la película ""Arcadia"", dirigida por Costa-Gavras en 2005."
ORWELL 2+2 = 5,Raoul Peck,119,03,16:00,2026-03-10,Renoir Plaza de España,https://www.pillalas.com/pase/1057727/,https://www.cinesrenoir.com/pelicula/orwell-22-5/,https://media.pillalas.com/imagenes/726afb526abffa83b83d4cc400c9761fa7472981f7fc060c0bd7e85b0217a3f74541294d.jpg,Inglés Y Otros,No recomendada para menores de 16 años,Viernes 27 Febrero 2026,Damian Lewis,"George Orwell fue uno de los autores más visionarios del siglo XX, cuyas novelas, 1984 y Rebelión en la granja, predijeron un futuro autoritario y escalofriante. El aclamado director Raoul Peck (I Am Not Your Negro) entrelaza clips, lecturas del diario de Orwell, referencias cinematográficas e imágenes actuales para crear no solo un retrato del escritor, sino también una nueva perspectiva sobre lo profética que se ha vuelto su obra."
ORWELL 2+2 = 5,Raoul Peck,119,03,18:15,2026-03-10,Renoir Plaza de España,https://www.pillalas.com/pase/1057729/,https://www.cinesrenoir.com/pelicula/orwell-22-5/,https://media.pillalas.com/imagenes/726afb526abffa83b83d4cc400c9761fa7472981f7fc060c0bd7e85b0217a3f74541294d.jpg,Inglés Y Otros,No recomendada para menores de 16 años,Viernes 27 Febrero 2026,Damian Lewis,"George Orwell fue uno de los autores más visionarios del siglo XX, cuyas novelas, 1984 y Rebelión en la granja, predijeron un futuro autoritario y escalofriante. El aclamado director Raoul Peck (I Am Not Your Negro) entrelaza clips, lecturas del diario de Orwell, referencias cinematográficas e imágenes actuales para crear no solo un retrato del escritor, sino también una nueva perspectiva sobre lo profética que se ha vuelto su obra."
ORWELL 2+2 = 5,Raoul Peck,119,03,20:30,2026-03-10,Renoir Plaza de España,https://www.pillalas.com/pase/1057732/,https://www.cinesrenoir.com/pelicula/orwell-22-5/,https://media.pillalas.com/imagenes/726afb526abffa83b83d4cc400c9761fa7472981f7fc060c0bd7e85b0217a3f74541294d.jpg,Inglés Y Otros,No recomendada para menores de 16 años,Viernes 27 Febrero 2026,Damian Lewis,"George Orwell fue uno de los autores más visionarios del siglo XX, cuyas novelas, 1984 y Rebelión en la granja, predijeron un futuro autoritario y escalofriante. El aclamado director Raoul Peck (I Am Not Your Negro) entrelaza clips, lecturas del diario de Orwell, referencias cinematográficas e imágenes actuales para crear no solo un retrato del escritor, sino también una nueva perspectiva sobre lo profética que se ha vuelto su obra."
ORWELL 2+2 = 5,Raoul Peck,119,03,22:45,2026-03-10,Renoir Plaza de España,https://www.pillalas.com/pase/1057735/,https://www.cinesrenoir.com/pelicula/orwell-22-5/,https://media.pillalas.com/imagenes/726afb526abffa83b83d4cc400c9761fa7472981f7fc060c0bd7e85b0217a3f74541294d.jpg,Inglés Y Otros,No recomendada para menores de 16 años,Viernes 27 Febrero 2026,Damian Lewis,"George Orwell fue uno de los autores más visionarios del siglo XX, cuyas novelas, 1984 y Rebelión en la granja, predijeron un futuro autoritario y escalofriante. El aclamado director Raoul Peck (I Am Not Your Negro) entrelaza clips, lecturas del diario de Orwell, referencias cinematográficas e imágenes actuales para crear no solo un retrato del escritor, sino también una nueva perspectiva sobre lo profética que se ha vuelto su obra."
VALOR SENTIMENTAL,Joachim Trier,133,05,17:50,2026-03-10,Renoir Plaza de España,https://www.pillalas.com/pase/1057779/,https://www.cinesrenoir.com/pelicula/valor-sentimental/,https://media.pillalas.com/imagenes/726afb526abffa83fe1b3adc6f8909539f80c9a958e909b641f78d7648edf8e1f62ca547.jpg,Noruego E Inglés,No recomendada para menores de 12 años,Viernes 5 Diciembre 2025,"Renate Reinsve, Stellan Skarsgård, Inga Ibsdotter Lilleaas, Elle Fanning, Anders Danielsen Lie, Jesper Christensen, Lena Endre, Cory Michael Smith, Catherine Cohen, Andreas Stoltenberg Granerud, Øyvind Hesjedal Loven, Lars Väringer, Ida Marianne Vassbotn Klasson, Vilde Søyland","Las hermanas Nora y Agnes se reencuentran con su padre ausente, un director de cine muy reconocido en el pasado que ha vuelto para ofrecer a Nora el papel principal de su próxima película. Aunque ella lo rechaza, Gustav decide seguir adelante y utilizar la casa familiar como escenario de su nuevo rodaje, lo que reaviva las tensiones entre ellos, especialmente tras la llegada de una joven actriz de Hollywood que acepta el papel en su lugar. El vínculo entre las hermanas se convertirá en su mayor refugio frente a las heridas del pasado."
VALOR SENTIMENTAL,Joachim Trier,133,05,20:20,2026-03-10,Renoir Plaza de España,https://www.pillalas.com/pase/1057780/,https://www.cinesrenoir.com/pelicula/valor-sentimental/,https://media.pillalas.com/imagenes/726afb526abffa83fe1b3adc6f8909539f80c9a958e909b641f78d7648edf8e1f62ca547.jpg,Noruego E Inglés,No recomendada para menores de 12 años,Viernes 5 Diciembre 2025,"Renate Reinsve, Stellan Skarsgård, Inga Ibsdotter Lilleaas, Elle Fanning, Anders Danielsen Lie, Jesper Christensen, Lena Endre, Cory Michael Smith, Catherine Cohen, Andreas Stoltenberg Granerud, Øyvind Hesjedal Loven, Lars Väringer, Ida Marianne Vassbotn Klasson, Vilde Søyland","Las hermanas Nora y Agnes se reencuentran con su padre ausente, un director de cine muy reconocido en el pasado que ha vuelto para ofrecer a Nora el papel principal de su próxima película. Aunque ella lo rechaza, Gustav decide seguir adelante y utilizar la casa familiar como escenario de su nuevo rodaje, lo que reaviva las tensiones entre ellos, especialmente tras la llegada de una joven actriz de Hollywood que acepta el papel en su lugar. El vínculo entre las hermanas se convertirá en su mayor refugio frente a las heridas del pasado."
EL ÚLTIMO VIKINGO,Anders Thomas Jensen,116,02,16:00,2026-03-11,Renoir Plaza de España,https://www.pillalas.com/pase/1057738/,https://www.cinesrenoir.com/pelicula/el-ultimo-vikingo/,https://media.pillalas.com/imagenes/726afb526abffa831071fdb7895dda5a8f5443f58bef959385371bd83d00b407e021267b.jpg,Danés,No recomendada para menores de 16 años,Viernes 6 Marzo 2026,"Mads Mikkelsen, Nikolaj Lie Kaas, Søren Malling, Sofie Gråbøl","Anker sale de prisión tras cumplir una condena de quince años por robo. El dinero del atraco fue enterrado por su hermano Manfred. Solo él sabe dónde está. Por desgracia, desde entonces Manfred ha desarrollado un trastorno mental que le ha hecho olvidarlo todo. Juntos, los hermanos emprenden un viaje inesperado para encontrar el dinero y descubrir quiénes son en realidad."
EL ÚLTIMO VIKINGO,Anders Thomas Jensen,116,02,18:10,2026-03-11,Renoir Plaza de España,https://www.pillalas.com/pase/1057739/,https://www.cinesrenoir.com/pelicula/el-ultimo-vikingo/,https://media.pillalas.com/imagenes/726afb526abffa831071fdb7895dda5a8f5443f58bef959385371bd83d00b407e021267b.jpg,Danés,No recomendada para menores de 16 años,Viernes 6 Marzo 2026,"Mads Mikkelsen, Nikolaj Lie Kaas, Søren Malling, Sofie Gråbøl","Anker sale de prisión tras cumplir una condena de quince años por robo. El dinero del atraco fue enterrado por su hermano Manfred. Solo él sabe dónde está. Por desgracia, desde entonces Manfred ha desarrollado un trastorno mental que le ha hecho olvidarlo todo. Juntos, los hermanos emprenden un viaje inesperado para encontrar el dinero y descubrir quiénes son en realidad."
EL ÚLTIMO VIKINGO,Anders Thomas Jensen,116,02,20:25,2026-03-11,Renoir Plaza de España,https://www.pillalas.com/pase/1057742/,https://www.cinesrenoir.com/pelicula/el-ultimo-vikingo/,https://media.pillalas.com/imagenes/726afb526abffa831071fdb7895dda5a8f5443f58bef959385371bd83d00b407e021267b.jpg,Danés,No recomendada para menores de 16 años,Viernes 6 Marzo 2026,"Mads Mikkelsen, Nikolaj Lie Kaas, Søren Malling, Sofie Gråbøl","Anker sale de prisión tras cumplir una condena de quince años por robo. El dinero del atraco fue enterrado por su hermano Manfred. Solo él sabe dónde está. Por desgracia, desde entonces Manfred ha desarrollado un trastorno mental que le ha hecho olvidarlo todo. Juntos, los hermanos emprenden un viaje inesperado para encontrar el dinero y descubrir quiénes son en realidad."
EL ÚLTIMO VIKINGO,Anders Thomas Jensen,116,02,22:40,2026-03-11,Renoir Plaza de España,https://www.pillalas.com/pase/1057745/,https://www.cinesrenoir.com/pelicula/el-ultimo-vikingo/,https://media.pillalas.com/imagenes/726afb526abffa831071fdb7895dda5a8f5443f58bef959385371bd83d00b407e021267b.jpg,Danés,No recomendada para menores de 16 años,Viernes 6 Marzo 2026,"Mads Mikkelsen, Nikolaj Lie Kaas, Søren Malling, Sofie Gråbøl","Anker sale de prisión tras cumplir una condena de quince años por robo. El dinero del atraco fue enterrado por su hermano Manfred. Solo él sabe dónde está. Por desgracia, desde entonces Manfred ha desarrollado un trastorno mental que le ha hecho olvidarlo todo. Juntos, los hermanos emprenden un viaje inesperado para encontrar el dinero y descubrir quiénes son en realidad."
LA CHICA ZURDA,Shih-Ching Tsou,108,04,20:25,2026-03-11,Renoir Plaza de España,https://www.pillalas.com/pase/1057786/,https://www.cinesrenoir.com/pelicula/la-chica-zurda/,https://media.pillalas.com/imagenes/726afb526abffa83e5ee5674d1ac0b73f39c1d9ebacca7f6a4c573d6423a82f140c7a520.jpg,Mandarín,No recomendada para menores de 12 años,Viernes 30 Enero 2026,"Shi-Yuan Ma, Janel Tsai, Nina Ye, Teng-Hui Huang, Akio Chen, Blaire Chang, Xin-Yan Chao","La pequeña I-Jing corretea con curiosidad por las calles de un mercado nocturno de Taipei, entre neones, motocicletas y toda clase de puestos de comida como el que regenta su madre, que trata de sacar adelante a la niña y a su hermana mayor."
LA TARTA DEL PRESIDENTE,Hasan Hadi,105,05,15:50,2026-03-11,Renoir Plaza de España,https://www.pillalas.com/pase/1057783/,https://www.cinesrenoir.com/pelicula/20260305050511-la-tarta-del-presidente/,https://media.pillalas.com/imagenes/726afb526abffa83eda64f8b418bec544f18146f6ca2869a88655e1df49985337de64299.jpg,Iraquí,No recomendada para menores de 12 años,Viernes 6 Febrero 2026,"Baneen Ahmad Nayyef, Waheed Thabet Khreibat, Sajad Mohamad Qasem, Muthanna Malaghi, Ahmad Qasem Saywan, Maytham Mreidi, Rahim Alhaj, Thaer Salem, Fatima Abouharoon","Irak, años noventa. La pequeña Lamia recibe la misión de preparar una tarta con motivo del cumpleaños del presidente Sadam Huseín. Acompañada por su amigo Saeed y con su gallo Hindi a cuestas, recorre Bagdad en busca de los ingredientes, viviendo una serie de peripecias que alterarán por completo su vida cotidiana."
LA TARTA DEL PRESIDENTE,Hasan Hadi,105,04,18:25,2026-03-11,Renoir Plaza de España,https://www.pillalas.com/pase/1057741/,https://www.cinesrenoir.com/pelicula/20260305050511-la-tarta-del-presidente/,https://media.pillalas.com/imagenes/726afb526abffa83eda64f8b418bec544f18146f6ca2869a88655e1df49985337de64299.jpg,Iraquí,No recomendada para menores de 12 años,Viernes 6 Febrero 2026,"Baneen Ahmad Nayyef, Waheed Thabet Khreibat, Sajad Mohamad Qasem, Muthanna Malaghi, Ahmad Qasem Saywan, Maytham Mreidi, Rahim Alhaj, Thaer Salem, Fatima Abouharoon","Irak, años noventa. La pequeña Lamia recibe la misión de preparar una tarta con motivo del cumpleaños del presidente Sadam Huseín. Acompañada por su amigo Saeed y con su gallo Hindi a cuestas, recorre Bagdad en busca de los ingredientes, viviendo una serie de peripecias que alterarán por completo su vida cotidiana."
LA TARTA DEL PRESIDENTE,Hasan Hadi,105,05,22:45,2026-03-11,Renoir Plaza de España,https://www.pillalas.com/pase/1057787/,https://www.cinesrenoir.com/pelicula/20260305050511-la-tarta-del-presidente/,https://media.pillalas.com/imagenes/726afb526abffa83eda64f8b418bec544f18146f6ca2869a88655e1df49985337de64299.jpg,Iraquí,No recomendada para menores de 12 años,Viernes 6 Febrero 2026,"Baneen Ahmad Nayyef, Waheed Thabet Khreibat, Sajad Mohamad Qasem, Muthanna Malaghi, Ahmad Qasem Saywan, Maytham Mreidi, Rahim Alhaj, Thaer Salem, Fatima Abouharoon","Irak, años noventa. La pequeña Lamia recibe la misión de preparar una tarta con motivo del cumpleaños del presidente Sadam Huseín. Acompañada por su amigo Saeed y con su gallo Hindi a cuestas, recorre Bagdad en busca de los ingredientes, viviendo una serie de peripecias que alterarán por completo su vida cotidiana."
LOS MISERABLES. EL ORIGEN,Éric Bersnard,98,01,15:50,2026-03-11,Renoir Plaza de España,https://www.pillalas.com/pase/1057673/,https://www.cinesrenoir.com/pelicula/los-miserables-el-origen/,https://media.pillalas.com/imagenes/726afb526abffa83f1fe811a2f88361f6bd22e58f78ce5ce248cf98ac6dddbdf057da693.jpg,Francés,No recomendada para menores de 16 años,Viernes 27 Febrero 2026,"Grégory Gadebois, Bernard Campan, Alexandra Lamy, Isabelle Carré, Dominique Pinon, Romane Libert, Albert Dupontel","Francia, 1815. Tras 19 años de condena, Jean Valjean queda en libertad. Rechazado por todos, encuentra refugio en casa del obispo Myriel, su hermana y su sirvienta. Sorprendido por una bondad que no comprende, Valjean deberá elegir entre el odio que lo consume o la posibilidad de redención que se le ofrece."
LOS MISERABLES. EL ORIGEN,Éric Bersnard,98,01,22:45,2026-03-11,Renoir Plaza de España,https://www.pillalas.com/pase/1057676/,https://www.cinesrenoir.com/pelicula/los-miserables-el-origen/,https://media.pillalas.com/imagenes/726afb526abffa83f1fe811a2f88361f6bd22e58f78ce5ce248cf98ac6dddbdf057da693.jpg,Francés,No recomendada para menores de 16 años,Viernes 27 Febrero 2026,"Grégory Gadebois, Bernard Campan, Alexandra Lamy, Isabelle Carré, Dominique Pinon, Romane Libert, Albert Dupontel","Francia, 1815. Tras 19 años de condena, Jean Valjean queda en libertad. Rechazado por todos, encuentra refugio en casa del obispo Myriel, su hermana y su sirvienta. Sorprendido por una bondad que no comprende, Valjean deberá elegir entre el odio que lo consume o la posibilidad de redención que se le ofrece."
NO HAY OTRA OPCIÓN,Park Chan-Wook,139,04,15:50,2026-03-11,Renoir Plaza de España,https://www.pillalas.com/pase/1057736/,https://www.cinesrenoir.com/pelicula/no-hay-otra-opcion/,https://media.pillalas.com/imagenes/726afb526abffa83bdeb4516e384b837092cce5cc6598f1dfd4dee91ff9227e1f484f775.jpg,Coreano,Pendiente de calificación,Viernes 13 Febrero 2026,"Lee Byung-Hun, Son Ye-Jin, Lee Sung-Min, Yeom Hye-Ran, Park Hee-Soon, Cha Seung-Won, Yoo Yeon-Seok","La historia sigue a un hombre de mediana edad llamado Man-su que se embarca decidido en una búsqueda de trabajo tras ser despedido inesperadamente de la compañía de papel en la que trabajó durante 25 años. ""Si no hay una vacante para mí, tendré que crear una para que me contraten. No hay otra opción"". Adaptación de la novela ""The Ax"" de Donald E. Westlake, que ya fue llevada al cine en la película ""Arcadia"", dirigida por Costa-Gavras en 2005."
NO HAY OTRA OPCIÓN,Park Chan-Wook,139,01,17:40,2026-03-11,Renoir Plaza de España,https://www.pillalas.com/pase/1057674/,https://www.cinesrenoir.com/pelicula/no-hay-otra-opcion/,https://media.pillalas.com/imagenes/726afb526abffa83bdeb4516e384b837092cce5cc6598f1dfd4dee91ff9227e1f484f775.jpg,Coreano,Pendiente de calificación,Viernes 13 Febrero 2026,"Lee Byung-Hun, Son Ye-Jin, Lee Sung-Min, Yeom Hye-Ran, Park Hee-Soon, Cha Seung-Won, Yoo Yeon-Seok","La historia sigue a un hombre de mediana edad llamado Man-su que se embarca decidido en una búsqueda de trabajo tras ser despedido inesperadamente de la compañía de papel en la que trabajó durante 25 años. ""Si no hay una vacante para mí, tendré que crear una para que me contraten. No hay otra opción"". Adaptación de la novela ""The Ax"" de Donald E. Westlake, que ya fue llevada al cine en la película ""Arcadia"", dirigida por Costa-Gavras en 2005."
NO HAY OTRA OPCIÓN,Park Chan-Wook,139,01,20:15,2026-03-11,Renoir Plaza de España,https://www.pillalas.com/pase/1057675/,https://www.cinesrenoir.com/pelicula/no-hay-otra-opcion/,https://media.pillalas.com/imagenes/726afb526abffa83bdeb4516e384b837092cce5cc6598f1dfd4dee91ff9227e1f484f775.jpg,Coreano,Pendiente de calificación,Viernes 13 Febrero 2026,"Lee Byung-Hun, Son Ye-Jin, Lee Sung-Min, Yeom Hye-Ran, Park Hee-Soon, Cha Seung-Won, Yoo Yeon-Seok","La historia sigue a un hombre de mediana edad llamado Man-su que se embarca decidido en una búsqueda de trabajo tras ser despedido inesperadamente de la compañía de papel en la que trabajó durante 25 años. ""Si no hay una vacante para mí, tendré que crear una para que me contraten. No hay otra opción"". Adaptación de la novela ""The Ax"" de Donald E. Westlake, que ya fue llevada al cine en la película ""Arcadia"", dirigida por Costa-Gavras en 2005."
NO HAY OTRA OPCIÓN,Park Chan-Wook,139,04,22:30,2026-03-11,Renoir Plaza de España,https://www.pillalas.com/pase/1057744/,https://www.cinesrenoir.com/pelicula/no-hay-otra-opcion/,https://media.pillalas.com/imagenes/726afb526abffa83bdeb4516e384b837092cce5cc6598f1dfd4dee91ff9227e1f484f775.jpg,Coreano,Pendiente de calificación,Viernes 13 Febrero 2026,"Lee Byung-Hun, Son Ye-Jin, Lee Sung-Min, Yeom Hye-Ran, Park Hee-Soon, Cha Seung-Won, Yoo Yeon-Seok","La historia sigue a un hombre de mediana edad llamado Man-su que se embarca decidido en una búsqueda de trabajo tras ser despedido inesperadamente de la compañía de papel en la que trabajó durante 25 años. ""Si no hay una vacante para mí, tendré que crear una para que me contraten. No hay otra opción"". Adaptación de la novela ""The Ax"" de Donald E. Westlake, que ya fue llevada al cine en la película ""Arcadia"", dirigida por Costa-Gavras en 2005."
ORWELL 2+2 = 5,Raoul Peck,119,03,16:00,2026-03-11,Renoir Plaza de España,https://www.pillalas.com/pase/1057737/,https://www.cinesrenoir.com/pelicula/orwell-22-5/,https://media.pillalas.com/imagenes/726afb526abffa83b83d4cc400c9761fa7472981f7fc060c0bd7e85b0217a3f74541294d.jpg,Inglés Y Otros,No recomendada para menores de 16 años,Viernes 27 Febrero 2026,Damian Lewis,"George Orwell fue uno de los autores más visionarios del siglo XX, cuyas novelas, 1984 y Rebelión en la granja, predijeron un futuro autoritario y escalofriante. El aclamado director Raoul Peck (I Am Not Your Negro) entrelaza clips, lecturas del diario de Orwell, referencias cinematográficas e imágenes actuales para crear no solo un retrato del escritor, sino también una nueva perspectiva sobre lo profética que se ha vuelto su obra."
ORWELL 2+2 = 5,Raoul Peck,119,03,18:15,2026-03-11,Renoir Plaza de España,https://www.pillalas.com/pase/1057740/,https://www.cinesrenoir.com/pelicula/orwell-22-5/,https://media.pillalas.com/imagenes/726afb526abffa83b83d4cc400c9761fa7472981f7fc060c0bd7e85b0217a3f74541294d.jpg,Inglés Y Otros,No recomendada para menores de 16 años,Viernes 27 Febrero 2026,Damian Lewis,"George Orwell fue uno de los autores más visionarios del siglo XX, cuyas novelas, 1984 y Rebelión en la granja, predijeron un futuro autoritario y escalofriante. El aclamado director Raoul Peck (I Am Not Your Negro) entrelaza clips, lecturas del diario de Orwell, referencias cinematográficas e imágenes actuales para crear no solo un retrato del escritor, sino también una nueva perspectiva sobre lo profética que se ha vuelto su obra."
ORWELL 2+2 = 5,Raoul Peck,119,03,20:30,2026-03-11,Renoir Plaza de España,https://www.pillalas.com/pase/1057743/,https://www.cinesrenoir.com/pelicula/orwell-22-5/,https://media.pillalas.com/imagenes/726afb526abffa83b83d4cc400c9761fa7472981f7fc060c0bd7e85b0217a3f74541294d.jpg,Inglés Y Otros,No recomendada para menores de 16 años,Viernes 27 Febrero 2026,Damian Lewis,"George Orwell fue uno de los autores más visionarios del siglo XX, cuyas novelas, 1984 y Rebelión en la granja, predijeron un futuro autoritario y escalofriante. El aclamado director Raoul Peck (I Am Not Your Negro) entrelaza clips, lecturas del diario de Orwell, referencias cinematográficas e imágenes actuales para crear no solo un retrato del escritor, sino también una nueva perspectiva sobre lo profética que se ha vuelto su obra."
ORWELL 2+2 = 5,Raoul Peck,119,03,22:45,2026-03-11,Renoir Plaza de España,https://www.pillalas.com/pase/1057746/,https://www.cinesrenoir.com/pelicula/orwell-22-5/,https://media.pillalas.com/imagenes/726afb526abffa83b83d4cc400c9761fa7472981f7fc060c0bd7e85b0217a3f74541294d.jpg,Inglés Y Otros,No recomendada para menores de 16 años,Viernes 27 Febrero 2026,Damian Lewis,"George Orwell fue uno de los autores más visionarios del siglo XX, cuyas novelas, 1984 y Rebelión en la granja, predijeron un futuro autoritario y escalofriante. El aclamado director Raoul Peck (I Am Not Your Negro) entrelaza clips, lecturas del diario de Orwell, referencias cinematográficas e imágenes actuales para crear no solo un retrato del escritor, sino también una nueva perspectiva sobre lo profética que se ha vuelto su obra."
VALOR SENTIMENTAL,Joachim Trier,133,05,17:50,2026-03-11,Renoir Plaza de España,https://www.pillalas.com/pase/1057784/,https://www.cinesrenoir.com/pelicula/valor-sentimental/,https://media.pillalas.com/imagenes/726afb526abffa83fe1b3adc6f8909539f80c9a958e909b641f78d7648edf8e1f62ca547.jpg,Noruego E Inglés,No recomendada para menores de 12 años,Viernes 5 Diciembre 2025,"Renate Reinsve, Stellan Skarsgård, Inga Ibsdotter Lilleaas, Elle Fanning, Anders Danielsen Lie, Jesper Christensen, Lena Endre, Cory Michael Smith, Catherine Cohen, Andreas Stoltenberg Granerud, Øyvind Hesjedal Loven, Lars Väringer, Ida Marianne Vassbotn Klasson, Vilde Søyland","Las hermanas Nora y Agnes se reencuentran con su padre ausente, un director de cine muy reconocido en el pasado que ha vuelto para ofrecer a Nora el papel principal de su próxima película. Aunque ella lo rechaza, Gustav decide seguir adelante y utilizar la casa familiar como escenario de su nuevo rodaje, lo que reaviva las tensiones entre ellos, especialmente tras la llegada de una joven actriz de Hollywood que acepta el papel en su lugar. El vínculo entre las hermanas se convertirá en su mayor refugio frente a las heridas del pasado."
VALOR SENTIMENTAL,Joachim Trier,133,05,20:20,2026-03-11,Renoir Plaza de España,https://www.pillalas.com/pase/1057785/,https://www.cinesrenoir.com/pelicula/valor-sentimental/,https://media.pillalas.com/imagenes/726afb526abffa83fe1b3adc6f8909539f80c9a958e909b641f78d7648edf8e1f62ca547.jpg,Noruego E Inglés,No recomendada para menores de 12 años,Viernes 5 Diciembre 2025,"Renate Reinsve, Stellan Skarsgård, Inga Ibsdotter Lilleaas, Elle Fanning, Anders Danielsen Lie, Jesper Christensen, Lena Endre, Cory Michael Smith, Catherine Cohen, Andreas Stoltenberg Granerud, Øyvind Hesjedal Loven, Lars Väringer, Ida Marianne Vassbotn Klasson, Vilde Søyland","Las hermanas Nora y Agnes se reencuentran con su padre ausente, un director de cine muy reconocido en el pasado que ha vuelto para ofrecer a Nora el papel principal de su próxima película. Aunque ella lo rechaza, Gustav decide seguir adelante y utilizar la casa familiar como escenario de su nuevo rodaje, lo que reaviva las tensiones entre ellos, especialmente tras la llegada de una joven actriz de Hollywood que acepta el papel en su lugar. El vínculo entre las hermanas se convertirá en su mayor refugio frente a las heridas del pasado."
EL ÚLTIMO VIKINGO,Anders Thomas Jensen,116,02,16:00,2026-03-12,Renoir Plaza de España,https://www.pillalas.com/pase/1057749/,https://www.cinesrenoir.com/pelicula/el-ultimo-vikingo/,https://media.pillalas.com/imagenes/726afb526abffa831071fdb7895dda5a8f5443f58bef959385371bd83d00b407e021267b.jpg,Danés,No recomendada para menores de 16 años,Viernes 6 Marzo 2026,"Mads Mikkelsen, Nikolaj Lie Kaas, Søren Malling, Sofie Gråbøl","Anker sale de prisión tras cumplir una condena de quince años por robo. El dinero del atraco fue enterrado por su hermano Manfred. Solo él sabe dónde está. Por desgracia, desde entonces Manfred ha desarrollado un trastorno mental que le ha hecho olvidarlo todo. Juntos, los hermanos emprenden un viaje inesperado para encontrar el dinero y descubrir quiénes son en realidad."
EL ÚLTIMO VIKINGO,Anders Thomas Jensen,116,02,18:10,2026-03-12,Renoir Plaza de España,https://www.pillalas.com/pase/1057750/,https://www.cinesrenoir.com/pelicula/el-ultimo-vikingo/,https://media.pillalas.com/imagenes/726afb526abffa831071fdb7895dda5a8f5443f58bef959385371bd83d00b407e021267b.jpg,Danés,No recomendada para menores de 16 años,Viernes 6 Marzo 2026,"Mads Mikkelsen, Nikolaj Lie Kaas, Søren Malling, Sofie Gråbøl","Anker sale de prisión tras cumplir una condena de quince años por robo. El dinero del atraco fue enterrado por su hermano Manfred. Solo él sabe dónde está. Por desgracia, desde entonces Manfred ha desarrollado un trastorno mental que le ha hecho olvidarlo todo. Juntos, los hermanos emprenden un viaje inesperado para encontrar el dinero y descubrir quiénes son en realidad."
EL ÚLTIMO VIKINGO,Anders Thomas Jensen,116,02,20:25,2026-03-12,Renoir Plaza de España,https://www.pillalas.com/pase/1057753/,https://www.cinesrenoir.com/pelicula/el-ultimo-vikingo/,https://media.pillalas.com/imagenes/726afb526abffa831071fdb7895dda5a8f5443f58bef959385371bd83d00b407e021267b.jpg,Danés,No recomendada para menores de 16 años,Viernes 6 Marzo 2026,"Mads Mikkelsen, Nikolaj Lie Kaas, Søren Malling, Sofie Gråbøl","Anker sale de prisión tras cumplir una condena de quince años por robo. El dinero del atraco fue enterrado por su hermano Manfred. Solo él sabe dónde está. Por desgracia, desde entonces Manfred ha desarrollado un trastorno mental que le ha hecho olvidarlo todo. Juntos, los hermanos emprenden un viaje inesperado para encontrar el dinero y descubrir quiénes son en realidad."
EL ÚLTIMO VIKINGO,Anders Thomas Jensen,116,02,22:40,2026-03-12,Renoir Plaza de España,https://www.pillalas.com/pase/1057756/,https://www.cinesrenoir.com/pelicula/el-ultimo-vikingo/,https://media.pillalas.com/imagenes/726afb526abffa831071fdb7895dda5a8f5443f58bef959385371bd83d00b407e021267b.jpg,Danés,No recomendada para menores de 16 años,Viernes 6 Marzo 2026,"Mads Mikkelsen, Nikolaj Lie Kaas, Søren Malling, Sofie Gråbøl","Anker sale de prisión tras cumplir una condena de quince años por robo. El dinero del atraco fue enterrado por su hermano Manfred. Solo él sabe dónde está. Por desgracia, desde entonces Manfred ha desarrollado un trastorno mental que le ha hecho olvidarlo todo. Juntos, los hermanos emprenden un viaje inesperado para encontrar el dinero y descubrir quiénes son en realidad."
LA CHICA ZURDA,Shih-Ching Tsou,108,04,20:25,2026-03-12,Renoir Plaza de España,https://www.pillalas.com/pase/1057791/,https://www.cinesrenoir.com/pelicula/la-chica-zurda/,https://media.pillalas.com/imagenes/726afb526abffa83e5ee5674d1ac0b73f39c1d9ebacca7f6a4c573d6423a82f140c7a520.jpg,Mandarín,No recomendada para menores de 12 años,Viernes 30 Enero 2026,"Shi-Yuan Ma, Janel Tsai, Nina Ye, Teng-Hui Huang, Akio Chen, Blaire Chang, Xin-Yan Chao","La pequeña I-Jing corretea con curiosidad por las calles de un mercado nocturno de Taipei, entre neones, motocicletas y toda clase de puestos de comida como el que regenta su madre, que trata de sacar adelante a la niña y a su hermana mayor."
LA TARTA DEL PRESIDENTE,Hasan Hadi,105,05,15:50,2026-03-12,Renoir Plaza de España,https://www.pillalas.com/pase/1057788/,https://www.cinesrenoir.com/pelicula/20260305050511-la-tarta-del-presidente/,https://media.pillalas.com/imagenes/726afb526abffa83eda64f8b418bec544f18146f6ca2869a88655e1df49985337de64299.jpg,Iraquí,No recomendada para menores de 12 años,Viernes 6 Febrero 2026,"Baneen Ahmad Nayyef, Waheed Thabet Khreibat, Sajad Mohamad Qasem, Muthanna Malaghi, Ahmad Qasem Saywan, Maytham Mreidi, Rahim Alhaj, Thaer Salem, Fatima Abouharoon","Irak, años noventa. La pequeña Lamia recibe la misión de preparar una tarta con motivo del cumpleaños del presidente Sadam Huseín. Acompañada por su amigo Saeed y con su gallo Hindi a cuestas, recorre Bagdad en busca de los ingredientes, viviendo una serie de peripecias que alterarán por completo su vida cotidiana."
LA TARTA DEL PRESIDENTE,Hasan Hadi,105,04,18:25,2026-03-12,Renoir Plaza de España,https://www.pillalas.com/pase/1057752/,https://www.cinesrenoir.com/pelicula/20260305050511-la-tarta-del-presidente/,https://media.pillalas.com/imagenes/726afb526abffa83eda64f8b418bec544f18146f6ca2869a88655e1df49985337de64299.jpg,Iraquí,No recomendada para menores de 12 años,Viernes 6 Febrero 2026,"Baneen Ahmad Nayyef, Waheed Thabet Khreibat, Sajad Mohamad Qasem, Muthanna Malaghi, Ahmad Qasem Saywan, Maytham Mreidi, Rahim Alhaj, Thaer Salem, Fatima Abouharoon","Irak, años noventa. La pequeña Lamia recibe la misión de preparar una tarta con motivo del cumpleaños del presidente Sadam Huseín. Acompañada por su amigo Saeed y con su gallo Hindi a cuestas, recorre Bagdad en busca de los ingredientes, viviendo una serie de peripecias que alterarán por completo su vida cotidiana."
LA TARTA DEL PRESIDENTE,Hasan Hadi,105,05,22:45,2026-03-12,Renoir Plaza de España,https://www.pillalas.com/pase/1057792/,https://www.cinesrenoir.com/pelicula/20260305050511-la-tarta-del-presidente/,https://media.pillalas.com/imagenes/726afb526abffa83eda64f8b418bec544f18146f6ca2869a88655e1df49985337de64299.jpg,Iraquí,No recomendada para menores de 12 años,Viernes 6 Febrero 2026,"Baneen Ahmad Nayyef, Waheed Thabet Khreibat, Sajad Mohamad Qasem, Muthanna Malaghi, Ahmad Qasem Saywan, Maytham Mreidi, Rahim Alhaj, Thaer Salem, Fatima Abouharoon","Irak, años noventa. La pequeña Lamia recibe la misión de preparar una tarta con motivo del cumpleaños del presidente Sadam Huseín. Acompañada por su amigo Saeed y con su gallo Hindi a cuestas, recorre Bagdad en busca de los ingredientes, viviendo una serie de peripecias que alterarán por completo su vida cotidiana."
LOS MISERABLES. EL ORIGEN,Éric Bersnard,98,01,15:50,2026-03-12,Renoir Plaza de España,https://www.pillalas.com/pase/1057677/,https://www.cinesrenoir.com/pelicula/los-miserables-el-origen/,https://media.pillalas.com/imagenes/726afb526abffa83f1fe811a2f88361f6bd22e58f78ce5ce248cf98ac6dddbdf057da693.jpg,Francés,No recomendada para menores de 16 años,Viernes 27 Febrero 2026,"Grégory Gadebois, Bernard Campan, Alexandra Lamy, Isabelle Carré, Dominique Pinon, Romane Libert, Albert Dupontel","Francia, 1815. Tras 19 años de condena, Jean Valjean queda en libertad. Rechazado por todos, encuentra refugio en casa del obispo Myriel, su hermana y su sirvienta. Sorprendido por una bondad que no comprende, Valjean deberá elegir entre el odio que lo consume o la posibilidad de redención que se le ofrece."
LOS MISERABLES. EL ORIGEN,Éric Bersnard,98,01,22:45,2026-03-12,Renoir Plaza de España,https://www.pillalas.com/pase/1057680/,https://www.cinesrenoir.com/pelicula/los-miserables-el-origen/,https://media.pillalas.com/imagenes/726afb526abffa83f1fe811a2f88361f6bd22e58f78ce5ce248cf98ac6dddbdf057da693.jpg,Francés,No recomendada para menores de 16 años,Viernes 27 Febrero 2026,"Grégory Gadebois, Bernard Campan, Alexandra Lamy, Isabelle Carré, Dominique Pinon, Romane Libert, Albert Dupontel","Francia, 1815. Tras 19 años de condena, Jean Valjean queda en libertad. Rechazado por todos, encuentra refugio en casa del obispo Myriel, su hermana y su sirvienta. Sorprendido por una bondad que no comprende, Valjean deberá elegir entre el odio que lo consume o la posibilidad de redención que se le ofrece."
NO HAY OTRA OPCIÓN,Park Chan-Wook,139,04,15:50,2026-03-12,Renoir Plaza de España,https://www.pillalas.com/pase/1057747/,https://www.cinesrenoir.com/pelicula/no-hay-otra-opcion/,https://media.pillalas.com/imagenes/726afb526abffa83bdeb4516e384b837092cce5cc6598f1dfd4dee91ff9227e1f484f775.jpg,Coreano,Pendiente de calificación,Viernes 13 Febrero 2026,"Lee Byung-Hun, Son Ye-Jin, Lee Sung-Min, Yeom Hye-Ran, Park Hee-Soon, Cha Seung-Won, Yoo Yeon-Seok","La historia sigue a un hombre de mediana edad llamado Man-su que se embarca decidido en una búsqueda de trabajo tras ser despedido inesperadamente de la compañía de papel en la que trabajó durante 25 años. ""Si no hay una vacante para mí, tendré que crear una para que me contraten. No hay otra opción"". Adaptación de la novela ""The Ax"" de Donald E. Westlake, que ya fue llevada al cine en la película ""Arcadia"", dirigida por Costa-Gavras en 2005."
NO HAY OTRA OPCIÓN,Park Chan-Wook,139,01,17:40,2026-03-12,Renoir Plaza de España,https://www.pillalas.com/pase/1057678/,https://www.cinesrenoir.com/pelicula/no-hay-otra-opcion/,https://media.pillalas.com/imagenes/726afb526abffa83bdeb4516e384b837092cce5cc6598f1dfd4dee91ff9227e1f484f775.jpg,Coreano,Pendiente de calificación,Viernes 13 Febrero 2026,"Lee Byung-Hun, Son Ye-Jin, Lee Sung-Min, Yeom Hye-Ran, Park Hee-Soon, Cha Seung-Won, Yoo Yeon-Seok","La historia sigue a un hombre de mediana edad llamado Man-su que se embarca decidido en una búsqueda de trabajo tras ser despedido inesperadamente de la compañía de papel en la que trabajó durante 25 años. ""Si no hay una vacante para mí, tendré que crear una para que me contraten. No hay otra opción"". Adaptación de la novela ""The Ax"" de Donald E. Westlake, que ya fue llevada al cine en la película ""Arcadia"", dirigida por Costa-Gavras en 2005."
NO HAY OTRA OPCIÓN,Park Chan-Wook,139,01,20:15,2026-03-12,Renoir Plaza de España,https://www.pillalas.com/pase/1057679/,https://www.cinesrenoir.com/pelicula/no-hay-otra-opcion/,https://media.pillalas.com/imagenes/726afb526abffa83bdeb4516e384b837092cce5cc6598f1dfd4dee91ff9227e1f484f775.jpg,Coreano,Pendiente de calificación,Viernes 13 Febrero 2026,"Lee Byung-Hun, Son Ye-Jin, Lee Sung-Min, Yeom Hye-Ran, Park Hee-Soon, Cha Seung-Won, Yoo Yeon-Seok","La historia sigue a un hombre de mediana edad llamado Man-su que se embarca decidido en una búsqueda de trabajo tras ser despedido inesperadamente de la compañía de papel en la que trabajó durante 25 años. ""Si no hay una vacante para mí, tendré que crear una para que me contraten. No hay otra opción"". Adaptación de la novela ""The Ax"" de Donald E. Westlake, que ya fue llevada al cine en la película ""Arcadia"", dirigida por Costa-Gavras en 2005."
NO HAY OTRA OPCIÓN,Park Chan-Wook,139,04,22:30,2026-03-12,Renoir Plaza de España,https://www.pillalas.com/pase/1057755/,https://www.cinesrenoir.com/pelicula/no-hay-otra-opcion/,https://media.pillalas.com/imagenes/726afb526abffa83bdeb4516e384b837092cce5cc6598f1dfd4dee91ff9227e1f484f775.jpg,Coreano,Pendiente de calificación,Viernes 13 Febrero 2026,"Lee Byung-Hun, Son Ye-Jin, Lee Sung-Min, Yeom Hye-Ran, Park Hee-Soon, Cha Seung-Won, Yoo Yeon-Seok","La historia sigue a un hombre de mediana edad llamado Man-su que se embarca decidido en una búsqueda de trabajo tras ser despedido inesperadamente de la compañía de papel en la que trabajó durante 25 años. ""Si no hay una vacante para mí, tendré que crear una para que me contraten. No hay otra opción"". Adaptación de la novela ""The Ax"" de Donald E. Westlake, que ya fue llevada al cine en la película ""Arcadia"", dirigida por Costa-Gavras en 2005."
ORWELL 2+2 = 5,Raoul Peck,119,03,16:00,2026-03-12,Renoir Plaza de España,https://www.pillalas.com/pase/1057748/,https://www.cinesrenoir.com/pelicula/orwell-22-5/,https://media.pillalas.com/imagenes/726afb526abffa83b83d4cc400c9761fa7472981f7fc060c0bd7e85b0217a3f74541294d.jpg,Inglés Y Otros,No recomendada para menores de 16 años,Viernes 27 Febrero 2026,Damian Lewis,"George Orwell fue uno de los autores más visionarios del siglo XX, cuyas novelas, 1984 y Rebelión en la granja, predijeron un futuro autoritario y escalofriante. El aclamado director Raoul Peck (I Am Not Your Negro) entrelaza clips, lecturas del diario de Orwell, referencias cinematográficas e imágenes actuales para crear no solo un retrato del escritor, sino también una nueva perspectiva sobre lo profética que se ha vuelto su obra."
ORWELL 2+2 = 5,Raoul Peck,119,03,18:15,2026-03-12,Renoir Plaza de España,https://www.pillalas.com/pase/1057751/,https://www.cinesrenoir.com/pelicula/orwell-22-5/,https://media.pillalas.com/imagenes/726afb526abffa83b83d4cc400c9761fa7472981f7fc060c0bd7e85b0217a3f74541294d.jpg,Inglés Y Otros,No recomendada para menores de 16 años,Viernes 27 Febrero 2026,Damian Lewis,"George Orwell fue uno de los autores más visionarios del siglo XX, cuyas novelas, 1984 y Rebelión en la granja, predijeron un futuro autoritario y escalofriante. El aclamado director Raoul Peck (I Am Not Your Negro) entrelaza clips, lecturas del diario de Orwell, referencias cinematográficas e imágenes actuales para crear no solo un retrato del escritor, sino también una nueva perspectiva sobre lo profética que se ha vuelto su obra."
ORWELL 2+2 = 5,Raoul Peck,119,03,20:30,2026-03-12,Renoir Plaza de España,https://www.pillalas.com/pase/1057754/,https://www.cinesrenoir.com/pelicula/orwell-22-5/,https://media.pillalas.com/imagenes/726afb526abffa83b83d4cc400c9761fa7472981f7fc060c0bd7e85b0217a3f74541294d.jpg,Inglés Y Otros,No recomendada para menores de 16 años,Viernes 27 Febrero 2026,Damian Lewis,"George Orwell fue uno de los autores más visionarios del siglo XX, cuyas novelas, 1984 y Rebelión en la granja, predijeron un futuro autoritario y escalofriante. El aclamado director Raoul Peck (I Am Not Your Negro) entrelaza clips, lecturas del diario de Orwell, referencias cinematográficas e imágenes actuales para crear no solo un retrato del escritor, sino también una nueva perspectiva sobre lo profética que se ha vuelto su obra."
ORWELL 2+2 = 5,Raoul Peck,119,03,22:45,2026-03-12,Renoir Plaza de España,https://www.pillalas.com/pase/1057757/,https://www.cinesrenoir.com/pelicula/orwell-22-5/,https://media.pillalas.com/imagenes/726afb526abffa83b83d4cc400c9761fa7472981f7fc060c0bd7e85b0217a3f74541294d.jpg,Inglés Y Otros,No recomendada para menores de 16 años,Viernes 27 Febrero 2026,Damian Lewis,"George Orwell fue uno de los autores más visionarios del siglo XX, cuyas novelas, 1984 y Rebelión en la granja, predijeron un futuro autoritario y escalofriante. El aclamado director Raoul Peck (I Am Not Your Negro) entrelaza clips, lecturas del diario de Orwell, referencias cinematográficas e imágenes actuales para crear no solo un retrato del escritor, sino también una nueva perspectiva sobre lo profética que se ha vuelto su obra."
VALOR SENTIMENTAL,Joachim Trier,133,05,17:50,2026-03-12,Renoir Plaza de España,https://www.pillalas.com/pase/1057789/,https://www.cinesrenoir.com/pelicula/valor-sentimental/,https://media.pillalas.com/imagenes/726afb526abffa83fe1b3adc6f8909539f80c9a958e909b641f78d7648edf8e1f62ca547.jpg,Noruego E Inglés,No recomendada para menores de 12 años,Viernes 5 Diciembre 2025,"Renate Reinsve, Stellan Skarsgård, Inga Ibsdotter Lilleaas, Elle Fanning, Anders Danielsen Lie, Jesper Christensen, Lena Endre, Cory Michael Smith, Catherine Cohen, Andreas Stoltenberg Granerud, Øyvind Hesjedal Loven, Lars Väringer, Ida Marianne Vassbotn Klasson, Vilde Søyland","Las hermanas Nora y Agnes se reencuentran con su padre ausente, un director de cine muy reconocido en el pasado que ha vuelto para ofrecer a Nora el papel principal de su próxima película. Aunque ella lo rechaza, Gustav decide seguir adelante y utilizar la casa familiar como escenario de su nuevo rodaje, lo que reaviva las tensiones entre ellos, especialmente tras la llegada de una joven actriz de Hollywood que acepta el papel en su lugar. El vínculo entre las hermanas se convertirá en su mayor refugio frente a las heridas del pasado."
VALOR SENTIMENTAL,Joachim Trier,133,05,20:20,2026-03-12,Renoir Plaza de España,https://www.pillalas.com/pase/1057790/,https://www.cinesrenoir.com/pelicula/valor-sentimental/,https://media.pillalas.com/imagenes/726afb526abffa83fe1b3adc6f8909539f80c9a958e909b641f78d7648edf8e1f62ca547.jpg,Noruego E Inglés,No recomendada para menores de 12 años,Viernes 5 Diciembre 2025,"Renate Reinsve, Stellan Skarsgård, Inga Ibsdotter Lilleaas, Elle Fanning, Anders Danielsen Lie, Jesper Christensen, Lena Endre, Cory Michael Smith, Catherine Cohen, Andreas Stoltenberg Granerud, Øyvind Hesjedal Loven, Lars Väringer, Ida Marianne Vassbotn Klasson, Vilde Søyland","Las hermanas Nora y Agnes se reencuentran con su padre ausente, un director de cine muy reconocido en el pasado que ha vuelto para ofrecer a Nora el papel principal de su próxima película. Aunque ella lo rechaza, Gustav decide seguir adelante y utilizar la casa familiar como escenario de su nuevo rodaje, lo que reaviva las tensiones entre ellos, especialmente tras la llegada de una joven actriz de Hollywood que acepta el papel en su lugar. El vínculo entre las hermanas se convertirá en su mayor refugio frente a las heridas del pasado."
