Pelicula,Director,Duración,Sala,Horario,Fecha,Cine,Tickets_URL,Film_URL,Poster_URL,Idioma_Original,Calificación,Estreno,Intérpretes,Sinopsis
AMARGA NAVIDAD,Pedro Almodóvar,111,09,16:00,2026-03-20,Renoir Princesa,https://www.pillalas.com/pase/1060284/,https://www.cinesrenoir.com/pelicula/amarga-navidad/,https://media.pillalas.com/imagenes/726afb526abffa83b60c45c3634993c0e9bd987d873c6c32a8009c3b4ee414d3a40e41c1.jpg,Castellano,No recomendada para menores de 12 años,Viernes 20 Marzo 2026,"Bárbara Lennie, Leonardo Sbaraglia, Aitana Sánchez-Gijón, Victoria Luengo, Patrick Criado, Milena Smit, Quim Gutiérrez, Rossy De Palma, Carmen Machi, Gloria Muñoz","Elsa es una directora de publicidad cuya madre muere durante un largo puente del mes de diciembre. Encuentra refugio en el trabajo, aunque es más bien una huida hacia adelante. Trabaja sin parar y, sin darse cuenta, no se concede el tiempo necesario para guardar el duelo por la ausencia materna. Hasta que una crisis de pánico la obliga a detenerse e imponerse un descanso. Su pareja, Bonifacio, es su tabla de salvación en esos momentos de crisis. Elsa decide viajar a la isla de Lanzarote acompañada por su amiga Patricia, que también necesita alejarse de Madrid, mientras que Bonifacio se queda en la ciudad.
La historia de estos tres personajes, y algunos más, se narran paralelamente a la del guionista y director de cine Raúl Durán, entremezclando ficción y realidad. Porque ‘Amarga Navidad’ desarrolla cómo la vida y la ficción están unidas de un modo indisoluble, incluso doloroso en ocasiones."
AMARGA NAVIDAD,Pedro Almodóvar,111,09,18:10,2026-03-20,Renoir Princesa,https://www.pillalas.com/pase/1060288/,https://www.cinesrenoir.com/pelicula/amarga-navidad/,https://media.pillalas.com/imagenes/726afb526abffa83b60c45c3634993c0e9bd987d873c6c32a8009c3b4ee414d3a40e41c1.jpg,Castellano,No recomendada para menores de 12 años,Viernes 20 Marzo 2026,"Bárbara Lennie, Leonardo Sbaraglia, Aitana Sánchez-Gijón, Victoria Luengo, Patrick Criado, Milena Smit, Quim Gutiérrez, Rossy De Palma, Carmen Machi, Gloria Muñoz","Elsa es una directora de publicidad cuya madre muere durante un largo puente del mes de diciembre. Encuentra refugio en el trabajo, aunque es más bien una huida hacia adelante. Trabaja sin parar y, sin darse cuenta, no se concede el tiempo necesario para guardar el duelo por la ausencia materna. Hasta que una crisis de pánico la obliga a detenerse e imponerse un descanso. Su pareja, Bonifacio, es su tabla de salvación en esos momentos de crisis. Elsa decide viajar a la isla de Lanzarote acompañada por su amiga Patricia, que también necesita alejarse de Madrid, mientras que Bonifacio se queda en la ciudad.
La historia de estos tres personajes, y algunos más, se narran paralelamente a la del guionista y director de cine Raúl Durán, entremezclando ficción y realidad. Porque ‘Amarga Navidad’ desarrolla cómo la vida y la ficción están unidas de un modo indisoluble, incluso doloroso en ocasiones."
AMARGA NAVIDAD,Pedro Almodóvar,111,10,19:00,2026-03-20,Renoir Princesa,https://www.pillalas.com/pase/1060373/,https://www.cinesrenoir.com/pelicula/amarga-navidad/,https://media.pillalas.com/imagenes/726afb526abffa83b60c45c3634993c0e9bd987d873c6c32a8009c3b4ee414d3a40e41c1.jpg,Castellano,No recomendada para menores de 12 años,Viernes 20 Marzo 2026,"Bárbara Lennie, Leonardo Sbaraglia, Aitana Sánchez-Gijón, Victoria Luengo, Patrick Criado, Milena Smit, Quim Gutiérrez, Rossy De Palma, Carmen Machi, Gloria Muñoz","Elsa es una directora de publicidad cuya madre muere durante un largo puente del mes de diciembre. Encuentra refugio en el trabajo, aunque es más bien una huida hacia adelante. Trabaja sin parar y, sin darse cuenta, no se concede el tiempo necesario para guardar el duelo por la ausencia materna. Hasta que una crisis de pánico la obliga a detenerse e imponerse un descanso. Su pareja, Bonifacio, es su tabla de salvación en esos momentos de crisis. Elsa decide viajar a la isla de Lanzarote acompañada por su amiga Patricia, que también necesita alejarse de Madrid, mientras que Bonifacio se queda en la ciudad.
La historia de estos tres personajes, y algunos más, se narran paralelamente a la del guionista y director de cine Raúl Durán, entremezclando ficción y realidad. Porque ‘Amarga Navidad’ desarrolla cómo la vida y la ficción están unidas de un modo indisoluble, incluso doloroso en ocasiones."
AMARGA NAVIDAD,Pedro Almodóvar,111,09,20:20,2026-03-20,Renoir Princesa,https://www.pillalas.com/pase/1060291/,https://www.cinesrenoir.com/pelicula/amarga-navidad/,https://media.pillalas.com/imagenes/726afb526abffa83b60c45c3634993c0e9bd987d873c6c32a8009c3b4ee414d3a40e41c1.jpg,Castellano,No recomendada para menores de 12 años,Viernes 20 Marzo 2026,"Bárbara Lennie, Leonardo Sbaraglia, Aitana Sánchez-Gijón, Victoria Luengo, Patrick Criado, Milena Smit, Quim Gutiérrez, Rossy De Palma, Carmen Machi, Gloria Muñoz","Elsa es una directora de publicidad cuya madre muere durante un largo puente del mes de diciembre. Encuentra refugio en el trabajo, aunque es más bien una huida hacia adelante. Trabaja sin parar y, sin darse cuenta, no se concede el tiempo necesario para guardar el duelo por la ausencia materna. Hasta que una crisis de pánico la obliga a detenerse e imponerse un descanso. Su pareja, Bonifacio, es su tabla de salvación en esos momentos de crisis. Elsa decide viajar a la isla de Lanzarote acompañada por su amiga Patricia, que también necesita alejarse de Madrid, mientras que Bonifacio se queda en la ciudad.
La historia de estos tres personajes, y algunos más, se narran paralelamente a la del guionista y director de cine Raúl Durán, entremezclando ficción y realidad. Porque ‘Amarga Navidad’ desarrolla cómo la vida y la ficción están unidas de un modo indisoluble, incluso doloroso en ocasiones."
AMARGA NAVIDAD,Pedro Almodóvar,111,09,22:30,2026-03-20,Renoir Princesa,https://www.pillalas.com/pase/1060295/,https://www.cinesrenoir.com/pelicula/amarga-navidad/,https://media.pillalas.com/imagenes/726afb526abffa83b60c45c3634993c0e9bd987d873c6c32a8009c3b4ee414d3a40e41c1.jpg,Castellano,No recomendada para menores de 12 años,Viernes 20 Marzo 2026,"Bárbara Lennie, Leonardo Sbaraglia, Aitana Sánchez-Gijón, Victoria Luengo, Patrick Criado, Milena Smit, Quim Gutiérrez, Rossy De Palma, Carmen Machi, Gloria Muñoz","Elsa es una directora de publicidad cuya madre muere durante un largo puente del mes de diciembre. Encuentra refugio en el trabajo, aunque es más bien una huida hacia adelante. Trabaja sin parar y, sin darse cuenta, no se concede el tiempo necesario para guardar el duelo por la ausencia materna. Hasta que una crisis de pánico la obliga a detenerse e imponerse un descanso. Su pareja, Bonifacio, es su tabla de salvación en esos momentos de crisis. Elsa decide viajar a la isla de Lanzarote acompañada por su amiga Patricia, que también necesita alejarse de Madrid, mientras que Bonifacio se queda en la ciudad.
La historia de estos tres personajes, y algunos más, se narran paralelamente a la del guionista y director de cine Raúl Durán, entremezclando ficción y realidad. Porque ‘Amarga Navidad’ desarrolla cómo la vida y la ficción están unidas de un modo indisoluble, incluso doloroso en ocasiones."
CUMBRES BORRASCOSAS,Emerald Fennell,135,03,22:15,2026-03-20,Renoir Princesa,https://www.pillalas.com/pase/1060158/,https://www.cinesrenoir.com/pelicula/cumbres-borrascosas/,https://media.pillalas.com/imagenes/726afb526abffa83abe8577deb3c0674bd352fd2b0500497b1d5570f2dd570487210fc4e.jpg,Inglés,No recomendada para menores de 16 años,Viernes 13 Febrero 2026,"Margot Robbie, Jacob Elordi, Hong Chau, Alison Oliver, Owen Cooper, Shazad Latif, Martin Clunes, Ewan Mitchell, Amy Morgan, Jessica Knappett, Charlotte Mellington, Vy Nguyen","Adaptada a todo tipo de formatos en multitud de ocasiones, se trata de una trágica historia de pasiones encontradas en la Inglaterra rural más conservadora. Una historia de venganza y odio, de pasiones desatadas y amores desesperados que van más allá de la muerte ambientada en los brumosos y sombríos páramos de Yorkshire, al norte de Inglaterra."
EL AGENTE SECRETO,Kleber Mendonça Filho,160,04,16:00,2026-03-20,Renoir Princesa,https://www.pillalas.com/pase/1060149/,https://www.cinesrenoir.com/pelicula/el-agente-secreto/,https://media.pillalas.com/imagenes/726afb526abffa83bdba0b90e98cf11293bcd8b9c8be1af817aa6c045cd8f479730f7511.jpg,Portugués,No recomendada para menores de 16 años,Viernes 20 Febrero 2026,"Wagner Moura, Gabriel Leone, Udo Kier, Maria Fernanda Cândido","1977. En un Brasil atormentado por la dictadura militar, Marcelo, un cuarentón que huye de un pasado turbulento, llega a la ciudad de Recife, donde espera construir una nueva vida y reencontrarse con su hijo. Todo se complica cuando descubre que las fuerzas gubernamentales le persiguen y las amenazas de muerte se ciernen sobre su cabeza."
EL AGENTE SECRETO,Kleber Mendonça Filho,160,04,18:55,2026-03-20,Renoir Princesa,https://www.pillalas.com/pase/1060153/,https://www.cinesrenoir.com/pelicula/el-agente-secreto/,https://media.pillalas.com/imagenes/726afb526abffa83bdba0b90e98cf11293bcd8b9c8be1af817aa6c045cd8f479730f7511.jpg,Portugués,No recomendada para menores de 16 años,Viernes 20 Febrero 2026,"Wagner Moura, Gabriel Leone, Udo Kier, Maria Fernanda Cândido","1977. En un Brasil atormentado por la dictadura militar, Marcelo, un cuarentón que huye de un pasado turbulento, llega a la ciudad de Recife, donde espera construir una nueva vida y reencontrarse con su hijo. Todo se complica cuando descubre que las fuerzas gubernamentales le persiguen y las amenazas de muerte se ciernen sobre su cabeza."
EL AGENTE SECRETO,Kleber Mendonça Filho,160,04,21:50,2026-03-20,Renoir Princesa,https://www.pillalas.com/pase/1060157/,https://www.cinesrenoir.com/pelicula/el-agente-secreto/,https://media.pillalas.com/imagenes/726afb526abffa83bdba0b90e98cf11293bcd8b9c8be1af817aa6c045cd8f479730f7511.jpg,Portugués,No recomendada para menores de 16 años,Viernes 20 Febrero 2026,"Wagner Moura, Gabriel Leone, Udo Kier, Maria Fernanda Cândido","1977. En un Brasil atormentado por la dictadura militar, Marcelo, un cuarentón que huye de un pasado turbulento, llega a la ciudad de Recife, donde espera construir una nueva vida y reencontrarse con su hijo. Todo se complica cuando descubre que las fuerzas gubernamentales le persiguen y las amenazas de muerte se ciernen sobre su cabeza."
EL ARQUITECTO,Stéphane Demoustier,107,08,16:10,2026-03-20,Renoir Princesa,https://www.pillalas.com/pase/1060286/,https://www.cinesrenoir.com/pelicula/el-arquitecto/,https://media.pillalas.com/imagenes/726afb526abffa83aa265685f6781eacb3d2a1ce9f7ae8b5cb373d34a8a32da17572eb8a.jpg,Francés Y Danés,No recomendada para menores de 12 años,Viernes 13 Marzo 2026,"Claes Bang, Sidse Babett Knudsen, Swann Arlaud, Michel Fau, Xavier Dolan","1983. El nuevo gobierno francés convoca el mayor concurso de arquitectura. Codiciado por los grandes estudios, el ganador es, sorprendentemente, un absoluto desconocido: Johan Otto von Spreckelsen, un profesor de arquitectura danés que hasta entonces sólo había construido su casa y tres pequeñas capillas."
EL ARQUITECTO,Stéphane Demoustier,107,08,18:15,2026-03-20,Renoir Princesa,https://www.pillalas.com/pase/1060289/,https://www.cinesrenoir.com/pelicula/el-arquitecto/,https://media.pillalas.com/imagenes/726afb526abffa83aa265685f6781eacb3d2a1ce9f7ae8b5cb373d34a8a32da17572eb8a.jpg,Francés Y Danés,No recomendada para menores de 12 años,Viernes 13 Marzo 2026,"Claes Bang, Sidse Babett Knudsen, Swann Arlaud, Michel Fau, Xavier Dolan","1983. El nuevo gobierno francés convoca el mayor concurso de arquitectura. Codiciado por los grandes estudios, el ganador es, sorprendentemente, un absoluto desconocido: Johan Otto von Spreckelsen, un profesor de arquitectura danés que hasta entonces sólo había construido su casa y tres pequeñas capillas."
EL MAGO DEL KREMLIN,Olivier Assayas,145,10,16:10,2026-03-20,Renoir Princesa,https://www.pillalas.com/pase/1060285/,https://www.cinesrenoir.com/pelicula/el-mago-del-kremlin/,https://media.pillalas.com/imagenes/726afb526abffa833889e44ac42f5cc54d6019702d8546ebf4550316f78770131f777f2b.jpg,Inglés,No recomendada para menores de 12 años,Viernes 6 Marzo 2026,"Paul Dano, Alicia Vikander, Jude Law, Tom Sturridge, Jeffrey Wright, Will Keen","En medio del caos postsoviético de los años 90, el joven Vadim Baranov (Paul Dano) empieza a labrarse un camino como artista y productor de televisión. Su elocuencia y conexión con las altas esferas le llevan a convertirse, de la noche a la mañana, en el asesor de un agente del KGB con un brillante porvenir: Vladimir Putin (Jude Law). Desde las entrañas del poder, ambos darán forma a la nueva Rusia, difuminando, mediante manipulación, los límites entre la verdad y la mentira."
EL MAGO DEL KREMLIN,Olivier Assayas,145,10,21:45,2026-03-20,Renoir Princesa,https://www.pillalas.com/pase/1060293/,https://www.cinesrenoir.com/pelicula/el-mago-del-kremlin/,https://media.pillalas.com/imagenes/726afb526abffa833889e44ac42f5cc54d6019702d8546ebf4550316f78770131f777f2b.jpg,Inglés,No recomendada para menores de 12 años,Viernes 6 Marzo 2026,"Paul Dano, Alicia Vikander, Jude Law, Tom Sturridge, Jeffrey Wright, Will Keen","En medio del caos postsoviético de los años 90, el joven Vadim Baranov (Paul Dano) empieza a labrarse un camino como artista y productor de televisión. Su elocuencia y conexión con las altas esferas le llevan a convertirse, de la noche a la mañana, en el asesor de un agente del KGB con un brillante porvenir: Vladimir Putin (Jude Law). Desde las entrañas del poder, ambos darán forma a la nueva Rusia, difuminando, mediante manipulación, los límites entre la verdad y la mentira."
EL TESTAMENTO DE ANN LEE,Mona Fastvold,136,03,16:00,2026-03-20,Renoir Princesa,https://www.pillalas.com/pase/1060020/,https://www.cinesrenoir.com/pelicula/el-testamento-de-ann-lee/,https://media.pillalas.com/imagenes/726afb526abffa830b789c96ee6ff3b89647f6e742111b114addcc55b2329cb2e465f4c1.jpg,Inglés,No recomendada para menores de 16 años,Viernes 13 Marzo 2026,"Amanda Seyfried, Thomasin Mckenzie, Lewis Pullman, Christopher Abbott, Tim Blake Nelson, Stacy Martin, Matthew Beard, Scott Handy, Viola Prettejohn, Jamie Bogyo, David Cale","Película en torno a la leyenda real de Ann Lee, fundadora de la secta devocional conocida como los Shakers que predicaba la igualdad de género y social y era venerada por sus seguidores."
ELEGIR MI VIDA,Amélie Bonnin,96,07,15:50,2026-03-20,Renoir Princesa,https://www.pillalas.com/pase/1060283/,https://www.cinesrenoir.com/pelicula/elegir-mi-vida/,https://media.pillalas.com/imagenes/726afb526abffa83f8305cf2e84d7ba15df16005f879206ff895ebbe040eec79d27ccc2c.jpg,Francés,No recomendada para menores de 12 años,Viernes 20 Marzo 2026,"Juliette Armanet, Bastien Bouillon","Cécile (Juliette Armanet) está a punto de cumplir su sueño de abrir su propio restaurante, cuando su padre sufre un infarto y debe volver a su pequeño pueblo natal, lejos de la bulliciosa vida parisina. Allí, tiene un reencuentro inesperado con su amor de la adolescencia (Bastien Bouillon). A medida que resurgen los recuerdos, sus certezas comienzan a tambalearse…"
ELEGIR MI VIDA,Amélie Bonnin,96,03,18:30,2026-03-20,Renoir Princesa,https://www.pillalas.com/pase/1060152/,https://www.cinesrenoir.com/pelicula/elegir-mi-vida/,https://media.pillalas.com/imagenes/726afb526abffa83f8305cf2e84d7ba15df16005f879206ff895ebbe040eec79d27ccc2c.jpg,Francés,No recomendada para menores de 12 años,Viernes 20 Marzo 2026,"Juliette Armanet, Bastien Bouillon","Cécile (Juliette Armanet) está a punto de cumplir su sueño de abrir su propio restaurante, cuando su padre sufre un infarto y debe volver a su pequeño pueblo natal, lejos de la bulliciosa vida parisina. Allí, tiene un reencuentro inesperado con su amor de la adolescencia (Bastien Bouillon). A medida que resurgen los recuerdos, sus certezas comienzan a tambalearse…"
ELEGIR MI VIDA,Amélie Bonnin,96,03,20:25,2026-03-20,Renoir Princesa,https://www.pillalas.com/pase/1060156/,https://www.cinesrenoir.com/pelicula/elegir-mi-vida/,https://media.pillalas.com/imagenes/726afb526abffa83f8305cf2e84d7ba15df16005f879206ff895ebbe040eec79d27ccc2c.jpg,Francés,No recomendada para menores de 12 años,Viernes 20 Marzo 2026,"Juliette Armanet, Bastien Bouillon","Cécile (Juliette Armanet) está a punto de cumplir su sueño de abrir su propio restaurante, cuando su padre sufre un infarto y debe volver a su pequeño pueblo natal, lejos de la bulliciosa vida parisina. Allí, tiene un reencuentro inesperado con su amor de la adolescencia (Bastien Bouillon). A medida que resurgen los recuerdos, sus certezas comienzan a tambalearse…"
HAMNET,Chloé Zhao,125,06,16:00,2026-03-20,Renoir Princesa,https://www.pillalas.com/pase/1060148/,https://www.cinesrenoir.com/pelicula/hamnet/,https://www.cinesrenoir.com/media/Peliculas/Cartel/HAMNET_Cartel_Digital_8Nominaciones_Oscar_YaEnCines_v2_2.jpg,Inglés,No recomendada para menores de 12 años,Viernes 23 Enero 2026,"Jessie Buckley, Paul Mescal, Joe Alwyn, Emily Watson","Año 1596, Stratford-upon-Avon, Inglaterra. La vida de Agnes transcurre plácidamente junto a su marido y sus tres hijos. Ella cultiva plantas medicinales mientras William trabaja en Londres. El destino, sin embargo, les reservará un duro golpe cuando su hijo Hamnet, de once años, muera repentinamente tras contraer la peste. A raíz de esta tragedia, su padre creará uno de los grandes personajes de la literatura universal, de nombre casi idéntico al de su hijo.


Pero esta película no habla de famosos sucesos sino de algo íntimo y olvidado: La vida de esta familia, y especialmente la de la mujer que la sostenía y que tuvo que cargar con una insoportable pérdida."
HAMNET,Chloé Zhao,125,05,17:50,2026-03-20,Renoir Princesa,https://www.pillalas.com/pase/1060150/,https://www.cinesrenoir.com/pelicula/hamnet/,https://www.cinesrenoir.com/media/Peliculas/Cartel/HAMNET_Cartel_Digital_8Nominaciones_Oscar_YaEnCines_v2_2.jpg,Inglés,No recomendada para menores de 12 años,Viernes 23 Enero 2026,"Jessie Buckley, Paul Mescal, Joe Alwyn, Emily Watson","Año 1596, Stratford-upon-Avon, Inglaterra. La vida de Agnes transcurre plácidamente junto a su marido y sus tres hijos. Ella cultiva plantas medicinales mientras William trabaja en Londres. El destino, sin embargo, les reservará un duro golpe cuando su hijo Hamnet, de once años, muera repentinamente tras contraer la peste. A raíz de esta tragedia, su padre creará uno de los grandes personajes de la literatura universal, de nombre casi idéntico al de su hijo.


Pero esta película no habla de famosos sucesos sino de algo íntimo y olvidado: La vida de esta familia, y especialmente la de la mujer que la sostenía y que tuvo que cargar con una insoportable pérdida."
HAMNET,Chloé Zhao,125,05,20:10,2026-03-20,Renoir Princesa,https://www.pillalas.com/pase/1060154/,https://www.cinesrenoir.com/pelicula/hamnet/,https://www.cinesrenoir.com/media/Peliculas/Cartel/HAMNET_Cartel_Digital_8Nominaciones_Oscar_YaEnCines_v2_2.jpg,Inglés,No recomendada para menores de 12 años,Viernes 23 Enero 2026,"Jessie Buckley, Paul Mescal, Joe Alwyn, Emily Watson","Año 1596, Stratford-upon-Avon, Inglaterra. La vida de Agnes transcurre plácidamente junto a su marido y sus tres hijos. Ella cultiva plantas medicinales mientras William trabaja en Londres. El destino, sin embargo, les reservará un duro golpe cuando su hijo Hamnet, de once años, muera repentinamente tras contraer la peste. A raíz de esta tragedia, su padre creará uno de los grandes personajes de la literatura universal, de nombre casi idéntico al de su hijo.


Pero esta película no habla de famosos sucesos sino de algo íntimo y olvidado: La vida de esta familia, y especialmente la de la mujer que la sostenía y que tuvo que cargar con una insoportable pérdida."
HAMNET,Chloé Zhao,125,06,22:20,2026-03-20,Renoir Princesa,https://www.pillalas.com/pase/1060159/,https://www.cinesrenoir.com/pelicula/hamnet/,https://www.cinesrenoir.com/media/Peliculas/Cartel/HAMNET_Cartel_Digital_8Nominaciones_Oscar_YaEnCines_v2_2.jpg,Inglés,No recomendada para menores de 12 años,Viernes 23 Enero 2026,"Jessie Buckley, Paul Mescal, Joe Alwyn, Emily Watson","Año 1596, Stratford-upon-Avon, Inglaterra. La vida de Agnes transcurre plácidamente junto a su marido y sus tres hijos. Ella cultiva plantas medicinales mientras William trabaja en Londres. El destino, sin embargo, les reservará un duro golpe cuando su hijo Hamnet, de once años, muera repentinamente tras contraer la peste. A raíz de esta tragedia, su padre creará uno de los grandes personajes de la literatura universal, de nombre casi idéntico al de su hijo.


Pero esta película no habla de famosos sucesos sino de algo íntimo y olvidado: La vida de esta familia, y especialmente la de la mujer que la sostenía y que tuvo que cargar con una insoportable pérdida."
LOS DOMINGOS,Alauda Ruiz De Azúa,115,02,18:00,2026-03-20,Renoir Princesa,https://www.pillalas.com/pase/1060021/,https://www.cinesrenoir.com/pelicula/los-domingos/,https://www.cinesrenoir.com/media/Peliculas/Cartel/los_domingos_poster.jpg,Castellano,No recomendada para menores de 12 años,Viernes 24 Octubre 2025,"Patricia López Arnaiz, Blanca Soroa, Miguel Garcés, Juan Minujín, Mabel Rivera, Nagore Aramburu","'Los domingos' cuenta la historia de Ainara (Soroa), una joven idealista y brillante de 17 años que ha de decidir qué carrera universitaria estudiará. O, al menos, eso espera su familia que haga. Sin embargo, la joven manifiesta que se siente cada vez más cerca de Dios y que se plantea abrazar la vida de monja de clausura. La noticia pilla por sorpresa a toda la familia provocando un abismo y una prueba de fuego para todos."
LOS DOMINGOS,Alauda Ruiz De Azúa,115,02,20:15,2026-03-20,Renoir Princesa,https://www.pillalas.com/pase/1060022/,https://www.cinesrenoir.com/pelicula/los-domingos/,https://www.cinesrenoir.com/media/Peliculas/Cartel/los_domingos_poster.jpg,Castellano,No recomendada para menores de 12 años,Viernes 24 Octubre 2025,"Patricia López Arnaiz, Blanca Soroa, Miguel Garcés, Juan Minujín, Mabel Rivera, Nagore Aramburu","'Los domingos' cuenta la historia de Ainara (Soroa), una joven idealista y brillante de 17 años que ha de decidir qué carrera universitaria estudiará. O, al menos, eso espera su familia que haga. Sin embargo, la joven manifiesta que se siente cada vez más cerca de Dios y que se plantea abrazar la vida de monja de clausura. La noticia pilla por sorpresa a toda la familia provocando un abismo y una prueba de fuego para todos."
PILLION,Harry Lighton,106,11,16:00,2026-03-20,Renoir Princesa,https://www.pillalas.com/pase/1060371/,https://www.cinesrenoir.com/pelicula/pillion/,https://www.cinesrenoir.com/media/Peliculas/Cartel/POSTER_2_3_web_1_1_1.png,Inglés,No recomendada para menores de 16 años,Viernes 6 Marzo 2026,"Harry Melling, Alexander Skarsgård, Lesley Sharp, Douglas Hodge","Colin, un chico introvertido, se queda prendado de Ray, el carismático y atractivo líder de una banda de moteros que le toma como su sumiso, dinamitando su rutina y cambiándole la vida."
PILLION,Harry Lighton,106,11,18:05,2026-03-20,Renoir Princesa,https://www.pillalas.com/pase/1060372/,https://www.cinesrenoir.com/pelicula/pillion/,https://www.cinesrenoir.com/media/Peliculas/Cartel/POSTER_2_3_web_1_1_1.png,Inglés,No recomendada para menores de 16 años,Viernes 6 Marzo 2026,"Harry Melling, Alexander Skarsgård, Lesley Sharp, Douglas Hodge","Colin, un chico introvertido, se queda prendado de Ray, el carismático y atractivo líder de una banda de moteros que le toma como su sumiso, dinamitando su rutina y cambiándole la vida."
PILLION,Harry Lighton,106,11,20:10,2026-03-20,Renoir Princesa,https://www.pillalas.com/pase/1060374/,https://www.cinesrenoir.com/pelicula/pillion/,https://www.cinesrenoir.com/media/Peliculas/Cartel/POSTER_2_3_web_1_1_1.png,Inglés,No recomendada para menores de 16 años,Viernes 6 Marzo 2026,"Harry Melling, Alexander Skarsgård, Lesley Sharp, Douglas Hodge","Colin, un chico introvertido, se queda prendado de Ray, el carismático y atractivo líder de una banda de moteros que le toma como su sumiso, dinamitando su rutina y cambiándole la vida."
PILLION,Harry Lighton,106,11,22:15,2026-03-20,Renoir Princesa,https://www.pillalas.com/pase/1060375/,https://www.cinesrenoir.com/pelicula/pillion/,https://www.cinesrenoir.com/media/Peliculas/Cartel/POSTER_2_3_web_1_1_1.png,Inglés,No recomendada para menores de 16 años,Viernes 6 Marzo 2026,"Harry Melling, Alexander Skarsgård, Lesley Sharp, Douglas Hodge","Colin, un chico introvertido, se queda prendado de Ray, el carismático y atractivo líder de una banda de moteros que le toma como su sumiso, dinamitando su rutina y cambiándole la vida."
SIRAT,Óliver Laxe,120,02,15:50,2026-03-20,Renoir Princesa,https://www.pillalas.com/pase/1060019/,https://www.cinesrenoir.com/pelicula/sirat/,https://www.cinesrenoir.com/media/Peliculas/Cartel/SIRAT_ONLINE_GOYAOSCARS.jpg,Castellano Y Otros,No recomendada para menores de 16 años,Viernes 6 Junio 2025,"Sergi López, Bruno Núñez, Stefania Gadda, Joshua Liam Herderson, Tonin Javier, Jade Ouki, Richard Bellamyun","Un hombre (López) y su hijo (Nuñez) llegan a una rave perdida en medio de las áridas y fantasmagóricas montañas del sur de Marruecos. Buscan allí a Mar, su hija y hermana, desaparecida hace meses en una de estas fiestas sin amanecer. Reparten una y otra vez su foto rodeados de música electrónica y de un tipo de libertad que desconocen. Empujados por el destino, y con la esperanza de encontrar ahí a Mar, deciden seguir a un grupo de raveros hacia la última fiesta que se celebrará en el desierto."
SIRAT,Óliver Laxe,120,02,22:30,2026-03-20,Renoir Princesa,https://www.pillalas.com/pase/1060023/,https://www.cinesrenoir.com/pelicula/sirat/,https://www.cinesrenoir.com/media/Peliculas/Cartel/SIRAT_ONLINE_GOYAOSCARS.jpg,Castellano Y Otros,No recomendada para menores de 16 años,Viernes 6 Junio 2025,"Sergi López, Bruno Núñez, Stefania Gadda, Joshua Liam Herderson, Tonin Javier, Jade Ouki, Richard Bellamyun","Un hombre (López) y su hijo (Nuñez) llegan a una rave perdida en medio de las áridas y fantasmagóricas montañas del sur de Marruecos. Buscan allí a Mar, su hija y hermana, desaparecida hace meses en una de estas fiestas sin amanecer. Reparten una y otra vez su foto rodeados de música electrónica y de un tipo de libertad que desconocen. Empujados por el destino, y con la esperanza de encontrar ahí a Mar, deciden seguir a un grupo de raveros hacia la última fiesta que se celebrará en el desierto."
TORRENTE PRESIDENTE,Santiago Segura,103,05,15:50,2026-03-20,Renoir Princesa,https://www.pillalas.com/pase/1060147/,https://www.cinesrenoir.com/pelicula/torrente-presidente/,https://www.cinesrenoir.com/media/Peliculas/Cartel/torrente_presidente1.jpg,Castellano,No recomendada para menores de 16 años,Viernes 13 Marzo 2026,"Santiago Segura, Leo Harlem, Ramón Langa",Sexta entrega de Torrente.
TORRENTE PRESIDENTE,Santiago Segura,103,06,18:20,2026-03-20,Renoir Princesa,https://www.pillalas.com/pase/1060151/,https://www.cinesrenoir.com/pelicula/torrente-presidente/,https://www.cinesrenoir.com/media/Peliculas/Cartel/torrente_presidente1.jpg,Castellano,No recomendada para menores de 16 años,Viernes 13 Marzo 2026,"Santiago Segura, Leo Harlem, Ramón Langa",Sexta entrega de Torrente.
TORRENTE PRESIDENTE,Santiago Segura,103,06,20:20,2026-03-20,Renoir Princesa,https://www.pillalas.com/pase/1060155/,https://www.cinesrenoir.com/pelicula/torrente-presidente/,https://www.cinesrenoir.com/media/Peliculas/Cartel/torrente_presidente1.jpg,Castellano,No recomendada para menores de 16 años,Viernes 13 Marzo 2026,"Santiago Segura, Leo Harlem, Ramón Langa",Sexta entrega de Torrente.
TORRENTE PRESIDENTE,Santiago Segura,103,05,22:30,2026-03-20,Renoir Princesa,https://www.pillalas.com/pase/1060160/,https://www.cinesrenoir.com/pelicula/torrente-presidente/,https://www.cinesrenoir.com/media/Peliculas/Cartel/torrente_presidente1.jpg,Castellano,No recomendada para menores de 16 años,Viernes 13 Marzo 2026,"Santiago Segura, Leo Harlem, Ramón Langa",Sexta entrega de Torrente.
TRES ADIOSES,Isabel Coixet,122,07,17:45,2026-03-20,Renoir Princesa,https://www.pillalas.com/pase/1060287/,https://www.cinesrenoir.com/pelicula/tres-adioses/,https://media.pillalas.com/imagenes/726afb526abffa832ea2a44a189894de905fc7e94534a8bf4ef6bf13e5ccdfe90922c22e.jpg,Italiano,No recomendada para menores de 12 años,Viernes 6 Febrero 2026,"Alba Rohrwacher, Elio Germano, Francesco Carril, Silvia D Amico, Galatea Bellugi, Sarita Choudhury","Tras lo que parecía una discusión sin importancia, Marta (Alba Rohrwacher) y Antonio (Elio Germano) se separan. Él, un chef prometedor, se refugia en sus fogones; ella, en su silencio, empieza a notar algo más que tristeza: ha perdido el apetito… y no solo por desamor. Cuando descubre que detrás hay un problema de salud, todo da un giro inesperado: la comida sabe mejor, la música le llega como nunca y el deseo despierta sus ganas de vivir sin miedo.
Una historia sobre el amor, la vida y esos momentos que lo cambian todo para siempre."
TRES ADIOSES,Isabel Coixet,122,07,20:05,2026-03-20,Renoir Princesa,https://www.pillalas.com/pase/1060290/,https://www.cinesrenoir.com/pelicula/tres-adioses/,https://media.pillalas.com/imagenes/726afb526abffa832ea2a44a189894de905fc7e94534a8bf4ef6bf13e5ccdfe90922c22e.jpg,Italiano,No recomendada para menores de 12 años,Viernes 6 Febrero 2026,"Alba Rohrwacher, Elio Germano, Francesco Carril, Silvia D Amico, Galatea Bellugi, Sarita Choudhury","Tras lo que parecía una discusión sin importancia, Marta (Alba Rohrwacher) y Antonio (Elio Germano) se separan. Él, un chef prometedor, se refugia en sus fogones; ella, en su silencio, empieza a notar algo más que tristeza: ha perdido el apetito… y no solo por desamor. Cuando descubre que detrás hay un problema de salud, todo da un giro inesperado: la comida sabe mejor, la música le llega como nunca y el deseo despierta sus ganas de vivir sin miedo.
Una historia sobre el amor, la vida y esos momentos que lo cambian todo para siempre."
UNA BATALLA TRAS OTRA,Paul Thomas Anderson,161,08,20:30,2026-03-20,Renoir Princesa,https://www.pillalas.com/pase/1060292/,https://www.cinesrenoir.com/pelicula/una-batalla-tras-otra/,https://media.pillalas.com/imagenes/726afb526abffa83067d351656e3959d62491a4b950d2e053e036c244c54d5060d7521c0.jpg,Inglés,No recomendada para menores de 16 años,Viernes 26 Septiembre 2025,"Leonardo Dicaprio, Sean Penn, Benicio Del Toro, Regina Hall, Teyana Taylor, Wood Harris, Alana Haim, Shayna Mchayle, Chase Infiniti, Starletta Dupois, Joe Silva, Eric Schweig, Tony Goldwyn, James Downey, John Hoogenakker, Kevin Tighe, D.W. Moffett, James Raterman","Cuando su malvado enemigo resurge después de 16 años, una banda de exrevolucionarios se reúne para rescatar a la hija de uno de los suyos, encarnado por Leonardo DiCaprio. Adaptación de la novela 'Vineland', de Thomas Pynchon, escrita en 1990, sobre los movimientos radicales de los años sesenta."
UNA HIJA EN TOKIO,Guillaume Senez,99,01,16:00,2026-03-20,Renoir Princesa,https://www.pillalas.com/pase/1059991/,https://www.cinesrenoir.com/pelicula/una-hija-en-tokio/,https://media.pillalas.com/imagenes/726afb526abffa8327fbd986c984eb728e0f1c714c7a6aa328ebfc96eb29c6586b207f0e.jpg,Francés,No recomendada para menores de 7 años,Viernes 20 Marzo 2026,"Romain Duris, Judith Chemla, Mei Cirne-Masuki","Cada día, Jérôme (Romain Duris) recorre Tokio con su taxi mientras intenta encontrar a su hija, Lily. Nueve años después de separarse y sin haber logrado su custodia, empieza a pensar que es hora de rendirse y volver a Francia. Pero cuando está a punto de hacerlo, Lily sube a su taxi."
UNA HIJA EN TOKIO,Guillaume Senez,99,01,20:00,2026-03-20,Renoir Princesa,https://www.pillalas.com/pase/1059993/,https://www.cinesrenoir.com/pelicula/una-hija-en-tokio/,https://media.pillalas.com/imagenes/726afb526abffa8327fbd986c984eb728e0f1c714c7a6aa328ebfc96eb29c6586b207f0e.jpg,Francés,No recomendada para menores de 7 años,Viernes 20 Marzo 2026,"Romain Duris, Judith Chemla, Mei Cirne-Masuki","Cada día, Jérôme (Romain Duris) recorre Tokio con su taxi mientras intenta encontrar a su hija, Lily. Nueve años después de separarse y sin haber logrado su custodia, empieza a pensar que es hora de rendirse y volver a Francia. Pero cuando está a punto de hacerlo, Lily sube a su taxi."
YOUR NAME,Makoto Shinkai,102,01,18:00,2026-03-20,Renoir Princesa,https://www.pillalas.com/pase/1059992/,https://www.cinesrenoir.com/pelicula/your-name/,https://media.pillalas.com/imagenes/726afb526abffa83435eee5e44e4c3acaff582df82190623018df78698c1718df8cfb644.jpg,Japonés,Apta para todos los públicos,Viernes 20 Marzo 2026,Animation,"Taki y Mitsuha descubren un día que durante el sueño sus cuerpos se intercambian, y comienzan a comunicarse por medio de notas. A medida que consiguen superar torpemente un reto tras otro, se va creando entre los dos un vínculo que poco a poco se convierte en algo más romántico."
YOUR NAME,Makoto Shinkai,102,01,22:00,2026-03-20,Renoir Princesa,https://www.pillalas.com/pase/1059994/,https://www.cinesrenoir.com/pelicula/your-name/,https://media.pillalas.com/imagenes/726afb526abffa83435eee5e44e4c3acaff582df82190623018df78698c1718df8cfb644.jpg,Japonés,Apta para todos los públicos,Viernes 20 Marzo 2026,Animation,"Taki y Mitsuha descubren un día que durante el sueño sus cuerpos se intercambian, y comienzan a comunicarse por medio de notas. A medida que consiguen superar torpemente un reto tras otro, se va creando entre los dos un vínculo que poco a poco se convierte en algo más romántico."
¡LA NOVIA!,Maggie Gyllenhaal,126,07,22:20,2026-03-20,Renoir Princesa,https://www.pillalas.com/pase/1060294/,https://www.cinesrenoir.com/pelicula/la-novia/,https://media.pillalas.com/imagenes/726afb526abffa834d5e9976411fdc20e28407e451a89b449da3736e5440bebb2e35bc4c.jpg,Inglés,No recomendada para menores de 16 años y distintivo especialmente recomendada para el fomento de la igualdad de género,Viernes 6 Marzo 2026,"Jessie Buckley, Christian Bale, Peter Sarsgaard, Annette Bening, Penelope Cruz, Jake Gyllenhaal, Julianne Hough, Louis Cancelmi, John Magaro, Linda Emond, Jeannie Berlin, Matthew Maher","En el Chicago de los años 30, un solitario Frankenstein pide la ayuda del Dr. Euphronius para crearse una compañera. Los dos resucitan a una joven asesinada y en ese momento nace la Novia, quien irá más allá de lo que cualquiera de los dos pretendía, encendiendo un romance apasionado, la atención de la policía y un movimiento social salvaje y radical."
AMARGA NAVIDAD,Pedro Almodóvar,111,09,16:00,2026-03-21,Renoir Princesa,https://www.pillalas.com/pase/1060297/,https://www.cinesrenoir.com/pelicula/amarga-navidad/,https://media.pillalas.com/imagenes/726afb526abffa83b60c45c3634993c0e9bd987d873c6c32a8009c3b4ee414d3a40e41c1.jpg,Castellano,No recomendada para menores de 12 años,Viernes 20 Marzo 2026,"Bárbara Lennie, Leonardo Sbaraglia, Aitana Sánchez-Gijón, Victoria Luengo, Patrick Criado, Milena Smit, Quim Gutiérrez, Rossy De Palma, Carmen Machi, Gloria Muñoz","Elsa es una directora de publicidad cuya madre muere durante un largo puente del mes de diciembre. Encuentra refugio en el trabajo, aunque es más bien una huida hacia adelante. Trabaja sin parar y, sin darse cuenta, no se concede el tiempo necesario para guardar el duelo por la ausencia materna. Hasta que una crisis de pánico la obliga a detenerse e imponerse un descanso. Su pareja, Bonifacio, es su tabla de salvación en esos momentos de crisis. Elsa decide viajar a la isla de Lanzarote acompañada por su amiga Patricia, que también necesita alejarse de Madrid, mientras que Bonifacio se queda en la ciudad.
La historia de estos tres personajes, y algunos más, se narran paralelamente a la del guionista y director de cine Raúl Durán, entremezclando ficción y realidad. Porque ‘Amarga Navidad’ desarrolla cómo la vida y la ficción están unidas de un modo indisoluble, incluso doloroso en ocasiones."
AMARGA NAVIDAD,Pedro Almodóvar,111,09,18:10,2026-03-21,Renoir Princesa,https://www.pillalas.com/pase/1060301/,https://www.cinesrenoir.com/pelicula/amarga-navidad/,https://media.pillalas.com/imagenes/726afb526abffa83b60c45c3634993c0e9bd987d873c6c32a8009c3b4ee414d3a40e41c1.jpg,Castellano,No recomendada para menores de 12 años,Viernes 20 Marzo 2026,"Bárbara Lennie, Leonardo Sbaraglia, Aitana Sánchez-Gijón, Victoria Luengo, Patrick Criado, Milena Smit, Quim Gutiérrez, Rossy De Palma, Carmen Machi, Gloria Muñoz","Elsa es una directora de publicidad cuya madre muere durante un largo puente del mes de diciembre. Encuentra refugio en el trabajo, aunque es más bien una huida hacia adelante. Trabaja sin parar y, sin darse cuenta, no se concede el tiempo necesario para guardar el duelo por la ausencia materna. Hasta que una crisis de pánico la obliga a detenerse e imponerse un descanso. Su pareja, Bonifacio, es su tabla de salvación en esos momentos de crisis. Elsa decide viajar a la isla de Lanzarote acompañada por su amiga Patricia, que también necesita alejarse de Madrid, mientras que Bonifacio se queda en la ciudad.
La historia de estos tres personajes, y algunos más, se narran paralelamente a la del guionista y director de cine Raúl Durán, entremezclando ficción y realidad. Porque ‘Amarga Navidad’ desarrolla cómo la vida y la ficción están unidas de un modo indisoluble, incluso doloroso en ocasiones."
AMARGA NAVIDAD,Pedro Almodóvar,111,10,19:00,2026-03-21,Renoir Princesa,https://www.pillalas.com/pase/1060378/,https://www.cinesrenoir.com/pelicula/amarga-navidad/,https://media.pillalas.com/imagenes/726afb526abffa83b60c45c3634993c0e9bd987d873c6c32a8009c3b4ee414d3a40e41c1.jpg,Castellano,No recomendada para menores de 12 años,Viernes 20 Marzo 2026,"Bárbara Lennie, Leonardo Sbaraglia, Aitana Sánchez-Gijón, Victoria Luengo, Patrick Criado, Milena Smit, Quim Gutiérrez, Rossy De Palma, Carmen Machi, Gloria Muñoz","Elsa es una directora de publicidad cuya madre muere durante un largo puente del mes de diciembre. Encuentra refugio en el trabajo, aunque es más bien una huida hacia adelante. Trabaja sin parar y, sin darse cuenta, no se concede el tiempo necesario para guardar el duelo por la ausencia materna. Hasta que una crisis de pánico la obliga a detenerse e imponerse un descanso. Su pareja, Bonifacio, es su tabla de salvación en esos momentos de crisis. Elsa decide viajar a la isla de Lanzarote acompañada por su amiga Patricia, que también necesita alejarse de Madrid, mientras que Bonifacio se queda en la ciudad.
La historia de estos tres personajes, y algunos más, se narran paralelamente a la del guionista y director de cine Raúl Durán, entremezclando ficción y realidad. Porque ‘Amarga Navidad’ desarrolla cómo la vida y la ficción están unidas de un modo indisoluble, incluso doloroso en ocasiones."
AMARGA NAVIDAD,Pedro Almodóvar,111,09,20:20,2026-03-21,Renoir Princesa,https://www.pillalas.com/pase/1060304/,https://www.cinesrenoir.com/pelicula/amarga-navidad/,https://media.pillalas.com/imagenes/726afb526abffa83b60c45c3634993c0e9bd987d873c6c32a8009c3b4ee414d3a40e41c1.jpg,Castellano,No recomendada para menores de 12 años,Viernes 20 Marzo 2026,"Bárbara Lennie, Leonardo Sbaraglia, Aitana Sánchez-Gijón, Victoria Luengo, Patrick Criado, Milena Smit, Quim Gutiérrez, Rossy De Palma, Carmen Machi, Gloria Muñoz","Elsa es una directora de publicidad cuya madre muere durante un largo puente del mes de diciembre. Encuentra refugio en el trabajo, aunque es más bien una huida hacia adelante. Trabaja sin parar y, sin darse cuenta, no se concede el tiempo necesario para guardar el duelo por la ausencia materna. Hasta que una crisis de pánico la obliga a detenerse e imponerse un descanso. Su pareja, Bonifacio, es su tabla de salvación en esos momentos de crisis. Elsa decide viajar a la isla de Lanzarote acompañada por su amiga Patricia, que también necesita alejarse de Madrid, mientras que Bonifacio se queda en la ciudad.
La historia de estos tres personajes, y algunos más, se narran paralelamente a la del guionista y director de cine Raúl Durán, entremezclando ficción y realidad. Porque ‘Amarga Navidad’ desarrolla cómo la vida y la ficción están unidas de un modo indisoluble, incluso doloroso en ocasiones."
AMARGA NAVIDAD,Pedro Almodóvar,111,09,22:30,2026-03-21,Renoir Princesa,https://www.pillalas.com/pase/1060308/,https://www.cinesrenoir.com/pelicula/amarga-navidad/,https://media.pillalas.com/imagenes/726afb526abffa83b60c45c3634993c0e9bd987d873c6c32a8009c3b4ee414d3a40e41c1.jpg,Castellano,No recomendada para menores de 12 años,Viernes 20 Marzo 2026,"Bárbara Lennie, Leonardo Sbaraglia, Aitana Sánchez-Gijón, Victoria Luengo, Patrick Criado, Milena Smit, Quim Gutiérrez, Rossy De Palma, Carmen Machi, Gloria Muñoz","Elsa es una directora de publicidad cuya madre muere durante un largo puente del mes de diciembre. Encuentra refugio en el trabajo, aunque es más bien una huida hacia adelante. Trabaja sin parar y, sin darse cuenta, no se concede el tiempo necesario para guardar el duelo por la ausencia materna. Hasta que una crisis de pánico la obliga a detenerse e imponerse un descanso. Su pareja, Bonifacio, es su tabla de salvación en esos momentos de crisis. Elsa decide viajar a la isla de Lanzarote acompañada por su amiga Patricia, que también necesita alejarse de Madrid, mientras que Bonifacio se queda en la ciudad.
La historia de estos tres personajes, y algunos más, se narran paralelamente a la del guionista y director de cine Raúl Durán, entremezclando ficción y realidad. Porque ‘Amarga Navidad’ desarrolla cómo la vida y la ficción están unidas de un modo indisoluble, incluso doloroso en ocasiones."
CUMBRES BORRASCOSAS,Emerald Fennell,135,03,22:15,2026-03-21,Renoir Princesa,https://www.pillalas.com/pase/1060172/,https://www.cinesrenoir.com/pelicula/cumbres-borrascosas/,https://media.pillalas.com/imagenes/726afb526abffa83abe8577deb3c0674bd352fd2b0500497b1d5570f2dd570487210fc4e.jpg,Inglés,No recomendada para menores de 16 años,Viernes 13 Febrero 2026,"Margot Robbie, Jacob Elordi, Hong Chau, Alison Oliver, Owen Cooper, Shazad Latif, Martin Clunes, Ewan Mitchell, Amy Morgan, Jessica Knappett, Charlotte Mellington, Vy Nguyen","Adaptada a todo tipo de formatos en multitud de ocasiones, se trata de una trágica historia de pasiones encontradas en la Inglaterra rural más conservadora. Una historia de venganza y odio, de pasiones desatadas y amores desesperados que van más allá de la muerte ambientada en los brumosos y sombríos páramos de Yorkshire, al norte de Inglaterra."
EL AGENTE SECRETO,Kleber Mendonça Filho,160,04,16:00,2026-03-21,Renoir Princesa,https://www.pillalas.com/pase/1060163/,https://www.cinesrenoir.com/pelicula/el-agente-secreto/,https://media.pillalas.com/imagenes/726afb526abffa83bdba0b90e98cf11293bcd8b9c8be1af817aa6c045cd8f479730f7511.jpg,Portugués,No recomendada para menores de 16 años,Viernes 20 Febrero 2026,"Wagner Moura, Gabriel Leone, Udo Kier, Maria Fernanda Cândido","1977. En un Brasil atormentado por la dictadura militar, Marcelo, un cuarentón que huye de un pasado turbulento, llega a la ciudad de Recife, donde espera construir una nueva vida y reencontrarse con su hijo. Todo se complica cuando descubre que las fuerzas gubernamentales le persiguen y las amenazas de muerte se ciernen sobre su cabeza."
EL AGENTE SECRETO,Kleber Mendonça Filho,160,04,18:55,2026-03-21,Renoir Princesa,https://www.pillalas.com/pase/1060167/,https://www.cinesrenoir.com/pelicula/el-agente-secreto/,https://media.pillalas.com/imagenes/726afb526abffa83bdba0b90e98cf11293bcd8b9c8be1af817aa6c045cd8f479730f7511.jpg,Portugués,No recomendada para menores de 16 años,Viernes 20 Febrero 2026,"Wagner Moura, Gabriel Leone, Udo Kier, Maria Fernanda Cândido","1977. En un Brasil atormentado por la dictadura militar, Marcelo, un cuarentón que huye de un pasado turbulento, llega a la ciudad de Recife, donde espera construir una nueva vida y reencontrarse con su hijo. Todo se complica cuando descubre que las fuerzas gubernamentales le persiguen y las amenazas de muerte se ciernen sobre su cabeza."
EL AGENTE SECRETO,Kleber Mendonça Filho,160,04,21:50,2026-03-21,Renoir Princesa,https://www.pillalas.com/pase/1060171/,https://www.cinesrenoir.com/pelicula/el-agente-secreto/,https://media.pillalas.com/imagenes/726afb526abffa83bdba0b90e98cf11293bcd8b9c8be1af817aa6c045cd8f479730f7511.jpg,Portugués,No recomendada para menores de 16 años,Viernes 20 Febrero 2026,"Wagner Moura, Gabriel Leone, Udo Kier, Maria Fernanda Cândido","1977. En un Brasil atormentado por la dictadura militar, Marcelo, un cuarentón que huye de un pasado turbulento, llega a la ciudad de Recife, donde espera construir una nueva vida y reencontrarse con su hijo. Todo se complica cuando descubre que las fuerzas gubernamentales le persiguen y las amenazas de muerte se ciernen sobre su cabeza."
EL ARQUITECTO,Stéphane Demoustier,107,08,16:10,2026-03-21,Renoir Princesa,https://www.pillalas.com/pase/1060299/,https://www.cinesrenoir.com/pelicula/el-arquitecto/,https://media.pillalas.com/imagenes/726afb526abffa83aa265685f6781eacb3d2a1ce9f7ae8b5cb373d34a8a32da17572eb8a.jpg,Francés Y Danés,No recomendada para menores de 12 años,Viernes 13 Marzo 2026,"Claes Bang, Sidse Babett Knudsen, Swann Arlaud, Michel Fau, Xavier Dolan","1983. El nuevo gobierno francés convoca el mayor concurso de arquitectura. Codiciado por los grandes estudios, el ganador es, sorprendentemente, un absoluto desconocido: Johan Otto von Spreckelsen, un profesor de arquitectura danés que hasta entonces sólo había construido su casa y tres pequeñas capillas."
EL ARQUITECTO,Stéphane Demoustier,107,08,18:15,2026-03-21,Renoir Princesa,https://www.pillalas.com/pase/1060302/,https://www.cinesrenoir.com/pelicula/el-arquitecto/,https://media.pillalas.com/imagenes/726afb526abffa83aa265685f6781eacb3d2a1ce9f7ae8b5cb373d34a8a32da17572eb8a.jpg,Francés Y Danés,No recomendada para menores de 12 años,Viernes 13 Marzo 2026,"Claes Bang, Sidse Babett Knudsen, Swann Arlaud, Michel Fau, Xavier Dolan","1983. El nuevo gobierno francés convoca el mayor concurso de arquitectura. Codiciado por los grandes estudios, el ganador es, sorprendentemente, un absoluto desconocido: Johan Otto von Spreckelsen, un profesor de arquitectura danés que hasta entonces sólo había construido su casa y tres pequeñas capillas."
EL MAGO DEL KREMLIN,Olivier Assayas,145,10,16:10,2026-03-21,Renoir Princesa,https://www.pillalas.com/pase/1060298/,https://www.cinesrenoir.com/pelicula/el-mago-del-kremlin/,https://media.pillalas.com/imagenes/726afb526abffa833889e44ac42f5cc54d6019702d8546ebf4550316f78770131f777f2b.jpg,Inglés,No recomendada para menores de 12 años,Viernes 6 Marzo 2026,"Paul Dano, Alicia Vikander, Jude Law, Tom Sturridge, Jeffrey Wright, Will Keen","En medio del caos postsoviético de los años 90, el joven Vadim Baranov (Paul Dano) empieza a labrarse un camino como artista y productor de televisión. Su elocuencia y conexión con las altas esferas le llevan a convertirse, de la noche a la mañana, en el asesor de un agente del KGB con un brillante porvenir: Vladimir Putin (Jude Law). Desde las entrañas del poder, ambos darán forma a la nueva Rusia, difuminando, mediante manipulación, los límites entre la verdad y la mentira."
EL MAGO DEL KREMLIN,Olivier Assayas,145,10,21:45,2026-03-21,Renoir Princesa,https://www.pillalas.com/pase/1060306/,https://www.cinesrenoir.com/pelicula/el-mago-del-kremlin/,https://media.pillalas.com/imagenes/726afb526abffa833889e44ac42f5cc54d6019702d8546ebf4550316f78770131f777f2b.jpg,Inglés,No recomendada para menores de 12 años,Viernes 6 Marzo 2026,"Paul Dano, Alicia Vikander, Jude Law, Tom Sturridge, Jeffrey Wright, Will Keen","En medio del caos postsoviético de los años 90, el joven Vadim Baranov (Paul Dano) empieza a labrarse un camino como artista y productor de televisión. Su elocuencia y conexión con las altas esferas le llevan a convertirse, de la noche a la mañana, en el asesor de un agente del KGB con un brillante porvenir: Vladimir Putin (Jude Law). Desde las entrañas del poder, ambos darán forma a la nueva Rusia, difuminando, mediante manipulación, los límites entre la verdad y la mentira."
EL TESTAMENTO DE ANN LEE,Mona Fastvold,136,03,16:00,2026-03-21,Renoir Princesa,https://www.pillalas.com/pase/1060025/,https://www.cinesrenoir.com/pelicula/el-testamento-de-ann-lee/,https://media.pillalas.com/imagenes/726afb526abffa830b789c96ee6ff3b89647f6e742111b114addcc55b2329cb2e465f4c1.jpg,Inglés,No recomendada para menores de 16 años,Viernes 13 Marzo 2026,"Amanda Seyfried, Thomasin Mckenzie, Lewis Pullman, Christopher Abbott, Tim Blake Nelson, Stacy Martin, Matthew Beard, Scott Handy, Viola Prettejohn, Jamie Bogyo, David Cale","Película en torno a la leyenda real de Ann Lee, fundadora de la secta devocional conocida como los Shakers que predicaba la igualdad de género y social y era venerada por sus seguidores."
ELEGIR MI VIDA,Amélie Bonnin,96,07,15:50,2026-03-21,Renoir Princesa,https://www.pillalas.com/pase/1060296/,https://www.cinesrenoir.com/pelicula/elegir-mi-vida/,https://media.pillalas.com/imagenes/726afb526abffa83f8305cf2e84d7ba15df16005f879206ff895ebbe040eec79d27ccc2c.jpg,Francés,No recomendada para menores de 12 años,Viernes 20 Marzo 2026,"Juliette Armanet, Bastien Bouillon","Cécile (Juliette Armanet) está a punto de cumplir su sueño de abrir su propio restaurante, cuando su padre sufre un infarto y debe volver a su pequeño pueblo natal, lejos de la bulliciosa vida parisina. Allí, tiene un reencuentro inesperado con su amor de la adolescencia (Bastien Bouillon). A medida que resurgen los recuerdos, sus certezas comienzan a tambalearse…"
ELEGIR MI VIDA,Amélie Bonnin,96,03,18:30,2026-03-21,Renoir Princesa,https://www.pillalas.com/pase/1060166/,https://www.cinesrenoir.com/pelicula/elegir-mi-vida/,https://media.pillalas.com/imagenes/726afb526abffa83f8305cf2e84d7ba15df16005f879206ff895ebbe040eec79d27ccc2c.jpg,Francés,No recomendada para menores de 12 años,Viernes 20 Marzo 2026,"Juliette Armanet, Bastien Bouillon","Cécile (Juliette Armanet) está a punto de cumplir su sueño de abrir su propio restaurante, cuando su padre sufre un infarto y debe volver a su pequeño pueblo natal, lejos de la bulliciosa vida parisina. Allí, tiene un reencuentro inesperado con su amor de la adolescencia (Bastien Bouillon). A medida que resurgen los recuerdos, sus certezas comienzan a tambalearse…"
ELEGIR MI VIDA,Amélie Bonnin,96,03,20:25,2026-03-21,Renoir Princesa,https://www.pillalas.com/pase/1060170/,https://www.cinesrenoir.com/pelicula/elegir-mi-vida/,https://media.pillalas.com/imagenes/726afb526abffa83f8305cf2e84d7ba15df16005f879206ff895ebbe040eec79d27ccc2c.jpg,Francés,No recomendada para menores de 12 años,Viernes 20 Marzo 2026,"Juliette Armanet, Bastien Bouillon","Cécile (Juliette Armanet) está a punto de cumplir su sueño de abrir su propio restaurante, cuando su padre sufre un infarto y debe volver a su pequeño pueblo natal, lejos de la bulliciosa vida parisina. Allí, tiene un reencuentro inesperado con su amor de la adolescencia (Bastien Bouillon). A medida que resurgen los recuerdos, sus certezas comienzan a tambalearse…"
HAMNET,Chloé Zhao,125,06,16:00,2026-03-21,Renoir Princesa,https://www.pillalas.com/pase/1060162/,https://www.cinesrenoir.com/pelicula/hamnet/,https://www.cinesrenoir.com/media/Peliculas/Cartel/HAMNET_Cartel_Digital_8Nominaciones_Oscar_YaEnCines_v2_2.jpg,Inglés,No recomendada para menores de 12 años,Viernes 23 Enero 2026,"Jessie Buckley, Paul Mescal, Joe Alwyn, Emily Watson","Año 1596, Stratford-upon-Avon, Inglaterra. La vida de Agnes transcurre plácidamente junto a su marido y sus tres hijos. Ella cultiva plantas medicinales mientras William trabaja en Londres. El destino, sin embargo, les reservará un duro golpe cuando su hijo Hamnet, de once años, muera repentinamente tras contraer la peste. A raíz de esta tragedia, su padre creará uno de los grandes personajes de la literatura universal, de nombre casi idéntico al de su hijo.


Pero esta película no habla de famosos sucesos sino de algo íntimo y olvidado: La vida de esta familia, y especialmente la de la mujer que la sostenía y que tuvo que cargar con una insoportable pérdida."
HAMNET,Chloé Zhao,125,05,17:50,2026-03-21,Renoir Princesa,https://www.pillalas.com/pase/1060164/,https://www.cinesrenoir.com/pelicula/hamnet/,https://www.cinesrenoir.com/media/Peliculas/Cartel/HAMNET_Cartel_Digital_8Nominaciones_Oscar_YaEnCines_v2_2.jpg,Inglés,No recomendada para menores de 12 años,Viernes 23 Enero 2026,"Jessie Buckley, Paul Mescal, Joe Alwyn, Emily Watson","Año 1596, Stratford-upon-Avon, Inglaterra. La vida de Agnes transcurre plácidamente junto a su marido y sus tres hijos. Ella cultiva plantas medicinales mientras William trabaja en Londres. El destino, sin embargo, les reservará un duro golpe cuando su hijo Hamnet, de once años, muera repentinamente tras contraer la peste. A raíz de esta tragedia, su padre creará uno de los grandes personajes de la literatura universal, de nombre casi idéntico al de su hijo.


Pero esta película no habla de famosos sucesos sino de algo íntimo y olvidado: La vida de esta familia, y especialmente la de la mujer que la sostenía y que tuvo que cargar con una insoportable pérdida."
HAMNET,Chloé Zhao,125,05,20:10,2026-03-21,Renoir Princesa,https://www.pillalas.com/pase/1060168/,https://www.cinesrenoir.com/pelicula/hamnet/,https://www.cinesrenoir.com/media/Peliculas/Cartel/HAMNET_Cartel_Digital_8Nominaciones_Oscar_YaEnCines_v2_2.jpg,Inglés,No recomendada para menores de 12 años,Viernes 23 Enero 2026,"Jessie Buckley, Paul Mescal, Joe Alwyn, Emily Watson","Año 1596, Stratford-upon-Avon, Inglaterra. La vida de Agnes transcurre plácidamente junto a su marido y sus tres hijos. Ella cultiva plantas medicinales mientras William trabaja en Londres. El destino, sin embargo, les reservará un duro golpe cuando su hijo Hamnet, de once años, muera repentinamente tras contraer la peste. A raíz de esta tragedia, su padre creará uno de los grandes personajes de la literatura universal, de nombre casi idéntico al de su hijo.


Pero esta película no habla de famosos sucesos sino de algo íntimo y olvidado: La vida de esta familia, y especialmente la de la mujer que la sostenía y que tuvo que cargar con una insoportable pérdida."
HAMNET,Chloé Zhao,125,06,22:20,2026-03-21,Renoir Princesa,https://www.pillalas.com/pase/1060173/,https://www.cinesrenoir.com/pelicula/hamnet/,https://www.cinesrenoir.com/media/Peliculas/Cartel/HAMNET_Cartel_Digital_8Nominaciones_Oscar_YaEnCines_v2_2.jpg,Inglés,No recomendada para menores de 12 años,Viernes 23 Enero 2026,"Jessie Buckley, Paul Mescal, Joe Alwyn, Emily Watson","Año 1596, Stratford-upon-Avon, Inglaterra. La vida de Agnes transcurre plácidamente junto a su marido y sus tres hijos. Ella cultiva plantas medicinales mientras William trabaja en Londres. El destino, sin embargo, les reservará un duro golpe cuando su hijo Hamnet, de once años, muera repentinamente tras contraer la peste. A raíz de esta tragedia, su padre creará uno de los grandes personajes de la literatura universal, de nombre casi idéntico al de su hijo.


Pero esta película no habla de famosos sucesos sino de algo íntimo y olvidado: La vida de esta familia, y especialmente la de la mujer que la sostenía y que tuvo que cargar con una insoportable pérdida."
LOS DOMINGOS,Alauda Ruiz De Azúa,115,02,18:00,2026-03-21,Renoir Princesa,https://www.pillalas.com/pase/1060026/,https://www.cinesrenoir.com/pelicula/los-domingos/,https://www.cinesrenoir.com/media/Peliculas/Cartel/los_domingos_poster.jpg,Castellano,No recomendada para menores de 12 años,Viernes 24 Octubre 2025,"Patricia López Arnaiz, Blanca Soroa, Miguel Garcés, Juan Minujín, Mabel Rivera, Nagore Aramburu","'Los domingos' cuenta la historia de Ainara (Soroa), una joven idealista y brillante de 17 años que ha de decidir qué carrera universitaria estudiará. O, al menos, eso espera su familia que haga. Sin embargo, la joven manifiesta que se siente cada vez más cerca de Dios y que se plantea abrazar la vida de monja de clausura. La noticia pilla por sorpresa a toda la familia provocando un abismo y una prueba de fuego para todos."
LOS DOMINGOS,Alauda Ruiz De Azúa,115,02,20:15,2026-03-21,Renoir Princesa,https://www.pillalas.com/pase/1060027/,https://www.cinesrenoir.com/pelicula/los-domingos/,https://www.cinesrenoir.com/media/Peliculas/Cartel/los_domingos_poster.jpg,Castellano,No recomendada para menores de 12 años,Viernes 24 Octubre 2025,"Patricia López Arnaiz, Blanca Soroa, Miguel Garcés, Juan Minujín, Mabel Rivera, Nagore Aramburu","'Los domingos' cuenta la historia de Ainara (Soroa), una joven idealista y brillante de 17 años que ha de decidir qué carrera universitaria estudiará. O, al menos, eso espera su familia que haga. Sin embargo, la joven manifiesta que se siente cada vez más cerca de Dios y que se plantea abrazar la vida de monja de clausura. La noticia pilla por sorpresa a toda la familia provocando un abismo y una prueba de fuego para todos."
PILLION,Harry Lighton,106,11,16:00,2026-03-21,Renoir Princesa,https://www.pillalas.com/pase/1060376/,https://www.cinesrenoir.com/pelicula/pillion/,https://www.cinesrenoir.com/media/Peliculas/Cartel/POSTER_2_3_web_1_1_1.png,Inglés,No recomendada para menores de 16 años,Viernes 6 Marzo 2026,"Harry Melling, Alexander Skarsgård, Lesley Sharp, Douglas Hodge","Colin, un chico introvertido, se queda prendado de Ray, el carismático y atractivo líder de una banda de moteros que le toma como su sumiso, dinamitando su rutina y cambiándole la vida."
PILLION,Harry Lighton,106,11,18:05,2026-03-21,Renoir Princesa,https://www.pillalas.com/pase/1060377/,https://www.cinesrenoir.com/pelicula/pillion/,https://www.cinesrenoir.com/media/Peliculas/Cartel/POSTER_2_3_web_1_1_1.png,Inglés,No recomendada para menores de 16 años,Viernes 6 Marzo 2026,"Harry Melling, Alexander Skarsgård, Lesley Sharp, Douglas Hodge","Colin, un chico introvertido, se queda prendado de Ray, el carismático y atractivo líder de una banda de moteros que le toma como su sumiso, dinamitando su rutina y cambiándole la vida."
PILLION,Harry Lighton,106,11,20:10,2026-03-21,Renoir Princesa,https://www.pillalas.com/pase/1060379/,https://www.cinesrenoir.com/pelicula/pillion/,https://www.cinesrenoir.com/media/Peliculas/Cartel/POSTER_2_3_web_1_1_1.png,Inglés,No recomendada para menores de 16 años,Viernes 6 Marzo 2026,"Harry Melling, Alexander Skarsgård, Lesley Sharp, Douglas Hodge","Colin, un chico introvertido, se queda prendado de Ray, el carismático y atractivo líder de una banda de moteros que le toma como su sumiso, dinamitando su rutina y cambiándole la vida."
PILLION,Harry Lighton,106,11,22:15,2026-03-21,Renoir Princesa,https://www.pillalas.com/pase/1060380/,https://www.cinesrenoir.com/pelicula/pillion/,https://www.cinesrenoir.com/media/Peliculas/Cartel/POSTER_2_3_web_1_1_1.png,Inglés,No recomendada para menores de 16 años,Viernes 6 Marzo 2026,"Harry Melling, Alexander Skarsgård, Lesley Sharp, Douglas Hodge","Colin, un chico introvertido, se queda prendado de Ray, el carismático y atractivo líder de una banda de moteros que le toma como su sumiso, dinamitando su rutina y cambiándole la vida."
SIRAT,Óliver Laxe,120,02,15:50,2026-03-21,Renoir Princesa,https://www.pillalas.com/pase/1060024/,https://www.cinesrenoir.com/pelicula/sirat/,https://www.cinesrenoir.com/media/Peliculas/Cartel/SIRAT_ONLINE_GOYAOSCARS.jpg,Castellano Y Otros,No recomendada para menores de 16 años,Viernes 6 Junio 2025,"Sergi López, Bruno Núñez, Stefania Gadda, Joshua Liam Herderson, Tonin Javier, Jade Ouki, Richard Bellamyun","Un hombre (López) y su hijo (Nuñez) llegan a una rave perdida en medio de las áridas y fantasmagóricas montañas del sur de Marruecos. Buscan allí a Mar, su hija y hermana, desaparecida hace meses en una de estas fiestas sin amanecer. Reparten una y otra vez su foto rodeados de música electrónica y de un tipo de libertad que desconocen. Empujados por el destino, y con la esperanza de encontrar ahí a Mar, deciden seguir a un grupo de raveros hacia la última fiesta que se celebrará en el desierto."
SIRAT,Óliver Laxe,120,02,22:30,2026-03-21,Renoir Princesa,https://www.pillalas.com/pase/1060028/,https://www.cinesrenoir.com/pelicula/sirat/,https://www.cinesrenoir.com/media/Peliculas/Cartel/SIRAT_ONLINE_GOYAOSCARS.jpg,Castellano Y Otros,No recomendada para menores de 16 años,Viernes 6 Junio 2025,"Sergi López, Bruno Núñez, Stefania Gadda, Joshua Liam Herderson, Tonin Javier, Jade Ouki, Richard Bellamyun","Un hombre (López) y su hijo (Nuñez) llegan a una rave perdida en medio de las áridas y fantasmagóricas montañas del sur de Marruecos. Buscan allí a Mar, su hija y hermana, desaparecida hace meses en una de estas fiestas sin amanecer. Reparten una y otra vez su foto rodeados de música electrónica y de un tipo de libertad que desconocen. Empujados por el destino, y con la esperanza de encontrar ahí a Mar, deciden seguir a un grupo de raveros hacia la última fiesta que se celebrará en el desierto."
TORRENTE PRESIDENTE,Santiago Segura,103,05,15:50,2026-03-21,Renoir Princesa,https://www.pillalas.com/pase/1060161/,https://www.cinesrenoir.com/pelicula/torrente-presidente/,https://www.cinesrenoir.com/media/Peliculas/Cartel/torrente_presidente1.jpg,Castellano,No recomendada para menores de 16 años,Viernes 13 Marzo 2026,"Santiago Segura, Leo Harlem, Ramón Langa",Sexta entrega de Torrente.
TORRENTE PRESIDENTE,Santiago Segura,103,06,18:20,2026-03-21,Renoir Princesa,https://www.pillalas.com/pase/1060165/,https://www.cinesrenoir.com/pelicula/torrente-presidente/,https://www.cinesrenoir.com/media/Peliculas/Cartel/torrente_presidente1.jpg,Castellano,No recomendada para menores de 16 años,Viernes 13 Marzo 2026,"Santiago Segura, Leo Harlem, Ramón Langa",Sexta entrega de Torrente.
TORRENTE PRESIDENTE,Santiago Segura,103,06,20:20,2026-03-21,Renoir Princesa,https://www.pillalas.com/pase/1060169/,https://www.cinesrenoir.com/pelicula/torrente-presidente/,https://www.cinesrenoir.com/media/Peliculas/Cartel/torrente_presidente1.jpg,Castellano,No recomendada para menores de 16 años,Viernes 13 Marzo 2026,"Santiago Segura, Leo Harlem, Ramón Langa",Sexta entrega de Torrente.
TORRENTE PRESIDENTE,Santiago Segura,103,05,22:30,2026-03-21,Renoir Princesa,https://www.pillalas.com/pase/1060174/,https://www.cinesrenoir.com/pelicula/torrente-presidente/,https://www.cinesrenoir.com/media/Peliculas/Cartel/torrente_presidente1.jpg,Castellano,No recomendada para menores de 16 años,Viernes 13 Marzo 2026,"Santiago Segura, Leo Harlem, Ramón Langa",Sexta entrega de Torrente.
TRES ADIOSES,Isabel Coixet,122,07,17:45,2026-03-21,Renoir Princesa,https://www.pillalas.com/pase/1060300/,https://www.cinesrenoir.com/pelicula/tres-adioses/,https://media.pillalas.com/imagenes/726afb526abffa832ea2a44a189894de905fc7e94534a8bf4ef6bf13e5ccdfe90922c22e.jpg,Italiano,No recomendada para menores de 12 años,Viernes 6 Febrero 2026,"Alba Rohrwacher, Elio Germano, Francesco Carril, Silvia D Amico, Galatea Bellugi, Sarita Choudhury","Tras lo que parecía una discusión sin importancia, Marta (Alba Rohrwacher) y Antonio (Elio Germano) se separan. Él, un chef prometedor, se refugia en sus fogones; ella, en su silencio, empieza a notar algo más que tristeza: ha perdido el apetito… y no solo por desamor. Cuando descubre que detrás hay un problema de salud, todo da un giro inesperado: la comida sabe mejor, la música le llega como nunca y el deseo despierta sus ganas de vivir sin miedo.
Una historia sobre el amor, la vida y esos momentos que lo cambian todo para siempre."
TRES ADIOSES,Isabel Coixet,122,07,20:05,2026-03-21,Renoir Princesa,https://www.pillalas.com/pase/1060303/,https://www.cinesrenoir.com/pelicula/tres-adioses/,https://media.pillalas.com/imagenes/726afb526abffa832ea2a44a189894de905fc7e94534a8bf4ef6bf13e5ccdfe90922c22e.jpg,Italiano,No recomendada para menores de 12 años,Viernes 6 Febrero 2026,"Alba Rohrwacher, Elio Germano, Francesco Carril, Silvia D Amico, Galatea Bellugi, Sarita Choudhury","Tras lo que parecía una discusión sin importancia, Marta (Alba Rohrwacher) y Antonio (Elio Germano) se separan. Él, un chef prometedor, se refugia en sus fogones; ella, en su silencio, empieza a notar algo más que tristeza: ha perdido el apetito… y no solo por desamor. Cuando descubre que detrás hay un problema de salud, todo da un giro inesperado: la comida sabe mejor, la música le llega como nunca y el deseo despierta sus ganas de vivir sin miedo.
Una historia sobre el amor, la vida y esos momentos que lo cambian todo para siempre."
UNA BATALLA TRAS OTRA,Paul Thomas Anderson,161,08,20:30,2026-03-21,Renoir Princesa,https://www.pillalas.com/pase/1060305/,https://www.cinesrenoir.com/pelicula/una-batalla-tras-otra/,https://media.pillalas.com/imagenes/726afb526abffa83067d351656e3959d62491a4b950d2e053e036c244c54d5060d7521c0.jpg,Inglés,No recomendada para menores de 16 años,Viernes 26 Septiembre 2025,"Leonardo Dicaprio, Sean Penn, Benicio Del Toro, Regina Hall, Teyana Taylor, Wood Harris, Alana Haim, Shayna Mchayle, Chase Infiniti, Starletta Dupois, Joe Silva, Eric Schweig, Tony Goldwyn, James Downey, John Hoogenakker, Kevin Tighe, D.W. Moffett, James Raterman","Cuando su malvado enemigo resurge después de 16 años, una banda de exrevolucionarios se reúne para rescatar a la hija de uno de los suyos, encarnado por Leonardo DiCaprio. Adaptación de la novela 'Vineland', de Thomas Pynchon, escrita en 1990, sobre los movimientos radicales de los años sesenta."
UNA HIJA EN TOKIO,Guillaume Senez,99,01,16:00,2026-03-21,Renoir Princesa,https://www.pillalas.com/pase/1059995/,https://www.cinesrenoir.com/pelicula/una-hija-en-tokio/,https://media.pillalas.com/imagenes/726afb526abffa8327fbd986c984eb728e0f1c714c7a6aa328ebfc96eb29c6586b207f0e.jpg,Francés,No recomendada para menores de 7 años,Viernes 20 Marzo 2026,"Romain Duris, Judith Chemla, Mei Cirne-Masuki","Cada día, Jérôme (Romain Duris) recorre Tokio con su taxi mientras intenta encontrar a su hija, Lily. Nueve años después de separarse y sin haber logrado su custodia, empieza a pensar que es hora de rendirse y volver a Francia. Pero cuando está a punto de hacerlo, Lily sube a su taxi."
UNA HIJA EN TOKIO,Guillaume Senez,99,01,20:00,2026-03-21,Renoir Princesa,https://www.pillalas.com/pase/1059997/,https://www.cinesrenoir.com/pelicula/una-hija-en-tokio/,https://media.pillalas.com/imagenes/726afb526abffa8327fbd986c984eb728e0f1c714c7a6aa328ebfc96eb29c6586b207f0e.jpg,Francés,No recomendada para menores de 7 años,Viernes 20 Marzo 2026,"Romain Duris, Judith Chemla, Mei Cirne-Masuki","Cada día, Jérôme (Romain Duris) recorre Tokio con su taxi mientras intenta encontrar a su hija, Lily. Nueve años después de separarse y sin haber logrado su custodia, empieza a pensar que es hora de rendirse y volver a Francia. Pero cuando está a punto de hacerlo, Lily sube a su taxi."
YOUR NAME,Makoto Shinkai,102,01,18:00,2026-03-21,Renoir Princesa,https://www.pillalas.com/pase/1059996/,https://www.cinesrenoir.com/pelicula/your-name/,https://media.pillalas.com/imagenes/726afb526abffa83435eee5e44e4c3acaff582df82190623018df78698c1718df8cfb644.jpg,Japonés,Apta para todos los públicos,Viernes 20 Marzo 2026,Animation,"Taki y Mitsuha descubren un día que durante el sueño sus cuerpos se intercambian, y comienzan a comunicarse por medio de notas. A medida que consiguen superar torpemente un reto tras otro, se va creando entre los dos un vínculo que poco a poco se convierte en algo más romántico."
YOUR NAME,Makoto Shinkai,102,01,22:00,2026-03-21,Renoir Princesa,https://www.pillalas.com/pase/1059998/,https://www.cinesrenoir.com/pelicula/your-name/,https://media.pillalas.com/imagenes/726afb526abffa83435eee5e44e4c3acaff582df82190623018df78698c1718df8cfb644.jpg,Japonés,Apta para todos los públicos,Viernes 20 Marzo 2026,Animation,"Taki y Mitsuha descubren un día que durante el sueño sus cuerpos se intercambian, y comienzan a comunicarse por medio de notas. A medida que consiguen superar torpemente un reto tras otro, se va creando entre los dos un vínculo que poco a poco se convierte en algo más romántico."
¡LA NOVIA!,Maggie Gyllenhaal,126,07,22:20,2026-03-21,Renoir Princesa,https://www.pillalas.com/pase/1060307/,https://www.cinesrenoir.com/pelicula/la-novia/,https://media.pillalas.com/imagenes/726afb526abffa834d5e9976411fdc20e28407e451a89b449da3736e5440bebb2e35bc4c.jpg,Inglés,No recomendada para menores de 16 años y distintivo especialmente recomendada para el fomento de la igualdad de género,Viernes 6 Marzo 2026,"Jessie Buckley, Christian Bale, Peter Sarsgaard, Annette Bening, Penelope Cruz, Jake Gyllenhaal, Julianne Hough, Louis Cancelmi, John Magaro, Linda Emond, Jeannie Berlin, Matthew Maher","En el Chicago de los años 30, un solitario Frankenstein pide la ayuda del Dr. Euphronius para crearse una compañera. Los dos resucitan a una joven asesinada y en ese momento nace la Novia, quien irá más allá de lo que cualquiera de los dos pretendía, encendiendo un romance apasionado, la atención de la policía y un movimiento social salvaje y radical."
AMARGA NAVIDAD,Pedro Almodóvar,111,09,16:00,2026-03-22,Renoir Princesa,https://www.pillalas.com/pase/1060310/,https://www.cinesrenoir.com/pelicula/amarga-navidad/,https://media.pillalas.com/imagenes/726afb526abffa83b60c45c3634993c0e9bd987d873c6c32a8009c3b4ee414d3a40e41c1.jpg,Castellano,No recomendada para menores de 12 años,Viernes 20 Marzo 2026,"Bárbara Lennie, Leonardo Sbaraglia, Aitana Sánchez-Gijón, Victoria Luengo, Patrick Criado, Milena Smit, Quim Gutiérrez, Rossy De Palma, Carmen Machi, Gloria Muñoz","Elsa es una directora de publicidad cuya madre muere durante un largo puente del mes de diciembre. Encuentra refugio en el trabajo, aunque es más bien una huida hacia adelante. Trabaja sin parar y, sin darse cuenta, no se concede el tiempo necesario para guardar el duelo por la ausencia materna. Hasta que una crisis de pánico la obliga a detenerse e imponerse un descanso. Su pareja, Bonifacio, es su tabla de salvación en esos momentos de crisis. Elsa decide viajar a la isla de Lanzarote acompañada por su amiga Patricia, que también necesita alejarse de Madrid, mientras que Bonifacio se queda en la ciudad.
La historia de estos tres personajes, y algunos más, se narran paralelamente a la del guionista y director de cine Raúl Durán, entremezclando ficción y realidad. Porque ‘Amarga Navidad’ desarrolla cómo la vida y la ficción están unidas de un modo indisoluble, incluso doloroso en ocasiones."
AMARGA NAVIDAD,Pedro Almodóvar,111,09,18:10,2026-03-22,Renoir Princesa,https://www.pillalas.com/pase/1060314/,https://www.cinesrenoir.com/pelicula/amarga-navidad/,https://media.pillalas.com/imagenes/726afb526abffa83b60c45c3634993c0e9bd987d873c6c32a8009c3b4ee414d3a40e41c1.jpg,Castellano,No recomendada para menores de 12 años,Viernes 20 Marzo 2026,"Bárbara Lennie, Leonardo Sbaraglia, Aitana Sánchez-Gijón, Victoria Luengo, Patrick Criado, Milena Smit, Quim Gutiérrez, Rossy De Palma, Carmen Machi, Gloria Muñoz","Elsa es una directora de publicidad cuya madre muere durante un largo puente del mes de diciembre. Encuentra refugio en el trabajo, aunque es más bien una huida hacia adelante. Trabaja sin parar y, sin darse cuenta, no se concede el tiempo necesario para guardar el duelo por la ausencia materna. Hasta que una crisis de pánico la obliga a detenerse e imponerse un descanso. Su pareja, Bonifacio, es su tabla de salvación en esos momentos de crisis. Elsa decide viajar a la isla de Lanzarote acompañada por su amiga Patricia, que también necesita alejarse de Madrid, mientras que Bonifacio se queda en la ciudad.
La historia de estos tres personajes, y algunos más, se narran paralelamente a la del guionista y director de cine Raúl Durán, entremezclando ficción y realidad. Porque ‘Amarga Navidad’ desarrolla cómo la vida y la ficción están unidas de un modo indisoluble, incluso doloroso en ocasiones."
AMARGA NAVIDAD,Pedro Almodóvar,111,10,19:00,2026-03-22,Renoir Princesa,https://www.pillalas.com/pase/1060383/,https://www.cinesrenoir.com/pelicula/amarga-navidad/,https://media.pillalas.com/imagenes/726afb526abffa83b60c45c3634993c0e9bd987d873c6c32a8009c3b4ee414d3a40e41c1.jpg,Castellano,No recomendada para menores de 12 años,Viernes 20 Marzo 2026,"Bárbara Lennie, Leonardo Sbaraglia, Aitana Sánchez-Gijón, Victoria Luengo, Patrick Criado, Milena Smit, Quim Gutiérrez, Rossy De Palma, Carmen Machi, Gloria Muñoz","Elsa es una directora de publicidad cuya madre muere durante un largo puente del mes de diciembre. Encuentra refugio en el trabajo, aunque es más bien una huida hacia adelante. Trabaja sin parar y, sin darse cuenta, no se concede el tiempo necesario para guardar el duelo por la ausencia materna. Hasta que una crisis de pánico la obliga a detenerse e imponerse un descanso. Su pareja, Bonifacio, es su tabla de salvación en esos momentos de crisis. Elsa decide viajar a la isla de Lanzarote acompañada por su amiga Patricia, que también necesita alejarse de Madrid, mientras que Bonifacio se queda en la ciudad.
La historia de estos tres personajes, y algunos más, se narran paralelamente a la del guionista y director de cine Raúl Durán, entremezclando ficción y realidad. Porque ‘Amarga Navidad’ desarrolla cómo la vida y la ficción están unidas de un modo indisoluble, incluso doloroso en ocasiones."
AMARGA NAVIDAD,Pedro Almodóvar,111,09,20:20,2026-03-22,Renoir Princesa,https://www.pillalas.com/pase/1060317/,https://www.cinesrenoir.com/pelicula/amarga-navidad/,https://media.pillalas.com/imagenes/726afb526abffa83b60c45c3634993c0e9bd987d873c6c32a8009c3b4ee414d3a40e41c1.jpg,Castellano,No recomendada para menores de 12 años,Viernes 20 Marzo 2026,"Bárbara Lennie, Leonardo Sbaraglia, Aitana Sánchez-Gijón, Victoria Luengo, Patrick Criado, Milena Smit, Quim Gutiérrez, Rossy De Palma, Carmen Machi, Gloria Muñoz","Elsa es una directora de publicidad cuya madre muere durante un largo puente del mes de diciembre. Encuentra refugio en el trabajo, aunque es más bien una huida hacia adelante. Trabaja sin parar y, sin darse cuenta, no se concede el tiempo necesario para guardar el duelo por la ausencia materna. Hasta que una crisis de pánico la obliga a detenerse e imponerse un descanso. Su pareja, Bonifacio, es su tabla de salvación en esos momentos de crisis. Elsa decide viajar a la isla de Lanzarote acompañada por su amiga Patricia, que también necesita alejarse de Madrid, mientras que Bonifacio se queda en la ciudad.
La historia de estos tres personajes, y algunos más, se narran paralelamente a la del guionista y director de cine Raúl Durán, entremezclando ficción y realidad. Porque ‘Amarga Navidad’ desarrolla cómo la vida y la ficción están unidas de un modo indisoluble, incluso doloroso en ocasiones."
AMARGA NAVIDAD,Pedro Almodóvar,111,09,22:30,2026-03-22,Renoir Princesa,https://www.pillalas.com/pase/1060321/,https://www.cinesrenoir.com/pelicula/amarga-navidad/,https://media.pillalas.com/imagenes/726afb526abffa83b60c45c3634993c0e9bd987d873c6c32a8009c3b4ee414d3a40e41c1.jpg,Castellano,No recomendada para menores de 12 años,Viernes 20 Marzo 2026,"Bárbara Lennie, Leonardo Sbaraglia, Aitana Sánchez-Gijón, Victoria Luengo, Patrick Criado, Milena Smit, Quim Gutiérrez, Rossy De Palma, Carmen Machi, Gloria Muñoz","Elsa es una directora de publicidad cuya madre muere durante un largo puente del mes de diciembre. Encuentra refugio en el trabajo, aunque es más bien una huida hacia adelante. Trabaja sin parar y, sin darse cuenta, no se concede el tiempo necesario para guardar el duelo por la ausencia materna. Hasta que una crisis de pánico la obliga a detenerse e imponerse un descanso. Su pareja, Bonifacio, es su tabla de salvación en esos momentos de crisis. Elsa decide viajar a la isla de Lanzarote acompañada por su amiga Patricia, que también necesita alejarse de Madrid, mientras que Bonifacio se queda en la ciudad.
La historia de estos tres personajes, y algunos más, se narran paralelamente a la del guionista y director de cine Raúl Durán, entremezclando ficción y realidad. Porque ‘Amarga Navidad’ desarrolla cómo la vida y la ficción están unidas de un modo indisoluble, incluso doloroso en ocasiones."
CUMBRES BORRASCOSAS,Emerald Fennell,135,03,22:15,2026-03-22,Renoir Princesa,https://www.pillalas.com/pase/1060186/,https://www.cinesrenoir.com/pelicula/cumbres-borrascosas/,https://media.pillalas.com/imagenes/726afb526abffa83abe8577deb3c0674bd352fd2b0500497b1d5570f2dd570487210fc4e.jpg,Inglés,No recomendada para menores de 16 años,Viernes 13 Febrero 2026,"Margot Robbie, Jacob Elordi, Hong Chau, Alison Oliver, Owen Cooper, Shazad Latif, Martin Clunes, Ewan Mitchell, Amy Morgan, Jessica Knappett, Charlotte Mellington, Vy Nguyen","Adaptada a todo tipo de formatos en multitud de ocasiones, se trata de una trágica historia de pasiones encontradas en la Inglaterra rural más conservadora. Una historia de venganza y odio, de pasiones desatadas y amores desesperados que van más allá de la muerte ambientada en los brumosos y sombríos páramos de Yorkshire, al norte de Inglaterra."
EL AGENTE SECRETO,Kleber Mendonça Filho,160,04,16:00,2026-03-22,Renoir Princesa,https://www.pillalas.com/pase/1060177/,https://www.cinesrenoir.com/pelicula/el-agente-secreto/,https://media.pillalas.com/imagenes/726afb526abffa83bdba0b90e98cf11293bcd8b9c8be1af817aa6c045cd8f479730f7511.jpg,Portugués,No recomendada para menores de 16 años,Viernes 20 Febrero 2026,"Wagner Moura, Gabriel Leone, Udo Kier, Maria Fernanda Cândido","1977. En un Brasil atormentado por la dictadura militar, Marcelo, un cuarentón que huye de un pasado turbulento, llega a la ciudad de Recife, donde espera construir una nueva vida y reencontrarse con su hijo. Todo se complica cuando descubre que las fuerzas gubernamentales le persiguen y las amenazas de muerte se ciernen sobre su cabeza."
EL AGENTE SECRETO,Kleber Mendonça Filho,160,04,18:55,2026-03-22,Renoir Princesa,https://www.pillalas.com/pase/1060181/,https://www.cinesrenoir.com/pelicula/el-agente-secreto/,https://media.pillalas.com/imagenes/726afb526abffa83bdba0b90e98cf11293bcd8b9c8be1af817aa6c045cd8f479730f7511.jpg,Portugués,No recomendada para menores de 16 años,Viernes 20 Febrero 2026,"Wagner Moura, Gabriel Leone, Udo Kier, Maria Fernanda Cândido","1977. En un Brasil atormentado por la dictadura militar, Marcelo, un cuarentón que huye de un pasado turbulento, llega a la ciudad de Recife, donde espera construir una nueva vida y reencontrarse con su hijo. Todo se complica cuando descubre que las fuerzas gubernamentales le persiguen y las amenazas de muerte se ciernen sobre su cabeza."
EL AGENTE SECRETO,Kleber Mendonça Filho,160,04,21:50,2026-03-22,Renoir Princesa,https://www.pillalas.com/pase/1060185/,https://www.cinesrenoir.com/pelicula/el-agente-secreto/,https://media.pillalas.com/imagenes/726afb526abffa83bdba0b90e98cf11293bcd8b9c8be1af817aa6c045cd8f479730f7511.jpg,Portugués,No recomendada para menores de 16 años,Viernes 20 Febrero 2026,"Wagner Moura, Gabriel Leone, Udo Kier, Maria Fernanda Cândido","1977. En un Brasil atormentado por la dictadura militar, Marcelo, un cuarentón que huye de un pasado turbulento, llega a la ciudad de Recife, donde espera construir una nueva vida y reencontrarse con su hijo. Todo se complica cuando descubre que las fuerzas gubernamentales le persiguen y las amenazas de muerte se ciernen sobre su cabeza."
EL ARQUITECTO,Stéphane Demoustier,107,08,16:10,2026-03-22,Renoir Princesa,https://www.pillalas.com/pase/1060312/,https://www.cinesrenoir.com/pelicula/el-arquitecto/,https://media.pillalas.com/imagenes/726afb526abffa83aa265685f6781eacb3d2a1ce9f7ae8b5cb373d34a8a32da17572eb8a.jpg,Francés Y Danés,No recomendada para menores de 12 años,Viernes 13 Marzo 2026,"Claes Bang, Sidse Babett Knudsen, Swann Arlaud, Michel Fau, Xavier Dolan","1983. El nuevo gobierno francés convoca el mayor concurso de arquitectura. Codiciado por los grandes estudios, el ganador es, sorprendentemente, un absoluto desconocido: Johan Otto von Spreckelsen, un profesor de arquitectura danés que hasta entonces sólo había construido su casa y tres pequeñas capillas."
EL ARQUITECTO,Stéphane Demoustier,107,08,18:15,2026-03-22,Renoir Princesa,https://www.pillalas.com/pase/1060315/,https://www.cinesrenoir.com/pelicula/el-arquitecto/,https://media.pillalas.com/imagenes/726afb526abffa83aa265685f6781eacb3d2a1ce9f7ae8b5cb373d34a8a32da17572eb8a.jpg,Francés Y Danés,No recomendada para menores de 12 años,Viernes 13 Marzo 2026,"Claes Bang, Sidse Babett Knudsen, Swann Arlaud, Michel Fau, Xavier Dolan","1983. El nuevo gobierno francés convoca el mayor concurso de arquitectura. Codiciado por los grandes estudios, el ganador es, sorprendentemente, un absoluto desconocido: Johan Otto von Spreckelsen, un profesor de arquitectura danés que hasta entonces sólo había construido su casa y tres pequeñas capillas."
EL MAGO DEL KREMLIN,Olivier Assayas,145,10,16:10,2026-03-22,Renoir Princesa,https://www.pillalas.com/pase/1060311/,https://www.cinesrenoir.com/pelicula/el-mago-del-kremlin/,https://media.pillalas.com/imagenes/726afb526abffa833889e44ac42f5cc54d6019702d8546ebf4550316f78770131f777f2b.jpg,Inglés,No recomendada para menores de 12 años,Viernes 6 Marzo 2026,"Paul Dano, Alicia Vikander, Jude Law, Tom Sturridge, Jeffrey Wright, Will Keen","En medio del caos postsoviético de los años 90, el joven Vadim Baranov (Paul Dano) empieza a labrarse un camino como artista y productor de televisión. Su elocuencia y conexión con las altas esferas le llevan a convertirse, de la noche a la mañana, en el asesor de un agente del KGB con un brillante porvenir: Vladimir Putin (Jude Law). Desde las entrañas del poder, ambos darán forma a la nueva Rusia, difuminando, mediante manipulación, los límites entre la verdad y la mentira."
EL MAGO DEL KREMLIN,Olivier Assayas,145,10,21:45,2026-03-22,Renoir Princesa,https://www.pillalas.com/pase/1060319/,https://www.cinesrenoir.com/pelicula/el-mago-del-kremlin/,https://media.pillalas.com/imagenes/726afb526abffa833889e44ac42f5cc54d6019702d8546ebf4550316f78770131f777f2b.jpg,Inglés,No recomendada para menores de 12 años,Viernes 6 Marzo 2026,"Paul Dano, Alicia Vikander, Jude Law, Tom Sturridge, Jeffrey Wright, Will Keen","En medio del caos postsoviético de los años 90, el joven Vadim Baranov (Paul Dano) empieza a labrarse un camino como artista y productor de televisión. Su elocuencia y conexión con las altas esferas le llevan a convertirse, de la noche a la mañana, en el asesor de un agente del KGB con un brillante porvenir: Vladimir Putin (Jude Law). Desde las entrañas del poder, ambos darán forma a la nueva Rusia, difuminando, mediante manipulación, los límites entre la verdad y la mentira."
EL TESTAMENTO DE ANN LEE,Mona Fastvold,136,03,16:00,2026-03-22,Renoir Princesa,https://www.pillalas.com/pase/1060030/,https://www.cinesrenoir.com/pelicula/el-testamento-de-ann-lee/,https://media.pillalas.com/imagenes/726afb526abffa830b789c96ee6ff3b89647f6e742111b114addcc55b2329cb2e465f4c1.jpg,Inglés,No recomendada para menores de 16 años,Viernes 13 Marzo 2026,"Amanda Seyfried, Thomasin Mckenzie, Lewis Pullman, Christopher Abbott, Tim Blake Nelson, Stacy Martin, Matthew Beard, Scott Handy, Viola Prettejohn, Jamie Bogyo, David Cale","Película en torno a la leyenda real de Ann Lee, fundadora de la secta devocional conocida como los Shakers que predicaba la igualdad de género y social y era venerada por sus seguidores."
ELEGIR MI VIDA,Amélie Bonnin,96,07,15:50,2026-03-22,Renoir Princesa,https://www.pillalas.com/pase/1060309/,https://www.cinesrenoir.com/pelicula/elegir-mi-vida/,https://media.pillalas.com/imagenes/726afb526abffa83f8305cf2e84d7ba15df16005f879206ff895ebbe040eec79d27ccc2c.jpg,Francés,No recomendada para menores de 12 años,Viernes 20 Marzo 2026,"Juliette Armanet, Bastien Bouillon","Cécile (Juliette Armanet) está a punto de cumplir su sueño de abrir su propio restaurante, cuando su padre sufre un infarto y debe volver a su pequeño pueblo natal, lejos de la bulliciosa vida parisina. Allí, tiene un reencuentro inesperado con su amor de la adolescencia (Bastien Bouillon). A medida que resurgen los recuerdos, sus certezas comienzan a tambalearse…"
ELEGIR MI VIDA,Amélie Bonnin,96,03,18:30,2026-03-22,Renoir Princesa,https://www.pillalas.com/pase/1060180/,https://www.cinesrenoir.com/pelicula/elegir-mi-vida/,https://media.pillalas.com/imagenes/726afb526abffa83f8305cf2e84d7ba15df16005f879206ff895ebbe040eec79d27ccc2c.jpg,Francés,No recomendada para menores de 12 años,Viernes 20 Marzo 2026,"Juliette Armanet, Bastien Bouillon","Cécile (Juliette Armanet) está a punto de cumplir su sueño de abrir su propio restaurante, cuando su padre sufre un infarto y debe volver a su pequeño pueblo natal, lejos de la bulliciosa vida parisina. Allí, tiene un reencuentro inesperado con su amor de la adolescencia (Bastien Bouillon). A medida que resurgen los recuerdos, sus certezas comienzan a tambalearse…"
ELEGIR MI VIDA,Amélie Bonnin,96,03,20:25,2026-03-22,Renoir Princesa,https://www.pillalas.com/pase/1060184/,https://www.cinesrenoir.com/pelicula/elegir-mi-vida/,https://media.pillalas.com/imagenes/726afb526abffa83f8305cf2e84d7ba15df16005f879206ff895ebbe040eec79d27ccc2c.jpg,Francés,No recomendada para menores de 12 años,Viernes 20 Marzo 2026,"Juliette Armanet, Bastien Bouillon","Cécile (Juliette Armanet) está a punto de cumplir su sueño de abrir su propio restaurante, cuando su padre sufre un infarto y debe volver a su pequeño pueblo natal, lejos de la bulliciosa vida parisina. Allí, tiene un reencuentro inesperado con su amor de la adolescencia (Bastien Bouillon). A medida que resurgen los recuerdos, sus certezas comienzan a tambalearse…"
HAMNET,Chloé Zhao,125,06,16:00,2026-03-22,Renoir Princesa,https://www.pillalas.com/pase/1060176/,https://www.cinesrenoir.com/pelicula/hamnet/,https://www.cinesrenoir.com/media/Peliculas/Cartel/HAMNET_Cartel_Digital_8Nominaciones_Oscar_YaEnCines_v2_2.jpg,Inglés,No recomendada para menores de 12 años,Viernes 23 Enero 2026,"Jessie Buckley, Paul Mescal, Joe Alwyn, Emily Watson","Año 1596, Stratford-upon-Avon, Inglaterra. La vida de Agnes transcurre plácidamente junto a su marido y sus tres hijos. Ella cultiva plantas medicinales mientras William trabaja en Londres. El destino, sin embargo, les reservará un duro golpe cuando su hijo Hamnet, de once años, muera repentinamente tras contraer la peste. A raíz de esta tragedia, su padre creará uno de los grandes personajes de la literatura universal, de nombre casi idéntico al de su hijo.


Pero esta película no habla de famosos sucesos sino de algo íntimo y olvidado: La vida de esta familia, y especialmente la de la mujer que la sostenía y que tuvo que cargar con una insoportable pérdida."
HAMNET,Chloé Zhao,125,05,17:50,2026-03-22,Renoir Princesa,https://www.pillalas.com/pase/1060178/,https://www.cinesrenoir.com/pelicula/hamnet/,https://www.cinesrenoir.com/media/Peliculas/Cartel/HAMNET_Cartel_Digital_8Nominaciones_Oscar_YaEnCines_v2_2.jpg,Inglés,No recomendada para menores de 12 años,Viernes 23 Enero 2026,"Jessie Buckley, Paul Mescal, Joe Alwyn, Emily Watson","Año 1596, Stratford-upon-Avon, Inglaterra. La vida de Agnes transcurre plácidamente junto a su marido y sus tres hijos. Ella cultiva plantas medicinales mientras William trabaja en Londres. El destino, sin embargo, les reservará un duro golpe cuando su hijo Hamnet, de once años, muera repentinamente tras contraer la peste. A raíz de esta tragedia, su padre creará uno de los grandes personajes de la literatura universal, de nombre casi idéntico al de su hijo.


Pero esta película no habla de famosos sucesos sino de algo íntimo y olvidado: La vida de esta familia, y especialmente la de la mujer que la sostenía y que tuvo que cargar con una insoportable pérdida."
HAMNET,Chloé Zhao,125,05,20:10,2026-03-22,Renoir Princesa,https://www.pillalas.com/pase/1060182/,https://www.cinesrenoir.com/pelicula/hamnet/,https://www.cinesrenoir.com/media/Peliculas/Cartel/HAMNET_Cartel_Digital_8Nominaciones_Oscar_YaEnCines_v2_2.jpg,Inglés,No recomendada para menores de 12 años,Viernes 23 Enero 2026,"Jessie Buckley, Paul Mescal, Joe Alwyn, Emily Watson","Año 1596, Stratford-upon-Avon, Inglaterra. La vida de Agnes transcurre plácidamente junto a su marido y sus tres hijos. Ella cultiva plantas medicinales mientras William trabaja en Londres. El destino, sin embargo, les reservará un duro golpe cuando su hijo Hamnet, de once años, muera repentinamente tras contraer la peste. A raíz de esta tragedia, su padre creará uno de los grandes personajes de la literatura universal, de nombre casi idéntico al de su hijo.


Pero esta película no habla de famosos sucesos sino de algo íntimo y olvidado: La vida de esta familia, y especialmente la de la mujer que la sostenía y que tuvo que cargar con una insoportable pérdida."
HAMNET,Chloé Zhao,125,06,22:20,2026-03-22,Renoir Princesa,https://www.pillalas.com/pase/1060187/,https://www.cinesrenoir.com/pelicula/hamnet/,https://www.cinesrenoir.com/media/Peliculas/Cartel/HAMNET_Cartel_Digital_8Nominaciones_Oscar_YaEnCines_v2_2.jpg,Inglés,No recomendada para menores de 12 años,Viernes 23 Enero 2026,"Jessie Buckley, Paul Mescal, Joe Alwyn, Emily Watson","Año 1596, Stratford-upon-Avon, Inglaterra. La vida de Agnes transcurre plácidamente junto a su marido y sus tres hijos. Ella cultiva plantas medicinales mientras William trabaja en Londres. El destino, sin embargo, les reservará un duro golpe cuando su hijo Hamnet, de once años, muera repentinamente tras contraer la peste. A raíz de esta tragedia, su padre creará uno de los grandes personajes de la literatura universal, de nombre casi idéntico al de su hijo.


Pero esta película no habla de famosos sucesos sino de algo íntimo y olvidado: La vida de esta familia, y especialmente la de la mujer que la sostenía y que tuvo que cargar con una insoportable pérdida."
LOS DOMINGOS,Alauda Ruiz De Azúa,115,02,18:00,2026-03-22,Renoir Princesa,https://www.pillalas.com/pase/1060031/,https://www.cinesrenoir.com/pelicula/los-domingos/,https://www.cinesrenoir.com/media/Peliculas/Cartel/los_domingos_poster.jpg,Castellano,No recomendada para menores de 12 años,Viernes 24 Octubre 2025,"Patricia López Arnaiz, Blanca Soroa, Miguel Garcés, Juan Minujín, Mabel Rivera, Nagore Aramburu","'Los domingos' cuenta la historia de Ainara (Soroa), una joven idealista y brillante de 17 años que ha de decidir qué carrera universitaria estudiará. O, al menos, eso espera su familia que haga. Sin embargo, la joven manifiesta que se siente cada vez más cerca de Dios y que se plantea abrazar la vida de monja de clausura. La noticia pilla por sorpresa a toda la familia provocando un abismo y una prueba de fuego para todos."
LOS DOMINGOS,Alauda Ruiz De Azúa,115,02,20:15,2026-03-22,Renoir Princesa,https://www.pillalas.com/pase/1060032/,https://www.cinesrenoir.com/pelicula/los-domingos/,https://www.cinesrenoir.com/media/Peliculas/Cartel/los_domingos_poster.jpg,Castellano,No recomendada para menores de 12 años,Viernes 24 Octubre 2025,"Patricia López Arnaiz, Blanca Soroa, Miguel Garcés, Juan Minujín, Mabel Rivera, Nagore Aramburu","'Los domingos' cuenta la historia de Ainara (Soroa), una joven idealista y brillante de 17 años que ha de decidir qué carrera universitaria estudiará. O, al menos, eso espera su familia que haga. Sin embargo, la joven manifiesta que se siente cada vez más cerca de Dios y que se plantea abrazar la vida de monja de clausura. La noticia pilla por sorpresa a toda la familia provocando un abismo y una prueba de fuego para todos."
PILLION,Harry Lighton,106,11,16:00,2026-03-22,Renoir Princesa,https://www.pillalas.com/pase/1060381/,https://www.cinesrenoir.com/pelicula/pillion/,https://www.cinesrenoir.com/media/Peliculas/Cartel/POSTER_2_3_web_1_1_1.png,Inglés,No recomendada para menores de 16 años,Viernes 6 Marzo 2026,"Harry Melling, Alexander Skarsgård, Lesley Sharp, Douglas Hodge","Colin, un chico introvertido, se queda prendado de Ray, el carismático y atractivo líder de una banda de moteros que le toma como su sumiso, dinamitando su rutina y cambiándole la vida."
PILLION,Harry Lighton,106,11,18:05,2026-03-22,Renoir Princesa,https://www.pillalas.com/pase/1060382/,https://www.cinesrenoir.com/pelicula/pillion/,https://www.cinesrenoir.com/media/Peliculas/Cartel/POSTER_2_3_web_1_1_1.png,Inglés,No recomendada para menores de 16 años,Viernes 6 Marzo 2026,"Harry Melling, Alexander Skarsgård, Lesley Sharp, Douglas Hodge","Colin, un chico introvertido, se queda prendado de Ray, el carismático y atractivo líder de una banda de moteros que le toma como su sumiso, dinamitando su rutina y cambiándole la vida."
PILLION,Harry Lighton,106,11,20:10,2026-03-22,Renoir Princesa,https://www.pillalas.com/pase/1060384/,https://www.cinesrenoir.com/pelicula/pillion/,https://www.cinesrenoir.com/media/Peliculas/Cartel/POSTER_2_3_web_1_1_1.png,Inglés,No recomendada para menores de 16 años,Viernes 6 Marzo 2026,"Harry Melling, Alexander Skarsgård, Lesley Sharp, Douglas Hodge","Colin, un chico introvertido, se queda prendado de Ray, el carismático y atractivo líder de una banda de moteros que le toma como su sumiso, dinamitando su rutina y cambiándole la vida."
PILLION,Harry Lighton,106,11,22:15,2026-03-22,Renoir Princesa,https://www.pillalas.com/pase/1060385/,https://www.cinesrenoir.com/pelicula/pillion/,https://www.cinesrenoir.com/media/Peliculas/Cartel/POSTER_2_3_web_1_1_1.png,Inglés,No recomendada para menores de 16 años,Viernes 6 Marzo 2026,"Harry Melling, Alexander Skarsgård, Lesley Sharp, Douglas Hodge","Colin, un chico introvertido, se queda prendado de Ray, el carismático y atractivo líder de una banda de moteros que le toma como su sumiso, dinamitando su rutina y cambiándole la vida."
SIRAT,Óliver Laxe,120,02,15:50,2026-03-22,Renoir Princesa,https://www.pillalas.com/pase/1060029/,https://www.cinesrenoir.com/pelicula/sirat/,https://www.cinesrenoir.com/media/Peliculas/Cartel/SIRAT_ONLINE_GOYAOSCARS.jpg,Castellano Y Otros,No recomendada para menores de 16 años,Viernes 6 Junio 2025,"Sergi López, Bruno Núñez, Stefania Gadda, Joshua Liam Herderson, Tonin Javier, Jade Ouki, Richard Bellamyun","Un hombre (López) y su hijo (Nuñez) llegan a una rave perdida en medio de las áridas y fantasmagóricas montañas del sur de Marruecos. Buscan allí a Mar, su hija y hermana, desaparecida hace meses en una de estas fiestas sin amanecer. Reparten una y otra vez su foto rodeados de música electrónica y de un tipo de libertad que desconocen. Empujados por el destino, y con la esperanza de encontrar ahí a Mar, deciden seguir a un grupo de raveros hacia la última fiesta que se celebrará en el desierto."
SIRAT,Óliver Laxe,120,02,22:30,2026-03-22,Renoir Princesa,https://www.pillalas.com/pase/1060033/,https://www.cinesrenoir.com/pelicula/sirat/,https://www.cinesrenoir.com/media/Peliculas/Cartel/SIRAT_ONLINE_GOYAOSCARS.jpg,Castellano Y Otros,No recomendada para menores de 16 años,Viernes 6 Junio 2025,"Sergi López, Bruno Núñez, Stefania Gadda, Joshua Liam Herderson, Tonin Javier, Jade Ouki, Richard Bellamyun","Un hombre (López) y su hijo (Nuñez) llegan a una rave perdida en medio de las áridas y fantasmagóricas montañas del sur de Marruecos. Buscan allí a Mar, su hija y hermana, desaparecida hace meses en una de estas fiestas sin amanecer. Reparten una y otra vez su foto rodeados de música electrónica y de un tipo de libertad que desconocen. Empujados por el destino, y con la esperanza de encontrar ahí a Mar, deciden seguir a un grupo de raveros hacia la última fiesta que se celebrará en el desierto."
TORRENTE PRESIDENTE,Santiago Segura,103,05,15:50,2026-03-22,Renoir Princesa,https://www.pillalas.com/pase/1060175/,https://www.cinesrenoir.com/pelicula/torrente-presidente/,https://www.cinesrenoir.com/media/Peliculas/Cartel/torrente_presidente1.jpg,Castellano,No recomendada para menores de 16 años,Viernes 13 Marzo 2026,"Santiago Segura, Leo Harlem, Ramón Langa",Sexta entrega de Torrente.
TORRENTE PRESIDENTE,Santiago Segura,103,06,18:20,2026-03-22,Renoir Princesa,https://www.pillalas.com/pase/1060179/,https://www.cinesrenoir.com/pelicula/torrente-presidente/,https://www.cinesrenoir.com/media/Peliculas/Cartel/torrente_presidente1.jpg,Castellano,No recomendada para menores de 16 años,Viernes 13 Marzo 2026,"Santiago Segura, Leo Harlem, Ramón Langa",Sexta entrega de Torrente.
TORRENTE PRESIDENTE,Santiago Segura,103,06,20:20,2026-03-22,Renoir Princesa,https://www.pillalas.com/pase/1060183/,https://www.cinesrenoir.com/pelicula/torrente-presidente/,https://www.cinesrenoir.com/media/Peliculas/Cartel/torrente_presidente1.jpg,Castellano,No recomendada para menores de 16 años,Viernes 13 Marzo 2026,"Santiago Segura, Leo Harlem, Ramón Langa",Sexta entrega de Torrente.
TORRENTE PRESIDENTE,Santiago Segura,103,05,22:30,2026-03-22,Renoir Princesa,https://www.pillalas.com/pase/1060188/,https://www.cinesrenoir.com/pelicula/torrente-presidente/,https://www.cinesrenoir.com/media/Peliculas/Cartel/torrente_presidente1.jpg,Castellano,No recomendada para menores de 16 años,Viernes 13 Marzo 2026,"Santiago Segura, Leo Harlem, Ramón Langa",Sexta entrega de Torrente.
TRES ADIOSES,Isabel Coixet,122,07,17:45,2026-03-22,Renoir Princesa,https://www.pillalas.com/pase/1060313/,https://www.cinesrenoir.com/pelicula/tres-adioses/,https://media.pillalas.com/imagenes/726afb526abffa832ea2a44a189894de905fc7e94534a8bf4ef6bf13e5ccdfe90922c22e.jpg,Italiano,No recomendada para menores de 12 años,Viernes 6 Febrero 2026,"Alba Rohrwacher, Elio Germano, Francesco Carril, Silvia D Amico, Galatea Bellugi, Sarita Choudhury","Tras lo que parecía una discusión sin importancia, Marta (Alba Rohrwacher) y Antonio (Elio Germano) se separan. Él, un chef prometedor, se refugia en sus fogones; ella, en su silencio, empieza a notar algo más que tristeza: ha perdido el apetito… y no solo por desamor. Cuando descubre que detrás hay un problema de salud, todo da un giro inesperado: la comida sabe mejor, la música le llega como nunca y el deseo despierta sus ganas de vivir sin miedo.
Una historia sobre el amor, la vida y esos momentos que lo cambian todo para siempre."
TRES ADIOSES,Isabel Coixet,122,07,20:05,2026-03-22,Renoir Princesa,https://www.pillalas.com/pase/1060316/,https://www.cinesrenoir.com/pelicula/tres-adioses/,https://media.pillalas.com/imagenes/726afb526abffa832ea2a44a189894de905fc7e94534a8bf4ef6bf13e5ccdfe90922c22e.jpg,Italiano,No recomendada para menores de 12 años,Viernes 6 Febrero 2026,"Alba Rohrwacher, Elio Germano, Francesco Carril, Silvia D Amico, Galatea Bellugi, Sarita Choudhury","Tras lo que parecía una discusión sin importancia, Marta (Alba Rohrwacher) y Antonio (Elio Germano) se separan. Él, un chef prometedor, se refugia en sus fogones; ella, en su silencio, empieza a notar algo más que tristeza: ha perdido el apetito… y no solo por desamor. Cuando descubre que detrás hay un problema de salud, todo da un giro inesperado: la comida sabe mejor, la música le llega como nunca y el deseo despierta sus ganas de vivir sin miedo.
Una historia sobre el amor, la vida y esos momentos que lo cambian todo para siempre."
UNA BATALLA TRAS OTRA,Paul Thomas Anderson,161,08,20:30,2026-03-22,Renoir Princesa,https://www.pillalas.com/pase/1060318/,https://www.cinesrenoir.com/pelicula/una-batalla-tras-otra/,https://media.pillalas.com/imagenes/726afb526abffa83067d351656e3959d62491a4b950d2e053e036c244c54d5060d7521c0.jpg,Inglés,No recomendada para menores de 16 años,Viernes 26 Septiembre 2025,"Leonardo Dicaprio, Sean Penn, Benicio Del Toro, Regina Hall, Teyana Taylor, Wood Harris, Alana Haim, Shayna Mchayle, Chase Infiniti, Starletta Dupois, Joe Silva, Eric Schweig, Tony Goldwyn, James Downey, John Hoogenakker, Kevin Tighe, D.W. Moffett, James Raterman","Cuando su malvado enemigo resurge después de 16 años, una banda de exrevolucionarios se reúne para rescatar a la hija de uno de los suyos, encarnado por Leonardo DiCaprio. Adaptación de la novela 'Vineland', de Thomas Pynchon, escrita en 1990, sobre los movimientos radicales de los años sesenta."
UNA HIJA EN TOKIO,Guillaume Senez,99,01,16:00,2026-03-22,Renoir Princesa,https://www.pillalas.com/pase/1059999/,https://www.cinesrenoir.com/pelicula/una-hija-en-tokio/,https://media.pillalas.com/imagenes/726afb526abffa8327fbd986c984eb728e0f1c714c7a6aa328ebfc96eb29c6586b207f0e.jpg,Francés,No recomendada para menores de 7 años,Viernes 20 Marzo 2026,"Romain Duris, Judith Chemla, Mei Cirne-Masuki","Cada día, Jérôme (Romain Duris) recorre Tokio con su taxi mientras intenta encontrar a su hija, Lily. Nueve años después de separarse y sin haber logrado su custodia, empieza a pensar que es hora de rendirse y volver a Francia. Pero cuando está a punto de hacerlo, Lily sube a su taxi."
UNA HIJA EN TOKIO,Guillaume Senez,99,01,20:00,2026-03-22,Renoir Princesa,https://www.pillalas.com/pase/1060001/,https://www.cinesrenoir.com/pelicula/una-hija-en-tokio/,https://media.pillalas.com/imagenes/726afb526abffa8327fbd986c984eb728e0f1c714c7a6aa328ebfc96eb29c6586b207f0e.jpg,Francés,No recomendada para menores de 7 años,Viernes 20 Marzo 2026,"Romain Duris, Judith Chemla, Mei Cirne-Masuki","Cada día, Jérôme (Romain Duris) recorre Tokio con su taxi mientras intenta encontrar a su hija, Lily. Nueve años después de separarse y sin haber logrado su custodia, empieza a pensar que es hora de rendirse y volver a Francia. Pero cuando está a punto de hacerlo, Lily sube a su taxi."
YOUR NAME,Makoto Shinkai,102,01,18:00,2026-03-22,Renoir Princesa,https://www.pillalas.com/pase/1060000/,https://www.cinesrenoir.com/pelicula/your-name/,https://media.pillalas.com/imagenes/726afb526abffa83435eee5e44e4c3acaff582df82190623018df78698c1718df8cfb644.jpg,Japonés,Apta para todos los públicos,Viernes 20 Marzo 2026,Animation,"Taki y Mitsuha descubren un día que durante el sueño sus cuerpos se intercambian, y comienzan a comunicarse por medio de notas. A medida que consiguen superar torpemente un reto tras otro, se va creando entre los dos un vínculo que poco a poco se convierte en algo más romántico."
YOUR NAME,Makoto Shinkai,102,01,22:00,2026-03-22,Renoir Princesa,https://www.pillalas.com/pase/1060002/,https://www.cinesrenoir.com/pelicula/your-name/,https://media.pillalas.com/imagenes/726afb526abffa83435eee5e44e4c3acaff582df82190623018df78698c1718df8cfb644.jpg,Japonés,Apta para todos los públicos,Viernes 20 Marzo 2026,Animation,"Taki y Mitsuha descubren un día que durante el sueño sus cuerpos se intercambian, y comienzan a comunicarse por medio de notas. A medida que consiguen superar torpemente un reto tras otro, se va creando entre los dos un vínculo que poco a poco se convierte en algo más romántico."
¡LA NOVIA!,Maggie Gyllenhaal,126,07,22:20,2026-03-22,Renoir Princesa,https://www.pillalas.com/pase/1060320/,https://www.cinesrenoir.com/pelicula/la-novia/,https://media.pillalas.com/imagenes/726afb526abffa834d5e9976411fdc20e28407e451a89b449da3736e5440bebb2e35bc4c.jpg,Inglés,No recomendada para menores de 16 años y distintivo especialmente recomendada para el fomento de la igualdad de género,Viernes 6 Marzo 2026,"Jessie Buckley, Christian Bale, Peter Sarsgaard, Annette Bening, Penelope Cruz, Jake Gyllenhaal, Julianne Hough, Louis Cancelmi, John Magaro, Linda Emond, Jeannie Berlin, Matthew Maher","En el Chicago de los años 30, un solitario Frankenstein pide la ayuda del Dr. Euphronius para crearse una compañera. Los dos resucitan a una joven asesinada y en ese momento nace la Novia, quien irá más allá de lo que cualquiera de los dos pretendía, encendiendo un romance apasionado, la atención de la policía y un movimiento social salvaje y radical."
AMARGA NAVIDAD,Pedro Almodóvar,111,09,16:00,2026-03-23,Renoir Princesa,https://www.pillalas.com/pase/1060323/,https://www.cinesrenoir.com/pelicula/amarga-navidad/,https://media.pillalas.com/imagenes/726afb526abffa83b60c45c3634993c0e9bd987d873c6c32a8009c3b4ee414d3a40e41c1.jpg,Castellano,No recomendada para menores de 12 años,Viernes 20 Marzo 2026,"Bárbara Lennie, Leonardo Sbaraglia, Aitana Sánchez-Gijón, Victoria Luengo, Patrick Criado, Milena Smit, Quim Gutiérrez, Rossy De Palma, Carmen Machi, Gloria Muñoz","Elsa es una directora de publicidad cuya madre muere durante un largo puente del mes de diciembre. Encuentra refugio en el trabajo, aunque es más bien una huida hacia adelante. Trabaja sin parar y, sin darse cuenta, no se concede el tiempo necesario para guardar el duelo por la ausencia materna. Hasta que una crisis de pánico la obliga a detenerse e imponerse un descanso. Su pareja, Bonifacio, es su tabla de salvación en esos momentos de crisis. Elsa decide viajar a la isla de Lanzarote acompañada por su amiga Patricia, que también necesita alejarse de Madrid, mientras que Bonifacio se queda en la ciudad.
La historia de estos tres personajes, y algunos más, se narran paralelamente a la del guionista y director de cine Raúl Durán, entremezclando ficción y realidad. Porque ‘Amarga Navidad’ desarrolla cómo la vida y la ficción están unidas de un modo indisoluble, incluso doloroso en ocasiones."
AMARGA NAVIDAD,Pedro Almodóvar,111,09,18:10,2026-03-23,Renoir Princesa,https://www.pillalas.com/pase/1060327/,https://www.cinesrenoir.com/pelicula/amarga-navidad/,https://media.pillalas.com/imagenes/726afb526abffa83b60c45c3634993c0e9bd987d873c6c32a8009c3b4ee414d3a40e41c1.jpg,Castellano,No recomendada para menores de 12 años,Viernes 20 Marzo 2026,"Bárbara Lennie, Leonardo Sbaraglia, Aitana Sánchez-Gijón, Victoria Luengo, Patrick Criado, Milena Smit, Quim Gutiérrez, Rossy De Palma, Carmen Machi, Gloria Muñoz","Elsa es una directora de publicidad cuya madre muere durante un largo puente del mes de diciembre. Encuentra refugio en el trabajo, aunque es más bien una huida hacia adelante. Trabaja sin parar y, sin darse cuenta, no se concede el tiempo necesario para guardar el duelo por la ausencia materna. Hasta que una crisis de pánico la obliga a detenerse e imponerse un descanso. Su pareja, Bonifacio, es su tabla de salvación en esos momentos de crisis. Elsa decide viajar a la isla de Lanzarote acompañada por su amiga Patricia, que también necesita alejarse de Madrid, mientras que Bonifacio se queda en la ciudad.
La historia de estos tres personajes, y algunos más, se narran paralelamente a la del guionista y director de cine Raúl Durán, entremezclando ficción y realidad. Porque ‘Amarga Navidad’ desarrolla cómo la vida y la ficción están unidas de un modo indisoluble, incluso doloroso en ocasiones."
AMARGA NAVIDAD,Pedro Almodóvar,111,10,19:00,2026-03-23,Renoir Princesa,https://www.pillalas.com/pase/1060388/,https://www.cinesrenoir.com/pelicula/amarga-navidad/,https://media.pillalas.com/imagenes/726afb526abffa83b60c45c3634993c0e9bd987d873c6c32a8009c3b4ee414d3a40e41c1.jpg,Castellano,No recomendada para menores de 12 años,Viernes 20 Marzo 2026,"Bárbara Lennie, Leonardo Sbaraglia, Aitana Sánchez-Gijón, Victoria Luengo, Patrick Criado, Milena Smit, Quim Gutiérrez, Rossy De Palma, Carmen Machi, Gloria Muñoz","Elsa es una directora de publicidad cuya madre muere durante un largo puente del mes de diciembre. Encuentra refugio en el trabajo, aunque es más bien una huida hacia adelante. Trabaja sin parar y, sin darse cuenta, no se concede el tiempo necesario para guardar el duelo por la ausencia materna. Hasta que una crisis de pánico la obliga a detenerse e imponerse un descanso. Su pareja, Bonifacio, es su tabla de salvación en esos momentos de crisis. Elsa decide viajar a la isla de Lanzarote acompañada por su amiga Patricia, que también necesita alejarse de Madrid, mientras que Bonifacio se queda en la ciudad.
La historia de estos tres personajes, y algunos más, se narran paralelamente a la del guionista y director de cine Raúl Durán, entremezclando ficción y realidad. Porque ‘Amarga Navidad’ desarrolla cómo la vida y la ficción están unidas de un modo indisoluble, incluso doloroso en ocasiones."
AMARGA NAVIDAD,Pedro Almodóvar,111,09,20:20,2026-03-23,Renoir Princesa,https://www.pillalas.com/pase/1060330/,https://www.cinesrenoir.com/pelicula/amarga-navidad/,https://media.pillalas.com/imagenes/726afb526abffa83b60c45c3634993c0e9bd987d873c6c32a8009c3b4ee414d3a40e41c1.jpg,Castellano,No recomendada para menores de 12 años,Viernes 20 Marzo 2026,"Bárbara Lennie, Leonardo Sbaraglia, Aitana Sánchez-Gijón, Victoria Luengo, Patrick Criado, Milena Smit, Quim Gutiérrez, Rossy De Palma, Carmen Machi, Gloria Muñoz","Elsa es una directora de publicidad cuya madre muere durante un largo puente del mes de diciembre. Encuentra refugio en el trabajo, aunque es más bien una huida hacia adelante. Trabaja sin parar y, sin darse cuenta, no se concede el tiempo necesario para guardar el duelo por la ausencia materna. Hasta que una crisis de pánico la obliga a detenerse e imponerse un descanso. Su pareja, Bonifacio, es su tabla de salvación en esos momentos de crisis. Elsa decide viajar a la isla de Lanzarote acompañada por su amiga Patricia, que también necesita alejarse de Madrid, mientras que Bonifacio se queda en la ciudad.
La historia de estos tres personajes, y algunos más, se narran paralelamente a la del guionista y director de cine Raúl Durán, entremezclando ficción y realidad. Porque ‘Amarga Navidad’ desarrolla cómo la vida y la ficción están unidas de un modo indisoluble, incluso doloroso en ocasiones."
AMARGA NAVIDAD,Pedro Almodóvar,111,09,22:30,2026-03-23,Renoir Princesa,https://www.pillalas.com/pase/1060334/,https://www.cinesrenoir.com/pelicula/amarga-navidad/,https://media.pillalas.com/imagenes/726afb526abffa83b60c45c3634993c0e9bd987d873c6c32a8009c3b4ee414d3a40e41c1.jpg,Castellano,No recomendada para menores de 12 años,Viernes 20 Marzo 2026,"Bárbara Lennie, Leonardo Sbaraglia, Aitana Sánchez-Gijón, Victoria Luengo, Patrick Criado, Milena Smit, Quim Gutiérrez, Rossy De Palma, Carmen Machi, Gloria Muñoz","Elsa es una directora de publicidad cuya madre muere durante un largo puente del mes de diciembre. Encuentra refugio en el trabajo, aunque es más bien una huida hacia adelante. Trabaja sin parar y, sin darse cuenta, no se concede el tiempo necesario para guardar el duelo por la ausencia materna. Hasta que una crisis de pánico la obliga a detenerse e imponerse un descanso. Su pareja, Bonifacio, es su tabla de salvación en esos momentos de crisis. Elsa decide viajar a la isla de Lanzarote acompañada por su amiga Patricia, que también necesita alejarse de Madrid, mientras que Bonifacio se queda en la ciudad.
La historia de estos tres personajes, y algunos más, se narran paralelamente a la del guionista y director de cine Raúl Durán, entremezclando ficción y realidad. Porque ‘Amarga Navidad’ desarrolla cómo la vida y la ficción están unidas de un modo indisoluble, incluso doloroso en ocasiones."
CUMBRES BORRASCOSAS,Emerald Fennell,135,03,22:15,2026-03-23,Renoir Princesa,https://www.pillalas.com/pase/1060200/,https://www.cinesrenoir.com/pelicula/cumbres-borrascosas/,https://media.pillalas.com/imagenes/726afb526abffa83abe8577deb3c0674bd352fd2b0500497b1d5570f2dd570487210fc4e.jpg,Inglés,No recomendada para menores de 16 años,Viernes 13 Febrero 2026,"Margot Robbie, Jacob Elordi, Hong Chau, Alison Oliver, Owen Cooper, Shazad Latif, Martin Clunes, Ewan Mitchell, Amy Morgan, Jessica Knappett, Charlotte Mellington, Vy Nguyen","Adaptada a todo tipo de formatos en multitud de ocasiones, se trata de una trágica historia de pasiones encontradas en la Inglaterra rural más conservadora. Una historia de venganza y odio, de pasiones desatadas y amores desesperados que van más allá de la muerte ambientada en los brumosos y sombríos páramos de Yorkshire, al norte de Inglaterra."
EL AGENTE SECRETO,Kleber Mendonça Filho,160,04,16:00,2026-03-23,Renoir Princesa,https://www.pillalas.com/pase/1060190/,https://www.cinesrenoir.com/pelicula/el-agente-secreto/,https://media.pillalas.com/imagenes/726afb526abffa83bdba0b90e98cf11293bcd8b9c8be1af817aa6c045cd8f479730f7511.jpg,Portugués,No recomendada para menores de 16 años,Viernes 20 Febrero 2026,"Wagner Moura, Gabriel Leone, Udo Kier, Maria Fernanda Cândido","1977. En un Brasil atormentado por la dictadura militar, Marcelo, un cuarentón que huye de un pasado turbulento, llega a la ciudad de Recife, donde espera construir una nueva vida y reencontrarse con su hijo. Todo se complica cuando descubre que las fuerzas gubernamentales le persiguen y las amenazas de muerte se ciernen sobre su cabeza."
EL AGENTE SECRETO,Kleber Mendonça Filho,160,04,18:55,2026-03-23,Renoir Princesa,https://www.pillalas.com/pase/1060195/,https://www.cinesrenoir.com/pelicula/el-agente-secreto/,https://media.pillalas.com/imagenes/726afb526abffa83bdba0b90e98cf11293bcd8b9c8be1af817aa6c045cd8f479730f7511.jpg,Portugués,No recomendada para menores de 16 años,Viernes 20 Febrero 2026,"Wagner Moura, Gabriel Leone, Udo Kier, Maria Fernanda Cândido","1977. En un Brasil atormentado por la dictadura militar, Marcelo, un cuarentón que huye de un pasado turbulento, llega a la ciudad de Recife, donde espera construir una nueva vida y reencontrarse con su hijo. Todo se complica cuando descubre que las fuerzas gubernamentales le persiguen y las amenazas de muerte se ciernen sobre su cabeza."
EL AGENTE SECRETO,Kleber Mendonça Filho,160,04,21:50,2026-03-23,Renoir Princesa,https://www.pillalas.com/pase/1060199/,https://www.cinesrenoir.com/pelicula/el-agente-secreto/,https://media.pillalas.com/imagenes/726afb526abffa83bdba0b90e98cf11293bcd8b9c8be1af817aa6c045cd8f479730f7511.jpg,Portugués,No recomendada para menores de 16 años,Viernes 20 Febrero 2026,"Wagner Moura, Gabriel Leone, Udo Kier, Maria Fernanda Cândido","1977. En un Brasil atormentado por la dictadura militar, Marcelo, un cuarentón que huye de un pasado turbulento, llega a la ciudad de Recife, donde espera construir una nueva vida y reencontrarse con su hijo. Todo se complica cuando descubre que las fuerzas gubernamentales le persiguen y las amenazas de muerte se ciernen sobre su cabeza."
EL ARQUITECTO,Stéphane Demoustier,107,08,16:10,2026-03-23,Renoir Princesa,https://www.pillalas.com/pase/1060325/,https://www.cinesrenoir.com/pelicula/el-arquitecto/,https://media.pillalas.com/imagenes/726afb526abffa83aa265685f6781eacb3d2a1ce9f7ae8b5cb373d34a8a32da17572eb8a.jpg,Francés Y Danés,No recomendada para menores de 12 años,Viernes 13 Marzo 2026,"Claes Bang, Sidse Babett Knudsen, Swann Arlaud, Michel Fau, Xavier Dolan","1983. El nuevo gobierno francés convoca el mayor concurso de arquitectura. Codiciado por los grandes estudios, el ganador es, sorprendentemente, un absoluto desconocido: Johan Otto von Spreckelsen, un profesor de arquitectura danés que hasta entonces sólo había construido su casa y tres pequeñas capillas."
EL ARQUITECTO,Stéphane Demoustier,107,08,18:15,2026-03-23,Renoir Princesa,https://www.pillalas.com/pase/1060328/,https://www.cinesrenoir.com/pelicula/el-arquitecto/,https://media.pillalas.com/imagenes/726afb526abffa83aa265685f6781eacb3d2a1ce9f7ae8b5cb373d34a8a32da17572eb8a.jpg,Francés Y Danés,No recomendada para menores de 12 años,Viernes 13 Marzo 2026,"Claes Bang, Sidse Babett Knudsen, Swann Arlaud, Michel Fau, Xavier Dolan","1983. El nuevo gobierno francés convoca el mayor concurso de arquitectura. Codiciado por los grandes estudios, el ganador es, sorprendentemente, un absoluto desconocido: Johan Otto von Spreckelsen, un profesor de arquitectura danés que hasta entonces sólo había construido su casa y tres pequeñas capillas."
EL MAGO DEL KREMLIN,Olivier Assayas,145,10,16:10,2026-03-23,Renoir Princesa,https://www.pillalas.com/pase/1060324/,https://www.cinesrenoir.com/pelicula/el-mago-del-kremlin/,https://media.pillalas.com/imagenes/726afb526abffa833889e44ac42f5cc54d6019702d8546ebf4550316f78770131f777f2b.jpg,Inglés,No recomendada para menores de 12 años,Viernes 6 Marzo 2026,"Paul Dano, Alicia Vikander, Jude Law, Tom Sturridge, Jeffrey Wright, Will Keen","En medio del caos postsoviético de los años 90, el joven Vadim Baranov (Paul Dano) empieza a labrarse un camino como artista y productor de televisión. Su elocuencia y conexión con las altas esferas le llevan a convertirse, de la noche a la mañana, en el asesor de un agente del KGB con un brillante porvenir: Vladimir Putin (Jude Law). Desde las entrañas del poder, ambos darán forma a la nueva Rusia, difuminando, mediante manipulación, los límites entre la verdad y la mentira."
EL MAGO DEL KREMLIN,Olivier Assayas,145,10,21:45,2026-03-23,Renoir Princesa,https://www.pillalas.com/pase/1060332/,https://www.cinesrenoir.com/pelicula/el-mago-del-kremlin/,https://media.pillalas.com/imagenes/726afb526abffa833889e44ac42f5cc54d6019702d8546ebf4550316f78770131f777f2b.jpg,Inglés,No recomendada para menores de 12 años,Viernes 6 Marzo 2026,"Paul Dano, Alicia Vikander, Jude Law, Tom Sturridge, Jeffrey Wright, Will Keen","En medio del caos postsoviético de los años 90, el joven Vadim Baranov (Paul Dano) empieza a labrarse un camino como artista y productor de televisión. Su elocuencia y conexión con las altas esferas le llevan a convertirse, de la noche a la mañana, en el asesor de un agente del KGB con un brillante porvenir: Vladimir Putin (Jude Law). Desde las entrañas del poder, ambos darán forma a la nueva Rusia, difuminando, mediante manipulación, los límites entre la verdad y la mentira."
EL TESTAMENTO DE ANN LEE,Mona Fastvold,136,03,16:00,2026-03-23,Renoir Princesa,https://www.pillalas.com/pase/1060035/,https://www.cinesrenoir.com/pelicula/el-testamento-de-ann-lee/,https://media.pillalas.com/imagenes/726afb526abffa830b789c96ee6ff3b89647f6e742111b114addcc55b2329cb2e465f4c1.jpg,Inglés,No recomendada para menores de 16 años,Viernes 13 Marzo 2026,"Amanda Seyfried, Thomasin Mckenzie, Lewis Pullman, Christopher Abbott, Tim Blake Nelson, Stacy Martin, Matthew Beard, Scott Handy, Viola Prettejohn, Jamie Bogyo, David Cale","Película en torno a la leyenda real de Ann Lee, fundadora de la secta devocional conocida como los Shakers que predicaba la igualdad de género y social y era venerada por sus seguidores."
ELEGIR MI VIDA,Amélie Bonnin,96,07,15:50,2026-03-23,Renoir Princesa,https://www.pillalas.com/pase/1060322/,https://www.cinesrenoir.com/pelicula/elegir-mi-vida/,https://media.pillalas.com/imagenes/726afb526abffa83f8305cf2e84d7ba15df16005f879206ff895ebbe040eec79d27ccc2c.jpg,Francés,No recomendada para menores de 12 años,Viernes 20 Marzo 2026,"Juliette Armanet, Bastien Bouillon","Cécile (Juliette Armanet) está a punto de cumplir su sueño de abrir su propio restaurante, cuando su padre sufre un infarto y debe volver a su pequeño pueblo natal, lejos de la bulliciosa vida parisina. Allí, tiene un reencuentro inesperado con su amor de la adolescencia (Bastien Bouillon). A medida que resurgen los recuerdos, sus certezas comienzan a tambalearse…"
ELEGIR MI VIDA,Amélie Bonnin,96,03,18:30,2026-03-23,Renoir Princesa,https://www.pillalas.com/pase/1060194/,https://www.cinesrenoir.com/pelicula/elegir-mi-vida/,https://media.pillalas.com/imagenes/726afb526abffa83f8305cf2e84d7ba15df16005f879206ff895ebbe040eec79d27ccc2c.jpg,Francés,No recomendada para menores de 12 años,Viernes 20 Marzo 2026,"Juliette Armanet, Bastien Bouillon","Cécile (Juliette Armanet) está a punto de cumplir su sueño de abrir su propio restaurante, cuando su padre sufre un infarto y debe volver a su pequeño pueblo natal, lejos de la bulliciosa vida parisina. Allí, tiene un reencuentro inesperado con su amor de la adolescencia (Bastien Bouillon). A medida que resurgen los recuerdos, sus certezas comienzan a tambalearse…"
ELEGIR MI VIDA,Amélie Bonnin,96,03,20:25,2026-03-23,Renoir Princesa,https://www.pillalas.com/pase/1060198/,https://www.cinesrenoir.com/pelicula/elegir-mi-vida/,https://media.pillalas.com/imagenes/726afb526abffa83f8305cf2e84d7ba15df16005f879206ff895ebbe040eec79d27ccc2c.jpg,Francés,No recomendada para menores de 12 años,Viernes 20 Marzo 2026,"Juliette Armanet, Bastien Bouillon","Cécile (Juliette Armanet) está a punto de cumplir su sueño de abrir su propio restaurante, cuando su padre sufre un infarto y debe volver a su pequeño pueblo natal, lejos de la bulliciosa vida parisina. Allí, tiene un reencuentro inesperado con su amor de la adolescencia (Bastien Bouillon). A medida que resurgen los recuerdos, sus certezas comienzan a tambalearse…"
HAMNET,Chloé Zhao,125,06,16:00,2026-03-23,Renoir Princesa,https://www.pillalas.com/pase/1060191/,https://www.cinesrenoir.com/pelicula/hamnet/,https://www.cinesrenoir.com/media/Peliculas/Cartel/HAMNET_Cartel_Digital_8Nominaciones_Oscar_YaEnCines_v2_2.jpg,Inglés,No recomendada para menores de 12 años,Viernes 23 Enero 2026,"Jessie Buckley, Paul Mescal, Joe Alwyn, Emily Watson","Año 1596, Stratford-upon-Avon, Inglaterra. La vida de Agnes transcurre plácidamente junto a su marido y sus tres hijos. Ella cultiva plantas medicinales mientras William trabaja en Londres. El destino, sin embargo, les reservará un duro golpe cuando su hijo Hamnet, de once años, muera repentinamente tras contraer la peste. A raíz de esta tragedia, su padre creará uno de los grandes personajes de la literatura universal, de nombre casi idéntico al de su hijo.


Pero esta película no habla de famosos sucesos sino de algo íntimo y olvidado: La vida de esta familia, y especialmente la de la mujer que la sostenía y que tuvo que cargar con una insoportable pérdida."
HAMNET,Chloé Zhao,125,05,17:50,2026-03-23,Renoir Princesa,https://www.pillalas.com/pase/1060192/,https://www.cinesrenoir.com/pelicula/hamnet/,https://www.cinesrenoir.com/media/Peliculas/Cartel/HAMNET_Cartel_Digital_8Nominaciones_Oscar_YaEnCines_v2_2.jpg,Inglés,No recomendada para menores de 12 años,Viernes 23 Enero 2026,"Jessie Buckley, Paul Mescal, Joe Alwyn, Emily Watson","Año 1596, Stratford-upon-Avon, Inglaterra. La vida de Agnes transcurre plácidamente junto a su marido y sus tres hijos. Ella cultiva plantas medicinales mientras William trabaja en Londres. El destino, sin embargo, les reservará un duro golpe cuando su hijo Hamnet, de once años, muera repentinamente tras contraer la peste. A raíz de esta tragedia, su padre creará uno de los grandes personajes de la literatura universal, de nombre casi idéntico al de su hijo.


Pero esta película no habla de famosos sucesos sino de algo íntimo y olvidado: La vida de esta familia, y especialmente la de la mujer que la sostenía y que tuvo que cargar con una insoportable pérdida."
HAMNET,Chloé Zhao,125,05,20:10,2026-03-23,Renoir Princesa,https://www.pillalas.com/pase/1060196/,https://www.cinesrenoir.com/pelicula/hamnet/,https://www.cinesrenoir.com/media/Peliculas/Cartel/HAMNET_Cartel_Digital_8Nominaciones_Oscar_YaEnCines_v2_2.jpg,Inglés,No recomendada para menores de 12 años,Viernes 23 Enero 2026,"Jessie Buckley, Paul Mescal, Joe Alwyn, Emily Watson","Año 1596, Stratford-upon-Avon, Inglaterra. La vida de Agnes transcurre plácidamente junto a su marido y sus tres hijos. Ella cultiva plantas medicinales mientras William trabaja en Londres. El destino, sin embargo, les reservará un duro golpe cuando su hijo Hamnet, de once años, muera repentinamente tras contraer la peste. A raíz de esta tragedia, su padre creará uno de los grandes personajes de la literatura universal, de nombre casi idéntico al de su hijo.


Pero esta película no habla de famosos sucesos sino de algo íntimo y olvidado: La vida de esta familia, y especialmente la de la mujer que la sostenía y que tuvo que cargar con una insoportable pérdida."
HAMNET,Chloé Zhao,125,06,22:20,2026-03-23,Renoir Princesa,https://www.pillalas.com/pase/1060201/,https://www.cinesrenoir.com/pelicula/hamnet/,https://www.cinesrenoir.com/media/Peliculas/Cartel/HAMNET_Cartel_Digital_8Nominaciones_Oscar_YaEnCines_v2_2.jpg,Inglés,No recomendada para menores de 12 años,Viernes 23 Enero 2026,"Jessie Buckley, Paul Mescal, Joe Alwyn, Emily Watson","Año 1596, Stratford-upon-Avon, Inglaterra. La vida de Agnes transcurre plácidamente junto a su marido y sus tres hijos. Ella cultiva plantas medicinales mientras William trabaja en Londres. El destino, sin embargo, les reservará un duro golpe cuando su hijo Hamnet, de once años, muera repentinamente tras contraer la peste. A raíz de esta tragedia, su padre creará uno de los grandes personajes de la literatura universal, de nombre casi idéntico al de su hijo.


Pero esta película no habla de famosos sucesos sino de algo íntimo y olvidado: La vida de esta familia, y especialmente la de la mujer que la sostenía y que tuvo que cargar con una insoportable pérdida."
LOS DOMINGOS,Alauda Ruiz De Azúa,115,02,18:00,2026-03-23,Renoir Princesa,https://www.pillalas.com/pase/1060036/,https://www.cinesrenoir.com/pelicula/los-domingos/,https://www.cinesrenoir.com/media/Peliculas/Cartel/los_domingos_poster.jpg,Castellano,No recomendada para menores de 12 años,Viernes 24 Octubre 2025,"Patricia López Arnaiz, Blanca Soroa, Miguel Garcés, Juan Minujín, Mabel Rivera, Nagore Aramburu","'Los domingos' cuenta la historia de Ainara (Soroa), una joven idealista y brillante de 17 años que ha de decidir qué carrera universitaria estudiará. O, al menos, eso espera su familia que haga. Sin embargo, la joven manifiesta que se siente cada vez más cerca de Dios y que se plantea abrazar la vida de monja de clausura. La noticia pilla por sorpresa a toda la familia provocando un abismo y una prueba de fuego para todos."
LOS DOMINGOS,Alauda Ruiz De Azúa,115,02,20:15,2026-03-23,Renoir Princesa,https://www.pillalas.com/pase/1060037/,https://www.cinesrenoir.com/pelicula/los-domingos/,https://www.cinesrenoir.com/media/Peliculas/Cartel/los_domingos_poster.jpg,Castellano,No recomendada para menores de 12 años,Viernes 24 Octubre 2025,"Patricia López Arnaiz, Blanca Soroa, Miguel Garcés, Juan Minujín, Mabel Rivera, Nagore Aramburu","'Los domingos' cuenta la historia de Ainara (Soroa), una joven idealista y brillante de 17 años que ha de decidir qué carrera universitaria estudiará. O, al menos, eso espera su familia que haga. Sin embargo, la joven manifiesta que se siente cada vez más cerca de Dios y que se plantea abrazar la vida de monja de clausura. La noticia pilla por sorpresa a toda la familia provocando un abismo y una prueba de fuego para todos."
MARTY SUPREME,Josh Safdie,149,01,22:00,2026-03-23,Renoir Princesa,https://www.pillalas.com/pase/1060006/,https://www.cinesrenoir.com/pelicula/marty-supreme/,https://media.pillalas.com/imagenes/726afb526abffa83215ea8a89c8894fb1ac44e6c3b86faba19f84e195b42d541304dcb79.jpg,Inglés,No recomendada para menores de 16 años,Viernes 30 Enero 2026,"Timothee Chalamet, Gwyneth Paltrow, Odessa A Zion, Sandra Bernhard, Fran Drescher, Abel Ferrara, Spenser Granese, Tyler The Creator, Penn Jillette, Kevin O Leary","Marty Mauser (Timothée Chalamet), un joven con una ambición desmesurada, está dispuesto a todo para cumplir su sueño. Con ayuda, entre otros, de la estrella de cine Carol Dunne (Gwyneth Paltrow) demostrará al mundo entero su grandeza."
PILLION,Harry Lighton,106,11,16:00,2026-03-23,Renoir Princesa,https://www.pillalas.com/pase/1060386/,https://www.cinesrenoir.com/pelicula/pillion/,https://www.cinesrenoir.com/media/Peliculas/Cartel/POSTER_2_3_web_1_1_1.png,Inglés,No recomendada para menores de 16 años,Viernes 6 Marzo 2026,"Harry Melling, Alexander Skarsgård, Lesley Sharp, Douglas Hodge","Colin, un chico introvertido, se queda prendado de Ray, el carismático y atractivo líder de una banda de moteros que le toma como su sumiso, dinamitando su rutina y cambiándole la vida."
PILLION,Harry Lighton,106,11,18:05,2026-03-23,Renoir Princesa,https://www.pillalas.com/pase/1060387/,https://www.cinesrenoir.com/pelicula/pillion/,https://www.cinesrenoir.com/media/Peliculas/Cartel/POSTER_2_3_web_1_1_1.png,Inglés,No recomendada para menores de 16 años,Viernes 6 Marzo 2026,"Harry Melling, Alexander Skarsgård, Lesley Sharp, Douglas Hodge","Colin, un chico introvertido, se queda prendado de Ray, el carismático y atractivo líder de una banda de moteros que le toma como su sumiso, dinamitando su rutina y cambiándole la vida."
PILLION,Harry Lighton,106,11,20:10,2026-03-23,Renoir Princesa,https://www.pillalas.com/pase/1060389/,https://www.cinesrenoir.com/pelicula/pillion/,https://www.cinesrenoir.com/media/Peliculas/Cartel/POSTER_2_3_web_1_1_1.png,Inglés,No recomendada para menores de 16 años,Viernes 6 Marzo 2026,"Harry Melling, Alexander Skarsgård, Lesley Sharp, Douglas Hodge","Colin, un chico introvertido, se queda prendado de Ray, el carismático y atractivo líder de una banda de moteros que le toma como su sumiso, dinamitando su rutina y cambiándole la vida."
PILLION,Harry Lighton,106,11,22:15,2026-03-23,Renoir Princesa,https://www.pillalas.com/pase/1060390/,https://www.cinesrenoir.com/pelicula/pillion/,https://www.cinesrenoir.com/media/Peliculas/Cartel/POSTER_2_3_web_1_1_1.png,Inglés,No recomendada para menores de 16 años,Viernes 6 Marzo 2026,"Harry Melling, Alexander Skarsgård, Lesley Sharp, Douglas Hodge","Colin, un chico introvertido, se queda prendado de Ray, el carismático y atractivo líder de una banda de moteros que le toma como su sumiso, dinamitando su rutina y cambiándole la vida."
SIRAT,Óliver Laxe,120,02,15:50,2026-03-23,Renoir Princesa,https://www.pillalas.com/pase/1060034/,https://www.cinesrenoir.com/pelicula/sirat/,https://www.cinesrenoir.com/media/Peliculas/Cartel/SIRAT_ONLINE_GOYAOSCARS.jpg,Castellano Y Otros,No recomendada para menores de 16 años,Viernes 6 Junio 2025,"Sergi López, Bruno Núñez, Stefania Gadda, Joshua Liam Herderson, Tonin Javier, Jade Ouki, Richard Bellamyun","Un hombre (López) y su hijo (Nuñez) llegan a una rave perdida en medio de las áridas y fantasmagóricas montañas del sur de Marruecos. Buscan allí a Mar, su hija y hermana, desaparecida hace meses en una de estas fiestas sin amanecer. Reparten una y otra vez su foto rodeados de música electrónica y de un tipo de libertad que desconocen. Empujados por el destino, y con la esperanza de encontrar ahí a Mar, deciden seguir a un grupo de raveros hacia la última fiesta que se celebrará en el desierto."
SIRAT,Óliver Laxe,120,02,22:30,2026-03-23,Renoir Princesa,https://www.pillalas.com/pase/1060038/,https://www.cinesrenoir.com/pelicula/sirat/,https://www.cinesrenoir.com/media/Peliculas/Cartel/SIRAT_ONLINE_GOYAOSCARS.jpg,Castellano Y Otros,No recomendada para menores de 16 años,Viernes 6 Junio 2025,"Sergi López, Bruno Núñez, Stefania Gadda, Joshua Liam Herderson, Tonin Javier, Jade Ouki, Richard Bellamyun","Un hombre (López) y su hijo (Nuñez) llegan a una rave perdida en medio de las áridas y fantasmagóricas montañas del sur de Marruecos. Buscan allí a Mar, su hija y hermana, desaparecida hace meses en una de estas fiestas sin amanecer. Reparten una y otra vez su foto rodeados de música electrónica y de un tipo de libertad que desconocen. Empujados por el destino, y con la esperanza de encontrar ahí a Mar, deciden seguir a un grupo de raveros hacia la última fiesta que se celebrará en el desierto."
TORRENTE PRESIDENTE,Santiago Segura,103,05,15:50,2026-03-23,Renoir Princesa,https://www.pillalas.com/pase/1060189/,https://www.cinesrenoir.com/pelicula/torrente-presidente/,https://www.cinesrenoir.com/media/Peliculas/Cartel/torrente_presidente1.jpg,Castellano,No recomendada para menores de 16 años,Viernes 13 Marzo 2026,"Santiago Segura, Leo Harlem, Ramón Langa",Sexta entrega de Torrente.
TORRENTE PRESIDENTE,Santiago Segura,103,06,18:20,2026-03-23,Renoir Princesa,https://www.pillalas.com/pase/1060193/,https://www.cinesrenoir.com/pelicula/torrente-presidente/,https://www.cinesrenoir.com/media/Peliculas/Cartel/torrente_presidente1.jpg,Castellano,No recomendada para menores de 16 años,Viernes 13 Marzo 2026,"Santiago Segura, Leo Harlem, Ramón Langa",Sexta entrega de Torrente.
TORRENTE PRESIDENTE,Santiago Segura,103,06,20:20,2026-03-23,Renoir Princesa,https://www.pillalas.com/pase/1060197/,https://www.cinesrenoir.com/pelicula/torrente-presidente/,https://www.cinesrenoir.com/media/Peliculas/Cartel/torrente_presidente1.jpg,Castellano,No recomendada para menores de 16 años,Viernes 13 Marzo 2026,"Santiago Segura, Leo Harlem, Ramón Langa",Sexta entrega de Torrente.
TORRENTE PRESIDENTE,Santiago Segura,103,05,22:30,2026-03-23,Renoir Princesa,https://www.pillalas.com/pase/1060202/,https://www.cinesrenoir.com/pelicula/torrente-presidente/,https://www.cinesrenoir.com/media/Peliculas/Cartel/torrente_presidente1.jpg,Castellano,No recomendada para menores de 16 años,Viernes 13 Marzo 2026,"Santiago Segura, Leo Harlem, Ramón Langa",Sexta entrega de Torrente.
TRES ADIOSES,Isabel Coixet,122,07,17:45,2026-03-23,Renoir Princesa,https://www.pillalas.com/pase/1060326/,https://www.cinesrenoir.com/pelicula/tres-adioses/,https://media.pillalas.com/imagenes/726afb526abffa832ea2a44a189894de905fc7e94534a8bf4ef6bf13e5ccdfe90922c22e.jpg,Italiano,No recomendada para menores de 12 años,Viernes 6 Febrero 2026,"Alba Rohrwacher, Elio Germano, Francesco Carril, Silvia D Amico, Galatea Bellugi, Sarita Choudhury","Tras lo que parecía una discusión sin importancia, Marta (Alba Rohrwacher) y Antonio (Elio Germano) se separan. Él, un chef prometedor, se refugia en sus fogones; ella, en su silencio, empieza a notar algo más que tristeza: ha perdido el apetito… y no solo por desamor. Cuando descubre que detrás hay un problema de salud, todo da un giro inesperado: la comida sabe mejor, la música le llega como nunca y el deseo despierta sus ganas de vivir sin miedo.
Una historia sobre el amor, la vida y esos momentos que lo cambian todo para siempre."
TRES ADIOSES,Isabel Coixet,122,07,20:05,2026-03-23,Renoir Princesa,https://www.pillalas.com/pase/1060329/,https://www.cinesrenoir.com/pelicula/tres-adioses/,https://media.pillalas.com/imagenes/726afb526abffa832ea2a44a189894de905fc7e94534a8bf4ef6bf13e5ccdfe90922c22e.jpg,Italiano,No recomendada para menores de 12 años,Viernes 6 Febrero 2026,"Alba Rohrwacher, Elio Germano, Francesco Carril, Silvia D Amico, Galatea Bellugi, Sarita Choudhury","Tras lo que parecía una discusión sin importancia, Marta (Alba Rohrwacher) y Antonio (Elio Germano) se separan. Él, un chef prometedor, se refugia en sus fogones; ella, en su silencio, empieza a notar algo más que tristeza: ha perdido el apetito… y no solo por desamor. Cuando descubre que detrás hay un problema de salud, todo da un giro inesperado: la comida sabe mejor, la música le llega como nunca y el deseo despierta sus ganas de vivir sin miedo.
Una historia sobre el amor, la vida y esos momentos que lo cambian todo para siempre."
UNA BATALLA TRAS OTRA,Paul Thomas Anderson,161,08,20:30,2026-03-23,Renoir Princesa,https://www.pillalas.com/pase/1060331/,https://www.cinesrenoir.com/pelicula/una-batalla-tras-otra/,https://media.pillalas.com/imagenes/726afb526abffa83067d351656e3959d62491a4b950d2e053e036c244c54d5060d7521c0.jpg,Inglés,No recomendada para menores de 16 años,Viernes 26 Septiembre 2025,"Leonardo Dicaprio, Sean Penn, Benicio Del Toro, Regina Hall, Teyana Taylor, Wood Harris, Alana Haim, Shayna Mchayle, Chase Infiniti, Starletta Dupois, Joe Silva, Eric Schweig, Tony Goldwyn, James Downey, John Hoogenakker, Kevin Tighe, D.W. Moffett, James Raterman","Cuando su malvado enemigo resurge después de 16 años, una banda de exrevolucionarios se reúne para rescatar a la hija de uno de los suyos, encarnado por Leonardo DiCaprio. Adaptación de la novela 'Vineland', de Thomas Pynchon, escrita en 1990, sobre los movimientos radicales de los años sesenta."
UNA HIJA EN TOKIO,Guillaume Senez,99,01,16:00,2026-03-23,Renoir Princesa,https://www.pillalas.com/pase/1060003/,https://www.cinesrenoir.com/pelicula/una-hija-en-tokio/,https://media.pillalas.com/imagenes/726afb526abffa8327fbd986c984eb728e0f1c714c7a6aa328ebfc96eb29c6586b207f0e.jpg,Francés,No recomendada para menores de 7 años,Viernes 20 Marzo 2026,"Romain Duris, Judith Chemla, Mei Cirne-Masuki","Cada día, Jérôme (Romain Duris) recorre Tokio con su taxi mientras intenta encontrar a su hija, Lily. Nueve años después de separarse y sin haber logrado su custodia, empieza a pensar que es hora de rendirse y volver a Francia. Pero cuando está a punto de hacerlo, Lily sube a su taxi."
UNA HIJA EN TOKIO,Guillaume Senez,99,01,18:00,2026-03-23,Renoir Princesa,https://www.pillalas.com/pase/1060004/,https://www.cinesrenoir.com/pelicula/una-hija-en-tokio/,https://media.pillalas.com/imagenes/726afb526abffa8327fbd986c984eb728e0f1c714c7a6aa328ebfc96eb29c6586b207f0e.jpg,Francés,No recomendada para menores de 7 años,Viernes 20 Marzo 2026,"Romain Duris, Judith Chemla, Mei Cirne-Masuki","Cada día, Jérôme (Romain Duris) recorre Tokio con su taxi mientras intenta encontrar a su hija, Lily. Nueve años después de separarse y sin haber logrado su custodia, empieza a pensar que es hora de rendirse y volver a Francia. Pero cuando está a punto de hacerlo, Lily sube a su taxi."
UNA HIJA EN TOKIO,Guillaume Senez,99,01,20:00,2026-03-23,Renoir Princesa,https://www.pillalas.com/pase/1060005/,https://www.cinesrenoir.com/pelicula/una-hija-en-tokio/,https://media.pillalas.com/imagenes/726afb526abffa8327fbd986c984eb728e0f1c714c7a6aa328ebfc96eb29c6586b207f0e.jpg,Francés,No recomendada para menores de 7 años,Viernes 20 Marzo 2026,"Romain Duris, Judith Chemla, Mei Cirne-Masuki","Cada día, Jérôme (Romain Duris) recorre Tokio con su taxi mientras intenta encontrar a su hija, Lily. Nueve años después de separarse y sin haber logrado su custodia, empieza a pensar que es hora de rendirse y volver a Francia. Pero cuando está a punto de hacerlo, Lily sube a su taxi."
¡LA NOVIA!,Maggie Gyllenhaal,126,07,22:20,2026-03-23,Renoir Princesa,https://www.pillalas.com/pase/1060333/,https://www.cinesrenoir.com/pelicula/la-novia/,https://media.pillalas.com/imagenes/726afb526abffa834d5e9976411fdc20e28407e451a89b449da3736e5440bebb2e35bc4c.jpg,Inglés,No recomendada para menores de 16 años y distintivo especialmente recomendada para el fomento de la igualdad de género,Viernes 6 Marzo 2026,"Jessie Buckley, Christian Bale, Peter Sarsgaard, Annette Bening, Penelope Cruz, Jake Gyllenhaal, Julianne Hough, Louis Cancelmi, John Magaro, Linda Emond, Jeannie Berlin, Matthew Maher","En el Chicago de los años 30, un solitario Frankenstein pide la ayuda del Dr. Euphronius para crearse una compañera. Los dos resucitan a una joven asesinada y en ese momento nace la Novia, quien irá más allá de lo que cualquiera de los dos pretendía, encendiendo un romance apasionado, la atención de la policía y un movimiento social salvaje y radical."
AMARGA NAVIDAD,Pedro Almodóvar,111,09,16:00,2026-03-24,Renoir Princesa,https://www.pillalas.com/pase/1060336/,https://www.cinesrenoir.com/pelicula/amarga-navidad/,https://media.pillalas.com/imagenes/726afb526abffa83b60c45c3634993c0e9bd987d873c6c32a8009c3b4ee414d3a40e41c1.jpg,Castellano,No recomendada para menores de 12 años,Viernes 20 Marzo 2026,"Bárbara Lennie, Leonardo Sbaraglia, Aitana Sánchez-Gijón, Victoria Luengo, Patrick Criado, Milena Smit, Quim Gutiérrez, Rossy De Palma, Carmen Machi, Gloria Muñoz","Elsa es una directora de publicidad cuya madre muere durante un largo puente del mes de diciembre. Encuentra refugio en el trabajo, aunque es más bien una huida hacia adelante. Trabaja sin parar y, sin darse cuenta, no se concede el tiempo necesario para guardar el duelo por la ausencia materna. Hasta que una crisis de pánico la obliga a detenerse e imponerse un descanso. Su pareja, Bonifacio, es su tabla de salvación en esos momentos de crisis. Elsa decide viajar a la isla de Lanzarote acompañada por su amiga Patricia, que también necesita alejarse de Madrid, mientras que Bonifacio se queda en la ciudad.
La historia de estos tres personajes, y algunos más, se narran paralelamente a la del guionista y director de cine Raúl Durán, entremezclando ficción y realidad. Porque ‘Amarga Navidad’ desarrolla cómo la vida y la ficción están unidas de un modo indisoluble, incluso doloroso en ocasiones."
AMARGA NAVIDAD,Pedro Almodóvar,111,09,18:10,2026-03-24,Renoir Princesa,https://www.pillalas.com/pase/1060340/,https://www.cinesrenoir.com/pelicula/amarga-navidad/,https://media.pillalas.com/imagenes/726afb526abffa83b60c45c3634993c0e9bd987d873c6c32a8009c3b4ee414d3a40e41c1.jpg,Castellano,No recomendada para menores de 12 años,Viernes 20 Marzo 2026,"Bárbara Lennie, Leonardo Sbaraglia, Aitana Sánchez-Gijón, Victoria Luengo, Patrick Criado, Milena Smit, Quim Gutiérrez, Rossy De Palma, Carmen Machi, Gloria Muñoz","Elsa es una directora de publicidad cuya madre muere durante un largo puente del mes de diciembre. Encuentra refugio en el trabajo, aunque es más bien una huida hacia adelante. Trabaja sin parar y, sin darse cuenta, no se concede el tiempo necesario para guardar el duelo por la ausencia materna. Hasta que una crisis de pánico la obliga a detenerse e imponerse un descanso. Su pareja, Bonifacio, es su tabla de salvación en esos momentos de crisis. Elsa decide viajar a la isla de Lanzarote acompañada por su amiga Patricia, que también necesita alejarse de Madrid, mientras que Bonifacio se queda en la ciudad.
La historia de estos tres personajes, y algunos más, se narran paralelamente a la del guionista y director de cine Raúl Durán, entremezclando ficción y realidad. Porque ‘Amarga Navidad’ desarrolla cómo la vida y la ficción están unidas de un modo indisoluble, incluso doloroso en ocasiones."
AMARGA NAVIDAD,Pedro Almodóvar,111,09,20:20,2026-03-24,Renoir Princesa,https://www.pillalas.com/pase/1060342/,https://www.cinesrenoir.com/pelicula/amarga-navidad/,https://media.pillalas.com/imagenes/726afb526abffa83b60c45c3634993c0e9bd987d873c6c32a8009c3b4ee414d3a40e41c1.jpg,Castellano,No recomendada para menores de 12 años,Viernes 20 Marzo 2026,"Bárbara Lennie, Leonardo Sbaraglia, Aitana Sánchez-Gijón, Victoria Luengo, Patrick Criado, Milena Smit, Quim Gutiérrez, Rossy De Palma, Carmen Machi, Gloria Muñoz","Elsa es una directora de publicidad cuya madre muere durante un largo puente del mes de diciembre. Encuentra refugio en el trabajo, aunque es más bien una huida hacia adelante. Trabaja sin parar y, sin darse cuenta, no se concede el tiempo necesario para guardar el duelo por la ausencia materna. Hasta que una crisis de pánico la obliga a detenerse e imponerse un descanso. Su pareja, Bonifacio, es su tabla de salvación en esos momentos de crisis. Elsa decide viajar a la isla de Lanzarote acompañada por su amiga Patricia, que también necesita alejarse de Madrid, mientras que Bonifacio se queda en la ciudad.
La historia de estos tres personajes, y algunos más, se narran paralelamente a la del guionista y director de cine Raúl Durán, entremezclando ficción y realidad. Porque ‘Amarga Navidad’ desarrolla cómo la vida y la ficción están unidas de un modo indisoluble, incluso doloroso en ocasiones."
AMARGA NAVIDAD,Pedro Almodóvar,111,09,22:30,2026-03-24,Renoir Princesa,https://www.pillalas.com/pase/1060345/,https://www.cinesrenoir.com/pelicula/amarga-navidad/,https://media.pillalas.com/imagenes/726afb526abffa83b60c45c3634993c0e9bd987d873c6c32a8009c3b4ee414d3a40e41c1.jpg,Castellano,No recomendada para menores de 12 años,Viernes 20 Marzo 2026,"Bárbara Lennie, Leonardo Sbaraglia, Aitana Sánchez-Gijón, Victoria Luengo, Patrick Criado, Milena Smit, Quim Gutiérrez, Rossy De Palma, Carmen Machi, Gloria Muñoz","Elsa es una directora de publicidad cuya madre muere durante un largo puente del mes de diciembre. Encuentra refugio en el trabajo, aunque es más bien una huida hacia adelante. Trabaja sin parar y, sin darse cuenta, no se concede el tiempo necesario para guardar el duelo por la ausencia materna. Hasta que una crisis de pánico la obliga a detenerse e imponerse un descanso. Su pareja, Bonifacio, es su tabla de salvación en esos momentos de crisis. Elsa decide viajar a la isla de Lanzarote acompañada por su amiga Patricia, que también necesita alejarse de Madrid, mientras que Bonifacio se queda en la ciudad.
La historia de estos tres personajes, y algunos más, se narran paralelamente a la del guionista y director de cine Raúl Durán, entremezclando ficción y realidad. Porque ‘Amarga Navidad’ desarrolla cómo la vida y la ficción están unidas de un modo indisoluble, incluso doloroso en ocasiones."
CUMBRES BORRASCOSAS,Emerald Fennell,135,03,22:15,2026-03-24,Renoir Princesa,https://www.pillalas.com/pase/1060214/,https://www.cinesrenoir.com/pelicula/cumbres-borrascosas/,https://media.pillalas.com/imagenes/726afb526abffa83abe8577deb3c0674bd352fd2b0500497b1d5570f2dd570487210fc4e.jpg,Inglés,No recomendada para menores de 16 años,Viernes 13 Febrero 2026,"Margot Robbie, Jacob Elordi, Hong Chau, Alison Oliver, Owen Cooper, Shazad Latif, Martin Clunes, Ewan Mitchell, Amy Morgan, Jessica Knappett, Charlotte Mellington, Vy Nguyen","Adaptada a todo tipo de formatos en multitud de ocasiones, se trata de una trágica historia de pasiones encontradas en la Inglaterra rural más conservadora. Una historia de venganza y odio, de pasiones desatadas y amores desesperados que van más allá de la muerte ambientada en los brumosos y sombríos páramos de Yorkshire, al norte de Inglaterra."
EL AGENTE SECRETO,Kleber Mendonça Filho,160,04,16:00,2026-03-24,Renoir Princesa,https://www.pillalas.com/pase/1060204/,https://www.cinesrenoir.com/pelicula/el-agente-secreto/,https://media.pillalas.com/imagenes/726afb526abffa83bdba0b90e98cf11293bcd8b9c8be1af817aa6c045cd8f479730f7511.jpg,Portugués,No recomendada para menores de 16 años,Viernes 20 Febrero 2026,"Wagner Moura, Gabriel Leone, Udo Kier, Maria Fernanda Cândido","1977. En un Brasil atormentado por la dictadura militar, Marcelo, un cuarentón que huye de un pasado turbulento, llega a la ciudad de Recife, donde espera construir una nueva vida y reencontrarse con su hijo. Todo se complica cuando descubre que las fuerzas gubernamentales le persiguen y las amenazas de muerte se ciernen sobre su cabeza."
EL AGENTE SECRETO,Kleber Mendonça Filho,160,04,18:55,2026-03-24,Renoir Princesa,https://www.pillalas.com/pase/1060209/,https://www.cinesrenoir.com/pelicula/el-agente-secreto/,https://media.pillalas.com/imagenes/726afb526abffa83bdba0b90e98cf11293bcd8b9c8be1af817aa6c045cd8f479730f7511.jpg,Portugués,No recomendada para menores de 16 años,Viernes 20 Febrero 2026,"Wagner Moura, Gabriel Leone, Udo Kier, Maria Fernanda Cândido","1977. En un Brasil atormentado por la dictadura militar, Marcelo, un cuarentón que huye de un pasado turbulento, llega a la ciudad de Recife, donde espera construir una nueva vida y reencontrarse con su hijo. Todo se complica cuando descubre que las fuerzas gubernamentales le persiguen y las amenazas de muerte se ciernen sobre su cabeza."
EL AGENTE SECRETO,Kleber Mendonça Filho,160,04,21:50,2026-03-24,Renoir Princesa,https://www.pillalas.com/pase/1060213/,https://www.cinesrenoir.com/pelicula/el-agente-secreto/,https://media.pillalas.com/imagenes/726afb526abffa83bdba0b90e98cf11293bcd8b9c8be1af817aa6c045cd8f479730f7511.jpg,Portugués,No recomendada para menores de 16 años,Viernes 20 Febrero 2026,"Wagner Moura, Gabriel Leone, Udo Kier, Maria Fernanda Cândido","1977. En un Brasil atormentado por la dictadura militar, Marcelo, un cuarentón que huye de un pasado turbulento, llega a la ciudad de Recife, donde espera construir una nueva vida y reencontrarse con su hijo. Todo se complica cuando descubre que las fuerzas gubernamentales le persiguen y las amenazas de muerte se ciernen sobre su cabeza."
EL ARQUITECTO,Stéphane Demoustier,107,08,16:10,2026-03-24,Renoir Princesa,https://www.pillalas.com/pase/1060338/,https://www.cinesrenoir.com/pelicula/el-arquitecto/,https://media.pillalas.com/imagenes/726afb526abffa83aa265685f6781eacb3d2a1ce9f7ae8b5cb373d34a8a32da17572eb8a.jpg,Francés Y Danés,No recomendada para menores de 12 años,Viernes 13 Marzo 2026,"Claes Bang, Sidse Babett Knudsen, Swann Arlaud, Michel Fau, Xavier Dolan","1983. El nuevo gobierno francés convoca el mayor concurso de arquitectura. Codiciado por los grandes estudios, el ganador es, sorprendentemente, un absoluto desconocido: Johan Otto von Spreckelsen, un profesor de arquitectura danés que hasta entonces sólo había construido su casa y tres pequeñas capillas."
EL ARQUITECTO,Stéphane Demoustier,107,08,18:15,2026-03-24,Renoir Princesa,https://www.pillalas.com/pase/1060341/,https://www.cinesrenoir.com/pelicula/el-arquitecto/,https://media.pillalas.com/imagenes/726afb526abffa83aa265685f6781eacb3d2a1ce9f7ae8b5cb373d34a8a32da17572eb8a.jpg,Francés Y Danés,No recomendada para menores de 12 años,Viernes 13 Marzo 2026,"Claes Bang, Sidse Babett Knudsen, Swann Arlaud, Michel Fau, Xavier Dolan","1983. El nuevo gobierno francés convoca el mayor concurso de arquitectura. Codiciado por los grandes estudios, el ganador es, sorprendentemente, un absoluto desconocido: Johan Otto von Spreckelsen, un profesor de arquitectura danés que hasta entonces sólo había construido su casa y tres pequeñas capillas."
EL GRADUADO [WILDER CINEMA],Mike Nichols,105,07,20:00,2026-03-24,Renoir Princesa,https://www.pillalas.com/pase/1059807/,https://www.cinesrenoir.com/pelicula/el-graduado-wilder-cinema/,https://media.pillalas.com/imagenes/726afb526abffa83c38dc7276164c44002fc2825b78fa68f59d82e1ca5ec68577149d582.jpg,Inglés,Pendiente de calificación,Martes 24 Marzo 2026,"Anne Bancroft, Dustin Hoffman, Katharine Ross, William Daniels, Murray Hamilton, Elizabeth Wilson, Buck Henry, Brian Avery, Walter Brooke, Norman Fell, Alice Ghostley, Marion Lorne, Eddra Gale","Retrato generacional por excelencia, El graduado capturó como pocas películas la confusión, el desencanto y la rebeldía de la juventud de los años sesenta. Mike Nichols combina humor, melancolía y una banda sonora icónica para construir una historia tan incómoda como inolvidable. Moderna, irónica y profundamente influyente, sigue conectando con nuevas generaciones que se reconocen en su mirada inquieta sobre el futuro.Oscar a la Mejor Dirección“Un retrato generacional inolvidable.” — El País“Tan moderna hoy como en su estreno.” — Fotogramas“Una película clave del cine americano.” — Cinemanía“Un clásico que definió una época.” — The Guardian“Irrepetible.” — The New York Times"
EL MAGO DEL KREMLIN,Olivier Assayas,145,10,16:10,2026-03-24,Renoir Princesa,https://www.pillalas.com/pase/1060337/,https://www.cinesrenoir.com/pelicula/el-mago-del-kremlin/,https://media.pillalas.com/imagenes/726afb526abffa833889e44ac42f5cc54d6019702d8546ebf4550316f78770131f777f2b.jpg,Inglés,No recomendada para menores de 12 años,Viernes 6 Marzo 2026,"Paul Dano, Alicia Vikander, Jude Law, Tom Sturridge, Jeffrey Wright, Will Keen","En medio del caos postsoviético de los años 90, el joven Vadim Baranov (Paul Dano) empieza a labrarse un camino como artista y productor de televisión. Su elocuencia y conexión con las altas esferas le llevan a convertirse, de la noche a la mañana, en el asesor de un agente del KGB con un brillante porvenir: Vladimir Putin (Jude Law). Desde las entrañas del poder, ambos darán forma a la nueva Rusia, difuminando, mediante manipulación, los límites entre la verdad y la mentira."
EL TESTAMENTO DE ANN LEE,Mona Fastvold,136,03,16:00,2026-03-24,Renoir Princesa,https://www.pillalas.com/pase/1060040/,https://www.cinesrenoir.com/pelicula/el-testamento-de-ann-lee/,https://media.pillalas.com/imagenes/726afb526abffa830b789c96ee6ff3b89647f6e742111b114addcc55b2329cb2e465f4c1.jpg,Inglés,No recomendada para menores de 16 años,Viernes 13 Marzo 2026,"Amanda Seyfried, Thomasin Mckenzie, Lewis Pullman, Christopher Abbott, Tim Blake Nelson, Stacy Martin, Matthew Beard, Scott Handy, Viola Prettejohn, Jamie Bogyo, David Cale","Película en torno a la leyenda real de Ann Lee, fundadora de la secta devocional conocida como los Shakers que predicaba la igualdad de género y social y era venerada por sus seguidores."
ELEGIR MI VIDA,Amélie Bonnin,96,07,15:50,2026-03-24,Renoir Princesa,https://www.pillalas.com/pase/1060335/,https://www.cinesrenoir.com/pelicula/elegir-mi-vida/,https://media.pillalas.com/imagenes/726afb526abffa83f8305cf2e84d7ba15df16005f879206ff895ebbe040eec79d27ccc2c.jpg,Francés,No recomendada para menores de 12 años,Viernes 20 Marzo 2026,"Juliette Armanet, Bastien Bouillon","Cécile (Juliette Armanet) está a punto de cumplir su sueño de abrir su propio restaurante, cuando su padre sufre un infarto y debe volver a su pequeño pueblo natal, lejos de la bulliciosa vida parisina. Allí, tiene un reencuentro inesperado con su amor de la adolescencia (Bastien Bouillon). A medida que resurgen los recuerdos, sus certezas comienzan a tambalearse…"
ELEGIR MI VIDA,Amélie Bonnin,96,03,18:30,2026-03-24,Renoir Princesa,https://www.pillalas.com/pase/1060208/,https://www.cinesrenoir.com/pelicula/elegir-mi-vida/,https://media.pillalas.com/imagenes/726afb526abffa83f8305cf2e84d7ba15df16005f879206ff895ebbe040eec79d27ccc2c.jpg,Francés,No recomendada para menores de 12 años,Viernes 20 Marzo 2026,"Juliette Armanet, Bastien Bouillon","Cécile (Juliette Armanet) está a punto de cumplir su sueño de abrir su propio restaurante, cuando su padre sufre un infarto y debe volver a su pequeño pueblo natal, lejos de la bulliciosa vida parisina. Allí, tiene un reencuentro inesperado con su amor de la adolescencia (Bastien Bouillon). A medida que resurgen los recuerdos, sus certezas comienzan a tambalearse…"
ELEGIR MI VIDA,Amélie Bonnin,96,03,20:25,2026-03-24,Renoir Princesa,https://www.pillalas.com/pase/1060212/,https://www.cinesrenoir.com/pelicula/elegir-mi-vida/,https://media.pillalas.com/imagenes/726afb526abffa83f8305cf2e84d7ba15df16005f879206ff895ebbe040eec79d27ccc2c.jpg,Francés,No recomendada para menores de 12 años,Viernes 20 Marzo 2026,"Juliette Armanet, Bastien Bouillon","Cécile (Juliette Armanet) está a punto de cumplir su sueño de abrir su propio restaurante, cuando su padre sufre un infarto y debe volver a su pequeño pueblo natal, lejos de la bulliciosa vida parisina. Allí, tiene un reencuentro inesperado con su amor de la adolescencia (Bastien Bouillon). A medida que resurgen los recuerdos, sus certezas comienzan a tambalearse…"
HAMNET,Chloé Zhao,125,06,16:00,2026-03-24,Renoir Princesa,https://www.pillalas.com/pase/1060205/,https://www.cinesrenoir.com/pelicula/hamnet/,https://www.cinesrenoir.com/media/Peliculas/Cartel/HAMNET_Cartel_Digital_8Nominaciones_Oscar_YaEnCines_v2_2.jpg,Inglés,No recomendada para menores de 12 años,Viernes 23 Enero 2026,"Jessie Buckley, Paul Mescal, Joe Alwyn, Emily Watson","Año 1596, Stratford-upon-Avon, Inglaterra. La vida de Agnes transcurre plácidamente junto a su marido y sus tres hijos. Ella cultiva plantas medicinales mientras William trabaja en Londres. El destino, sin embargo, les reservará un duro golpe cuando su hijo Hamnet, de once años, muera repentinamente tras contraer la peste. A raíz de esta tragedia, su padre creará uno de los grandes personajes de la literatura universal, de nombre casi idéntico al de su hijo.


Pero esta película no habla de famosos sucesos sino de algo íntimo y olvidado: La vida de esta familia, y especialmente la de la mujer que la sostenía y que tuvo que cargar con una insoportable pérdida."
HAMNET,Chloé Zhao,125,05,17:50,2026-03-24,Renoir Princesa,https://www.pillalas.com/pase/1060206/,https://www.cinesrenoir.com/pelicula/hamnet/,https://www.cinesrenoir.com/media/Peliculas/Cartel/HAMNET_Cartel_Digital_8Nominaciones_Oscar_YaEnCines_v2_2.jpg,Inglés,No recomendada para menores de 12 años,Viernes 23 Enero 2026,"Jessie Buckley, Paul Mescal, Joe Alwyn, Emily Watson","Año 1596, Stratford-upon-Avon, Inglaterra. La vida de Agnes transcurre plácidamente junto a su marido y sus tres hijos. Ella cultiva plantas medicinales mientras William trabaja en Londres. El destino, sin embargo, les reservará un duro golpe cuando su hijo Hamnet, de once años, muera repentinamente tras contraer la peste. A raíz de esta tragedia, su padre creará uno de los grandes personajes de la literatura universal, de nombre casi idéntico al de su hijo.


Pero esta película no habla de famosos sucesos sino de algo íntimo y olvidado: La vida de esta familia, y especialmente la de la mujer que la sostenía y que tuvo que cargar con una insoportable pérdida."
HAMNET,Chloé Zhao,125,05,20:10,2026-03-24,Renoir Princesa,https://www.pillalas.com/pase/1060210/,https://www.cinesrenoir.com/pelicula/hamnet/,https://www.cinesrenoir.com/media/Peliculas/Cartel/HAMNET_Cartel_Digital_8Nominaciones_Oscar_YaEnCines_v2_2.jpg,Inglés,No recomendada para menores de 12 años,Viernes 23 Enero 2026,"Jessie Buckley, Paul Mescal, Joe Alwyn, Emily Watson","Año 1596, Stratford-upon-Avon, Inglaterra. La vida de Agnes transcurre plácidamente junto a su marido y sus tres hijos. Ella cultiva plantas medicinales mientras William trabaja en Londres. El destino, sin embargo, les reservará un duro golpe cuando su hijo Hamnet, de once años, muera repentinamente tras contraer la peste. A raíz de esta tragedia, su padre creará uno de los grandes personajes de la literatura universal, de nombre casi idéntico al de su hijo.


Pero esta película no habla de famosos sucesos sino de algo íntimo y olvidado: La vida de esta familia, y especialmente la de la mujer que la sostenía y que tuvo que cargar con una insoportable pérdida."
HAMNET,Chloé Zhao,125,06,22:20,2026-03-24,Renoir Princesa,https://www.pillalas.com/pase/1060215/,https://www.cinesrenoir.com/pelicula/hamnet/,https://www.cinesrenoir.com/media/Peliculas/Cartel/HAMNET_Cartel_Digital_8Nominaciones_Oscar_YaEnCines_v2_2.jpg,Inglés,No recomendada para menores de 12 años,Viernes 23 Enero 2026,"Jessie Buckley, Paul Mescal, Joe Alwyn, Emily Watson","Año 1596, Stratford-upon-Avon, Inglaterra. La vida de Agnes transcurre plácidamente junto a su marido y sus tres hijos. Ella cultiva plantas medicinales mientras William trabaja en Londres. El destino, sin embargo, les reservará un duro golpe cuando su hijo Hamnet, de once años, muera repentinamente tras contraer la peste. A raíz de esta tragedia, su padre creará uno de los grandes personajes de la literatura universal, de nombre casi idéntico al de su hijo.


Pero esta película no habla de famosos sucesos sino de algo íntimo y olvidado: La vida de esta familia, y especialmente la de la mujer que la sostenía y que tuvo que cargar con una insoportable pérdida."
LOS DOMINGOS,Alauda Ruiz De Azúa,115,02,18:00,2026-03-24,Renoir Princesa,https://www.pillalas.com/pase/1060041/,https://www.cinesrenoir.com/pelicula/los-domingos/,https://www.cinesrenoir.com/media/Peliculas/Cartel/los_domingos_poster.jpg,Castellano,No recomendada para menores de 12 años,Viernes 24 Octubre 2025,"Patricia López Arnaiz, Blanca Soroa, Miguel Garcés, Juan Minujín, Mabel Rivera, Nagore Aramburu","'Los domingos' cuenta la historia de Ainara (Soroa), una joven idealista y brillante de 17 años que ha de decidir qué carrera universitaria estudiará. O, al menos, eso espera su familia que haga. Sin embargo, la joven manifiesta que se siente cada vez más cerca de Dios y que se plantea abrazar la vida de monja de clausura. La noticia pilla por sorpresa a toda la familia provocando un abismo y una prueba de fuego para todos."
MARTY SUPREME,Josh Safdie,149,01,22:00,2026-03-24,Renoir Princesa,https://www.pillalas.com/pase/1060010/,https://www.cinesrenoir.com/pelicula/marty-supreme/,https://media.pillalas.com/imagenes/726afb526abffa83215ea8a89c8894fb1ac44e6c3b86faba19f84e195b42d541304dcb79.jpg,Inglés,No recomendada para menores de 16 años,Viernes 30 Enero 2026,"Timothee Chalamet, Gwyneth Paltrow, Odessa A Zion, Sandra Bernhard, Fran Drescher, Abel Ferrara, Spenser Granese, Tyler The Creator, Penn Jillette, Kevin O Leary","Marty Mauser (Timothée Chalamet), un joven con una ambición desmesurada, está dispuesto a todo para cumplir su sueño. Con ayuda, entre otros, de la estrella de cine Carol Dunne (Gwyneth Paltrow) demostrará al mundo entero su grandeza."
MUESTRA DE CORTOMETRAJES DIRIGIDOS POR MUJERES 2026 [RENOIR],Beatriz Martínez Y José Luis Palacios,90,10,20:30,2026-03-24,Renoir Princesa,https://www.pillalas.com/pase/1058775/,https://www.cinesrenoir.com/pelicula/muestra-de-cortometrajes-dirigidos-por-mujeres-2026-renoir/,https://media.pillalas.com/imagenes/726afb526abffa8374297105c1551adf09fd9cb3e9d9dbe658599fa20dd07572581ce2f7.png,Castellano,Pendiente de calificación,Martes 24 Marzo 2026,Beatriz Martínez Y José Luis Palacios,"Los CINES RENOIR se suman al apoyo del cine español y al impulso del ámbito del cortometraje. Apostamos por el cortometraje como género propio y su exhibición en salas  de cine. En esta ocasión, podremos disfrutar el martes 24 de marzo, en los cines Renoir Princesa, de una sesión con una selección de cortometrajes de ficción de este año realizados por directoras mujeres. La sesión está organizada y conducida por Beatriz Martínez y José Luis Palacios, socios de la Coordinadora del Cortometraje y jurado de público de varios festivales nacionales de cortometrajes."
PILLION,Harry Lighton,106,11,16:00,2026-03-24,Renoir Princesa,https://www.pillalas.com/pase/1060391/,https://www.cinesrenoir.com/pelicula/pillion/,https://www.cinesrenoir.com/media/Peliculas/Cartel/POSTER_2_3_web_1_1_1.png,Inglés,No recomendada para menores de 16 años,Viernes 6 Marzo 2026,"Harry Melling, Alexander Skarsgård, Lesley Sharp, Douglas Hodge","Colin, un chico introvertido, se queda prendado de Ray, el carismático y atractivo líder de una banda de moteros que le toma como su sumiso, dinamitando su rutina y cambiándole la vida."
PILLION,Harry Lighton,106,11,18:05,2026-03-24,Renoir Princesa,https://www.pillalas.com/pase/1060392/,https://www.cinesrenoir.com/pelicula/pillion/,https://www.cinesrenoir.com/media/Peliculas/Cartel/POSTER_2_3_web_1_1_1.png,Inglés,No recomendada para menores de 16 años,Viernes 6 Marzo 2026,"Harry Melling, Alexander Skarsgård, Lesley Sharp, Douglas Hodge","Colin, un chico introvertido, se queda prendado de Ray, el carismático y atractivo líder de una banda de moteros que le toma como su sumiso, dinamitando su rutina y cambiándole la vida."
PILLION,Harry Lighton,106,11,20:10,2026-03-24,Renoir Princesa,https://www.pillalas.com/pase/1060393/,https://www.cinesrenoir.com/pelicula/pillion/,https://www.cinesrenoir.com/media/Peliculas/Cartel/POSTER_2_3_web_1_1_1.png,Inglés,No recomendada para menores de 16 años,Viernes 6 Marzo 2026,"Harry Melling, Alexander Skarsgård, Lesley Sharp, Douglas Hodge","Colin, un chico introvertido, se queda prendado de Ray, el carismático y atractivo líder de una banda de moteros que le toma como su sumiso, dinamitando su rutina y cambiándole la vida."
PILLION,Harry Lighton,106,11,22:15,2026-03-24,Renoir Princesa,https://www.pillalas.com/pase/1060394/,https://www.cinesrenoir.com/pelicula/pillion/,https://www.cinesrenoir.com/media/Peliculas/Cartel/POSTER_2_3_web_1_1_1.png,Inglés,No recomendada para menores de 16 años,Viernes 6 Marzo 2026,"Harry Melling, Alexander Skarsgård, Lesley Sharp, Douglas Hodge","Colin, un chico introvertido, se queda prendado de Ray, el carismático y atractivo líder de una banda de moteros que le toma como su sumiso, dinamitando su rutina y cambiándole la vida."
SIRAT,Óliver Laxe,120,02,15:50,2026-03-24,Renoir Princesa,https://www.pillalas.com/pase/1060039/,https://www.cinesrenoir.com/pelicula/sirat/,https://www.cinesrenoir.com/media/Peliculas/Cartel/SIRAT_ONLINE_GOYAOSCARS.jpg,Castellano Y Otros,No recomendada para menores de 16 años,Viernes 6 Junio 2025,"Sergi López, Bruno Núñez, Stefania Gadda, Joshua Liam Herderson, Tonin Javier, Jade Ouki, Richard Bellamyun","Un hombre (López) y su hijo (Nuñez) llegan a una rave perdida en medio de las áridas y fantasmagóricas montañas del sur de Marruecos. Buscan allí a Mar, su hija y hermana, desaparecida hace meses en una de estas fiestas sin amanecer. Reparten una y otra vez su foto rodeados de música electrónica y de un tipo de libertad que desconocen. Empujados por el destino, y con la esperanza de encontrar ahí a Mar, deciden seguir a un grupo de raveros hacia la última fiesta que se celebrará en el desierto."
TORRENTE PRESIDENTE,Santiago Segura,103,05,15:50,2026-03-24,Renoir Princesa,https://www.pillalas.com/pase/1060203/,https://www.cinesrenoir.com/pelicula/torrente-presidente/,https://www.cinesrenoir.com/media/Peliculas/Cartel/torrente_presidente1.jpg,Castellano,No recomendada para menores de 16 años,Viernes 13 Marzo 2026,"Santiago Segura, Leo Harlem, Ramón Langa",Sexta entrega de Torrente.
TORRENTE PRESIDENTE,Santiago Segura,103,06,18:20,2026-03-24,Renoir Princesa,https://www.pillalas.com/pase/1060207/,https://www.cinesrenoir.com/pelicula/torrente-presidente/,https://www.cinesrenoir.com/media/Peliculas/Cartel/torrente_presidente1.jpg,Castellano,No recomendada para menores de 16 años,Viernes 13 Marzo 2026,"Santiago Segura, Leo Harlem, Ramón Langa",Sexta entrega de Torrente.
TORRENTE PRESIDENTE,Santiago Segura,103,06,20:20,2026-03-24,Renoir Princesa,https://www.pillalas.com/pase/1060211/,https://www.cinesrenoir.com/pelicula/torrente-presidente/,https://www.cinesrenoir.com/media/Peliculas/Cartel/torrente_presidente1.jpg,Castellano,No recomendada para menores de 16 años,Viernes 13 Marzo 2026,"Santiago Segura, Leo Harlem, Ramón Langa",Sexta entrega de Torrente.
TORRENTE PRESIDENTE,Santiago Segura,103,05,22:30,2026-03-24,Renoir Princesa,https://www.pillalas.com/pase/1060216/,https://www.cinesrenoir.com/pelicula/torrente-presidente/,https://www.cinesrenoir.com/media/Peliculas/Cartel/torrente_presidente1.jpg,Castellano,No recomendada para menores de 16 años,Viernes 13 Marzo 2026,"Santiago Segura, Leo Harlem, Ramón Langa",Sexta entrega de Torrente.
TRES ADIOSES,Isabel Coixet,122,07,17:45,2026-03-24,Renoir Princesa,https://www.pillalas.com/pase/1060339/,https://www.cinesrenoir.com/pelicula/tres-adioses/,https://media.pillalas.com/imagenes/726afb526abffa832ea2a44a189894de905fc7e94534a8bf4ef6bf13e5ccdfe90922c22e.jpg,Italiano,No recomendada para menores de 12 años,Viernes 6 Febrero 2026,"Alba Rohrwacher, Elio Germano, Francesco Carril, Silvia D Amico, Galatea Bellugi, Sarita Choudhury","Tras lo que parecía una discusión sin importancia, Marta (Alba Rohrwacher) y Antonio (Elio Germano) se separan. Él, un chef prometedor, se refugia en sus fogones; ella, en su silencio, empieza a notar algo más que tristeza: ha perdido el apetito… y no solo por desamor. Cuando descubre que detrás hay un problema de salud, todo da un giro inesperado: la comida sabe mejor, la música le llega como nunca y el deseo despierta sus ganas de vivir sin miedo.
Una historia sobre el amor, la vida y esos momentos que lo cambian todo para siempre."
TRES ADIOSES,Isabel Coixet,122,02,20:15,2026-03-24,Renoir Princesa,https://www.pillalas.com/pase/1060948/,https://www.cinesrenoir.com/pelicula/tres-adioses/,https://media.pillalas.com/imagenes/726afb526abffa832ea2a44a189894de905fc7e94534a8bf4ef6bf13e5ccdfe90922c22e.jpg,Italiano,No recomendada para menores de 12 años,Viernes 6 Febrero 2026,"Alba Rohrwacher, Elio Germano, Francesco Carril, Silvia D Amico, Galatea Bellugi, Sarita Choudhury","Tras lo que parecía una discusión sin importancia, Marta (Alba Rohrwacher) y Antonio (Elio Germano) se separan. Él, un chef prometedor, se refugia en sus fogones; ella, en su silencio, empieza a notar algo más que tristeza: ha perdido el apetito… y no solo por desamor. Cuando descubre que detrás hay un problema de salud, todo da un giro inesperado: la comida sabe mejor, la música le llega como nunca y el deseo despierta sus ganas de vivir sin miedo.
Una historia sobre el amor, la vida y esos momentos que lo cambian todo para siempre."
UNA BATALLA TRAS OTRA,Paul Thomas Anderson,161,08,20:30,2026-03-24,Renoir Princesa,https://www.pillalas.com/pase/1060343/,https://www.cinesrenoir.com/pelicula/una-batalla-tras-otra/,https://media.pillalas.com/imagenes/726afb526abffa83067d351656e3959d62491a4b950d2e053e036c244c54d5060d7521c0.jpg,Inglés,No recomendada para menores de 16 años,Viernes 26 Septiembre 2025,"Leonardo Dicaprio, Sean Penn, Benicio Del Toro, Regina Hall, Teyana Taylor, Wood Harris, Alana Haim, Shayna Mchayle, Chase Infiniti, Starletta Dupois, Joe Silva, Eric Schweig, Tony Goldwyn, James Downey, John Hoogenakker, Kevin Tighe, D.W. Moffett, James Raterman","Cuando su malvado enemigo resurge después de 16 años, una banda de exrevolucionarios se reúne para rescatar a la hija de uno de los suyos, encarnado por Leonardo DiCaprio. Adaptación de la novela 'Vineland', de Thomas Pynchon, escrita en 1990, sobre los movimientos radicales de los años sesenta."
UNA HIJA EN TOKIO,Guillaume Senez,99,01,16:00,2026-03-24,Renoir Princesa,https://www.pillalas.com/pase/1060007/,https://www.cinesrenoir.com/pelicula/una-hija-en-tokio/,https://media.pillalas.com/imagenes/726afb526abffa8327fbd986c984eb728e0f1c714c7a6aa328ebfc96eb29c6586b207f0e.jpg,Francés,No recomendada para menores de 7 años,Viernes 20 Marzo 2026,"Romain Duris, Judith Chemla, Mei Cirne-Masuki","Cada día, Jérôme (Romain Duris) recorre Tokio con su taxi mientras intenta encontrar a su hija, Lily. Nueve años después de separarse y sin haber logrado su custodia, empieza a pensar que es hora de rendirse y volver a Francia. Pero cuando está a punto de hacerlo, Lily sube a su taxi."
UNA HIJA EN TOKIO,Guillaume Senez,99,01,18:00,2026-03-24,Renoir Princesa,https://www.pillalas.com/pase/1060008/,https://www.cinesrenoir.com/pelicula/una-hija-en-tokio/,https://media.pillalas.com/imagenes/726afb526abffa8327fbd986c984eb728e0f1c714c7a6aa328ebfc96eb29c6586b207f0e.jpg,Francés,No recomendada para menores de 7 años,Viernes 20 Marzo 2026,"Romain Duris, Judith Chemla, Mei Cirne-Masuki","Cada día, Jérôme (Romain Duris) recorre Tokio con su taxi mientras intenta encontrar a su hija, Lily. Nueve años después de separarse y sin haber logrado su custodia, empieza a pensar que es hora de rendirse y volver a Francia. Pero cuando está a punto de hacerlo, Lily sube a su taxi."
UNA HIJA EN TOKIO,Guillaume Senez,99,01,20:00,2026-03-24,Renoir Princesa,https://www.pillalas.com/pase/1060009/,https://www.cinesrenoir.com/pelicula/una-hija-en-tokio/,https://media.pillalas.com/imagenes/726afb526abffa8327fbd986c984eb728e0f1c714c7a6aa328ebfc96eb29c6586b207f0e.jpg,Francés,No recomendada para menores de 7 años,Viernes 20 Marzo 2026,"Romain Duris, Judith Chemla, Mei Cirne-Masuki","Cada día, Jérôme (Romain Duris) recorre Tokio con su taxi mientras intenta encontrar a su hija, Lily. Nueve años después de separarse y sin haber logrado su custodia, empieza a pensar que es hora de rendirse y volver a Francia. Pero cuando está a punto de hacerlo, Lily sube a su taxi."
¡LA NOVIA!,Maggie Gyllenhaal,126,07,22:20,2026-03-24,Renoir Princesa,https://www.pillalas.com/pase/1060344/,https://www.cinesrenoir.com/pelicula/la-novia/,https://media.pillalas.com/imagenes/726afb526abffa834d5e9976411fdc20e28407e451a89b449da3736e5440bebb2e35bc4c.jpg,Inglés,No recomendada para menores de 16 años y distintivo especialmente recomendada para el fomento de la igualdad de género,Viernes 6 Marzo 2026,"Jessie Buckley, Christian Bale, Peter Sarsgaard, Annette Bening, Penelope Cruz, Jake Gyllenhaal, Julianne Hough, Louis Cancelmi, John Magaro, Linda Emond, Jeannie Berlin, Matthew Maher","En el Chicago de los años 30, un solitario Frankenstein pide la ayuda del Dr. Euphronius para crearse una compañera. Los dos resucitan a una joven asesinada y en ese momento nace la Novia, quien irá más allá de lo que cualquiera de los dos pretendía, encendiendo un romance apasionado, la atención de la policía y un movimiento social salvaje y radical."
AMARGA NAVIDAD,Pedro Almodóvar,111,05,16:00,2026-03-25,Renoir Princesa,https://www.pillalas.com/pase/1060347/,https://www.cinesrenoir.com/pelicula/amarga-navidad/,https://media.pillalas.com/imagenes/726afb526abffa83b60c45c3634993c0e9bd987d873c6c32a8009c3b4ee414d3a40e41c1.jpg,Castellano,No recomendada para menores de 12 años,Viernes 20 Marzo 2026,"Bárbara Lennie, Leonardo Sbaraglia, Aitana Sánchez-Gijón, Victoria Luengo, Patrick Criado, Milena Smit, Quim Gutiérrez, Rossy De Palma, Carmen Machi, Gloria Muñoz","Elsa es una directora de publicidad cuya madre muere durante un largo puente del mes de diciembre. Encuentra refugio en el trabajo, aunque es más bien una huida hacia adelante. Trabaja sin parar y, sin darse cuenta, no se concede el tiempo necesario para guardar el duelo por la ausencia materna. Hasta que una crisis de pánico la obliga a detenerse e imponerse un descanso. Su pareja, Bonifacio, es su tabla de salvación en esos momentos de crisis. Elsa decide viajar a la isla de Lanzarote acompañada por su amiga Patricia, que también necesita alejarse de Madrid, mientras que Bonifacio se queda en la ciudad.
La historia de estos tres personajes, y algunos más, se narran paralelamente a la del guionista y director de cine Raúl Durán, entremezclando ficción y realidad. Porque ‘Amarga Navidad’ desarrolla cómo la vida y la ficción están unidas de un modo indisoluble, incluso doloroso en ocasiones."
AMARGA NAVIDAD,Pedro Almodóvar,111,05,18:10,2026-03-25,Renoir Princesa,https://www.pillalas.com/pase/1060351/,https://www.cinesrenoir.com/pelicula/amarga-navidad/,https://media.pillalas.com/imagenes/726afb526abffa83b60c45c3634993c0e9bd987d873c6c32a8009c3b4ee414d3a40e41c1.jpg,Castellano,No recomendada para menores de 12 años,Viernes 20 Marzo 2026,"Bárbara Lennie, Leonardo Sbaraglia, Aitana Sánchez-Gijón, Victoria Luengo, Patrick Criado, Milena Smit, Quim Gutiérrez, Rossy De Palma, Carmen Machi, Gloria Muñoz","Elsa es una directora de publicidad cuya madre muere durante un largo puente del mes de diciembre. Encuentra refugio en el trabajo, aunque es más bien una huida hacia adelante. Trabaja sin parar y, sin darse cuenta, no se concede el tiempo necesario para guardar el duelo por la ausencia materna. Hasta que una crisis de pánico la obliga a detenerse e imponerse un descanso. Su pareja, Bonifacio, es su tabla de salvación en esos momentos de crisis. Elsa decide viajar a la isla de Lanzarote acompañada por su amiga Patricia, que también necesita alejarse de Madrid, mientras que Bonifacio se queda en la ciudad.
La historia de estos tres personajes, y algunos más, se narran paralelamente a la del guionista y director de cine Raúl Durán, entremezclando ficción y realidad. Porque ‘Amarga Navidad’ desarrolla cómo la vida y la ficción están unidas de un modo indisoluble, incluso doloroso en ocasiones."
AMARGA NAVIDAD,Pedro Almodóvar,111,10,19:00,2026-03-25,Renoir Princesa,https://www.pillalas.com/pase/1060397/,https://www.cinesrenoir.com/pelicula/amarga-navidad/,https://media.pillalas.com/imagenes/726afb526abffa83b60c45c3634993c0e9bd987d873c6c32a8009c3b4ee414d3a40e41c1.jpg,Castellano,No recomendada para menores de 12 años,Viernes 20 Marzo 2026,"Bárbara Lennie, Leonardo Sbaraglia, Aitana Sánchez-Gijón, Victoria Luengo, Patrick Criado, Milena Smit, Quim Gutiérrez, Rossy De Palma, Carmen Machi, Gloria Muñoz","Elsa es una directora de publicidad cuya madre muere durante un largo puente del mes de diciembre. Encuentra refugio en el trabajo, aunque es más bien una huida hacia adelante. Trabaja sin parar y, sin darse cuenta, no se concede el tiempo necesario para guardar el duelo por la ausencia materna. Hasta que una crisis de pánico la obliga a detenerse e imponerse un descanso. Su pareja, Bonifacio, es su tabla de salvación en esos momentos de crisis. Elsa decide viajar a la isla de Lanzarote acompañada por su amiga Patricia, que también necesita alejarse de Madrid, mientras que Bonifacio se queda en la ciudad.
La historia de estos tres personajes, y algunos más, se narran paralelamente a la del guionista y director de cine Raúl Durán, entremezclando ficción y realidad. Porque ‘Amarga Navidad’ desarrolla cómo la vida y la ficción están unidas de un modo indisoluble, incluso doloroso en ocasiones."
AMARGA NAVIDAD,Pedro Almodóvar,111,05,20:20,2026-03-25,Renoir Princesa,https://www.pillalas.com/pase/1060354/,https://www.cinesrenoir.com/pelicula/amarga-navidad/,https://media.pillalas.com/imagenes/726afb526abffa83b60c45c3634993c0e9bd987d873c6c32a8009c3b4ee414d3a40e41c1.jpg,Castellano,No recomendada para menores de 12 años,Viernes 20 Marzo 2026,"Bárbara Lennie, Leonardo Sbaraglia, Aitana Sánchez-Gijón, Victoria Luengo, Patrick Criado, Milena Smit, Quim Gutiérrez, Rossy De Palma, Carmen Machi, Gloria Muñoz","Elsa es una directora de publicidad cuya madre muere durante un largo puente del mes de diciembre. Encuentra refugio en el trabajo, aunque es más bien una huida hacia adelante. Trabaja sin parar y, sin darse cuenta, no se concede el tiempo necesario para guardar el duelo por la ausencia materna. Hasta que una crisis de pánico la obliga a detenerse e imponerse un descanso. Su pareja, Bonifacio, es su tabla de salvación en esos momentos de crisis. Elsa decide viajar a la isla de Lanzarote acompañada por su amiga Patricia, que también necesita alejarse de Madrid, mientras que Bonifacio se queda en la ciudad.
La historia de estos tres personajes, y algunos más, se narran paralelamente a la del guionista y director de cine Raúl Durán, entremezclando ficción y realidad. Porque ‘Amarga Navidad’ desarrolla cómo la vida y la ficción están unidas de un modo indisoluble, incluso doloroso en ocasiones."
AMARGA NAVIDAD,Pedro Almodóvar,111,05,22:30,2026-03-25,Renoir Princesa,https://www.pillalas.com/pase/1060358/,https://www.cinesrenoir.com/pelicula/amarga-navidad/,https://media.pillalas.com/imagenes/726afb526abffa83b60c45c3634993c0e9bd987d873c6c32a8009c3b4ee414d3a40e41c1.jpg,Castellano,No recomendada para menores de 12 años,Viernes 20 Marzo 2026,"Bárbara Lennie, Leonardo Sbaraglia, Aitana Sánchez-Gijón, Victoria Luengo, Patrick Criado, Milena Smit, Quim Gutiérrez, Rossy De Palma, Carmen Machi, Gloria Muñoz","Elsa es una directora de publicidad cuya madre muere durante un largo puente del mes de diciembre. Encuentra refugio en el trabajo, aunque es más bien una huida hacia adelante. Trabaja sin parar y, sin darse cuenta, no se concede el tiempo necesario para guardar el duelo por la ausencia materna. Hasta que una crisis de pánico la obliga a detenerse e imponerse un descanso. Su pareja, Bonifacio, es su tabla de salvación en esos momentos de crisis. Elsa decide viajar a la isla de Lanzarote acompañada por su amiga Patricia, que también necesita alejarse de Madrid, mientras que Bonifacio se queda en la ciudad.
La historia de estos tres personajes, y algunos más, se narran paralelamente a la del guionista y director de cine Raúl Durán, entremezclando ficción y realidad. Porque ‘Amarga Navidad’ desarrolla cómo la vida y la ficción están unidas de un modo indisoluble, incluso doloroso en ocasiones."
CUMBRES BORRASCOSAS,Emerald Fennell,135,03,22:15,2026-03-25,Renoir Princesa,https://www.pillalas.com/pase/1060228/,https://www.cinesrenoir.com/pelicula/cumbres-borrascosas/,https://media.pillalas.com/imagenes/726afb526abffa83abe8577deb3c0674bd352fd2b0500497b1d5570f2dd570487210fc4e.jpg,Inglés,No recomendada para menores de 16 años,Viernes 13 Febrero 2026,"Margot Robbie, Jacob Elordi, Hong Chau, Alison Oliver, Owen Cooper, Shazad Latif, Martin Clunes, Ewan Mitchell, Amy Morgan, Jessica Knappett, Charlotte Mellington, Vy Nguyen","Adaptada a todo tipo de formatos en multitud de ocasiones, se trata de una trágica historia de pasiones encontradas en la Inglaterra rural más conservadora. Una historia de venganza y odio, de pasiones desatadas y amores desesperados que van más allá de la muerte ambientada en los brumosos y sombríos páramos de Yorkshire, al norte de Inglaterra."
EL AGENTE SECRETO,Kleber Mendonça Filho,160,04,16:00,2026-03-25,Renoir Princesa,https://www.pillalas.com/pase/1060218/,https://www.cinesrenoir.com/pelicula/el-agente-secreto/,https://media.pillalas.com/imagenes/726afb526abffa83bdba0b90e98cf11293bcd8b9c8be1af817aa6c045cd8f479730f7511.jpg,Portugués,No recomendada para menores de 16 años,Viernes 20 Febrero 2026,"Wagner Moura, Gabriel Leone, Udo Kier, Maria Fernanda Cândido","1977. En un Brasil atormentado por la dictadura militar, Marcelo, un cuarentón que huye de un pasado turbulento, llega a la ciudad de Recife, donde espera construir una nueva vida y reencontrarse con su hijo. Todo se complica cuando descubre que las fuerzas gubernamentales le persiguen y las amenazas de muerte se ciernen sobre su cabeza."
EL AGENTE SECRETO,Kleber Mendonça Filho,160,04,18:55,2026-03-25,Renoir Princesa,https://www.pillalas.com/pase/1060223/,https://www.cinesrenoir.com/pelicula/el-agente-secreto/,https://media.pillalas.com/imagenes/726afb526abffa83bdba0b90e98cf11293bcd8b9c8be1af817aa6c045cd8f479730f7511.jpg,Portugués,No recomendada para menores de 16 años,Viernes 20 Febrero 2026,"Wagner Moura, Gabriel Leone, Udo Kier, Maria Fernanda Cândido","1977. En un Brasil atormentado por la dictadura militar, Marcelo, un cuarentón que huye de un pasado turbulento, llega a la ciudad de Recife, donde espera construir una nueva vida y reencontrarse con su hijo. Todo se complica cuando descubre que las fuerzas gubernamentales le persiguen y las amenazas de muerte se ciernen sobre su cabeza."
EL AGENTE SECRETO,Kleber Mendonça Filho,160,04,21:50,2026-03-25,Renoir Princesa,https://www.pillalas.com/pase/1060227/,https://www.cinesrenoir.com/pelicula/el-agente-secreto/,https://media.pillalas.com/imagenes/726afb526abffa83bdba0b90e98cf11293bcd8b9c8be1af817aa6c045cd8f479730f7511.jpg,Portugués,No recomendada para menores de 16 años,Viernes 20 Febrero 2026,"Wagner Moura, Gabriel Leone, Udo Kier, Maria Fernanda Cândido","1977. En un Brasil atormentado por la dictadura militar, Marcelo, un cuarentón que huye de un pasado turbulento, llega a la ciudad de Recife, donde espera construir una nueva vida y reencontrarse con su hijo. Todo se complica cuando descubre que las fuerzas gubernamentales le persiguen y las amenazas de muerte se ciernen sobre su cabeza."
EL ARQUITECTO,Stéphane Demoustier,107,08,16:10,2026-03-25,Renoir Princesa,https://www.pillalas.com/pase/1060348/,https://www.cinesrenoir.com/pelicula/el-arquitecto/,https://media.pillalas.com/imagenes/726afb526abffa83aa265685f6781eacb3d2a1ce9f7ae8b5cb373d34a8a32da17572eb8a.jpg,Francés Y Danés,No recomendada para menores de 12 años,Viernes 13 Marzo 2026,"Claes Bang, Sidse Babett Knudsen, Swann Arlaud, Michel Fau, Xavier Dolan","1983. El nuevo gobierno francés convoca el mayor concurso de arquitectura. Codiciado por los grandes estudios, el ganador es, sorprendentemente, un absoluto desconocido: Johan Otto von Spreckelsen, un profesor de arquitectura danés que hasta entonces sólo había construido su casa y tres pequeñas capillas."
EL ARQUITECTO,Stéphane Demoustier,107,08,18:15,2026-03-25,Renoir Princesa,https://www.pillalas.com/pase/1060352/,https://www.cinesrenoir.com/pelicula/el-arquitecto/,https://media.pillalas.com/imagenes/726afb526abffa83aa265685f6781eacb3d2a1ce9f7ae8b5cb373d34a8a32da17572eb8a.jpg,Francés Y Danés,No recomendada para menores de 12 años,Viernes 13 Marzo 2026,"Claes Bang, Sidse Babett Knudsen, Swann Arlaud, Michel Fau, Xavier Dolan","1983. El nuevo gobierno francés convoca el mayor concurso de arquitectura. Codiciado por los grandes estudios, el ganador es, sorprendentemente, un absoluto desconocido: Johan Otto von Spreckelsen, un profesor de arquitectura danés que hasta entonces sólo había construido su casa y tres pequeñas capillas."
EL MAGO DEL KREMLIN,Olivier Assayas,145,10,16:10,2026-03-25,Renoir Princesa,https://www.pillalas.com/pase/1060349/,https://www.cinesrenoir.com/pelicula/el-mago-del-kremlin/,https://media.pillalas.com/imagenes/726afb526abffa833889e44ac42f5cc54d6019702d8546ebf4550316f78770131f777f2b.jpg,Inglés,No recomendada para menores de 12 años,Viernes 6 Marzo 2026,"Paul Dano, Alicia Vikander, Jude Law, Tom Sturridge, Jeffrey Wright, Will Keen","En medio del caos postsoviético de los años 90, el joven Vadim Baranov (Paul Dano) empieza a labrarse un camino como artista y productor de televisión. Su elocuencia y conexión con las altas esferas le llevan a convertirse, de la noche a la mañana, en el asesor de un agente del KGB con un brillante porvenir: Vladimir Putin (Jude Law). Desde las entrañas del poder, ambos darán forma a la nueva Rusia, difuminando, mediante manipulación, los límites entre la verdad y la mentira."
EL MAGO DEL KREMLIN,Olivier Assayas,145,10,21:45,2026-03-25,Renoir Princesa,https://www.pillalas.com/pase/1060356/,https://www.cinesrenoir.com/pelicula/el-mago-del-kremlin/,https://media.pillalas.com/imagenes/726afb526abffa833889e44ac42f5cc54d6019702d8546ebf4550316f78770131f777f2b.jpg,Inglés,No recomendada para menores de 12 años,Viernes 6 Marzo 2026,"Paul Dano, Alicia Vikander, Jude Law, Tom Sturridge, Jeffrey Wright, Will Keen","En medio del caos postsoviético de los años 90, el joven Vadim Baranov (Paul Dano) empieza a labrarse un camino como artista y productor de televisión. Su elocuencia y conexión con las altas esferas le llevan a convertirse, de la noche a la mañana, en el asesor de un agente del KGB con un brillante porvenir: Vladimir Putin (Jude Law). Desde las entrañas del poder, ambos darán forma a la nueva Rusia, difuminando, mediante manipulación, los límites entre la verdad y la mentira."
EL TESTAMENTO DE ANN LEE,Mona Fastvold,136,03,16:00,2026-03-25,Renoir Princesa,https://www.pillalas.com/pase/1060045/,https://www.cinesrenoir.com/pelicula/el-testamento-de-ann-lee/,https://media.pillalas.com/imagenes/726afb526abffa830b789c96ee6ff3b89647f6e742111b114addcc55b2329cb2e465f4c1.jpg,Inglés,No recomendada para menores de 16 años,Viernes 13 Marzo 2026,"Amanda Seyfried, Thomasin Mckenzie, Lewis Pullman, Christopher Abbott, Tim Blake Nelson, Stacy Martin, Matthew Beard, Scott Handy, Viola Prettejohn, Jamie Bogyo, David Cale","Película en torno a la leyenda real de Ann Lee, fundadora de la secta devocional conocida como los Shakers que predicaba la igualdad de género y social y era venerada por sus seguidores."
ELEGIR MI VIDA,Amélie Bonnin,96,07,15:50,2026-03-25,Renoir Princesa,https://www.pillalas.com/pase/1060346/,https://www.cinesrenoir.com/pelicula/elegir-mi-vida/,https://media.pillalas.com/imagenes/726afb526abffa83f8305cf2e84d7ba15df16005f879206ff895ebbe040eec79d27ccc2c.jpg,Francés,No recomendada para menores de 12 años,Viernes 20 Marzo 2026,"Juliette Armanet, Bastien Bouillon","Cécile (Juliette Armanet) está a punto de cumplir su sueño de abrir su propio restaurante, cuando su padre sufre un infarto y debe volver a su pequeño pueblo natal, lejos de la bulliciosa vida parisina. Allí, tiene un reencuentro inesperado con su amor de la adolescencia (Bastien Bouillon). A medida que resurgen los recuerdos, sus certezas comienzan a tambalearse…"
ELEGIR MI VIDA,Amélie Bonnin,96,03,18:30,2026-03-25,Renoir Princesa,https://www.pillalas.com/pase/1060222/,https://www.cinesrenoir.com/pelicula/elegir-mi-vida/,https://media.pillalas.com/imagenes/726afb526abffa83f8305cf2e84d7ba15df16005f879206ff895ebbe040eec79d27ccc2c.jpg,Francés,No recomendada para menores de 12 años,Viernes 20 Marzo 2026,"Juliette Armanet, Bastien Bouillon","Cécile (Juliette Armanet) está a punto de cumplir su sueño de abrir su propio restaurante, cuando su padre sufre un infarto y debe volver a su pequeño pueblo natal, lejos de la bulliciosa vida parisina. Allí, tiene un reencuentro inesperado con su amor de la adolescencia (Bastien Bouillon). A medida que resurgen los recuerdos, sus certezas comienzan a tambalearse…"
ELEGIR MI VIDA,Amélie Bonnin,96,03,20:25,2026-03-25,Renoir Princesa,https://www.pillalas.com/pase/1060226/,https://www.cinesrenoir.com/pelicula/elegir-mi-vida/,https://media.pillalas.com/imagenes/726afb526abffa83f8305cf2e84d7ba15df16005f879206ff895ebbe040eec79d27ccc2c.jpg,Francés,No recomendada para menores de 12 años,Viernes 20 Marzo 2026,"Juliette Armanet, Bastien Bouillon","Cécile (Juliette Armanet) está a punto de cumplir su sueño de abrir su propio restaurante, cuando su padre sufre un infarto y debe volver a su pequeño pueblo natal, lejos de la bulliciosa vida parisina. Allí, tiene un reencuentro inesperado con su amor de la adolescencia (Bastien Bouillon). A medida que resurgen los recuerdos, sus certezas comienzan a tambalearse…"
HAMNET,Chloé Zhao,125,06,16:00,2026-03-25,Renoir Princesa,https://www.pillalas.com/pase/1060219/,https://www.cinesrenoir.com/pelicula/hamnet/,https://www.cinesrenoir.com/media/Peliculas/Cartel/HAMNET_Cartel_Digital_8Nominaciones_Oscar_YaEnCines_v2_2.jpg,Inglés,No recomendada para menores de 12 años,Viernes 23 Enero 2026,"Jessie Buckley, Paul Mescal, Joe Alwyn, Emily Watson","Año 1596, Stratford-upon-Avon, Inglaterra. La vida de Agnes transcurre plácidamente junto a su marido y sus tres hijos. Ella cultiva plantas medicinales mientras William trabaja en Londres. El destino, sin embargo, les reservará un duro golpe cuando su hijo Hamnet, de once años, muera repentinamente tras contraer la peste. A raíz de esta tragedia, su padre creará uno de los grandes personajes de la literatura universal, de nombre casi idéntico al de su hijo.


Pero esta película no habla de famosos sucesos sino de algo íntimo y olvidado: La vida de esta familia, y especialmente la de la mujer que la sostenía y que tuvo que cargar con una insoportable pérdida."
HAMNET,Chloé Zhao,125,09,17:50,2026-03-25,Renoir Princesa,https://www.pillalas.com/pase/1060220/,https://www.cinesrenoir.com/pelicula/hamnet/,https://www.cinesrenoir.com/media/Peliculas/Cartel/HAMNET_Cartel_Digital_8Nominaciones_Oscar_YaEnCines_v2_2.jpg,Inglés,No recomendada para menores de 12 años,Viernes 23 Enero 2026,"Jessie Buckley, Paul Mescal, Joe Alwyn, Emily Watson","Año 1596, Stratford-upon-Avon, Inglaterra. La vida de Agnes transcurre plácidamente junto a su marido y sus tres hijos. Ella cultiva plantas medicinales mientras William trabaja en Londres. El destino, sin embargo, les reservará un duro golpe cuando su hijo Hamnet, de once años, muera repentinamente tras contraer la peste. A raíz de esta tragedia, su padre creará uno de los grandes personajes de la literatura universal, de nombre casi idéntico al de su hijo.


Pero esta película no habla de famosos sucesos sino de algo íntimo y olvidado: La vida de esta familia, y especialmente la de la mujer que la sostenía y que tuvo que cargar con una insoportable pérdida."
HAMNET,Chloé Zhao,125,06,22:20,2026-03-25,Renoir Princesa,https://www.pillalas.com/pase/1060229/,https://www.cinesrenoir.com/pelicula/hamnet/,https://www.cinesrenoir.com/media/Peliculas/Cartel/HAMNET_Cartel_Digital_8Nominaciones_Oscar_YaEnCines_v2_2.jpg,Inglés,No recomendada para menores de 12 años,Viernes 23 Enero 2026,"Jessie Buckley, Paul Mescal, Joe Alwyn, Emily Watson","Año 1596, Stratford-upon-Avon, Inglaterra. La vida de Agnes transcurre plácidamente junto a su marido y sus tres hijos. Ella cultiva plantas medicinales mientras William trabaja en Londres. El destino, sin embargo, les reservará un duro golpe cuando su hijo Hamnet, de once años, muera repentinamente tras contraer la peste. A raíz de esta tragedia, su padre creará uno de los grandes personajes de la literatura universal, de nombre casi idéntico al de su hijo.


Pero esta película no habla de famosos sucesos sino de algo íntimo y olvidado: La vida de esta familia, y especialmente la de la mujer que la sostenía y que tuvo que cargar con una insoportable pérdida."
LOS DOMINGOS,Alauda Ruiz De Azúa,115,02,18:00,2026-03-25,Renoir Princesa,https://www.pillalas.com/pase/1060046/,https://www.cinesrenoir.com/pelicula/los-domingos/,https://www.cinesrenoir.com/media/Peliculas/Cartel/los_domingos_poster.jpg,Castellano,No recomendada para menores de 12 años,Viernes 24 Octubre 2025,"Patricia López Arnaiz, Blanca Soroa, Miguel Garcés, Juan Minujín, Mabel Rivera, Nagore Aramburu","'Los domingos' cuenta la historia de Ainara (Soroa), una joven idealista y brillante de 17 años que ha de decidir qué carrera universitaria estudiará. O, al menos, eso espera su familia que haga. Sin embargo, la joven manifiesta que se siente cada vez más cerca de Dios y que se plantea abrazar la vida de monja de clausura. La noticia pilla por sorpresa a toda la familia provocando un abismo y una prueba de fuego para todos."
LOS DOMINGOS,Alauda Ruiz De Azúa,115,02,20:15,2026-03-25,Renoir Princesa,https://www.pillalas.com/pase/1060047/,https://www.cinesrenoir.com/pelicula/los-domingos/,https://www.cinesrenoir.com/media/Peliculas/Cartel/los_domingos_poster.jpg,Castellano,No recomendada para menores de 12 años,Viernes 24 Octubre 2025,"Patricia López Arnaiz, Blanca Soroa, Miguel Garcés, Juan Minujín, Mabel Rivera, Nagore Aramburu","'Los domingos' cuenta la historia de Ainara (Soroa), una joven idealista y brillante de 17 años que ha de decidir qué carrera universitaria estudiará. O, al menos, eso espera su familia que haga. Sin embargo, la joven manifiesta que se siente cada vez más cerca de Dios y que se plantea abrazar la vida de monja de clausura. La noticia pilla por sorpresa a toda la familia provocando un abismo y una prueba de fuego para todos."
PILLION,Harry Lighton,106,11,16:00,2026-03-25,Renoir Princesa,https://www.pillalas.com/pase/1060395/,https://www.cinesrenoir.com/pelicula/pillion/,https://www.cinesrenoir.com/media/Peliculas/Cartel/POSTER_2_3_web_1_1_1.png,Inglés,No recomendada para menores de 16 años,Viernes 6 Marzo 2026,"Harry Melling, Alexander Skarsgård, Lesley Sharp, Douglas Hodge","Colin, un chico introvertido, se queda prendado de Ray, el carismático y atractivo líder de una banda de moteros que le toma como su sumiso, dinamitando su rutina y cambiándole la vida."
PILLION,Harry Lighton,106,11,18:05,2026-03-25,Renoir Princesa,https://www.pillalas.com/pase/1060396/,https://www.cinesrenoir.com/pelicula/pillion/,https://www.cinesrenoir.com/media/Peliculas/Cartel/POSTER_2_3_web_1_1_1.png,Inglés,No recomendada para menores de 16 años,Viernes 6 Marzo 2026,"Harry Melling, Alexander Skarsgård, Lesley Sharp, Douglas Hodge","Colin, un chico introvertido, se queda prendado de Ray, el carismático y atractivo líder de una banda de moteros que le toma como su sumiso, dinamitando su rutina y cambiándole la vida."
PILLION,Harry Lighton,106,11,20:10,2026-03-25,Renoir Princesa,https://www.pillalas.com/pase/1060398/,https://www.cinesrenoir.com/pelicula/pillion/,https://www.cinesrenoir.com/media/Peliculas/Cartel/POSTER_2_3_web_1_1_1.png,Inglés,No recomendada para menores de 16 años,Viernes 6 Marzo 2026,"Harry Melling, Alexander Skarsgård, Lesley Sharp, Douglas Hodge","Colin, un chico introvertido, se queda prendado de Ray, el carismático y atractivo líder de una banda de moteros que le toma como su sumiso, dinamitando su rutina y cambiándole la vida."
PILLION,Harry Lighton,106,11,22:15,2026-03-25,Renoir Princesa,https://www.pillalas.com/pase/1060399/,https://www.cinesrenoir.com/pelicula/pillion/,https://www.cinesrenoir.com/media/Peliculas/Cartel/POSTER_2_3_web_1_1_1.png,Inglés,No recomendada para menores de 16 años,Viernes 6 Marzo 2026,"Harry Melling, Alexander Skarsgård, Lesley Sharp, Douglas Hodge","Colin, un chico introvertido, se queda prendado de Ray, el carismático y atractivo líder de una banda de moteros que le toma como su sumiso, dinamitando su rutina y cambiándole la vida."
SIRAT,Óliver Laxe,120,02,15:50,2026-03-25,Renoir Princesa,https://www.pillalas.com/pase/1060044/,https://www.cinesrenoir.com/pelicula/sirat/,https://www.cinesrenoir.com/media/Peliculas/Cartel/SIRAT_ONLINE_GOYAOSCARS.jpg,Castellano Y Otros,No recomendada para menores de 16 años,Viernes 6 Junio 2025,"Sergi López, Bruno Núñez, Stefania Gadda, Joshua Liam Herderson, Tonin Javier, Jade Ouki, Richard Bellamyun","Un hombre (López) y su hijo (Nuñez) llegan a una rave perdida en medio de las áridas y fantasmagóricas montañas del sur de Marruecos. Buscan allí a Mar, su hija y hermana, desaparecida hace meses en una de estas fiestas sin amanecer. Reparten una y otra vez su foto rodeados de música electrónica y de un tipo de libertad que desconocen. Empujados por el destino, y con la esperanza de encontrar ahí a Mar, deciden seguir a un grupo de raveros hacia la última fiesta que se celebrará en el desierto."
SIRAT,Óliver Laxe,120,02,22:30,2026-03-25,Renoir Princesa,https://www.pillalas.com/pase/1060048/,https://www.cinesrenoir.com/pelicula/sirat/,https://www.cinesrenoir.com/media/Peliculas/Cartel/SIRAT_ONLINE_GOYAOSCARS.jpg,Castellano Y Otros,No recomendada para menores de 16 años,Viernes 6 Junio 2025,"Sergi López, Bruno Núñez, Stefania Gadda, Joshua Liam Herderson, Tonin Javier, Jade Ouki, Richard Bellamyun","Un hombre (López) y su hijo (Nuñez) llegan a una rave perdida en medio de las áridas y fantasmagóricas montañas del sur de Marruecos. Buscan allí a Mar, su hija y hermana, desaparecida hace meses en una de estas fiestas sin amanecer. Reparten una y otra vez su foto rodeados de música electrónica y de un tipo de libertad que desconocen. Empujados por el destino, y con la esperanza de encontrar ahí a Mar, deciden seguir a un grupo de raveros hacia la última fiesta que se celebrará en el desierto."
TORRENTE PRESIDENTE,Santiago Segura,103,09,15:50,2026-03-25,Renoir Princesa,https://www.pillalas.com/pase/1060217/,https://www.cinesrenoir.com/pelicula/torrente-presidente/,https://www.cinesrenoir.com/media/Peliculas/Cartel/torrente_presidente1.jpg,Castellano,No recomendada para menores de 16 años,Viernes 13 Marzo 2026,"Santiago Segura, Leo Harlem, Ramón Langa",Sexta entrega de Torrente.
TORRENTE PRESIDENTE,Santiago Segura,103,06,18:20,2026-03-25,Renoir Princesa,https://www.pillalas.com/pase/1060221/,https://www.cinesrenoir.com/pelicula/torrente-presidente/,https://www.cinesrenoir.com/media/Peliculas/Cartel/torrente_presidente1.jpg,Castellano,No recomendada para menores de 16 años,Viernes 13 Marzo 2026,"Santiago Segura, Leo Harlem, Ramón Langa",Sexta entrega de Torrente.
TORRENTE PRESIDENTE,Santiago Segura,103,06,20:20,2026-03-25,Renoir Princesa,https://www.pillalas.com/pase/1060225/,https://www.cinesrenoir.com/pelicula/torrente-presidente/,https://www.cinesrenoir.com/media/Peliculas/Cartel/torrente_presidente1.jpg,Castellano,No recomendada para menores de 16 años,Viernes 13 Marzo 2026,"Santiago Segura, Leo Harlem, Ramón Langa",Sexta entrega de Torrente.
TRES ADIOSES,Isabel Coixet,122,07,17:45,2026-03-25,Renoir Princesa,https://www.pillalas.com/pase/1060350/,https://www.cinesrenoir.com/pelicula/tres-adioses/,https://media.pillalas.com/imagenes/726afb526abffa832ea2a44a189894de905fc7e94534a8bf4ef6bf13e5ccdfe90922c22e.jpg,Italiano,No recomendada para menores de 12 años,Viernes 6 Febrero 2026,"Alba Rohrwacher, Elio Germano, Francesco Carril, Silvia D Amico, Galatea Bellugi, Sarita Choudhury","Tras lo que parecía una discusión sin importancia, Marta (Alba Rohrwacher) y Antonio (Elio Germano) se separan. Él, un chef prometedor, se refugia en sus fogones; ella, en su silencio, empieza a notar algo más que tristeza: ha perdido el apetito… y no solo por desamor. Cuando descubre que detrás hay un problema de salud, todo da un giro inesperado: la comida sabe mejor, la música le llega como nunca y el deseo despierta sus ganas de vivir sin miedo.
Una historia sobre el amor, la vida y esos momentos que lo cambian todo para siempre."
TRES ADIOSES,Isabel Coixet,122,07,20:05,2026-03-25,Renoir Princesa,https://www.pillalas.com/pase/1060353/,https://www.cinesrenoir.com/pelicula/tres-adioses/,https://media.pillalas.com/imagenes/726afb526abffa832ea2a44a189894de905fc7e94534a8bf4ef6bf13e5ccdfe90922c22e.jpg,Italiano,No recomendada para menores de 12 años,Viernes 6 Febrero 2026,"Alba Rohrwacher, Elio Germano, Francesco Carril, Silvia D Amico, Galatea Bellugi, Sarita Choudhury","Tras lo que parecía una discusión sin importancia, Marta (Alba Rohrwacher) y Antonio (Elio Germano) se separan. Él, un chef prometedor, se refugia en sus fogones; ella, en su silencio, empieza a notar algo más que tristeza: ha perdido el apetito… y no solo por desamor. Cuando descubre que detrás hay un problema de salud, todo da un giro inesperado: la comida sabe mejor, la música le llega como nunca y el deseo despierta sus ganas de vivir sin miedo.
Una historia sobre el amor, la vida y esos momentos que lo cambian todo para siempre."
UNA BATALLA TRAS OTRA,Paul Thomas Anderson,161,08,20:30,2026-03-25,Renoir Princesa,https://www.pillalas.com/pase/1060355/,https://www.cinesrenoir.com/pelicula/una-batalla-tras-otra/,https://media.pillalas.com/imagenes/726afb526abffa83067d351656e3959d62491a4b950d2e053e036c244c54d5060d7521c0.jpg,Inglés,No recomendada para menores de 16 años,Viernes 26 Septiembre 2025,"Leonardo Dicaprio, Sean Penn, Benicio Del Toro, Regina Hall, Teyana Taylor, Wood Harris, Alana Haim, Shayna Mchayle, Chase Infiniti, Starletta Dupois, Joe Silva, Eric Schweig, Tony Goldwyn, James Downey, John Hoogenakker, Kevin Tighe, D.W. Moffett, James Raterman","Cuando su malvado enemigo resurge después de 16 años, una banda de exrevolucionarios se reúne para rescatar a la hija de uno de los suyos, encarnado por Leonardo DiCaprio. Adaptación de la novela 'Vineland', de Thomas Pynchon, escrita en 1990, sobre los movimientos radicales de los años sesenta."
UNA HIJA EN TOKIO,Guillaume Senez,99,01,16:00,2026-03-25,Renoir Princesa,https://www.pillalas.com/pase/1060011/,https://www.cinesrenoir.com/pelicula/una-hija-en-tokio/,https://media.pillalas.com/imagenes/726afb526abffa8327fbd986c984eb728e0f1c714c7a6aa328ebfc96eb29c6586b207f0e.jpg,Francés,No recomendada para menores de 7 años,Viernes 20 Marzo 2026,"Romain Duris, Judith Chemla, Mei Cirne-Masuki","Cada día, Jérôme (Romain Duris) recorre Tokio con su taxi mientras intenta encontrar a su hija, Lily. Nueve años después de separarse y sin haber logrado su custodia, empieza a pensar que es hora de rendirse y volver a Francia. Pero cuando está a punto de hacerlo, Lily sube a su taxi."
UNA HIJA EN TOKIO,Guillaume Senez,99,01,20:00,2026-03-25,Renoir Princesa,https://www.pillalas.com/pase/1060013/,https://www.cinesrenoir.com/pelicula/una-hija-en-tokio/,https://media.pillalas.com/imagenes/726afb526abffa8327fbd986c984eb728e0f1c714c7a6aa328ebfc96eb29c6586b207f0e.jpg,Francés,No recomendada para menores de 7 años,Viernes 20 Marzo 2026,"Romain Duris, Judith Chemla, Mei Cirne-Masuki","Cada día, Jérôme (Romain Duris) recorre Tokio con su taxi mientras intenta encontrar a su hija, Lily. Nueve años después de separarse y sin haber logrado su custodia, empieza a pensar que es hora de rendirse y volver a Francia. Pero cuando está a punto de hacerlo, Lily sube a su taxi."
YOUR NAME,Makoto Shinkai,102,01,18:00,2026-03-25,Renoir Princesa,https://www.pillalas.com/pase/1060012/,https://www.cinesrenoir.com/pelicula/your-name/,https://media.pillalas.com/imagenes/726afb526abffa83435eee5e44e4c3acaff582df82190623018df78698c1718df8cfb644.jpg,Japonés,Apta para todos los públicos,Viernes 20 Marzo 2026,Animation,"Taki y Mitsuha descubren un día que durante el sueño sus cuerpos se intercambian, y comienzan a comunicarse por medio de notas. A medida que consiguen superar torpemente un reto tras otro, se va creando entre los dos un vínculo que poco a poco se convierte en algo más romántico."
YOUR NAME,Makoto Shinkai,102,01,22:00,2026-03-25,Renoir Princesa,https://www.pillalas.com/pase/1060014/,https://www.cinesrenoir.com/pelicula/your-name/,https://media.pillalas.com/imagenes/726afb526abffa83435eee5e44e4c3acaff582df82190623018df78698c1718df8cfb644.jpg,Japonés,Apta para todos los públicos,Viernes 20 Marzo 2026,Animation,"Taki y Mitsuha descubren un día que durante el sueño sus cuerpos se intercambian, y comienzan a comunicarse por medio de notas. A medida que consiguen superar torpemente un reto tras otro, se va creando entre los dos un vínculo que poco a poco se convierte en algo más romántico."
¡LA NOVIA!,Maggie Gyllenhaal,126,07,22:20,2026-03-25,Renoir Princesa,https://www.pillalas.com/pase/1060357/,https://www.cinesrenoir.com/pelicula/la-novia/,https://media.pillalas.com/imagenes/726afb526abffa834d5e9976411fdc20e28407e451a89b449da3736e5440bebb2e35bc4c.jpg,Inglés,No recomendada para menores de 16 años y distintivo especialmente recomendada para el fomento de la igualdad de género,Viernes 6 Marzo 2026,"Jessie Buckley, Christian Bale, Peter Sarsgaard, Annette Bening, Penelope Cruz, Jake Gyllenhaal, Julianne Hough, Louis Cancelmi, John Magaro, Linda Emond, Jeannie Berlin, Matthew Maher","En el Chicago de los años 30, un solitario Frankenstein pide la ayuda del Dr. Euphronius para crearse una compañera. Los dos resucitan a una joven asesinada y en ese momento nace la Novia, quien irá más allá de lo que cualquiera de los dos pretendía, encendiendo un romance apasionado, la atención de la policía y un movimiento social salvaje y radical."
AMARGA NAVIDAD,Pedro Almodóvar,111,05,16:00,2026-03-26,Renoir Princesa,https://www.pillalas.com/pase/1060360/,https://www.cinesrenoir.com/pelicula/amarga-navidad/,https://media.pillalas.com/imagenes/726afb526abffa83b60c45c3634993c0e9bd987d873c6c32a8009c3b4ee414d3a40e41c1.jpg,Castellano,No recomendada para menores de 12 años,Viernes 20 Marzo 2026,"Bárbara Lennie, Leonardo Sbaraglia, Aitana Sánchez-Gijón, Victoria Luengo, Patrick Criado, Milena Smit, Quim Gutiérrez, Rossy De Palma, Carmen Machi, Gloria Muñoz","Elsa es una directora de publicidad cuya madre muere durante un largo puente del mes de diciembre. Encuentra refugio en el trabajo, aunque es más bien una huida hacia adelante. Trabaja sin parar y, sin darse cuenta, no se concede el tiempo necesario para guardar el duelo por la ausencia materna. Hasta que una crisis de pánico la obliga a detenerse e imponerse un descanso. Su pareja, Bonifacio, es su tabla de salvación en esos momentos de crisis. Elsa decide viajar a la isla de Lanzarote acompañada por su amiga Patricia, que también necesita alejarse de Madrid, mientras que Bonifacio se queda en la ciudad.
La historia de estos tres personajes, y algunos más, se narran paralelamente a la del guionista y director de cine Raúl Durán, entremezclando ficción y realidad. Porque ‘Amarga Navidad’ desarrolla cómo la vida y la ficción están unidas de un modo indisoluble, incluso doloroso en ocasiones."
AMARGA NAVIDAD,Pedro Almodóvar,111,05,18:10,2026-03-26,Renoir Princesa,https://www.pillalas.com/pase/1060364/,https://www.cinesrenoir.com/pelicula/amarga-navidad/,https://media.pillalas.com/imagenes/726afb526abffa83b60c45c3634993c0e9bd987d873c6c32a8009c3b4ee414d3a40e41c1.jpg,Castellano,No recomendada para menores de 12 años,Viernes 20 Marzo 2026,"Bárbara Lennie, Leonardo Sbaraglia, Aitana Sánchez-Gijón, Victoria Luengo, Patrick Criado, Milena Smit, Quim Gutiérrez, Rossy De Palma, Carmen Machi, Gloria Muñoz","Elsa es una directora de publicidad cuya madre muere durante un largo puente del mes de diciembre. Encuentra refugio en el trabajo, aunque es más bien una huida hacia adelante. Trabaja sin parar y, sin darse cuenta, no se concede el tiempo necesario para guardar el duelo por la ausencia materna. Hasta que una crisis de pánico la obliga a detenerse e imponerse un descanso. Su pareja, Bonifacio, es su tabla de salvación en esos momentos de crisis. Elsa decide viajar a la isla de Lanzarote acompañada por su amiga Patricia, que también necesita alejarse de Madrid, mientras que Bonifacio se queda en la ciudad.
La historia de estos tres personajes, y algunos más, se narran paralelamente a la del guionista y director de cine Raúl Durán, entremezclando ficción y realidad. Porque ‘Amarga Navidad’ desarrolla cómo la vida y la ficción están unidas de un modo indisoluble, incluso doloroso en ocasiones."
AMARGA NAVIDAD,Pedro Almodóvar,111,10,19:00,2026-03-26,Renoir Princesa,https://www.pillalas.com/pase/1060402/,https://www.cinesrenoir.com/pelicula/amarga-navidad/,https://media.pillalas.com/imagenes/726afb526abffa83b60c45c3634993c0e9bd987d873c6c32a8009c3b4ee414d3a40e41c1.jpg,Castellano,No recomendada para menores de 12 años,Viernes 20 Marzo 2026,"Bárbara Lennie, Leonardo Sbaraglia, Aitana Sánchez-Gijón, Victoria Luengo, Patrick Criado, Milena Smit, Quim Gutiérrez, Rossy De Palma, Carmen Machi, Gloria Muñoz","Elsa es una directora de publicidad cuya madre muere durante un largo puente del mes de diciembre. Encuentra refugio en el trabajo, aunque es más bien una huida hacia adelante. Trabaja sin parar y, sin darse cuenta, no se concede el tiempo necesario para guardar el duelo por la ausencia materna. Hasta que una crisis de pánico la obliga a detenerse e imponerse un descanso. Su pareja, Bonifacio, es su tabla de salvación en esos momentos de crisis. Elsa decide viajar a la isla de Lanzarote acompañada por su amiga Patricia, que también necesita alejarse de Madrid, mientras que Bonifacio se queda en la ciudad.
La historia de estos tres personajes, y algunos más, se narran paralelamente a la del guionista y director de cine Raúl Durán, entremezclando ficción y realidad. Porque ‘Amarga Navidad’ desarrolla cómo la vida y la ficción están unidas de un modo indisoluble, incluso doloroso en ocasiones."
AMARGA NAVIDAD,Pedro Almodóvar,111,05,20:20,2026-03-26,Renoir Princesa,https://www.pillalas.com/pase/1060366/,https://www.cinesrenoir.com/pelicula/amarga-navidad/,https://media.pillalas.com/imagenes/726afb526abffa83b60c45c3634993c0e9bd987d873c6c32a8009c3b4ee414d3a40e41c1.jpg,Castellano,No recomendada para menores de 12 años,Viernes 20 Marzo 2026,"Bárbara Lennie, Leonardo Sbaraglia, Aitana Sánchez-Gijón, Victoria Luengo, Patrick Criado, Milena Smit, Quim Gutiérrez, Rossy De Palma, Carmen Machi, Gloria Muñoz","Elsa es una directora de publicidad cuya madre muere durante un largo puente del mes de diciembre. Encuentra refugio en el trabajo, aunque es más bien una huida hacia adelante. Trabaja sin parar y, sin darse cuenta, no se concede el tiempo necesario para guardar el duelo por la ausencia materna. Hasta que una crisis de pánico la obliga a detenerse e imponerse un descanso. Su pareja, Bonifacio, es su tabla de salvación en esos momentos de crisis. Elsa decide viajar a la isla de Lanzarote acompañada por su amiga Patricia, que también necesita alejarse de Madrid, mientras que Bonifacio se queda en la ciudad.
La historia de estos tres personajes, y algunos más, se narran paralelamente a la del guionista y director de cine Raúl Durán, entremezclando ficción y realidad. Porque ‘Amarga Navidad’ desarrolla cómo la vida y la ficción están unidas de un modo indisoluble, incluso doloroso en ocasiones."
AMARGA NAVIDAD,Pedro Almodóvar,111,05,22:30,2026-03-26,Renoir Princesa,https://www.pillalas.com/pase/1060370/,https://www.cinesrenoir.com/pelicula/amarga-navidad/,https://media.pillalas.com/imagenes/726afb526abffa83b60c45c3634993c0e9bd987d873c6c32a8009c3b4ee414d3a40e41c1.jpg,Castellano,No recomendada para menores de 12 años,Viernes 20 Marzo 2026,"Bárbara Lennie, Leonardo Sbaraglia, Aitana Sánchez-Gijón, Victoria Luengo, Patrick Criado, Milena Smit, Quim Gutiérrez, Rossy De Palma, Carmen Machi, Gloria Muñoz","Elsa es una directora de publicidad cuya madre muere durante un largo puente del mes de diciembre. Encuentra refugio en el trabajo, aunque es más bien una huida hacia adelante. Trabaja sin parar y, sin darse cuenta, no se concede el tiempo necesario para guardar el duelo por la ausencia materna. Hasta que una crisis de pánico la obliga a detenerse e imponerse un descanso. Su pareja, Bonifacio, es su tabla de salvación en esos momentos de crisis. Elsa decide viajar a la isla de Lanzarote acompañada por su amiga Patricia, que también necesita alejarse de Madrid, mientras que Bonifacio se queda en la ciudad.
La historia de estos tres personajes, y algunos más, se narran paralelamente a la del guionista y director de cine Raúl Durán, entremezclando ficción y realidad. Porque ‘Amarga Navidad’ desarrolla cómo la vida y la ficción están unidas de un modo indisoluble, incluso doloroso en ocasiones."
CUMBRES BORRASCOSAS,Emerald Fennell,135,03,22:15,2026-03-26,Renoir Princesa,https://www.pillalas.com/pase/1060242/,https://www.cinesrenoir.com/pelicula/cumbres-borrascosas/,https://media.pillalas.com/imagenes/726afb526abffa83abe8577deb3c0674bd352fd2b0500497b1d5570f2dd570487210fc4e.jpg,Inglés,No recomendada para menores de 16 años,Viernes 13 Febrero 2026,"Margot Robbie, Jacob Elordi, Hong Chau, Alison Oliver, Owen Cooper, Shazad Latif, Martin Clunes, Ewan Mitchell, Amy Morgan, Jessica Knappett, Charlotte Mellington, Vy Nguyen","Adaptada a todo tipo de formatos en multitud de ocasiones, se trata de una trágica historia de pasiones encontradas en la Inglaterra rural más conservadora. Una historia de venganza y odio, de pasiones desatadas y amores desesperados que van más allá de la muerte ambientada en los brumosos y sombríos páramos de Yorkshire, al norte de Inglaterra."
EL AGENTE SECRETO,Kleber Mendonça Filho,160,04,16:00,2026-03-26,Renoir Princesa,https://www.pillalas.com/pase/1060233/,https://www.cinesrenoir.com/pelicula/el-agente-secreto/,https://media.pillalas.com/imagenes/726afb526abffa83bdba0b90e98cf11293bcd8b9c8be1af817aa6c045cd8f479730f7511.jpg,Portugués,No recomendada para menores de 16 años,Viernes 20 Febrero 2026,"Wagner Moura, Gabriel Leone, Udo Kier, Maria Fernanda Cândido","1977. En un Brasil atormentado por la dictadura militar, Marcelo, un cuarentón que huye de un pasado turbulento, llega a la ciudad de Recife, donde espera construir una nueva vida y reencontrarse con su hijo. Todo se complica cuando descubre que las fuerzas gubernamentales le persiguen y las amenazas de muerte se ciernen sobre su cabeza."
EL AGENTE SECRETO,Kleber Mendonça Filho,160,04,18:55,2026-03-26,Renoir Princesa,https://www.pillalas.com/pase/1060237/,https://www.cinesrenoir.com/pelicula/el-agente-secreto/,https://media.pillalas.com/imagenes/726afb526abffa83bdba0b90e98cf11293bcd8b9c8be1af817aa6c045cd8f479730f7511.jpg,Portugués,No recomendada para menores de 16 años,Viernes 20 Febrero 2026,"Wagner Moura, Gabriel Leone, Udo Kier, Maria Fernanda Cândido","1977. En un Brasil atormentado por la dictadura militar, Marcelo, un cuarentón que huye de un pasado turbulento, llega a la ciudad de Recife, donde espera construir una nueva vida y reencontrarse con su hijo. Todo se complica cuando descubre que las fuerzas gubernamentales le persiguen y las amenazas de muerte se ciernen sobre su cabeza."
EL AGENTE SECRETO,Kleber Mendonça Filho,160,04,21:50,2026-03-26,Renoir Princesa,https://www.pillalas.com/pase/1060241/,https://www.cinesrenoir.com/pelicula/el-agente-secreto/,https://media.pillalas.com/imagenes/726afb526abffa83bdba0b90e98cf11293bcd8b9c8be1af817aa6c045cd8f479730f7511.jpg,Portugués,No recomendada para menores de 16 años,Viernes 20 Febrero 2026,"Wagner Moura, Gabriel Leone, Udo Kier, Maria Fernanda Cândido","1977. En un Brasil atormentado por la dictadura militar, Marcelo, un cuarentón que huye de un pasado turbulento, llega a la ciudad de Recife, donde espera construir una nueva vida y reencontrarse con su hijo. Todo se complica cuando descubre que las fuerzas gubernamentales le persiguen y las amenazas de muerte se ciernen sobre su cabeza."
EL ARQUITECTO,Stéphane Demoustier,107,08,16:10,2026-03-26,Renoir Princesa,https://www.pillalas.com/pase/1060361/,https://www.cinesrenoir.com/pelicula/el-arquitecto/,https://media.pillalas.com/imagenes/726afb526abffa83aa265685f6781eacb3d2a1ce9f7ae8b5cb373d34a8a32da17572eb8a.jpg,Francés Y Danés,No recomendada para menores de 12 años,Viernes 13 Marzo 2026,"Claes Bang, Sidse Babett Knudsen, Swann Arlaud, Michel Fau, Xavier Dolan","1983. El nuevo gobierno francés convoca el mayor concurso de arquitectura. Codiciado por los grandes estudios, el ganador es, sorprendentemente, un absoluto desconocido: Johan Otto von Spreckelsen, un profesor de arquitectura danés que hasta entonces sólo había construido su casa y tres pequeñas capillas."
EL ARQUITECTO,Stéphane Demoustier,107,08,18:15,2026-03-26,Renoir Princesa,https://www.pillalas.com/pase/1060365/,https://www.cinesrenoir.com/pelicula/el-arquitecto/,https://media.pillalas.com/imagenes/726afb526abffa83aa265685f6781eacb3d2a1ce9f7ae8b5cb373d34a8a32da17572eb8a.jpg,Francés Y Danés,No recomendada para menores de 12 años,Viernes 13 Marzo 2026,"Claes Bang, Sidse Babett Knudsen, Swann Arlaud, Michel Fau, Xavier Dolan","1983. El nuevo gobierno francés convoca el mayor concurso de arquitectura. Codiciado por los grandes estudios, el ganador es, sorprendentemente, un absoluto desconocido: Johan Otto von Spreckelsen, un profesor de arquitectura danés que hasta entonces sólo había construido su casa y tres pequeñas capillas."
EL MAGO DEL KREMLIN,Olivier Assayas,145,10,16:10,2026-03-26,Renoir Princesa,https://www.pillalas.com/pase/1060362/,https://www.cinesrenoir.com/pelicula/el-mago-del-kremlin/,https://media.pillalas.com/imagenes/726afb526abffa833889e44ac42f5cc54d6019702d8546ebf4550316f78770131f777f2b.jpg,Inglés,No recomendada para menores de 12 años,Viernes 6 Marzo 2026,"Paul Dano, Alicia Vikander, Jude Law, Tom Sturridge, Jeffrey Wright, Will Keen","En medio del caos postsoviético de los años 90, el joven Vadim Baranov (Paul Dano) empieza a labrarse un camino como artista y productor de televisión. Su elocuencia y conexión con las altas esferas le llevan a convertirse, de la noche a la mañana, en el asesor de un agente del KGB con un brillante porvenir: Vladimir Putin (Jude Law). Desde las entrañas del poder, ambos darán forma a la nueva Rusia, difuminando, mediante manipulación, los límites entre la verdad y la mentira."
EL MAGO DEL KREMLIN,Olivier Assayas,145,10,21:45,2026-03-26,Renoir Princesa,https://www.pillalas.com/pase/1060368/,https://www.cinesrenoir.com/pelicula/el-mago-del-kremlin/,https://media.pillalas.com/imagenes/726afb526abffa833889e44ac42f5cc54d6019702d8546ebf4550316f78770131f777f2b.jpg,Inglés,No recomendada para menores de 12 años,Viernes 6 Marzo 2026,"Paul Dano, Alicia Vikander, Jude Law, Tom Sturridge, Jeffrey Wright, Will Keen","En medio del caos postsoviético de los años 90, el joven Vadim Baranov (Paul Dano) empieza a labrarse un camino como artista y productor de televisión. Su elocuencia y conexión con las altas esferas le llevan a convertirse, de la noche a la mañana, en el asesor de un agente del KGB con un brillante porvenir: Vladimir Putin (Jude Law). Desde las entrañas del poder, ambos darán forma a la nueva Rusia, difuminando, mediante manipulación, los límites entre la verdad y la mentira."
EL TESTAMENTO DE ANN LEE,Mona Fastvold,136,03,16:00,2026-03-26,Renoir Princesa,https://www.pillalas.com/pase/1060050/,https://www.cinesrenoir.com/pelicula/el-testamento-de-ann-lee/,https://media.pillalas.com/imagenes/726afb526abffa830b789c96ee6ff3b89647f6e742111b114addcc55b2329cb2e465f4c1.jpg,Inglés,No recomendada para menores de 16 años,Viernes 13 Marzo 2026,"Amanda Seyfried, Thomasin Mckenzie, Lewis Pullman, Christopher Abbott, Tim Blake Nelson, Stacy Martin, Matthew Beard, Scott Handy, Viola Prettejohn, Jamie Bogyo, David Cale","Película en torno a la leyenda real de Ann Lee, fundadora de la secta devocional conocida como los Shakers que predicaba la igualdad de género y social y era venerada por sus seguidores."
ELEGIR MI VIDA,Amélie Bonnin,96,07,15:50,2026-03-26,Renoir Princesa,https://www.pillalas.com/pase/1060359/,https://www.cinesrenoir.com/pelicula/elegir-mi-vida/,https://media.pillalas.com/imagenes/726afb526abffa83f8305cf2e84d7ba15df16005f879206ff895ebbe040eec79d27ccc2c.jpg,Francés,No recomendada para menores de 12 años,Viernes 20 Marzo 2026,"Juliette Armanet, Bastien Bouillon","Cécile (Juliette Armanet) está a punto de cumplir su sueño de abrir su propio restaurante, cuando su padre sufre un infarto y debe volver a su pequeño pueblo natal, lejos de la bulliciosa vida parisina. Allí, tiene un reencuentro inesperado con su amor de la adolescencia (Bastien Bouillon). A medida que resurgen los recuerdos, sus certezas comienzan a tambalearse…"
ELEGIR MI VIDA,Amélie Bonnin,96,03,18:30,2026-03-26,Renoir Princesa,https://www.pillalas.com/pase/1060236/,https://www.cinesrenoir.com/pelicula/elegir-mi-vida/,https://media.pillalas.com/imagenes/726afb526abffa83f8305cf2e84d7ba15df16005f879206ff895ebbe040eec79d27ccc2c.jpg,Francés,No recomendada para menores de 12 años,Viernes 20 Marzo 2026,"Juliette Armanet, Bastien Bouillon","Cécile (Juliette Armanet) está a punto de cumplir su sueño de abrir su propio restaurante, cuando su padre sufre un infarto y debe volver a su pequeño pueblo natal, lejos de la bulliciosa vida parisina. Allí, tiene un reencuentro inesperado con su amor de la adolescencia (Bastien Bouillon). A medida que resurgen los recuerdos, sus certezas comienzan a tambalearse…"
ELEGIR MI VIDA,Amélie Bonnin,96,03,20:25,2026-03-26,Renoir Princesa,https://www.pillalas.com/pase/1060240/,https://www.cinesrenoir.com/pelicula/elegir-mi-vida/,https://media.pillalas.com/imagenes/726afb526abffa83f8305cf2e84d7ba15df16005f879206ff895ebbe040eec79d27ccc2c.jpg,Francés,No recomendada para menores de 12 años,Viernes 20 Marzo 2026,"Juliette Armanet, Bastien Bouillon","Cécile (Juliette Armanet) está a punto de cumplir su sueño de abrir su propio restaurante, cuando su padre sufre un infarto y debe volver a su pequeño pueblo natal, lejos de la bulliciosa vida parisina. Allí, tiene un reencuentro inesperado con su amor de la adolescencia (Bastien Bouillon). A medida que resurgen los recuerdos, sus certezas comienzan a tambalearse…"
HAMNET,Chloé Zhao,125,06,16:00,2026-03-26,Renoir Princesa,https://www.pillalas.com/pase/1060232/,https://www.cinesrenoir.com/pelicula/hamnet/,https://www.cinesrenoir.com/media/Peliculas/Cartel/HAMNET_Cartel_Digital_8Nominaciones_Oscar_YaEnCines_v2_2.jpg,Inglés,No recomendada para menores de 12 años,Viernes 23 Enero 2026,"Jessie Buckley, Paul Mescal, Joe Alwyn, Emily Watson","Año 1596, Stratford-upon-Avon, Inglaterra. La vida de Agnes transcurre plácidamente junto a su marido y sus tres hijos. Ella cultiva plantas medicinales mientras William trabaja en Londres. El destino, sin embargo, les reservará un duro golpe cuando su hijo Hamnet, de once años, muera repentinamente tras contraer la peste. A raíz de esta tragedia, su padre creará uno de los grandes personajes de la literatura universal, de nombre casi idéntico al de su hijo.


Pero esta película no habla de famosos sucesos sino de algo íntimo y olvidado: La vida de esta familia, y especialmente la de la mujer que la sostenía y que tuvo que cargar con una insoportable pérdida."
HAMNET,Chloé Zhao,125,06,22:20,2026-03-26,Renoir Princesa,https://www.pillalas.com/pase/1060243/,https://www.cinesrenoir.com/pelicula/hamnet/,https://www.cinesrenoir.com/media/Peliculas/Cartel/HAMNET_Cartel_Digital_8Nominaciones_Oscar_YaEnCines_v2_2.jpg,Inglés,No recomendada para menores de 12 años,Viernes 23 Enero 2026,"Jessie Buckley, Paul Mescal, Joe Alwyn, Emily Watson","Año 1596, Stratford-upon-Avon, Inglaterra. La vida de Agnes transcurre plácidamente junto a su marido y sus tres hijos. Ella cultiva plantas medicinales mientras William trabaja en Londres. El destino, sin embargo, les reservará un duro golpe cuando su hijo Hamnet, de once años, muera repentinamente tras contraer la peste. A raíz de esta tragedia, su padre creará uno de los grandes personajes de la literatura universal, de nombre casi idéntico al de su hijo.


Pero esta película no habla de famosos sucesos sino de algo íntimo y olvidado: La vida de esta familia, y especialmente la de la mujer que la sostenía y que tuvo que cargar con una insoportable pérdida."
LOS DOMINGOS,Alauda Ruiz De Azúa,115,02,18:00,2026-03-26,Renoir Princesa,https://www.pillalas.com/pase/1060051/,https://www.cinesrenoir.com/pelicula/los-domingos/,https://www.cinesrenoir.com/media/Peliculas/Cartel/los_domingos_poster.jpg,Castellano,No recomendada para menores de 12 años,Viernes 24 Octubre 2025,"Patricia López Arnaiz, Blanca Soroa, Miguel Garcés, Juan Minujín, Mabel Rivera, Nagore Aramburu","'Los domingos' cuenta la historia de Ainara (Soroa), una joven idealista y brillante de 17 años que ha de decidir qué carrera universitaria estudiará. O, al menos, eso espera su familia que haga. Sin embargo, la joven manifiesta que se siente cada vez más cerca de Dios y que se plantea abrazar la vida de monja de clausura. La noticia pilla por sorpresa a toda la familia provocando un abismo y una prueba de fuego para todos."
LOS DOMINGOS,Alauda Ruiz De Azúa,115,02,20:15,2026-03-26,Renoir Princesa,https://www.pillalas.com/pase/1060052/,https://www.cinesrenoir.com/pelicula/los-domingos/,https://www.cinesrenoir.com/media/Peliculas/Cartel/los_domingos_poster.jpg,Castellano,No recomendada para menores de 12 años,Viernes 24 Octubre 2025,"Patricia López Arnaiz, Blanca Soroa, Miguel Garcés, Juan Minujín, Mabel Rivera, Nagore Aramburu","'Los domingos' cuenta la historia de Ainara (Soroa), una joven idealista y brillante de 17 años que ha de decidir qué carrera universitaria estudiará. O, al menos, eso espera su familia que haga. Sin embargo, la joven manifiesta que se siente cada vez más cerca de Dios y que se plantea abrazar la vida de monja de clausura. La noticia pilla por sorpresa a toda la familia provocando un abismo y una prueba de fuego para todos."
MARTY SUPREME,Josh Safdie,149,01,22:00,2026-03-26,Renoir Princesa,https://www.pillalas.com/pase/1060018/,https://www.cinesrenoir.com/pelicula/marty-supreme/,https://media.pillalas.com/imagenes/726afb526abffa83215ea8a89c8894fb1ac44e6c3b86faba19f84e195b42d541304dcb79.jpg,Inglés,No recomendada para menores de 16 años,Viernes 30 Enero 2026,"Timothee Chalamet, Gwyneth Paltrow, Odessa A Zion, Sandra Bernhard, Fran Drescher, Abel Ferrara, Spenser Granese, Tyler The Creator, Penn Jillette, Kevin O Leary","Marty Mauser (Timothée Chalamet), un joven con una ambición desmesurada, está dispuesto a todo para cumplir su sueño. Con ayuda, entre otros, de la estrella de cine Carol Dunne (Gwyneth Paltrow) demostrará al mundo entero su grandeza."
MEMENTO [WILDER CINEMA],Christopher Nolan,113,07,20:00,2026-03-26,Renoir Princesa,https://www.pillalas.com/pase/1059808/,https://www.cinesrenoir.com/pelicula/memento-wilder-cinema/,https://www.cinesrenoir.com/media/Peliculas/Cartel/CARTEL_Memento_Wilder_Cinema_Renoir.jpg,Inglés,No recomendada para menores de 12 años,Jueves 26 Marzo 2026,"Guy Pearce,  Carrie-Anne Moss,  Joe Pantoliano,  Mark Boone Junior,  Stephen Tobolowsky,  Harriet Sansom Harris,  Jorja Fox","Narrada al revés y construida como un rompecabezas emocional, Memento convirtió a Christopher Nolan en una de las voces clave del cine contemporáneo. La película sigue a un hombre incapaz de generar nuevos recuerdos, atrapado en una búsqueda de verdad fragmentada y obsesiva. Ingeniosa, desafiante y profundamente estimulante, es un thriller que invita al espectador a participar activamente. Una experiencia cinematográfica que redefinió el cine de suspense del siglo XXI."
PILLION,Harry Lighton,106,11,16:00,2026-03-26,Renoir Princesa,https://www.pillalas.com/pase/1060400/,https://www.cinesrenoir.com/pelicula/pillion/,https://www.cinesrenoir.com/media/Peliculas/Cartel/POSTER_2_3_web_1_1_1.png,Inglés,No recomendada para menores de 16 años,Viernes 6 Marzo 2026,"Harry Melling, Alexander Skarsgård, Lesley Sharp, Douglas Hodge","Colin, un chico introvertido, se queda prendado de Ray, el carismático y atractivo líder de una banda de moteros que le toma como su sumiso, dinamitando su rutina y cambiándole la vida."
PILLION,Harry Lighton,106,11,18:05,2026-03-26,Renoir Princesa,https://www.pillalas.com/pase/1060401/,https://www.cinesrenoir.com/pelicula/pillion/,https://www.cinesrenoir.com/media/Peliculas/Cartel/POSTER_2_3_web_1_1_1.png,Inglés,No recomendada para menores de 16 años,Viernes 6 Marzo 2026,"Harry Melling, Alexander Skarsgård, Lesley Sharp, Douglas Hodge","Colin, un chico introvertido, se queda prendado de Ray, el carismático y atractivo líder de una banda de moteros que le toma como su sumiso, dinamitando su rutina y cambiándole la vida."
PILLION,Harry Lighton,106,11,20:10,2026-03-26,Renoir Princesa,https://www.pillalas.com/pase/1060403/,https://www.cinesrenoir.com/pelicula/pillion/,https://www.cinesrenoir.com/media/Peliculas/Cartel/POSTER_2_3_web_1_1_1.png,Inglés,No recomendada para menores de 16 años,Viernes 6 Marzo 2026,"Harry Melling, Alexander Skarsgård, Lesley Sharp, Douglas Hodge","Colin, un chico introvertido, se queda prendado de Ray, el carismático y atractivo líder de una banda de moteros que le toma como su sumiso, dinamitando su rutina y cambiándole la vida."
PILLION,Harry Lighton,106,11,22:15,2026-03-26,Renoir Princesa,https://www.pillalas.com/pase/1060404/,https://www.cinesrenoir.com/pelicula/pillion/,https://www.cinesrenoir.com/media/Peliculas/Cartel/POSTER_2_3_web_1_1_1.png,Inglés,No recomendada para menores de 16 años,Viernes 6 Marzo 2026,"Harry Melling, Alexander Skarsgård, Lesley Sharp, Douglas Hodge","Colin, un chico introvertido, se queda prendado de Ray, el carismático y atractivo líder de una banda de moteros que le toma como su sumiso, dinamitando su rutina y cambiándole la vida."
SIRAT,Óliver Laxe,120,02,15:50,2026-03-26,Renoir Princesa,https://www.pillalas.com/pase/1060049/,https://www.cinesrenoir.com/pelicula/sirat/,https://www.cinesrenoir.com/media/Peliculas/Cartel/SIRAT_ONLINE_GOYAOSCARS.jpg,Castellano Y Otros,No recomendada para menores de 16 años,Viernes 6 Junio 2025,"Sergi López, Bruno Núñez, Stefania Gadda, Joshua Liam Herderson, Tonin Javier, Jade Ouki, Richard Bellamyun","Un hombre (López) y su hijo (Nuñez) llegan a una rave perdida en medio de las áridas y fantasmagóricas montañas del sur de Marruecos. Buscan allí a Mar, su hija y hermana, desaparecida hace meses en una de estas fiestas sin amanecer. Reparten una y otra vez su foto rodeados de música electrónica y de un tipo de libertad que desconocen. Empujados por el destino, y con la esperanza de encontrar ahí a Mar, deciden seguir a un grupo de raveros hacia la última fiesta que se celebrará en el desierto."
SIRAT,Óliver Laxe,120,02,22:30,2026-03-26,Renoir Princesa,https://www.pillalas.com/pase/1060053/,https://www.cinesrenoir.com/pelicula/sirat/,https://www.cinesrenoir.com/media/Peliculas/Cartel/SIRAT_ONLINE_GOYAOSCARS.jpg,Castellano Y Otros,No recomendada para menores de 16 años,Viernes 6 Junio 2025,"Sergi López, Bruno Núñez, Stefania Gadda, Joshua Liam Herderson, Tonin Javier, Jade Ouki, Richard Bellamyun","Un hombre (López) y su hijo (Nuñez) llegan a una rave perdida en medio de las áridas y fantasmagóricas montañas del sur de Marruecos. Buscan allí a Mar, su hija y hermana, desaparecida hace meses en una de estas fiestas sin amanecer. Reparten una y otra vez su foto rodeados de música electrónica y de un tipo de libertad que desconocen. Empujados por el destino, y con la esperanza de encontrar ahí a Mar, deciden seguir a un grupo de raveros hacia la última fiesta que se celebrará en el desierto."
TORRENTE PRESIDENTE,Santiago Segura,103,09,15:50,2026-03-26,Renoir Princesa,https://www.pillalas.com/pase/1060231/,https://www.cinesrenoir.com/pelicula/torrente-presidente/,https://www.cinesrenoir.com/media/Peliculas/Cartel/torrente_presidente1.jpg,Castellano,No recomendada para menores de 16 años,Viernes 13 Marzo 2026,"Santiago Segura, Leo Harlem, Ramón Langa",Sexta entrega de Torrente.
TORRENTE PRESIDENTE,Santiago Segura,103,06,18:20,2026-03-26,Renoir Princesa,https://www.pillalas.com/pase/1060235/,https://www.cinesrenoir.com/pelicula/torrente-presidente/,https://www.cinesrenoir.com/media/Peliculas/Cartel/torrente_presidente1.jpg,Castellano,No recomendada para menores de 16 años,Viernes 13 Marzo 2026,"Santiago Segura, Leo Harlem, Ramón Langa",Sexta entrega de Torrente.
TORRENTE PRESIDENTE,Santiago Segura,103,06,20:20,2026-03-26,Renoir Princesa,https://www.pillalas.com/pase/1060239/,https://www.cinesrenoir.com/pelicula/torrente-presidente/,https://www.cinesrenoir.com/media/Peliculas/Cartel/torrente_presidente1.jpg,Castellano,No recomendada para menores de 16 años,Viernes 13 Marzo 2026,"Santiago Segura, Leo Harlem, Ramón Langa",Sexta entrega de Torrente.
TORRENTE PRESIDENTE,Santiago Segura,103,09,22:30,2026-03-26,Renoir Princesa,https://www.pillalas.com/pase/1060244/,https://www.cinesrenoir.com/pelicula/torrente-presidente/,https://www.cinesrenoir.com/media/Peliculas/Cartel/torrente_presidente1.jpg,Castellano,No recomendada para menores de 16 años,Viernes 13 Marzo 2026,"Santiago Segura, Leo Harlem, Ramón Langa",Sexta entrega de Torrente.
TRES ADIOSES,Isabel Coixet,122,07,17:45,2026-03-26,Renoir Princesa,https://www.pillalas.com/pase/1060363/,https://www.cinesrenoir.com/pelicula/tres-adioses/,https://media.pillalas.com/imagenes/726afb526abffa832ea2a44a189894de905fc7e94534a8bf4ef6bf13e5ccdfe90922c22e.jpg,Italiano,No recomendada para menores de 12 años,Viernes 6 Febrero 2026,"Alba Rohrwacher, Elio Germano, Francesco Carril, Silvia D Amico, Galatea Bellugi, Sarita Choudhury","Tras lo que parecía una discusión sin importancia, Marta (Alba Rohrwacher) y Antonio (Elio Germano) se separan. Él, un chef prometedor, se refugia en sus fogones; ella, en su silencio, empieza a notar algo más que tristeza: ha perdido el apetito… y no solo por desamor. Cuando descubre que detrás hay un problema de salud, todo da un giro inesperado: la comida sabe mejor, la música le llega como nunca y el deseo despierta sus ganas de vivir sin miedo.
Una historia sobre el amor, la vida y esos momentos que lo cambian todo para siempre."
UNA BATALLA TRAS OTRA,Paul Thomas Anderson,161,08,20:30,2026-03-26,Renoir Princesa,https://www.pillalas.com/pase/1060367/,https://www.cinesrenoir.com/pelicula/una-batalla-tras-otra/,https://media.pillalas.com/imagenes/726afb526abffa83067d351656e3959d62491a4b950d2e053e036c244c54d5060d7521c0.jpg,Inglés,No recomendada para menores de 16 años,Viernes 26 Septiembre 2025,"Leonardo Dicaprio, Sean Penn, Benicio Del Toro, Regina Hall, Teyana Taylor, Wood Harris, Alana Haim, Shayna Mchayle, Chase Infiniti, Starletta Dupois, Joe Silva, Eric Schweig, Tony Goldwyn, James Downey, John Hoogenakker, Kevin Tighe, D.W. Moffett, James Raterman","Cuando su malvado enemigo resurge después de 16 años, una banda de exrevolucionarios se reúne para rescatar a la hija de uno de los suyos, encarnado por Leonardo DiCaprio. Adaptación de la novela 'Vineland', de Thomas Pynchon, escrita en 1990, sobre los movimientos radicales de los años sesenta."
UNA HIJA EN TOKIO,Guillaume Senez,99,01,16:00,2026-03-26,Renoir Princesa,https://www.pillalas.com/pase/1060015/,https://www.cinesrenoir.com/pelicula/una-hija-en-tokio/,https://media.pillalas.com/imagenes/726afb526abffa8327fbd986c984eb728e0f1c714c7a6aa328ebfc96eb29c6586b207f0e.jpg,Francés,No recomendada para menores de 7 años,Viernes 20 Marzo 2026,"Romain Duris, Judith Chemla, Mei Cirne-Masuki","Cada día, Jérôme (Romain Duris) recorre Tokio con su taxi mientras intenta encontrar a su hija, Lily. Nueve años después de separarse y sin haber logrado su custodia, empieza a pensar que es hora de rendirse y volver a Francia. Pero cuando está a punto de hacerlo, Lily sube a su taxi."
UNA HIJA EN TOKIO,Guillaume Senez,99,01,18:00,2026-03-26,Renoir Princesa,https://www.pillalas.com/pase/1060016/,https://www.cinesrenoir.com/pelicula/una-hija-en-tokio/,https://media.pillalas.com/imagenes/726afb526abffa8327fbd986c984eb728e0f1c714c7a6aa328ebfc96eb29c6586b207f0e.jpg,Francés,No recomendada para menores de 7 años,Viernes 20 Marzo 2026,"Romain Duris, Judith Chemla, Mei Cirne-Masuki","Cada día, Jérôme (Romain Duris) recorre Tokio con su taxi mientras intenta encontrar a su hija, Lily. Nueve años después de separarse y sin haber logrado su custodia, empieza a pensar que es hora de rendirse y volver a Francia. Pero cuando está a punto de hacerlo, Lily sube a su taxi."
UNA HIJA EN TOKIO,Guillaume Senez,99,01,20:00,2026-03-26,Renoir Princesa,https://www.pillalas.com/pase/1060017/,https://www.cinesrenoir.com/pelicula/una-hija-en-tokio/,https://media.pillalas.com/imagenes/726afb526abffa8327fbd986c984eb728e0f1c714c7a6aa328ebfc96eb29c6586b207f0e.jpg,Francés,No recomendada para menores de 7 años,Viernes 20 Marzo 2026,"Romain Duris, Judith Chemla, Mei Cirne-Masuki","Cada día, Jérôme (Romain Duris) recorre Tokio con su taxi mientras intenta encontrar a su hija, Lily. Nueve años después de separarse y sin haber logrado su custodia, empieza a pensar que es hora de rendirse y volver a Francia. Pero cuando está a punto de hacerlo, Lily sube a su taxi."
¡LA NOVIA!,Maggie Gyllenhaal,126,07,22:20,2026-03-26,Renoir Princesa,https://www.pillalas.com/pase/1060369/,https://www.cinesrenoir.com/pelicula/la-novia/,https://media.pillalas.com/imagenes/726afb526abffa834d5e9976411fdc20e28407e451a89b449da3736e5440bebb2e35bc4c.jpg,Inglés,No recomendada para menores de 16 años y distintivo especialmente recomendada para el fomento de la igualdad de género,Viernes 6 Marzo 2026,"Jessie Buckley, Christian Bale, Peter Sarsgaard, Annette Bening, Penelope Cruz, Jake Gyllenhaal, Julianne Hough, Louis Cancelmi, John Magaro, Linda Emond, Jeannie Berlin, Matthew Maher","En el Chicago de los años 30, un solitario Frankenstein pide la ayuda del Dr. Euphronius para crearse una compañera. Los dos resucitan a una joven asesinada y en ese momento nace la Novia, quien irá más allá de lo que cualquiera de los dos pretendía, encendiendo un romance apasionado, la atención de la policía y un movimiento social salvaje y radical."
AMARGA NAVIDAD,Pedro Almodóvar,111,01,16:05,2026-03-20,Renoir Plaza de España,https://www.pillalas.com/pase/1060055/,https://www.cinesrenoir.com/pelicula/amarga-navidad/,https://media.pillalas.com/imagenes/726afb526abffa83b60c45c3634993c0e9bd987d873c6c32a8009c3b4ee414d3a40e41c1.jpg,Castellano,No recomendada para menores de 12 años,Viernes 20 Marzo 2026,"Bárbara Lennie, Leonardo Sbaraglia, Aitana Sánchez-Gijón, Victoria Luengo, Patrick Criado, Milena Smit, Quim Gutiérrez, Rossy De Palma, Carmen Machi, Gloria Muñoz","Elsa es una directora de publicidad cuya madre muere durante un largo puente del mes de diciembre. Encuentra refugio en el trabajo, aunque es más bien una huida hacia adelante. Trabaja sin parar y, sin darse cuenta, no se concede el tiempo necesario para guardar el duelo por la ausencia materna. Hasta que una crisis de pánico la obliga a detenerse e imponerse un descanso. Su pareja, Bonifacio, es su tabla de salvación en esos momentos de crisis. Elsa decide viajar a la isla de Lanzarote acompañada por su amiga Patricia, que también necesita alejarse de Madrid, mientras que Bonifacio se queda en la ciudad.
La historia de estos tres personajes, y algunos más, se narran paralelamente a la del guionista y director de cine Raúl Durán, entremezclando ficción y realidad. Porque ‘Amarga Navidad’ desarrolla cómo la vida y la ficción están unidas de un modo indisoluble, incluso doloroso en ocasiones."
AMARGA NAVIDAD,Pedro Almodóvar,111,01,18:15,2026-03-20,Renoir Plaza de España,https://www.pillalas.com/pase/1060057/,https://www.cinesrenoir.com/pelicula/amarga-navidad/,https://media.pillalas.com/imagenes/726afb526abffa83b60c45c3634993c0e9bd987d873c6c32a8009c3b4ee414d3a40e41c1.jpg,Castellano,No recomendada para menores de 12 años,Viernes 20 Marzo 2026,"Bárbara Lennie, Leonardo Sbaraglia, Aitana Sánchez-Gijón, Victoria Luengo, Patrick Criado, Milena Smit, Quim Gutiérrez, Rossy De Palma, Carmen Machi, Gloria Muñoz","Elsa es una directora de publicidad cuya madre muere durante un largo puente del mes de diciembre. Encuentra refugio en el trabajo, aunque es más bien una huida hacia adelante. Trabaja sin parar y, sin darse cuenta, no se concede el tiempo necesario para guardar el duelo por la ausencia materna. Hasta que una crisis de pánico la obliga a detenerse e imponerse un descanso. Su pareja, Bonifacio, es su tabla de salvación en esos momentos de crisis. Elsa decide viajar a la isla de Lanzarote acompañada por su amiga Patricia, que también necesita alejarse de Madrid, mientras que Bonifacio se queda en la ciudad.
La historia de estos tres personajes, y algunos más, se narran paralelamente a la del guionista y director de cine Raúl Durán, entremezclando ficción y realidad. Porque ‘Amarga Navidad’ desarrolla cómo la vida y la ficción están unidas de un modo indisoluble, incluso doloroso en ocasiones."
AMARGA NAVIDAD,Pedro Almodóvar,111,01,20:25,2026-03-20,Renoir Plaza de España,https://www.pillalas.com/pase/1060058/,https://www.cinesrenoir.com/pelicula/amarga-navidad/,https://media.pillalas.com/imagenes/726afb526abffa83b60c45c3634993c0e9bd987d873c6c32a8009c3b4ee414d3a40e41c1.jpg,Castellano,No recomendada para menores de 12 años,Viernes 20 Marzo 2026,"Bárbara Lennie, Leonardo Sbaraglia, Aitana Sánchez-Gijón, Victoria Luengo, Patrick Criado, Milena Smit, Quim Gutiérrez, Rossy De Palma, Carmen Machi, Gloria Muñoz","Elsa es una directora de publicidad cuya madre muere durante un largo puente del mes de diciembre. Encuentra refugio en el trabajo, aunque es más bien una huida hacia adelante. Trabaja sin parar y, sin darse cuenta, no se concede el tiempo necesario para guardar el duelo por la ausencia materna. Hasta que una crisis de pánico la obliga a detenerse e imponerse un descanso. Su pareja, Bonifacio, es su tabla de salvación en esos momentos de crisis. Elsa decide viajar a la isla de Lanzarote acompañada por su amiga Patricia, que también necesita alejarse de Madrid, mientras que Bonifacio se queda en la ciudad.
La historia de estos tres personajes, y algunos más, se narran paralelamente a la del guionista y director de cine Raúl Durán, entremezclando ficción y realidad. Porque ‘Amarga Navidad’ desarrolla cómo la vida y la ficción están unidas de un modo indisoluble, incluso doloroso en ocasiones."
AMARGA NAVIDAD,Pedro Almodóvar,111,01,22:35,2026-03-20,Renoir Plaza de España,https://www.pillalas.com/pase/1060060/,https://www.cinesrenoir.com/pelicula/amarga-navidad/,https://media.pillalas.com/imagenes/726afb526abffa83b60c45c3634993c0e9bd987d873c6c32a8009c3b4ee414d3a40e41c1.jpg,Castellano,No recomendada para menores de 12 años,Viernes 20 Marzo 2026,"Bárbara Lennie, Leonardo Sbaraglia, Aitana Sánchez-Gijón, Victoria Luengo, Patrick Criado, Milena Smit, Quim Gutiérrez, Rossy De Palma, Carmen Machi, Gloria Muñoz","Elsa es una directora de publicidad cuya madre muere durante un largo puente del mes de diciembre. Encuentra refugio en el trabajo, aunque es más bien una huida hacia adelante. Trabaja sin parar y, sin darse cuenta, no se concede el tiempo necesario para guardar el duelo por la ausencia materna. Hasta que una crisis de pánico la obliga a detenerse e imponerse un descanso. Su pareja, Bonifacio, es su tabla de salvación en esos momentos de crisis. Elsa decide viajar a la isla de Lanzarote acompañada por su amiga Patricia, que también necesita alejarse de Madrid, mientras que Bonifacio se queda en la ciudad.
La historia de estos tres personajes, y algunos más, se narran paralelamente a la del guionista y director de cine Raúl Durán, entremezclando ficción y realidad. Porque ‘Amarga Navidad’ desarrolla cómo la vida y la ficción están unidas de un modo indisoluble, incluso doloroso en ocasiones."
EL ÚLTIMO VIKINGO,Anders Thomas Jensen,116,03,15:50,2026-03-20,Renoir Plaza de España,https://www.pillalas.com/pase/1060101/,https://www.cinesrenoir.com/pelicula/el-ultimo-vikingo/,https://media.pillalas.com/imagenes/726afb526abffa831071fdb7895dda5a8f5443f58bef959385371bd83d00b407e021267b.jpg,Danés,No recomendada para menores de 16 años,Viernes 6 Marzo 2026,"Mads Mikkelsen, Nikolaj Lie Kaas, Søren Malling, Sofie Gråbøl","Anker sale de prisión tras cumplir una condena de quince años por robo. El dinero del atraco fue enterrado por su hermano Manfred. Solo él sabe dónde está. Por desgracia, desde entonces Manfred ha desarrollado un trastorno mental que le ha hecho olvidarlo todo. Juntos, los hermanos emprenden un viaje inesperado para encontrar el dinero y descubrir quiénes son en realidad."
EL ÚLTIMO VIKINGO,Anders Thomas Jensen,116,03,18:00,2026-03-20,Renoir Plaza de España,https://www.pillalas.com/pase/1060104/,https://www.cinesrenoir.com/pelicula/el-ultimo-vikingo/,https://media.pillalas.com/imagenes/726afb526abffa831071fdb7895dda5a8f5443f58bef959385371bd83d00b407e021267b.jpg,Danés,No recomendada para menores de 16 años,Viernes 6 Marzo 2026,"Mads Mikkelsen, Nikolaj Lie Kaas, Søren Malling, Sofie Gråbøl","Anker sale de prisión tras cumplir una condena de quince años por robo. El dinero del atraco fue enterrado por su hermano Manfred. Solo él sabe dónde está. Por desgracia, desde entonces Manfred ha desarrollado un trastorno mental que le ha hecho olvidarlo todo. Juntos, los hermanos emprenden un viaje inesperado para encontrar el dinero y descubrir quiénes son en realidad."
EL ÚLTIMO VIKINGO,Anders Thomas Jensen,116,03,20:15,2026-03-20,Renoir Plaza de España,https://www.pillalas.com/pase/1060105/,https://www.cinesrenoir.com/pelicula/el-ultimo-vikingo/,https://media.pillalas.com/imagenes/726afb526abffa831071fdb7895dda5a8f5443f58bef959385371bd83d00b407e021267b.jpg,Danés,No recomendada para menores de 16 años,Viernes 6 Marzo 2026,"Mads Mikkelsen, Nikolaj Lie Kaas, Søren Malling, Sofie Gråbøl","Anker sale de prisión tras cumplir una condena de quince años por robo. El dinero del atraco fue enterrado por su hermano Manfred. Solo él sabe dónde está. Por desgracia, desde entonces Manfred ha desarrollado un trastorno mental que le ha hecho olvidarlo todo. Juntos, los hermanos emprenden un viaje inesperado para encontrar el dinero y descubrir quiénes son en realidad."
EL ÚLTIMO VIKINGO,Anders Thomas Jensen,116,05,22:45,2026-03-20,Renoir Plaza de España,https://www.pillalas.com/pase/1060249/,https://www.cinesrenoir.com/pelicula/el-ultimo-vikingo/,https://media.pillalas.com/imagenes/726afb526abffa831071fdb7895dda5a8f5443f58bef959385371bd83d00b407e021267b.jpg,Danés,No recomendada para menores de 16 años,Viernes 6 Marzo 2026,"Mads Mikkelsen, Nikolaj Lie Kaas, Søren Malling, Sofie Gråbøl","Anker sale de prisión tras cumplir una condena de quince años por robo. El dinero del atraco fue enterrado por su hermano Manfred. Solo él sabe dónde está. Por desgracia, desde entonces Manfred ha desarrollado un trastorno mental que le ha hecho olvidarlo todo. Juntos, los hermanos emprenden un viaje inesperado para encontrar el dinero y descubrir quiénes son en realidad."
LA CHICA ZURDA,Shih-Ching Tsou,108,02,16:00,2026-03-20,Renoir Plaza de España,https://www.pillalas.com/pase/1060054/,https://www.cinesrenoir.com/pelicula/la-chica-zurda/,https://media.pillalas.com/imagenes/726afb526abffa83e5ee5674d1ac0b73f39c1d9ebacca7f6a4c573d6423a82f140c7a520.jpg,Mandarín,No recomendada para menores de 12 años,Viernes 30 Enero 2026,"Shi-Yuan Ma, Janel Tsai, Nina Ye, Teng-Hui Huang, Akio Chen, Blaire Chang, Xin-Yan Chao","La pequeña I-Jing corretea con curiosidad por las calles de un mercado nocturno de Taipei, entre neones, motocicletas y toda clase de puestos de comida como el que regenta su madre, que trata de sacar adelante a la niña y a su hermana mayor."
LA TARTA DEL PRESIDENTE,Hasan Hadi,105,04,15:55,2026-03-20,Renoir Plaza de España,https://www.pillalas.com/pase/1060102/,https://www.cinesrenoir.com/pelicula/20260320050510-la-tarta-del-presidente/,https://media.pillalas.com/imagenes/726afb526abffa83eda64f8b418bec544f18146f6ca2869a88655e1df49985337de64299.jpg,Iraquí,No recomendada para menores de 12 años,Viernes 6 Febrero 2026,"Baneen Ahmad Nayyef, Waheed Thabet Khreibat, Sajad Mohamad Qasem, Muthanna Malaghi, Ahmad Qasem Saywan, Maytham Mreidi, Rahim Alhaj, Thaer Salem, Fatima Abouharoon","Irak, años noventa. La pequeña Lamia recibe la misión de preparar una tarta con motivo del cumpleaños del presidente Sadam Huseín. Acompañada por su amigo Saeed y con su gallo Hindi a cuestas, recorre Bagdad en busca de los ingredientes, viviendo una serie de peripecias que alterarán por completo su vida cotidiana."
NO HAY OTRA OPCIÓN,Park Chan-Wook,139,03,22:25,2026-03-20,Renoir Plaza de España,https://www.pillalas.com/pase/1060107/,https://www.cinesrenoir.com/pelicula/20260320050510-no-hay-otra-opcion/,https://media.pillalas.com/imagenes/726afb526abffa83bdeb4516e384b837092cce5cc6598f1dfd4dee91ff9227e1f484f775.jpg,Coreano,Pendiente de calificación,Viernes 13 Febrero 2026,"Lee Byung-Hun, Son Ye-Jin, Lee Sung-Min, Yeom Hye-Ran, Park Hee-Soon, Cha Seung-Won, Yoo Yeon-Seok","La historia sigue a un hombre de mediana edad llamado Man-su que se embarca decidido en una búsqueda de trabajo tras ser despedido inesperadamente de la compañía de papel en la que trabajó durante 25 años. ""Si no hay una vacante para mí, tendré que crear una para que me contraten. No hay otra opción"". Adaptación de la novela ""The Ax"" de Donald E. Westlake, que ya fue llevada al cine en la película ""Arcadia"", dirigida por Costa-Gavras en 2005."
ORWELL 2+2 = 5,Raoul Peck,119,05,18:15,2026-03-20,Renoir Plaza de España,https://www.pillalas.com/pase/1060246/,https://www.cinesrenoir.com/pelicula/orwell-22-5/,https://media.pillalas.com/imagenes/726afb526abffa83b83d4cc400c9761fa7472981f7fc060c0bd7e85b0217a3f74541294d.jpg,Inglés Y Otros,No recomendada para menores de 16 años,Viernes 27 Febrero 2026,Damian Lewis,"George Orwell fue uno de los autores más visionarios del siglo XX, cuyas novelas, 1984 y Rebelión en la granja, predijeron un futuro autoritario y escalofriante. El aclamado director Raoul Peck (I Am Not Your Negro) entrelaza clips, lecturas del diario de Orwell, referencias cinematográficas e imágenes actuales para crear no solo un retrato del escritor, sino también una nueva perspectiva sobre lo profética que se ha vuelto su obra."
ORWELL 2+2 = 5,Raoul Peck,119,05,20:30,2026-03-20,Renoir Plaza de España,https://www.pillalas.com/pase/1060247/,https://www.cinesrenoir.com/pelicula/orwell-22-5/,https://media.pillalas.com/imagenes/726afb526abffa83b83d4cc400c9761fa7472981f7fc060c0bd7e85b0217a3f74541294d.jpg,Inglés Y Otros,No recomendada para menores de 16 años,Viernes 27 Febrero 2026,Damian Lewis,"George Orwell fue uno de los autores más visionarios del siglo XX, cuyas novelas, 1984 y Rebelión en la granja, predijeron un futuro autoritario y escalofriante. El aclamado director Raoul Peck (I Am Not Your Negro) entrelaza clips, lecturas del diario de Orwell, referencias cinematográficas e imágenes actuales para crear no solo un retrato del escritor, sino también una nueva perspectiva sobre lo profética que se ha vuelto su obra."
ORWELL 2+2 = 5,Raoul Peck,119,04,22:45,2026-03-20,Renoir Plaza de España,https://www.pillalas.com/pase/1060248/,https://www.cinesrenoir.com/pelicula/orwell-22-5/,https://media.pillalas.com/imagenes/726afb526abffa83b83d4cc400c9761fa7472981f7fc060c0bd7e85b0217a3f74541294d.jpg,Inglés Y Otros,No recomendada para menores de 16 años,Viernes 27 Febrero 2026,Damian Lewis,"George Orwell fue uno de los autores más visionarios del siglo XX, cuyas novelas, 1984 y Rebelión en la granja, predijeron un futuro autoritario y escalofriante. El aclamado director Raoul Peck (I Am Not Your Negro) entrelaza clips, lecturas del diario de Orwell, referencias cinematográficas e imágenes actuales para crear no solo un retrato del escritor, sino también una nueva perspectiva sobre lo profética que se ha vuelto su obra."
VALOR SENTIMENTAL,Joachim Trier,133,02,18:05,2026-03-20,Renoir Plaza de España,https://www.pillalas.com/pase/1060056/,https://www.cinesrenoir.com/pelicula/valor-sentimental/,https://media.pillalas.com/imagenes/726afb526abffa83fe1b3adc6f8909539f80c9a958e909b641f78d7648edf8e1f62ca547.jpg,Noruego E Inglés,No recomendada para menores de 12 años,Viernes 5 Diciembre 2025,"Renate Reinsve, Stellan Skarsgård, Inga Ibsdotter Lilleaas, Elle Fanning, Anders Danielsen Lie, Jesper Christensen, Lena Endre, Cory Michael Smith, Catherine Cohen, Andreas Stoltenberg Granerud, Øyvind Hesjedal Loven, Lars Väringer, Ida Marianne Vassbotn Klasson, Vilde Søyland","Las hermanas Nora y Agnes se reencuentran con su padre ausente, un director de cine muy reconocido en el pasado que ha vuelto para ofrecer a Nora el papel principal de su próxima película. Aunque ella lo rechaza, Gustav decide seguir adelante y utilizar la casa familiar como escenario de su nuevo rodaje, lo que reaviva las tensiones entre ellos, especialmente tras la llegada de una joven actriz de Hollywood que acepta el papel en su lugar. El vínculo entre las hermanas se convertirá en su mayor refugio frente a las heridas del pasado."
VALOR SENTIMENTAL,Joachim Trier,133,02,20:40,2026-03-20,Renoir Plaza de España,https://www.pillalas.com/pase/1060059/,https://www.cinesrenoir.com/pelicula/valor-sentimental/,https://media.pillalas.com/imagenes/726afb526abffa83fe1b3adc6f8909539f80c9a958e909b641f78d7648edf8e1f62ca547.jpg,Noruego E Inglés,No recomendada para menores de 12 años,Viernes 5 Diciembre 2025,"Renate Reinsve, Stellan Skarsgård, Inga Ibsdotter Lilleaas, Elle Fanning, Anders Danielsen Lie, Jesper Christensen, Lena Endre, Cory Michael Smith, Catherine Cohen, Andreas Stoltenberg Granerud, Øyvind Hesjedal Loven, Lars Väringer, Ida Marianne Vassbotn Klasson, Vilde Søyland","Las hermanas Nora y Agnes se reencuentran con su padre ausente, un director de cine muy reconocido en el pasado que ha vuelto para ofrecer a Nora el papel principal de su próxima película. Aunque ella lo rechaza, Gustav decide seguir adelante y utilizar la casa familiar como escenario de su nuevo rodaje, lo que reaviva las tensiones entre ellos, especialmente tras la llegada de una joven actriz de Hollywood que acepta el papel en su lugar. El vínculo entre las hermanas se convertirá en su mayor refugio frente a las heridas del pasado."
ÁGUILAS DE EL CAIRO,Tarik Saleh,128,05,15:50,2026-03-20,Renoir Plaza de España,https://www.pillalas.com/pase/1060245/,https://www.cinesrenoir.com/pelicula/aguilas-de-el-cairo/,https://media.pillalas.com/imagenes/726afb526abffa8352548cf73e8a92c7f956872644b319e354995dea422ef81774899f3c.jpg,Árabe,No recomendada para menores de 16 años,Viernes 13 Marzo 2026,"Fares Fares, Lyna Khoudri, Cherien Dabis, Amr Waked, Zineb Triki, Sherwan Haji, Hesham Abdel Hamid, Ahmed Khairy, Hassan El Sayed, Kemal Mustafa","George Fahmy (Fares Fares) el actor más adorado de Egipto, se ve presionado a protagonizar una película encargada por las más altas autoridades egipcias. Aceptando a regañadientes, este papel será la puerta que le hará entrar en el selecto grupo de las personas más poderosas del país. Como una polilla atraída por la luz, comienza un romance con la misteriosa esposa del general que supervisa el proyecto."
ÁGUILAS DE EL CAIRO,Tarik Saleh,128,04,17:55,2026-03-20,Renoir Plaza de España,https://www.pillalas.com/pase/1060103/,https://www.cinesrenoir.com/pelicula/aguilas-de-el-cairo/,https://media.pillalas.com/imagenes/726afb526abffa8352548cf73e8a92c7f956872644b319e354995dea422ef81774899f3c.jpg,Árabe,No recomendada para menores de 16 años,Viernes 13 Marzo 2026,"Fares Fares, Lyna Khoudri, Cherien Dabis, Amr Waked, Zineb Triki, Sherwan Haji, Hesham Abdel Hamid, Ahmed Khairy, Hassan El Sayed, Kemal Mustafa","George Fahmy (Fares Fares) el actor más adorado de Egipto, se ve presionado a protagonizar una película encargada por las más altas autoridades egipcias. Aceptando a regañadientes, este papel será la puerta que le hará entrar en el selecto grupo de las personas más poderosas del país. Como una polilla atraída por la luz, comienza un romance con la misteriosa esposa del general que supervisa el proyecto."
ÁGUILAS DE EL CAIRO,Tarik Saleh,128,04,20:20,2026-03-20,Renoir Plaza de España,https://www.pillalas.com/pase/1060106/,https://www.cinesrenoir.com/pelicula/aguilas-de-el-cairo/,https://media.pillalas.com/imagenes/726afb526abffa8352548cf73e8a92c7f956872644b319e354995dea422ef81774899f3c.jpg,Árabe,No recomendada para menores de 16 años,Viernes 13 Marzo 2026,"Fares Fares, Lyna Khoudri, Cherien Dabis, Amr Waked, Zineb Triki, Sherwan Haji, Hesham Abdel Hamid, Ahmed Khairy, Hassan El Sayed, Kemal Mustafa","George Fahmy (Fares Fares) el actor más adorado de Egipto, se ve presionado a protagonizar una película encargada por las más altas autoridades egipcias. Aceptando a regañadientes, este papel será la puerta que le hará entrar en el selecto grupo de las personas más poderosas del país. Como una polilla atraída por la luz, comienza un romance con la misteriosa esposa del general que supervisa el proyecto."
AMARGA NAVIDAD,Pedro Almodóvar,111,01,16:05,2026-03-21,Renoir Plaza de España,https://www.pillalas.com/pase/1060062/,https://www.cinesrenoir.com/pelicula/amarga-navidad/,https://media.pillalas.com/imagenes/726afb526abffa83b60c45c3634993c0e9bd987d873c6c32a8009c3b4ee414d3a40e41c1.jpg,Castellano,No recomendada para menores de 12 años,Viernes 20 Marzo 2026,"Bárbara Lennie, Leonardo Sbaraglia, Aitana Sánchez-Gijón, Victoria Luengo, Patrick Criado, Milena Smit, Quim Gutiérrez, Rossy De Palma, Carmen Machi, Gloria Muñoz","Elsa es una directora de publicidad cuya madre muere durante un largo puente del mes de diciembre. Encuentra refugio en el trabajo, aunque es más bien una huida hacia adelante. Trabaja sin parar y, sin darse cuenta, no se concede el tiempo necesario para guardar el duelo por la ausencia materna. Hasta que una crisis de pánico la obliga a detenerse e imponerse un descanso. Su pareja, Bonifacio, es su tabla de salvación en esos momentos de crisis. Elsa decide viajar a la isla de Lanzarote acompañada por su amiga Patricia, que también necesita alejarse de Madrid, mientras que Bonifacio se queda en la ciudad.
La historia de estos tres personajes, y algunos más, se narran paralelamente a la del guionista y director de cine Raúl Durán, entremezclando ficción y realidad. Porque ‘Amarga Navidad’ desarrolla cómo la vida y la ficción están unidas de un modo indisoluble, incluso doloroso en ocasiones."
AMARGA NAVIDAD,Pedro Almodóvar,111,01,18:15,2026-03-21,Renoir Plaza de España,https://www.pillalas.com/pase/1060064/,https://www.cinesrenoir.com/pelicula/amarga-navidad/,https://media.pillalas.com/imagenes/726afb526abffa83b60c45c3634993c0e9bd987d873c6c32a8009c3b4ee414d3a40e41c1.jpg,Castellano,No recomendada para menores de 12 años,Viernes 20 Marzo 2026,"Bárbara Lennie, Leonardo Sbaraglia, Aitana Sánchez-Gijón, Victoria Luengo, Patrick Criado, Milena Smit, Quim Gutiérrez, Rossy De Palma, Carmen Machi, Gloria Muñoz","Elsa es una directora de publicidad cuya madre muere durante un largo puente del mes de diciembre. Encuentra refugio en el trabajo, aunque es más bien una huida hacia adelante. Trabaja sin parar y, sin darse cuenta, no se concede el tiempo necesario para guardar el duelo por la ausencia materna. Hasta que una crisis de pánico la obliga a detenerse e imponerse un descanso. Su pareja, Bonifacio, es su tabla de salvación en esos momentos de crisis. Elsa decide viajar a la isla de Lanzarote acompañada por su amiga Patricia, que también necesita alejarse de Madrid, mientras que Bonifacio se queda en la ciudad.
La historia de estos tres personajes, y algunos más, se narran paralelamente a la del guionista y director de cine Raúl Durán, entremezclando ficción y realidad. Porque ‘Amarga Navidad’ desarrolla cómo la vida y la ficción están unidas de un modo indisoluble, incluso doloroso en ocasiones."
AMARGA NAVIDAD,Pedro Almodóvar,111,01,20:25,2026-03-21,Renoir Plaza de España,https://www.pillalas.com/pase/1060065/,https://www.cinesrenoir.com/pelicula/amarga-navidad/,https://media.pillalas.com/imagenes/726afb526abffa83b60c45c3634993c0e9bd987d873c6c32a8009c3b4ee414d3a40e41c1.jpg,Castellano,No recomendada para menores de 12 años,Viernes 20 Marzo 2026,"Bárbara Lennie, Leonardo Sbaraglia, Aitana Sánchez-Gijón, Victoria Luengo, Patrick Criado, Milena Smit, Quim Gutiérrez, Rossy De Palma, Carmen Machi, Gloria Muñoz","Elsa es una directora de publicidad cuya madre muere durante un largo puente del mes de diciembre. Encuentra refugio en el trabajo, aunque es más bien una huida hacia adelante. Trabaja sin parar y, sin darse cuenta, no se concede el tiempo necesario para guardar el duelo por la ausencia materna. Hasta que una crisis de pánico la obliga a detenerse e imponerse un descanso. Su pareja, Bonifacio, es su tabla de salvación en esos momentos de crisis. Elsa decide viajar a la isla de Lanzarote acompañada por su amiga Patricia, que también necesita alejarse de Madrid, mientras que Bonifacio se queda en la ciudad.
La historia de estos tres personajes, y algunos más, se narran paralelamente a la del guionista y director de cine Raúl Durán, entremezclando ficción y realidad. Porque ‘Amarga Navidad’ desarrolla cómo la vida y la ficción están unidas de un modo indisoluble, incluso doloroso en ocasiones."
AMARGA NAVIDAD,Pedro Almodóvar,111,01,22:35,2026-03-21,Renoir Plaza de España,https://www.pillalas.com/pase/1060067/,https://www.cinesrenoir.com/pelicula/amarga-navidad/,https://media.pillalas.com/imagenes/726afb526abffa83b60c45c3634993c0e9bd987d873c6c32a8009c3b4ee414d3a40e41c1.jpg,Castellano,No recomendada para menores de 12 años,Viernes 20 Marzo 2026,"Bárbara Lennie, Leonardo Sbaraglia, Aitana Sánchez-Gijón, Victoria Luengo, Patrick Criado, Milena Smit, Quim Gutiérrez, Rossy De Palma, Carmen Machi, Gloria Muñoz","Elsa es una directora de publicidad cuya madre muere durante un largo puente del mes de diciembre. Encuentra refugio en el trabajo, aunque es más bien una huida hacia adelante. Trabaja sin parar y, sin darse cuenta, no se concede el tiempo necesario para guardar el duelo por la ausencia materna. Hasta que una crisis de pánico la obliga a detenerse e imponerse un descanso. Su pareja, Bonifacio, es su tabla de salvación en esos momentos de crisis. Elsa decide viajar a la isla de Lanzarote acompañada por su amiga Patricia, que también necesita alejarse de Madrid, mientras que Bonifacio se queda en la ciudad.
La historia de estos tres personajes, y algunos más, se narran paralelamente a la del guionista y director de cine Raúl Durán, entremezclando ficción y realidad. Porque ‘Amarga Navidad’ desarrolla cómo la vida y la ficción están unidas de un modo indisoluble, incluso doloroso en ocasiones."
EL ÚLTIMO VIKINGO,Anders Thomas Jensen,116,03,15:50,2026-03-21,Renoir Plaza de España,https://www.pillalas.com/pase/1060108/,https://www.cinesrenoir.com/pelicula/el-ultimo-vikingo/,https://media.pillalas.com/imagenes/726afb526abffa831071fdb7895dda5a8f5443f58bef959385371bd83d00b407e021267b.jpg,Danés,No recomendada para menores de 16 años,Viernes 6 Marzo 2026,"Mads Mikkelsen, Nikolaj Lie Kaas, Søren Malling, Sofie Gråbøl","Anker sale de prisión tras cumplir una condena de quince años por robo. El dinero del atraco fue enterrado por su hermano Manfred. Solo él sabe dónde está. Por desgracia, desde entonces Manfred ha desarrollado un trastorno mental que le ha hecho olvidarlo todo. Juntos, los hermanos emprenden un viaje inesperado para encontrar el dinero y descubrir quiénes son en realidad."
EL ÚLTIMO VIKINGO,Anders Thomas Jensen,116,03,18:00,2026-03-21,Renoir Plaza de España,https://www.pillalas.com/pase/1060111/,https://www.cinesrenoir.com/pelicula/el-ultimo-vikingo/,https://media.pillalas.com/imagenes/726afb526abffa831071fdb7895dda5a8f5443f58bef959385371bd83d00b407e021267b.jpg,Danés,No recomendada para menores de 16 años,Viernes 6 Marzo 2026,"Mads Mikkelsen, Nikolaj Lie Kaas, Søren Malling, Sofie Gråbøl","Anker sale de prisión tras cumplir una condena de quince años por robo. El dinero del atraco fue enterrado por su hermano Manfred. Solo él sabe dónde está. Por desgracia, desde entonces Manfred ha desarrollado un trastorno mental que le ha hecho olvidarlo todo. Juntos, los hermanos emprenden un viaje inesperado para encontrar el dinero y descubrir quiénes son en realidad."
EL ÚLTIMO VIKINGO,Anders Thomas Jensen,116,03,20:15,2026-03-21,Renoir Plaza de España,https://www.pillalas.com/pase/1060112/,https://www.cinesrenoir.com/pelicula/el-ultimo-vikingo/,https://media.pillalas.com/imagenes/726afb526abffa831071fdb7895dda5a8f5443f58bef959385371bd83d00b407e021267b.jpg,Danés,No recomendada para menores de 16 años,Viernes 6 Marzo 2026,"Mads Mikkelsen, Nikolaj Lie Kaas, Søren Malling, Sofie Gråbøl","Anker sale de prisión tras cumplir una condena de quince años por robo. El dinero del atraco fue enterrado por su hermano Manfred. Solo él sabe dónde está. Por desgracia, desde entonces Manfred ha desarrollado un trastorno mental que le ha hecho olvidarlo todo. Juntos, los hermanos emprenden un viaje inesperado para encontrar el dinero y descubrir quiénes son en realidad."
EL ÚLTIMO VIKINGO,Anders Thomas Jensen,116,05,22:45,2026-03-21,Renoir Plaza de España,https://www.pillalas.com/pase/1060253/,https://www.cinesrenoir.com/pelicula/el-ultimo-vikingo/,https://media.pillalas.com/imagenes/726afb526abffa831071fdb7895dda5a8f5443f58bef959385371bd83d00b407e021267b.jpg,Danés,No recomendada para menores de 16 años,Viernes 6 Marzo 2026,"Mads Mikkelsen, Nikolaj Lie Kaas, Søren Malling, Sofie Gråbøl","Anker sale de prisión tras cumplir una condena de quince años por robo. El dinero del atraco fue enterrado por su hermano Manfred. Solo él sabe dónde está. Por desgracia, desde entonces Manfred ha desarrollado un trastorno mental que le ha hecho olvidarlo todo. Juntos, los hermanos emprenden un viaje inesperado para encontrar el dinero y descubrir quiénes son en realidad."
LA CHICA ZURDA,Shih-Ching Tsou,108,02,16:00,2026-03-21,Renoir Plaza de España,https://www.pillalas.com/pase/1060061/,https://www.cinesrenoir.com/pelicula/la-chica-zurda/,https://media.pillalas.com/imagenes/726afb526abffa83e5ee5674d1ac0b73f39c1d9ebacca7f6a4c573d6423a82f140c7a520.jpg,Mandarín,No recomendada para menores de 12 años,Viernes 30 Enero 2026,"Shi-Yuan Ma, Janel Tsai, Nina Ye, Teng-Hui Huang, Akio Chen, Blaire Chang, Xin-Yan Chao","La pequeña I-Jing corretea con curiosidad por las calles de un mercado nocturno de Taipei, entre neones, motocicletas y toda clase de puestos de comida como el que regenta su madre, que trata de sacar adelante a la niña y a su hermana mayor."
LA TARTA DEL PRESIDENTE,Hasan Hadi,105,04,15:55,2026-03-21,Renoir Plaza de España,https://www.pillalas.com/pase/1060109/,https://www.cinesrenoir.com/pelicula/20260320050510-la-tarta-del-presidente/,https://media.pillalas.com/imagenes/726afb526abffa83eda64f8b418bec544f18146f6ca2869a88655e1df49985337de64299.jpg,Iraquí,No recomendada para menores de 12 años,Viernes 6 Febrero 2026,"Baneen Ahmad Nayyef, Waheed Thabet Khreibat, Sajad Mohamad Qasem, Muthanna Malaghi, Ahmad Qasem Saywan, Maytham Mreidi, Rahim Alhaj, Thaer Salem, Fatima Abouharoon","Irak, años noventa. La pequeña Lamia recibe la misión de preparar una tarta con motivo del cumpleaños del presidente Sadam Huseín. Acompañada por su amigo Saeed y con su gallo Hindi a cuestas, recorre Bagdad en busca de los ingredientes, viviendo una serie de peripecias que alterarán por completo su vida cotidiana."
NO HAY OTRA OPCIÓN,Park Chan-Wook,139,03,22:25,2026-03-21,Renoir Plaza de España,https://www.pillalas.com/pase/1060114/,https://www.cinesrenoir.com/pelicula/20260320050510-no-hay-otra-opcion/,https://media.pillalas.com/imagenes/726afb526abffa83bdeb4516e384b837092cce5cc6598f1dfd4dee91ff9227e1f484f775.jpg,Coreano,Pendiente de calificación,Viernes 13 Febrero 2026,"Lee Byung-Hun, Son Ye-Jin, Lee Sung-Min, Yeom Hye-Ran, Park Hee-Soon, Cha Seung-Won, Yoo Yeon-Seok","La historia sigue a un hombre de mediana edad llamado Man-su que se embarca decidido en una búsqueda de trabajo tras ser despedido inesperadamente de la compañía de papel en la que trabajó durante 25 años. ""Si no hay una vacante para mí, tendré que crear una para que me contraten. No hay otra opción"". Adaptación de la novela ""The Ax"" de Donald E. Westlake, que ya fue llevada al cine en la película ""Arcadia"", dirigida por Costa-Gavras en 2005."
ORWELL 2+2 = 5,Raoul Peck,119,05,18:15,2026-03-21,Renoir Plaza de España,https://www.pillalas.com/pase/1060251/,https://www.cinesrenoir.com/pelicula/orwell-22-5/,https://media.pillalas.com/imagenes/726afb526abffa83b83d4cc400c9761fa7472981f7fc060c0bd7e85b0217a3f74541294d.jpg,Inglés Y Otros,No recomendada para menores de 16 años,Viernes 27 Febrero 2026,Damian Lewis,"George Orwell fue uno de los autores más visionarios del siglo XX, cuyas novelas, 1984 y Rebelión en la granja, predijeron un futuro autoritario y escalofriante. El aclamado director Raoul Peck (I Am Not Your Negro) entrelaza clips, lecturas del diario de Orwell, referencias cinematográficas e imágenes actuales para crear no solo un retrato del escritor, sino también una nueva perspectiva sobre lo profética que se ha vuelto su obra."
ORWELL 2+2 = 5,Raoul Peck,119,05,20:30,2026-03-21,Renoir Plaza de España,https://www.pillalas.com/pase/1060252/,https://www.cinesrenoir.com/pelicula/orwell-22-5/,https://media.pillalas.com/imagenes/726afb526abffa83b83d4cc400c9761fa7472981f7fc060c0bd7e85b0217a3f74541294d.jpg,Inglés Y Otros,No recomendada para menores de 16 años,Viernes 27 Febrero 2026,Damian Lewis,"George Orwell fue uno de los autores más visionarios del siglo XX, cuyas novelas, 1984 y Rebelión en la granja, predijeron un futuro autoritario y escalofriante. El aclamado director Raoul Peck (I Am Not Your Negro) entrelaza clips, lecturas del diario de Orwell, referencias cinematográficas e imágenes actuales para crear no solo un retrato del escritor, sino también una nueva perspectiva sobre lo profética que se ha vuelto su obra."
ORWELL 2+2 = 5,Raoul Peck,119,04,22:45,2026-03-21,Renoir Plaza de España,https://www.pillalas.com/pase/1060254/,https://www.cinesrenoir.com/pelicula/orwell-22-5/,https://media.pillalas.com/imagenes/726afb526abffa83b83d4cc400c9761fa7472981f7fc060c0bd7e85b0217a3f74541294d.jpg,Inglés Y Otros,No recomendada para menores de 16 años,Viernes 27 Febrero 2026,Damian Lewis,"George Orwell fue uno de los autores más visionarios del siglo XX, cuyas novelas, 1984 y Rebelión en la granja, predijeron un futuro autoritario y escalofriante. El aclamado director Raoul Peck (I Am Not Your Negro) entrelaza clips, lecturas del diario de Orwell, referencias cinematográficas e imágenes actuales para crear no solo un retrato del escritor, sino también una nueva perspectiva sobre lo profética que se ha vuelto su obra."
VALOR SENTIMENTAL,Joachim Trier,133,02,18:05,2026-03-21,Renoir Plaza de España,https://www.pillalas.com/pase/1060063/,https://www.cinesrenoir.com/pelicula/valor-sentimental/,https://media.pillalas.com/imagenes/726afb526abffa83fe1b3adc6f8909539f80c9a958e909b641f78d7648edf8e1f62ca547.jpg,Noruego E Inglés,No recomendada para menores de 12 años,Viernes 5 Diciembre 2025,"Renate Reinsve, Stellan Skarsgård, Inga Ibsdotter Lilleaas, Elle Fanning, Anders Danielsen Lie, Jesper Christensen, Lena Endre, Cory Michael Smith, Catherine Cohen, Andreas Stoltenberg Granerud, Øyvind Hesjedal Loven, Lars Väringer, Ida Marianne Vassbotn Klasson, Vilde Søyland","Las hermanas Nora y Agnes se reencuentran con su padre ausente, un director de cine muy reconocido en el pasado que ha vuelto para ofrecer a Nora el papel principal de su próxima película. Aunque ella lo rechaza, Gustav decide seguir adelante y utilizar la casa familiar como escenario de su nuevo rodaje, lo que reaviva las tensiones entre ellos, especialmente tras la llegada de una joven actriz de Hollywood que acepta el papel en su lugar. El vínculo entre las hermanas se convertirá en su mayor refugio frente a las heridas del pasado."
VALOR SENTIMENTAL,Joachim Trier,133,02,20:40,2026-03-21,Renoir Plaza de España,https://www.pillalas.com/pase/1060066/,https://www.cinesrenoir.com/pelicula/valor-sentimental/,https://media.pillalas.com/imagenes/726afb526abffa83fe1b3adc6f8909539f80c9a958e909b641f78d7648edf8e1f62ca547.jpg,Noruego E Inglés,No recomendada para menores de 12 años,Viernes 5 Diciembre 2025,"Renate Reinsve, Stellan Skarsgård, Inga Ibsdotter Lilleaas, Elle Fanning, Anders Danielsen Lie, Jesper Christensen, Lena Endre, Cory Michael Smith, Catherine Cohen, Andreas Stoltenberg Granerud, Øyvind Hesjedal Loven, Lars Väringer, Ida Marianne Vassbotn Klasson, Vilde Søyland","Las hermanas Nora y Agnes se reencuentran con su padre ausente, un director de cine muy reconocido en el pasado que ha vuelto para ofrecer a Nora el papel principal de su próxima película. Aunque ella lo rechaza, Gustav decide seguir adelante y utilizar la casa familiar como escenario de su nuevo rodaje, lo que reaviva las tensiones entre ellos, especialmente tras la llegada de una joven actriz de Hollywood que acepta el papel en su lugar. El vínculo entre las hermanas se convertirá en su mayor refugio frente a las heridas del pasado."
ÁGUILAS DE EL CAIRO,Tarik Saleh,128,05,15:50,2026-03-21,Renoir Plaza de España,https://www.pillalas.com/pase/1060250/,https://www.cinesrenoir.com/pelicula/aguilas-de-el-cairo/,https://media.pillalas.com/imagenes/726afb526abffa8352548cf73e8a92c7f956872644b319e354995dea422ef81774899f3c.jpg,Árabe,No recomendada para menores de 16 años,Viernes 13 Marzo 2026,"Fares Fares, Lyna Khoudri, Cherien Dabis, Amr Waked, Zineb Triki, Sherwan Haji, Hesham Abdel Hamid, Ahmed Khairy, Hassan El Sayed, Kemal Mustafa","George Fahmy (Fares Fares) el actor más adorado de Egipto, se ve presionado a protagonizar una película encargada por las más altas autoridades egipcias. Aceptando a regañadientes, este papel será la puerta que le hará entrar en el selecto grupo de las personas más poderosas del país. Como una polilla atraída por la luz, comienza un romance con la misteriosa esposa del general que supervisa el proyecto."
ÁGUILAS DE EL CAIRO,Tarik Saleh,128,04,17:55,2026-03-21,Renoir Plaza de España,https://www.pillalas.com/pase/1060110/,https://www.cinesrenoir.com/pelicula/aguilas-de-el-cairo/,https://media.pillalas.com/imagenes/726afb526abffa8352548cf73e8a92c7f956872644b319e354995dea422ef81774899f3c.jpg,Árabe,No recomendada para menores de 16 años,Viernes 13 Marzo 2026,"Fares Fares, Lyna Khoudri, Cherien Dabis, Amr Waked, Zineb Triki, Sherwan Haji, Hesham Abdel Hamid, Ahmed Khairy, Hassan El Sayed, Kemal Mustafa","George Fahmy (Fares Fares) el actor más adorado de Egipto, se ve presionado a protagonizar una película encargada por las más altas autoridades egipcias. Aceptando a regañadientes, este papel será la puerta que le hará entrar en el selecto grupo de las personas más poderosas del país. Como una polilla atraída por la luz, comienza un romance con la misteriosa esposa del general que supervisa el proyecto."
ÁGUILAS DE EL CAIRO,Tarik Saleh,128,04,20:20,2026-03-21,Renoir Plaza de España,https://www.pillalas.com/pase/1060113/,https://www.cinesrenoir.com/pelicula/aguilas-de-el-cairo/,https://media.pillalas.com/imagenes/726afb526abffa8352548cf73e8a92c7f956872644b319e354995dea422ef81774899f3c.jpg,Árabe,No recomendada para menores de 16 años,Viernes 13 Marzo 2026,"Fares Fares, Lyna Khoudri, Cherien Dabis, Amr Waked, Zineb Triki, Sherwan Haji, Hesham Abdel Hamid, Ahmed Khairy, Hassan El Sayed, Kemal Mustafa","George Fahmy (Fares Fares) el actor más adorado de Egipto, se ve presionado a protagonizar una película encargada por las más altas autoridades egipcias. Aceptando a regañadientes, este papel será la puerta que le hará entrar en el selecto grupo de las personas más poderosas del país. Como una polilla atraída por la luz, comienza un romance con la misteriosa esposa del general que supervisa el proyecto."
AMARGA NAVIDAD,Pedro Almodóvar,111,01,16:05,2026-03-22,Renoir Plaza de España,https://www.pillalas.com/pase/1060069/,https://www.cinesrenoir.com/pelicula/amarga-navidad/,https://media.pillalas.com/imagenes/726afb526abffa83b60c45c3634993c0e9bd987d873c6c32a8009c3b4ee414d3a40e41c1.jpg,Castellano,No recomendada para menores de 12 años,Viernes 20 Marzo 2026,"Bárbara Lennie, Leonardo Sbaraglia, Aitana Sánchez-Gijón, Victoria Luengo, Patrick Criado, Milena Smit, Quim Gutiérrez, Rossy De Palma, Carmen Machi, Gloria Muñoz","Elsa es una directora de publicidad cuya madre muere durante un largo puente del mes de diciembre. Encuentra refugio en el trabajo, aunque es más bien una huida hacia adelante. Trabaja sin parar y, sin darse cuenta, no se concede el tiempo necesario para guardar el duelo por la ausencia materna. Hasta que una crisis de pánico la obliga a detenerse e imponerse un descanso. Su pareja, Bonifacio, es su tabla de salvación en esos momentos de crisis. Elsa decide viajar a la isla de Lanzarote acompañada por su amiga Patricia, que también necesita alejarse de Madrid, mientras que Bonifacio se queda en la ciudad.
La historia de estos tres personajes, y algunos más, se narran paralelamente a la del guionista y director de cine Raúl Durán, entremezclando ficción y realidad. Porque ‘Amarga Navidad’ desarrolla cómo la vida y la ficción están unidas de un modo indisoluble, incluso doloroso en ocasiones."
AMARGA NAVIDAD,Pedro Almodóvar,111,01,18:15,2026-03-22,Renoir Plaza de España,https://www.pillalas.com/pase/1060071/,https://www.cinesrenoir.com/pelicula/amarga-navidad/,https://media.pillalas.com/imagenes/726afb526abffa83b60c45c3634993c0e9bd987d873c6c32a8009c3b4ee414d3a40e41c1.jpg,Castellano,No recomendada para menores de 12 años,Viernes 20 Marzo 2026,"Bárbara Lennie, Leonardo Sbaraglia, Aitana Sánchez-Gijón, Victoria Luengo, Patrick Criado, Milena Smit, Quim Gutiérrez, Rossy De Palma, Carmen Machi, Gloria Muñoz","Elsa es una directora de publicidad cuya madre muere durante un largo puente del mes de diciembre. Encuentra refugio en el trabajo, aunque es más bien una huida hacia adelante. Trabaja sin parar y, sin darse cuenta, no se concede el tiempo necesario para guardar el duelo por la ausencia materna. Hasta que una crisis de pánico la obliga a detenerse e imponerse un descanso. Su pareja, Bonifacio, es su tabla de salvación en esos momentos de crisis. Elsa decide viajar a la isla de Lanzarote acompañada por su amiga Patricia, que también necesita alejarse de Madrid, mientras que Bonifacio se queda en la ciudad.
La historia de estos tres personajes, y algunos más, se narran paralelamente a la del guionista y director de cine Raúl Durán, entremezclando ficción y realidad. Porque ‘Amarga Navidad’ desarrolla cómo la vida y la ficción están unidas de un modo indisoluble, incluso doloroso en ocasiones."
AMARGA NAVIDAD,Pedro Almodóvar,111,01,20:25,2026-03-22,Renoir Plaza de España,https://www.pillalas.com/pase/1060072/,https://www.cinesrenoir.com/pelicula/amarga-navidad/,https://media.pillalas.com/imagenes/726afb526abffa83b60c45c3634993c0e9bd987d873c6c32a8009c3b4ee414d3a40e41c1.jpg,Castellano,No recomendada para menores de 12 años,Viernes 20 Marzo 2026,"Bárbara Lennie, Leonardo Sbaraglia, Aitana Sánchez-Gijón, Victoria Luengo, Patrick Criado, Milena Smit, Quim Gutiérrez, Rossy De Palma, Carmen Machi, Gloria Muñoz","Elsa es una directora de publicidad cuya madre muere durante un largo puente del mes de diciembre. Encuentra refugio en el trabajo, aunque es más bien una huida hacia adelante. Trabaja sin parar y, sin darse cuenta, no se concede el tiempo necesario para guardar el duelo por la ausencia materna. Hasta que una crisis de pánico la obliga a detenerse e imponerse un descanso. Su pareja, Bonifacio, es su tabla de salvación en esos momentos de crisis. Elsa decide viajar a la isla de Lanzarote acompañada por su amiga Patricia, que también necesita alejarse de Madrid, mientras que Bonifacio se queda en la ciudad.
La historia de estos tres personajes, y algunos más, se narran paralelamente a la del guionista y director de cine Raúl Durán, entremezclando ficción y realidad. Porque ‘Amarga Navidad’ desarrolla cómo la vida y la ficción están unidas de un modo indisoluble, incluso doloroso en ocasiones."
AMARGA NAVIDAD,Pedro Almodóvar,111,01,22:35,2026-03-22,Renoir Plaza de España,https://www.pillalas.com/pase/1060074/,https://www.cinesrenoir.com/pelicula/amarga-navidad/,https://media.pillalas.com/imagenes/726afb526abffa83b60c45c3634993c0e9bd987d873c6c32a8009c3b4ee414d3a40e41c1.jpg,Castellano,No recomendada para menores de 12 años,Viernes 20 Marzo 2026,"Bárbara Lennie, Leonardo Sbaraglia, Aitana Sánchez-Gijón, Victoria Luengo, Patrick Criado, Milena Smit, Quim Gutiérrez, Rossy De Palma, Carmen Machi, Gloria Muñoz","Elsa es una directora de publicidad cuya madre muere durante un largo puente del mes de diciembre. Encuentra refugio en el trabajo, aunque es más bien una huida hacia adelante. Trabaja sin parar y, sin darse cuenta, no se concede el tiempo necesario para guardar el duelo por la ausencia materna. Hasta que una crisis de pánico la obliga a detenerse e imponerse un descanso. Su pareja, Bonifacio, es su tabla de salvación en esos momentos de crisis. Elsa decide viajar a la isla de Lanzarote acompañada por su amiga Patricia, que también necesita alejarse de Madrid, mientras que Bonifacio se queda en la ciudad.
La historia de estos tres personajes, y algunos más, se narran paralelamente a la del guionista y director de cine Raúl Durán, entremezclando ficción y realidad. Porque ‘Amarga Navidad’ desarrolla cómo la vida y la ficción están unidas de un modo indisoluble, incluso doloroso en ocasiones."
EL ÚLTIMO VIKINGO,Anders Thomas Jensen,116,03,15:50,2026-03-22,Renoir Plaza de España,https://www.pillalas.com/pase/1060115/,https://www.cinesrenoir.com/pelicula/el-ultimo-vikingo/,https://media.pillalas.com/imagenes/726afb526abffa831071fdb7895dda5a8f5443f58bef959385371bd83d00b407e021267b.jpg,Danés,No recomendada para menores de 16 años,Viernes 6 Marzo 2026,"Mads Mikkelsen, Nikolaj Lie Kaas, Søren Malling, Sofie Gråbøl","Anker sale de prisión tras cumplir una condena de quince años por robo. El dinero del atraco fue enterrado por su hermano Manfred. Solo él sabe dónde está. Por desgracia, desde entonces Manfred ha desarrollado un trastorno mental que le ha hecho olvidarlo todo. Juntos, los hermanos emprenden un viaje inesperado para encontrar el dinero y descubrir quiénes son en realidad."
EL ÚLTIMO VIKINGO,Anders Thomas Jensen,116,03,18:00,2026-03-22,Renoir Plaza de España,https://www.pillalas.com/pase/1060118/,https://www.cinesrenoir.com/pelicula/el-ultimo-vikingo/,https://media.pillalas.com/imagenes/726afb526abffa831071fdb7895dda5a8f5443f58bef959385371bd83d00b407e021267b.jpg,Danés,No recomendada para menores de 16 años,Viernes 6 Marzo 2026,"Mads Mikkelsen, Nikolaj Lie Kaas, Søren Malling, Sofie Gråbøl","Anker sale de prisión tras cumplir una condena de quince años por robo. El dinero del atraco fue enterrado por su hermano Manfred. Solo él sabe dónde está. Por desgracia, desde entonces Manfred ha desarrollado un trastorno mental que le ha hecho olvidarlo todo. Juntos, los hermanos emprenden un viaje inesperado para encontrar el dinero y descubrir quiénes son en realidad."
EL ÚLTIMO VIKINGO,Anders Thomas Jensen,116,03,20:15,2026-03-22,Renoir Plaza de España,https://www.pillalas.com/pase/1060119/,https://www.cinesrenoir.com/pelicula/el-ultimo-vikingo/,https://media.pillalas.com/imagenes/726afb526abffa831071fdb7895dda5a8f5443f58bef959385371bd83d00b407e021267b.jpg,Danés,No recomendada para menores de 16 años,Viernes 6 Marzo 2026,"Mads Mikkelsen, Nikolaj Lie Kaas, Søren Malling, Sofie Gråbøl","Anker sale de prisión tras cumplir una condena de quince años por robo. El dinero del atraco fue enterrado por su hermano Manfred. Solo él sabe dónde está. Por desgracia, desde entonces Manfred ha desarrollado un trastorno mental que le ha hecho olvidarlo todo. Juntos, los hermanos emprenden un viaje inesperado para encontrar el dinero y descubrir quiénes son en realidad."
EL ÚLTIMO VIKINGO,Anders Thomas Jensen,116,05,22:45,2026-03-22,Renoir Plaza de España,https://www.pillalas.com/pase/1060259/,https://www.cinesrenoir.com/pelicula/el-ultimo-vikingo/,https://media.pillalas.com/imagenes/726afb526abffa831071fdb7895dda5a8f5443f58bef959385371bd83d00b407e021267b.jpg,Danés,No recomendada para menores de 16 años,Viernes 6 Marzo 2026,"Mads Mikkelsen, Nikolaj Lie Kaas, Søren Malling, Sofie Gråbøl","Anker sale de prisión tras cumplir una condena de quince años por robo. El dinero del atraco fue enterrado por su hermano Manfred. Solo él sabe dónde está. Por desgracia, desde entonces Manfred ha desarrollado un trastorno mental que le ha hecho olvidarlo todo. Juntos, los hermanos emprenden un viaje inesperado para encontrar el dinero y descubrir quiénes son en realidad."
LA CHICA ZURDA,Shih-Ching Tsou,108,02,16:00,2026-03-22,Renoir Plaza de España,https://www.pillalas.com/pase/1060068/,https://www.cinesrenoir.com/pelicula/la-chica-zurda/,https://media.pillalas.com/imagenes/726afb526abffa83e5ee5674d1ac0b73f39c1d9ebacca7f6a4c573d6423a82f140c7a520.jpg,Mandarín,No recomendada para menores de 12 años,Viernes 30 Enero 2026,"Shi-Yuan Ma, Janel Tsai, Nina Ye, Teng-Hui Huang, Akio Chen, Blaire Chang, Xin-Yan Chao","La pequeña I-Jing corretea con curiosidad por las calles de un mercado nocturno de Taipei, entre neones, motocicletas y toda clase de puestos de comida como el que regenta su madre, que trata de sacar adelante a la niña y a su hermana mayor."
LA TARTA DEL PRESIDENTE,Hasan Hadi,105,04,15:55,2026-03-22,Renoir Plaza de España,https://www.pillalas.com/pase/1060116/,https://www.cinesrenoir.com/pelicula/20260320050510-la-tarta-del-presidente/,https://media.pillalas.com/imagenes/726afb526abffa83eda64f8b418bec544f18146f6ca2869a88655e1df49985337de64299.jpg,Iraquí,No recomendada para menores de 12 años,Viernes 6 Febrero 2026,"Baneen Ahmad Nayyef, Waheed Thabet Khreibat, Sajad Mohamad Qasem, Muthanna Malaghi, Ahmad Qasem Saywan, Maytham Mreidi, Rahim Alhaj, Thaer Salem, Fatima Abouharoon","Irak, años noventa. La pequeña Lamia recibe la misión de preparar una tarta con motivo del cumpleaños del presidente Sadam Huseín. Acompañada por su amigo Saeed y con su gallo Hindi a cuestas, recorre Bagdad en busca de los ingredientes, viviendo una serie de peripecias que alterarán por completo su vida cotidiana."
NO HAY OTRA OPCIÓN,Park Chan-Wook,139,03,22:25,2026-03-22,Renoir Plaza de España,https://www.pillalas.com/pase/1060121/,https://www.cinesrenoir.com/pelicula/20260320050510-no-hay-otra-opcion/,https://media.pillalas.com/imagenes/726afb526abffa83bdeb4516e384b837092cce5cc6598f1dfd4dee91ff9227e1f484f775.jpg,Coreano,Pendiente de calificación,Viernes 13 Febrero 2026,"Lee Byung-Hun, Son Ye-Jin, Lee Sung-Min, Yeom Hye-Ran, Park Hee-Soon, Cha Seung-Won, Yoo Yeon-Seok","La historia sigue a un hombre de mediana edad llamado Man-su que se embarca decidido en una búsqueda de trabajo tras ser despedido inesperadamente de la compañía de papel en la que trabajó durante 25 años. ""Si no hay una vacante para mí, tendré que crear una para que me contraten. No hay otra opción"". Adaptación de la novela ""The Ax"" de Donald E. Westlake, que ya fue llevada al cine en la película ""Arcadia"", dirigida por Costa-Gavras en 2005."
ORWELL 2+2 = 5,Raoul Peck,119,05,18:15,2026-03-22,Renoir Plaza de España,https://www.pillalas.com/pase/1060256/,https://www.cinesrenoir.com/pelicula/orwell-22-5/,https://media.pillalas.com/imagenes/726afb526abffa83b83d4cc400c9761fa7472981f7fc060c0bd7e85b0217a3f74541294d.jpg,Inglés Y Otros,No recomendada para menores de 16 años,Viernes 27 Febrero 2026,Damian Lewis,"George Orwell fue uno de los autores más visionarios del siglo XX, cuyas novelas, 1984 y Rebelión en la granja, predijeron un futuro autoritario y escalofriante. El aclamado director Raoul Peck (I Am Not Your Negro) entrelaza clips, lecturas del diario de Orwell, referencias cinematográficas e imágenes actuales para crear no solo un retrato del escritor, sino también una nueva perspectiva sobre lo profética que se ha vuelto su obra."
ORWELL 2+2 = 5,Raoul Peck,119,05,20:30,2026-03-22,Renoir Plaza de España,https://www.pillalas.com/pase/1060257/,https://www.cinesrenoir.com/pelicula/orwell-22-5/,https://media.pillalas.com/imagenes/726afb526abffa83b83d4cc400c9761fa7472981f7fc060c0bd7e85b0217a3f74541294d.jpg,Inglés Y Otros,No recomendada para menores de 16 años,Viernes 27 Febrero 2026,Damian Lewis,"George Orwell fue uno de los autores más visionarios del siglo XX, cuyas novelas, 1984 y Rebelión en la granja, predijeron un futuro autoritario y escalofriante. El aclamado director Raoul Peck (I Am Not Your Negro) entrelaza clips, lecturas del diario de Orwell, referencias cinematográficas e imágenes actuales para crear no solo un retrato del escritor, sino también una nueva perspectiva sobre lo profética que se ha vuelto su obra."
ORWELL 2+2 = 5,Raoul Peck,119,04,22:45,2026-03-22,Renoir Plaza de España,https://www.pillalas.com/pase/1060258/,https://www.cinesrenoir.com/pelicula/orwell-22-5/,https://media.pillalas.com/imagenes/726afb526abffa83b83d4cc400c9761fa7472981f7fc060c0bd7e85b0217a3f74541294d.jpg,Inglés Y Otros,No recomendada para menores de 16 años,Viernes 27 Febrero 2026,Damian Lewis,"George Orwell fue uno de los autores más visionarios del siglo XX, cuyas novelas, 1984 y Rebelión en la granja, predijeron un futuro autoritario y escalofriante. El aclamado director Raoul Peck (I Am Not Your Negro) entrelaza clips, lecturas del diario de Orwell, referencias cinematográficas e imágenes actuales para crear no solo un retrato del escritor, sino también una nueva perspectiva sobre lo profética que se ha vuelto su obra."
VALOR SENTIMENTAL,Joachim Trier,133,02,18:05,2026-03-22,Renoir Plaza de España,https://www.pillalas.com/pase/1060070/,https://www.cinesrenoir.com/pelicula/valor-sentimental/,https://media.pillalas.com/imagenes/726afb526abffa83fe1b3adc6f8909539f80c9a958e909b641f78d7648edf8e1f62ca547.jpg,Noruego E Inglés,No recomendada para menores de 12 años,Viernes 5 Diciembre 2025,"Renate Reinsve, Stellan Skarsgård, Inga Ibsdotter Lilleaas, Elle Fanning, Anders Danielsen Lie, Jesper Christensen, Lena Endre, Cory Michael Smith, Catherine Cohen, Andreas Stoltenberg Granerud, Øyvind Hesjedal Loven, Lars Väringer, Ida Marianne Vassbotn Klasson, Vilde Søyland","Las hermanas Nora y Agnes se reencuentran con su padre ausente, un director de cine muy reconocido en el pasado que ha vuelto para ofrecer a Nora el papel principal de su próxima película. Aunque ella lo rechaza, Gustav decide seguir adelante y utilizar la casa familiar como escenario de su nuevo rodaje, lo que reaviva las tensiones entre ellos, especialmente tras la llegada de una joven actriz de Hollywood que acepta el papel en su lugar. El vínculo entre las hermanas se convertirá en su mayor refugio frente a las heridas del pasado."
VALOR SENTIMENTAL,Joachim Trier,133,02,20:40,2026-03-22,Renoir Plaza de España,https://www.pillalas.com/pase/1060073/,https://www.cinesrenoir.com/pelicula/valor-sentimental/,https://media.pillalas.com/imagenes/726afb526abffa83fe1b3adc6f8909539f80c9a958e909b641f78d7648edf8e1f62ca547.jpg,Noruego E Inglés,No recomendada para menores de 12 años,Viernes 5 Diciembre 2025,"Renate Reinsve, Stellan Skarsgård, Inga Ibsdotter Lilleaas, Elle Fanning, Anders Danielsen Lie, Jesper Christensen, Lena Endre, Cory Michael Smith, Catherine Cohen, Andreas Stoltenberg Granerud, Øyvind Hesjedal Loven, Lars Väringer, Ida Marianne Vassbotn Klasson, Vilde Søyland","Las hermanas Nora y Agnes se reencuentran con su padre ausente, un director de cine muy reconocido en el pasado que ha vuelto para ofrecer a Nora el papel principal de su próxima película. Aunque ella lo rechaza, Gustav decide seguir adelante y utilizar la casa familiar como escenario de su nuevo rodaje, lo que reaviva las tensiones entre ellos, especialmente tras la llegada de una joven actriz de Hollywood que acepta el papel en su lugar. El vínculo entre las hermanas se convertirá en su mayor refugio frente a las heridas del pasado."
ÁGUILAS DE EL CAIRO,Tarik Saleh,128,05,15:50,2026-03-22,Renoir Plaza de España,https://www.pillalas.com/pase/1060255/,https://www.cinesrenoir.com/pelicula/aguilas-de-el-cairo/,https://media.pillalas.com/imagenes/726afb526abffa8352548cf73e8a92c7f956872644b319e354995dea422ef81774899f3c.jpg,Árabe,No recomendada para menores de 16 años,Viernes 13 Marzo 2026,"Fares Fares, Lyna Khoudri, Cherien Dabis, Amr Waked, Zineb Triki, Sherwan Haji, Hesham Abdel Hamid, Ahmed Khairy, Hassan El Sayed, Kemal Mustafa","George Fahmy (Fares Fares) el actor más adorado de Egipto, se ve presionado a protagonizar una película encargada por las más altas autoridades egipcias. Aceptando a regañadientes, este papel será la puerta que le hará entrar en el selecto grupo de las personas más poderosas del país. Como una polilla atraída por la luz, comienza un romance con la misteriosa esposa del general que supervisa el proyecto."
ÁGUILAS DE EL CAIRO,Tarik Saleh,128,04,17:55,2026-03-22,Renoir Plaza de España,https://www.pillalas.com/pase/1060117/,https://www.cinesrenoir.com/pelicula/aguilas-de-el-cairo/,https://media.pillalas.com/imagenes/726afb526abffa8352548cf73e8a92c7f956872644b319e354995dea422ef81774899f3c.jpg,Árabe,No recomendada para menores de 16 años,Viernes 13 Marzo 2026,"Fares Fares, Lyna Khoudri, Cherien Dabis, Amr Waked, Zineb Triki, Sherwan Haji, Hesham Abdel Hamid, Ahmed Khairy, Hassan El Sayed, Kemal Mustafa","George Fahmy (Fares Fares) el actor más adorado de Egipto, se ve presionado a protagonizar una película encargada por las más altas autoridades egipcias. Aceptando a regañadientes, este papel será la puerta que le hará entrar en el selecto grupo de las personas más poderosas del país. Como una polilla atraída por la luz, comienza un romance con la misteriosa esposa del general que supervisa el proyecto."
ÁGUILAS DE EL CAIRO,Tarik Saleh,128,04,20:20,2026-03-22,Renoir Plaza de España,https://www.pillalas.com/pase/1060120/,https://www.cinesrenoir.com/pelicula/aguilas-de-el-cairo/,https://media.pillalas.com/imagenes/726afb526abffa8352548cf73e8a92c7f956872644b319e354995dea422ef81774899f3c.jpg,Árabe,No recomendada para menores de 16 años,Viernes 13 Marzo 2026,"Fares Fares, Lyna Khoudri, Cherien Dabis, Amr Waked, Zineb Triki, Sherwan Haji, Hesham Abdel Hamid, Ahmed Khairy, Hassan El Sayed, Kemal Mustafa","George Fahmy (Fares Fares) el actor más adorado de Egipto, se ve presionado a protagonizar una película encargada por las más altas autoridades egipcias. Aceptando a regañadientes, este papel será la puerta que le hará entrar en el selecto grupo de las personas más poderosas del país. Como una polilla atraída por la luz, comienza un romance con la misteriosa esposa del general que supervisa el proyecto."
AMARGA NAVIDAD,Pedro Almodóvar,111,01,16:05,2026-03-23,Renoir Plaza de España,https://www.pillalas.com/pase/1060076/,https://www.cinesrenoir.com/pelicula/amarga-navidad/,https://media.pillalas.com/imagenes/726afb526abffa83b60c45c3634993c0e9bd987d873c6c32a8009c3b4ee414d3a40e41c1.jpg,Castellano,No recomendada para menores de 12 años,Viernes 20 Marzo 2026,"Bárbara Lennie, Leonardo Sbaraglia, Aitana Sánchez-Gijón, Victoria Luengo, Patrick Criado, Milena Smit, Quim Gutiérrez, Rossy De Palma, Carmen Machi, Gloria Muñoz","Elsa es una directora de publicidad cuya madre muere durante un largo puente del mes de diciembre. Encuentra refugio en el trabajo, aunque es más bien una huida hacia adelante. Trabaja sin parar y, sin darse cuenta, no se concede el tiempo necesario para guardar el duelo por la ausencia materna. Hasta que una crisis de pánico la obliga a detenerse e imponerse un descanso. Su pareja, Bonifacio, es su tabla de salvación en esos momentos de crisis. Elsa decide viajar a la isla de Lanzarote acompañada por su amiga Patricia, que también necesita alejarse de Madrid, mientras que Bonifacio se queda en la ciudad.
La historia de estos tres personajes, y algunos más, se narran paralelamente a la del guionista y director de cine Raúl Durán, entremezclando ficción y realidad. Porque ‘Amarga Navidad’ desarrolla cómo la vida y la ficción están unidas de un modo indisoluble, incluso doloroso en ocasiones."
AMARGA NAVIDAD,Pedro Almodóvar,111,01,18:15,2026-03-23,Renoir Plaza de España,https://www.pillalas.com/pase/1060078/,https://www.cinesrenoir.com/pelicula/amarga-navidad/,https://media.pillalas.com/imagenes/726afb526abffa83b60c45c3634993c0e9bd987d873c6c32a8009c3b4ee414d3a40e41c1.jpg,Castellano,No recomendada para menores de 12 años,Viernes 20 Marzo 2026,"Bárbara Lennie, Leonardo Sbaraglia, Aitana Sánchez-Gijón, Victoria Luengo, Patrick Criado, Milena Smit, Quim Gutiérrez, Rossy De Palma, Carmen Machi, Gloria Muñoz","Elsa es una directora de publicidad cuya madre muere durante un largo puente del mes de diciembre. Encuentra refugio en el trabajo, aunque es más bien una huida hacia adelante. Trabaja sin parar y, sin darse cuenta, no se concede el tiempo necesario para guardar el duelo por la ausencia materna. Hasta que una crisis de pánico la obliga a detenerse e imponerse un descanso. Su pareja, Bonifacio, es su tabla de salvación en esos momentos de crisis. Elsa decide viajar a la isla de Lanzarote acompañada por su amiga Patricia, que también necesita alejarse de Madrid, mientras que Bonifacio se queda en la ciudad.
La historia de estos tres personajes, y algunos más, se narran paralelamente a la del guionista y director de cine Raúl Durán, entremezclando ficción y realidad. Porque ‘Amarga Navidad’ desarrolla cómo la vida y la ficción están unidas de un modo indisoluble, incluso doloroso en ocasiones."
AMARGA NAVIDAD,Pedro Almodóvar,111,01,20:25,2026-03-23,Renoir Plaza de España,https://www.pillalas.com/pase/1060079/,https://www.cinesrenoir.com/pelicula/amarga-navidad/,https://media.pillalas.com/imagenes/726afb526abffa83b60c45c3634993c0e9bd987d873c6c32a8009c3b4ee414d3a40e41c1.jpg,Castellano,No recomendada para menores de 12 años,Viernes 20 Marzo 2026,"Bárbara Lennie, Leonardo Sbaraglia, Aitana Sánchez-Gijón, Victoria Luengo, Patrick Criado, Milena Smit, Quim Gutiérrez, Rossy De Palma, Carmen Machi, Gloria Muñoz","Elsa es una directora de publicidad cuya madre muere durante un largo puente del mes de diciembre. Encuentra refugio en el trabajo, aunque es más bien una huida hacia adelante. Trabaja sin parar y, sin darse cuenta, no se concede el tiempo necesario para guardar el duelo por la ausencia materna. Hasta que una crisis de pánico la obliga a detenerse e imponerse un descanso. Su pareja, Bonifacio, es su tabla de salvación en esos momentos de crisis. Elsa decide viajar a la isla de Lanzarote acompañada por su amiga Patricia, que también necesita alejarse de Madrid, mientras que Bonifacio se queda en la ciudad.
La historia de estos tres personajes, y algunos más, se narran paralelamente a la del guionista y director de cine Raúl Durán, entremezclando ficción y realidad. Porque ‘Amarga Navidad’ desarrolla cómo la vida y la ficción están unidas de un modo indisoluble, incluso doloroso en ocasiones."
AMARGA NAVIDAD,Pedro Almodóvar,111,01,22:35,2026-03-23,Renoir Plaza de España,https://www.pillalas.com/pase/1060081/,https://www.cinesrenoir.com/pelicula/amarga-navidad/,https://media.pillalas.com/imagenes/726afb526abffa83b60c45c3634993c0e9bd987d873c6c32a8009c3b4ee414d3a40e41c1.jpg,Castellano,No recomendada para menores de 12 años,Viernes 20 Marzo 2026,"Bárbara Lennie, Leonardo Sbaraglia, Aitana Sánchez-Gijón, Victoria Luengo, Patrick Criado, Milena Smit, Quim Gutiérrez, Rossy De Palma, Carmen Machi, Gloria Muñoz","Elsa es una directora de publicidad cuya madre muere durante un largo puente del mes de diciembre. Encuentra refugio en el trabajo, aunque es más bien una huida hacia adelante. Trabaja sin parar y, sin darse cuenta, no se concede el tiempo necesario para guardar el duelo por la ausencia materna. Hasta que una crisis de pánico la obliga a detenerse e imponerse un descanso. Su pareja, Bonifacio, es su tabla de salvación en esos momentos de crisis. Elsa decide viajar a la isla de Lanzarote acompañada por su amiga Patricia, que también necesita alejarse de Madrid, mientras que Bonifacio se queda en la ciudad.
La historia de estos tres personajes, y algunos más, se narran paralelamente a la del guionista y director de cine Raúl Durán, entremezclando ficción y realidad. Porque ‘Amarga Navidad’ desarrolla cómo la vida y la ficción están unidas de un modo indisoluble, incluso doloroso en ocasiones."
EL ÚLTIMO VIKINGO,Anders Thomas Jensen,116,03,15:50,2026-03-23,Renoir Plaza de España,https://www.pillalas.com/pase/1060122/,https://www.cinesrenoir.com/pelicula/el-ultimo-vikingo/,https://media.pillalas.com/imagenes/726afb526abffa831071fdb7895dda5a8f5443f58bef959385371bd83d00b407e021267b.jpg,Danés,No recomendada para menores de 16 años,Viernes 6 Marzo 2026,"Mads Mikkelsen, Nikolaj Lie Kaas, Søren Malling, Sofie Gråbøl","Anker sale de prisión tras cumplir una condena de quince años por robo. El dinero del atraco fue enterrado por su hermano Manfred. Solo él sabe dónde está. Por desgracia, desde entonces Manfred ha desarrollado un trastorno mental que le ha hecho olvidarlo todo. Juntos, los hermanos emprenden un viaje inesperado para encontrar el dinero y descubrir quiénes son en realidad."
EL ÚLTIMO VIKINGO,Anders Thomas Jensen,116,03,18:00,2026-03-23,Renoir Plaza de España,https://www.pillalas.com/pase/1060125/,https://www.cinesrenoir.com/pelicula/el-ultimo-vikingo/,https://media.pillalas.com/imagenes/726afb526abffa831071fdb7895dda5a8f5443f58bef959385371bd83d00b407e021267b.jpg,Danés,No recomendada para menores de 16 años,Viernes 6 Marzo 2026,"Mads Mikkelsen, Nikolaj Lie Kaas, Søren Malling, Sofie Gråbøl","Anker sale de prisión tras cumplir una condena de quince años por robo. El dinero del atraco fue enterrado por su hermano Manfred. Solo él sabe dónde está. Por desgracia, desde entonces Manfred ha desarrollado un trastorno mental que le ha hecho olvidarlo todo. Juntos, los hermanos emprenden un viaje inesperado para encontrar el dinero y descubrir quiénes son en realidad."
EL ÚLTIMO VIKINGO,Anders Thomas Jensen,116,03,20:15,2026-03-23,Renoir Plaza de España,https://www.pillalas.com/pase/1060126/,https://www.cinesrenoir.com/pelicula/el-ultimo-vikingo/,https://media.pillalas.com/imagenes/726afb526abffa831071fdb7895dda5a8f5443f58bef959385371bd83d00b407e021267b.jpg,Danés,No recomendada para menores de 16 años,Viernes 6 Marzo 2026,"Mads Mikkelsen, Nikolaj Lie Kaas, Søren Malling, Sofie Gråbøl","Anker sale de prisión tras cumplir una condena de quince años por robo. El dinero del atraco fue enterrado por su hermano Manfred. Solo él sabe dónde está. Por desgracia, desde entonces Manfred ha desarrollado un trastorno mental que le ha hecho olvidarlo todo. Juntos, los hermanos emprenden un viaje inesperado para encontrar el dinero y descubrir quiénes son en realidad."
EL ÚLTIMO VIKINGO,Anders Thomas Jensen,116,05,22:45,2026-03-23,Renoir Plaza de España,https://www.pillalas.com/pase/1060263/,https://www.cinesrenoir.com/pelicula/el-ultimo-vikingo/,https://media.pillalas.com/imagenes/726afb526abffa831071fdb7895dda5a8f5443f58bef959385371bd83d00b407e021267b.jpg,Danés,No recomendada para menores de 16 años,Viernes 6 Marzo 2026,"Mads Mikkelsen, Nikolaj Lie Kaas, Søren Malling, Sofie Gråbøl","Anker sale de prisión tras cumplir una condena de quince años por robo. El dinero del atraco fue enterrado por su hermano Manfred. Solo él sabe dónde está. Por desgracia, desde entonces Manfred ha desarrollado un trastorno mental que le ha hecho olvidarlo todo. Juntos, los hermanos emprenden un viaje inesperado para encontrar el dinero y descubrir quiénes son en realidad."
LA CHICA ZURDA,Shih-Ching Tsou,108,02,16:00,2026-03-23,Renoir Plaza de España,https://www.pillalas.com/pase/1060075/,https://www.cinesrenoir.com/pelicula/la-chica-zurda/,https://media.pillalas.com/imagenes/726afb526abffa83e5ee5674d1ac0b73f39c1d9ebacca7f6a4c573d6423a82f140c7a520.jpg,Mandarín,No recomendada para menores de 12 años,Viernes 30 Enero 2026,"Shi-Yuan Ma, Janel Tsai, Nina Ye, Teng-Hui Huang, Akio Chen, Blaire Chang, Xin-Yan Chao","La pequeña I-Jing corretea con curiosidad por las calles de un mercado nocturno de Taipei, entre neones, motocicletas y toda clase de puestos de comida como el que regenta su madre, que trata de sacar adelante a la niña y a su hermana mayor."
LA TARTA DEL PRESIDENTE,Hasan Hadi,105,04,15:55,2026-03-23,Renoir Plaza de España,https://www.pillalas.com/pase/1060123/,https://www.cinesrenoir.com/pelicula/20260320050510-la-tarta-del-presidente/,https://media.pillalas.com/imagenes/726afb526abffa83eda64f8b418bec544f18146f6ca2869a88655e1df49985337de64299.jpg,Iraquí,No recomendada para menores de 12 años,Viernes 6 Febrero 2026,"Baneen Ahmad Nayyef, Waheed Thabet Khreibat, Sajad Mohamad Qasem, Muthanna Malaghi, Ahmad Qasem Saywan, Maytham Mreidi, Rahim Alhaj, Thaer Salem, Fatima Abouharoon","Irak, años noventa. La pequeña Lamia recibe la misión de preparar una tarta con motivo del cumpleaños del presidente Sadam Huseín. Acompañada por su amigo Saeed y con su gallo Hindi a cuestas, recorre Bagdad en busca de los ingredientes, viviendo una serie de peripecias que alterarán por completo su vida cotidiana."
NO HAY OTRA OPCIÓN,Park Chan-Wook,139,03,22:25,2026-03-23,Renoir Plaza de España,https://www.pillalas.com/pase/1060128/,https://www.cinesrenoir.com/pelicula/20260320050510-no-hay-otra-opcion/,https://media.pillalas.com/imagenes/726afb526abffa83bdeb4516e384b837092cce5cc6598f1dfd4dee91ff9227e1f484f775.jpg,Coreano,Pendiente de calificación,Viernes 13 Febrero 2026,"Lee Byung-Hun, Son Ye-Jin, Lee Sung-Min, Yeom Hye-Ran, Park Hee-Soon, Cha Seung-Won, Yoo Yeon-Seok","La historia sigue a un hombre de mediana edad llamado Man-su que se embarca decidido en una búsqueda de trabajo tras ser despedido inesperadamente de la compañía de papel en la que trabajó durante 25 años. ""Si no hay una vacante para mí, tendré que crear una para que me contraten. No hay otra opción"". Adaptación de la novela ""The Ax"" de Donald E. Westlake, que ya fue llevada al cine en la película ""Arcadia"", dirigida por Costa-Gavras en 2005."
ORWELL 2+2 = 5,Raoul Peck,119,05,18:15,2026-03-23,Renoir Plaza de España,https://www.pillalas.com/pase/1060261/,https://www.cinesrenoir.com/pelicula/orwell-22-5/,https://media.pillalas.com/imagenes/726afb526abffa83b83d4cc400c9761fa7472981f7fc060c0bd7e85b0217a3f74541294d.jpg,Inglés Y Otros,No recomendada para menores de 16 años,Viernes 27 Febrero 2026,Damian Lewis,"George Orwell fue uno de los autores más visionarios del siglo XX, cuyas novelas, 1984 y Rebelión en la granja, predijeron un futuro autoritario y escalofriante. El aclamado director Raoul Peck (I Am Not Your Negro) entrelaza clips, lecturas del diario de Orwell, referencias cinematográficas e imágenes actuales para crear no solo un retrato del escritor, sino también una nueva perspectiva sobre lo profética que se ha vuelto su obra."
ORWELL 2+2 = 5,Raoul Peck,119,05,20:30,2026-03-23,Renoir Plaza de España,https://www.pillalas.com/pase/1060262/,https://www.cinesrenoir.com/pelicula/orwell-22-5/,https://media.pillalas.com/imagenes/726afb526abffa83b83d4cc400c9761fa7472981f7fc060c0bd7e85b0217a3f74541294d.jpg,Inglés Y Otros,No recomendada para menores de 16 años,Viernes 27 Febrero 2026,Damian Lewis,"George Orwell fue uno de los autores más visionarios del siglo XX, cuyas novelas, 1984 y Rebelión en la granja, predijeron un futuro autoritario y escalofriante. El aclamado director Raoul Peck (I Am Not Your Negro) entrelaza clips, lecturas del diario de Orwell, referencias cinematográficas e imágenes actuales para crear no solo un retrato del escritor, sino también una nueva perspectiva sobre lo profética que se ha vuelto su obra."
ORWELL 2+2 = 5,Raoul Peck,119,04,22:45,2026-03-23,Renoir Plaza de España,https://www.pillalas.com/pase/1060264/,https://www.cinesrenoir.com/pelicula/orwell-22-5/,https://media.pillalas.com/imagenes/726afb526abffa83b83d4cc400c9761fa7472981f7fc060c0bd7e85b0217a3f74541294d.jpg,Inglés Y Otros,No recomendada para menores de 16 años,Viernes 27 Febrero 2026,Damian Lewis,"George Orwell fue uno de los autores más visionarios del siglo XX, cuyas novelas, 1984 y Rebelión en la granja, predijeron un futuro autoritario y escalofriante. El aclamado director Raoul Peck (I Am Not Your Negro) entrelaza clips, lecturas del diario de Orwell, referencias cinematográficas e imágenes actuales para crear no solo un retrato del escritor, sino también una nueva perspectiva sobre lo profética que se ha vuelto su obra."
VALOR SENTIMENTAL,Joachim Trier,133,02,18:05,2026-03-23,Renoir Plaza de España,https://www.pillalas.com/pase/1060077/,https://www.cinesrenoir.com/pelicula/valor-sentimental/,https://media.pillalas.com/imagenes/726afb526abffa83fe1b3adc6f8909539f80c9a958e909b641f78d7648edf8e1f62ca547.jpg,Noruego E Inglés,No recomendada para menores de 12 años,Viernes 5 Diciembre 2025,"Renate Reinsve, Stellan Skarsgård, Inga Ibsdotter Lilleaas, Elle Fanning, Anders Danielsen Lie, Jesper Christensen, Lena Endre, Cory Michael Smith, Catherine Cohen, Andreas Stoltenberg Granerud, Øyvind Hesjedal Loven, Lars Väringer, Ida Marianne Vassbotn Klasson, Vilde Søyland","Las hermanas Nora y Agnes se reencuentran con su padre ausente, un director de cine muy reconocido en el pasado que ha vuelto para ofrecer a Nora el papel principal de su próxima película. Aunque ella lo rechaza, Gustav decide seguir adelante y utilizar la casa familiar como escenario de su nuevo rodaje, lo que reaviva las tensiones entre ellos, especialmente tras la llegada de una joven actriz de Hollywood que acepta el papel en su lugar. El vínculo entre las hermanas se convertirá en su mayor refugio frente a las heridas del pasado."
VALOR SENTIMENTAL,Joachim Trier,133,02,20:40,2026-03-23,Renoir Plaza de España,https://www.pillalas.com/pase/1060080/,https://www.cinesrenoir.com/pelicula/valor-sentimental/,https://media.pillalas.com/imagenes/726afb526abffa83fe1b3adc6f8909539f80c9a958e909b641f78d7648edf8e1f62ca547.jpg,Noruego E Inglés,No recomendada para menores de 12 años,Viernes 5 Diciembre 2025,"Renate Reinsve, Stellan Skarsgård, Inga Ibsdotter Lilleaas, Elle Fanning, Anders Danielsen Lie, Jesper Christensen, Lena Endre, Cory Michael Smith, Catherine Cohen, Andreas Stoltenberg Granerud, Øyvind Hesjedal Loven, Lars Väringer, Ida Marianne Vassbotn Klasson, Vilde Søyland","Las hermanas Nora y Agnes se reencuentran con su padre ausente, un director de cine muy reconocido en el pasado que ha vuelto para ofrecer a Nora el papel principal de su próxima película. Aunque ella lo rechaza, Gustav decide seguir adelante y utilizar la casa familiar como escenario de su nuevo rodaje, lo que reaviva las tensiones entre ellos, especialmente tras la llegada de una joven actriz de Hollywood que acepta el papel en su lugar. El vínculo entre las hermanas se convertirá en su mayor refugio frente a las heridas del pasado."
ÁGUILAS DE EL CAIRO,Tarik Saleh,128,05,15:50,2026-03-23,Renoir Plaza de España,https://www.pillalas.com/pase/1060260/,https://www.cinesrenoir.com/pelicula/aguilas-de-el-cairo/,https://media.pillalas.com/imagenes/726afb526abffa8352548cf73e8a92c7f956872644b319e354995dea422ef81774899f3c.jpg,Árabe,No recomendada para menores de 16 años,Viernes 13 Marzo 2026,"Fares Fares, Lyna Khoudri, Cherien Dabis, Amr Waked, Zineb Triki, Sherwan Haji, Hesham Abdel Hamid, Ahmed Khairy, Hassan El Sayed, Kemal Mustafa","George Fahmy (Fares Fares) el actor más adorado de Egipto, se ve presionado a protagonizar una película encargada por las más altas autoridades egipcias. Aceptando a regañadientes, este papel será la puerta que le hará entrar en el selecto grupo de las personas más poderosas del país. Como una polilla atraída por la luz, comienza un romance con la misteriosa esposa del general que supervisa el proyecto."
ÁGUILAS DE EL CAIRO,Tarik Saleh,128,04,17:55,2026-03-23,Renoir Plaza de España,https://www.pillalas.com/pase/1060124/,https://www.cinesrenoir.com/pelicula/aguilas-de-el-cairo/,https://media.pillalas.com/imagenes/726afb526abffa8352548cf73e8a92c7f956872644b319e354995dea422ef81774899f3c.jpg,Árabe,No recomendada para menores de 16 años,Viernes 13 Marzo 2026,"Fares Fares, Lyna Khoudri, Cherien Dabis, Amr Waked, Zineb Triki, Sherwan Haji, Hesham Abdel Hamid, Ahmed Khairy, Hassan El Sayed, Kemal Mustafa","George Fahmy (Fares Fares) el actor más adorado de Egipto, se ve presionado a protagonizar una película encargada por las más altas autoridades egipcias. Aceptando a regañadientes, este papel será la puerta que le hará entrar en el selecto grupo de las personas más poderosas del país. Como una polilla atraída por la luz, comienza un romance con la misteriosa esposa del general que supervisa el proyecto."
ÁGUILAS DE EL CAIRO,Tarik Saleh,128,04,20:20,2026-03-23,Renoir Plaza de España,https://www.pillalas.com/pase/1060127/,https://www.cinesrenoir.com/pelicula/aguilas-de-el-cairo/,https://media.pillalas.com/imagenes/726afb526abffa8352548cf73e8a92c7f956872644b319e354995dea422ef81774899f3c.jpg,Árabe,No recomendada para menores de 16 años,Viernes 13 Marzo 2026,"Fares Fares, Lyna Khoudri, Cherien Dabis, Amr Waked, Zineb Triki, Sherwan Haji, Hesham Abdel Hamid, Ahmed Khairy, Hassan El Sayed, Kemal Mustafa","George Fahmy (Fares Fares) el actor más adorado de Egipto, se ve presionado a protagonizar una película encargada por las más altas autoridades egipcias. Aceptando a regañadientes, este papel será la puerta que le hará entrar en el selecto grupo de las personas más poderosas del país. Como una polilla atraída por la luz, comienza un romance con la misteriosa esposa del general que supervisa el proyecto."
AMARGA NAVIDAD,Pedro Almodóvar,111,01,16:05,2026-03-24,Renoir Plaza de España,https://www.pillalas.com/pase/1060083/,https://www.cinesrenoir.com/pelicula/amarga-navidad/,https://media.pillalas.com/imagenes/726afb526abffa83b60c45c3634993c0e9bd987d873c6c32a8009c3b4ee414d3a40e41c1.jpg,Castellano,No recomendada para menores de 12 años,Viernes 20 Marzo 2026,"Bárbara Lennie, Leonardo Sbaraglia, Aitana Sánchez-Gijón, Victoria Luengo, Patrick Criado, Milena Smit, Quim Gutiérrez, Rossy De Palma, Carmen Machi, Gloria Muñoz","Elsa es una directora de publicidad cuya madre muere durante un largo puente del mes de diciembre. Encuentra refugio en el trabajo, aunque es más bien una huida hacia adelante. Trabaja sin parar y, sin darse cuenta, no se concede el tiempo necesario para guardar el duelo por la ausencia materna. Hasta que una crisis de pánico la obliga a detenerse e imponerse un descanso. Su pareja, Bonifacio, es su tabla de salvación en esos momentos de crisis. Elsa decide viajar a la isla de Lanzarote acompañada por su amiga Patricia, que también necesita alejarse de Madrid, mientras que Bonifacio se queda en la ciudad.
La historia de estos tres personajes, y algunos más, se narran paralelamente a la del guionista y director de cine Raúl Durán, entremezclando ficción y realidad. Porque ‘Amarga Navidad’ desarrolla cómo la vida y la ficción están unidas de un modo indisoluble, incluso doloroso en ocasiones."
AMARGA NAVIDAD,Pedro Almodóvar,111,01,18:15,2026-03-24,Renoir Plaza de España,https://www.pillalas.com/pase/1060085/,https://www.cinesrenoir.com/pelicula/amarga-navidad/,https://media.pillalas.com/imagenes/726afb526abffa83b60c45c3634993c0e9bd987d873c6c32a8009c3b4ee414d3a40e41c1.jpg,Castellano,No recomendada para menores de 12 años,Viernes 20 Marzo 2026,"Bárbara Lennie, Leonardo Sbaraglia, Aitana Sánchez-Gijón, Victoria Luengo, Patrick Criado, Milena Smit, Quim Gutiérrez, Rossy De Palma, Carmen Machi, Gloria Muñoz","Elsa es una directora de publicidad cuya madre muere durante un largo puente del mes de diciembre. Encuentra refugio en el trabajo, aunque es más bien una huida hacia adelante. Trabaja sin parar y, sin darse cuenta, no se concede el tiempo necesario para guardar el duelo por la ausencia materna. Hasta que una crisis de pánico la obliga a detenerse e imponerse un descanso. Su pareja, Bonifacio, es su tabla de salvación en esos momentos de crisis. Elsa decide viajar a la isla de Lanzarote acompañada por su amiga Patricia, que también necesita alejarse de Madrid, mientras que Bonifacio se queda en la ciudad.
La historia de estos tres personajes, y algunos más, se narran paralelamente a la del guionista y director de cine Raúl Durán, entremezclando ficción y realidad. Porque ‘Amarga Navidad’ desarrolla cómo la vida y la ficción están unidas de un modo indisoluble, incluso doloroso en ocasiones."
AMARGA NAVIDAD,Pedro Almodóvar,111,01,20:25,2026-03-24,Renoir Plaza de España,https://www.pillalas.com/pase/1060086/,https://www.cinesrenoir.com/pelicula/amarga-navidad/,https://media.pillalas.com/imagenes/726afb526abffa83b60c45c3634993c0e9bd987d873c6c32a8009c3b4ee414d3a40e41c1.jpg,Castellano,No recomendada para menores de 12 años,Viernes 20 Marzo 2026,"Bárbara Lennie, Leonardo Sbaraglia, Aitana Sánchez-Gijón, Victoria Luengo, Patrick Criado, Milena Smit, Quim Gutiérrez, Rossy De Palma, Carmen Machi, Gloria Muñoz","Elsa es una directora de publicidad cuya madre muere durante un largo puente del mes de diciembre. Encuentra refugio en el trabajo, aunque es más bien una huida hacia adelante. Trabaja sin parar y, sin darse cuenta, no se concede el tiempo necesario para guardar el duelo por la ausencia materna. Hasta que una crisis de pánico la obliga a detenerse e imponerse un descanso. Su pareja, Bonifacio, es su tabla de salvación en esos momentos de crisis. Elsa decide viajar a la isla de Lanzarote acompañada por su amiga Patricia, que también necesita alejarse de Madrid, mientras que Bonifacio se queda en la ciudad.
La historia de estos tres personajes, y algunos más, se narran paralelamente a la del guionista y director de cine Raúl Durán, entremezclando ficción y realidad. Porque ‘Amarga Navidad’ desarrolla cómo la vida y la ficción están unidas de un modo indisoluble, incluso doloroso en ocasiones."
AMARGA NAVIDAD,Pedro Almodóvar,111,01,22:35,2026-03-24,Renoir Plaza de España,https://www.pillalas.com/pase/1060088/,https://www.cinesrenoir.com/pelicula/amarga-navidad/,https://media.pillalas.com/imagenes/726afb526abffa83b60c45c3634993c0e9bd987d873c6c32a8009c3b4ee414d3a40e41c1.jpg,Castellano,No recomendada para menores de 12 años,Viernes 20 Marzo 2026,"Bárbara Lennie, Leonardo Sbaraglia, Aitana Sánchez-Gijón, Victoria Luengo, Patrick Criado, Milena Smit, Quim Gutiérrez, Rossy De Palma, Carmen Machi, Gloria Muñoz","Elsa es una directora de publicidad cuya madre muere durante un largo puente del mes de diciembre. Encuentra refugio en el trabajo, aunque es más bien una huida hacia adelante. Trabaja sin parar y, sin darse cuenta, no se concede el tiempo necesario para guardar el duelo por la ausencia materna. Hasta que una crisis de pánico la obliga a detenerse e imponerse un descanso. Su pareja, Bonifacio, es su tabla de salvación en esos momentos de crisis. Elsa decide viajar a la isla de Lanzarote acompañada por su amiga Patricia, que también necesita alejarse de Madrid, mientras que Bonifacio se queda en la ciudad.
La historia de estos tres personajes, y algunos más, se narran paralelamente a la del guionista y director de cine Raúl Durán, entremezclando ficción y realidad. Porque ‘Amarga Navidad’ desarrolla cómo la vida y la ficción están unidas de un modo indisoluble, incluso doloroso en ocasiones."
EL ÚLTIMO VIKINGO,Anders Thomas Jensen,116,03,15:50,2026-03-24,Renoir Plaza de España,https://www.pillalas.com/pase/1060129/,https://www.cinesrenoir.com/pelicula/el-ultimo-vikingo/,https://media.pillalas.com/imagenes/726afb526abffa831071fdb7895dda5a8f5443f58bef959385371bd83d00b407e021267b.jpg,Danés,No recomendada para menores de 16 años,Viernes 6 Marzo 2026,"Mads Mikkelsen, Nikolaj Lie Kaas, Søren Malling, Sofie Gråbøl","Anker sale de prisión tras cumplir una condena de quince años por robo. El dinero del atraco fue enterrado por su hermano Manfred. Solo él sabe dónde está. Por desgracia, desde entonces Manfred ha desarrollado un trastorno mental que le ha hecho olvidarlo todo. Juntos, los hermanos emprenden un viaje inesperado para encontrar el dinero y descubrir quiénes son en realidad."
EL ÚLTIMO VIKINGO,Anders Thomas Jensen,116,03,18:00,2026-03-24,Renoir Plaza de España,https://www.pillalas.com/pase/1060132/,https://www.cinesrenoir.com/pelicula/el-ultimo-vikingo/,https://media.pillalas.com/imagenes/726afb526abffa831071fdb7895dda5a8f5443f58bef959385371bd83d00b407e021267b.jpg,Danés,No recomendada para menores de 16 años,Viernes 6 Marzo 2026,"Mads Mikkelsen, Nikolaj Lie Kaas, Søren Malling, Sofie Gråbøl","Anker sale de prisión tras cumplir una condena de quince años por robo. El dinero del atraco fue enterrado por su hermano Manfred. Solo él sabe dónde está. Por desgracia, desde entonces Manfred ha desarrollado un trastorno mental que le ha hecho olvidarlo todo. Juntos, los hermanos emprenden un viaje inesperado para encontrar el dinero y descubrir quiénes son en realidad."
EL ÚLTIMO VIKINGO,Anders Thomas Jensen,116,03,20:15,2026-03-24,Renoir Plaza de España,https://www.pillalas.com/pase/1060133/,https://www.cinesrenoir.com/pelicula/el-ultimo-vikingo/,https://media.pillalas.com/imagenes/726afb526abffa831071fdb7895dda5a8f5443f58bef959385371bd83d00b407e021267b.jpg,Danés,No recomendada para menores de 16 años,Viernes 6 Marzo 2026,"Mads Mikkelsen, Nikolaj Lie Kaas, Søren Malling, Sofie Gråbøl","Anker sale de prisión tras cumplir una condena de quince años por robo. El dinero del atraco fue enterrado por su hermano Manfred. Solo él sabe dónde está. Por desgracia, desde entonces Manfred ha desarrollado un trastorno mental que le ha hecho olvidarlo todo. Juntos, los hermanos emprenden un viaje inesperado para encontrar el dinero y descubrir quiénes son en realidad."
EL ÚLTIMO VIKINGO,Anders Thomas Jensen,116,05,22:45,2026-03-24,Renoir Plaza de España,https://www.pillalas.com/pase/1060269/,https://www.cinesrenoir.com/pelicula/el-ultimo-vikingo/,https://media.pillalas.com/imagenes/726afb526abffa831071fdb7895dda5a8f5443f58bef959385371bd83d00b407e021267b.jpg,Danés,No recomendada para menores de 16 años,Viernes 6 Marzo 2026,"Mads Mikkelsen, Nikolaj Lie Kaas, Søren Malling, Sofie Gråbøl","Anker sale de prisión tras cumplir una condena de quince años por robo. El dinero del atraco fue enterrado por su hermano Manfred. Solo él sabe dónde está. Por desgracia, desde entonces Manfred ha desarrollado un trastorno mental que le ha hecho olvidarlo todo. Juntos, los hermanos emprenden un viaje inesperado para encontrar el dinero y descubrir quiénes son en realidad."
LA CHICA ZURDA,Shih-Ching Tsou,108,02,16:00,2026-03-24,Renoir Plaza de España,https://www.pillalas.com/pase/1060082/,https://www.cinesrenoir.com/pelicula/la-chica-zurda/,https://media.pillalas.com/imagenes/726afb526abffa83e5ee5674d1ac0b73f39c1d9ebacca7f6a4c573d6423a82f140c7a520.jpg,Mandarín,No recomendada para menores de 12 años,Viernes 30 Enero 2026,"Shi-Yuan Ma, Janel Tsai, Nina Ye, Teng-Hui Huang, Akio Chen, Blaire Chang, Xin-Yan Chao","La pequeña I-Jing corretea con curiosidad por las calles de un mercado nocturno de Taipei, entre neones, motocicletas y toda clase de puestos de comida como el que regenta su madre, que trata de sacar adelante a la niña y a su hermana mayor."
LA TARTA DEL PRESIDENTE,Hasan Hadi,105,04,15:55,2026-03-24,Renoir Plaza de España,https://www.pillalas.com/pase/1060130/,https://www.cinesrenoir.com/pelicula/20260320050510-la-tarta-del-presidente/,https://media.pillalas.com/imagenes/726afb526abffa83eda64f8b418bec544f18146f6ca2869a88655e1df49985337de64299.jpg,Iraquí,No recomendada para menores de 12 años,Viernes 6 Febrero 2026,"Baneen Ahmad Nayyef, Waheed Thabet Khreibat, Sajad Mohamad Qasem, Muthanna Malaghi, Ahmad Qasem Saywan, Maytham Mreidi, Rahim Alhaj, Thaer Salem, Fatima Abouharoon","Irak, años noventa. La pequeña Lamia recibe la misión de preparar una tarta con motivo del cumpleaños del presidente Sadam Huseín. Acompañada por su amigo Saeed y con su gallo Hindi a cuestas, recorre Bagdad en busca de los ingredientes, viviendo una serie de peripecias que alterarán por completo su vida cotidiana."
NO HAY OTRA OPCIÓN,Park Chan-Wook,139,03,22:25,2026-03-24,Renoir Plaza de España,https://www.pillalas.com/pase/1060135/,https://www.cinesrenoir.com/pelicula/20260320050510-no-hay-otra-opcion/,https://media.pillalas.com/imagenes/726afb526abffa83bdeb4516e384b837092cce5cc6598f1dfd4dee91ff9227e1f484f775.jpg,Coreano,Pendiente de calificación,Viernes 13 Febrero 2026,"Lee Byung-Hun, Son Ye-Jin, Lee Sung-Min, Yeom Hye-Ran, Park Hee-Soon, Cha Seung-Won, Yoo Yeon-Seok","La historia sigue a un hombre de mediana edad llamado Man-su que se embarca decidido en una búsqueda de trabajo tras ser despedido inesperadamente de la compañía de papel en la que trabajó durante 25 años. ""Si no hay una vacante para mí, tendré que crear una para que me contraten. No hay otra opción"". Adaptación de la novela ""The Ax"" de Donald E. Westlake, que ya fue llevada al cine en la película ""Arcadia"", dirigida por Costa-Gavras en 2005."
ORWELL 2+2 = 5,Raoul Peck,119,05,18:15,2026-03-24,Renoir Plaza de España,https://www.pillalas.com/pase/1060266/,https://www.cinesrenoir.com/pelicula/orwell-22-5/,https://media.pillalas.com/imagenes/726afb526abffa83b83d4cc400c9761fa7472981f7fc060c0bd7e85b0217a3f74541294d.jpg,Inglés Y Otros,No recomendada para menores de 16 años,Viernes 27 Febrero 2026,Damian Lewis,"George Orwell fue uno de los autores más visionarios del siglo XX, cuyas novelas, 1984 y Rebelión en la granja, predijeron un futuro autoritario y escalofriante. El aclamado director Raoul Peck (I Am Not Your Negro) entrelaza clips, lecturas del diario de Orwell, referencias cinematográficas e imágenes actuales para crear no solo un retrato del escritor, sino también una nueva perspectiva sobre lo profética que se ha vuelto su obra."
ORWELL 2+2 = 5,Raoul Peck,119,05,20:30,2026-03-24,Renoir Plaza de España,https://www.pillalas.com/pase/1060267/,https://www.cinesrenoir.com/pelicula/orwell-22-5/,https://media.pillalas.com/imagenes/726afb526abffa83b83d4cc400c9761fa7472981f7fc060c0bd7e85b0217a3f74541294d.jpg,Inglés Y Otros,No recomendada para menores de 16 años,Viernes 27 Febrero 2026,Damian Lewis,"George Orwell fue uno de los autores más visionarios del siglo XX, cuyas novelas, 1984 y Rebelión en la granja, predijeron un futuro autoritario y escalofriante. El aclamado director Raoul Peck (I Am Not Your Negro) entrelaza clips, lecturas del diario de Orwell, referencias cinematográficas e imágenes actuales para crear no solo un retrato del escritor, sino también una nueva perspectiva sobre lo profética que se ha vuelto su obra."
ORWELL 2+2 = 5,Raoul Peck,119,04,22:45,2026-03-24,Renoir Plaza de España,https://www.pillalas.com/pase/1060268/,https://www.cinesrenoir.com/pelicula/orwell-22-5/,https://media.pillalas.com/imagenes/726afb526abffa83b83d4cc400c9761fa7472981f7fc060c0bd7e85b0217a3f74541294d.jpg,Inglés Y Otros,No recomendada para menores de 16 años,Viernes 27 Febrero 2026,Damian Lewis,"George Orwell fue uno de los autores más visionarios del siglo XX, cuyas novelas, 1984 y Rebelión en la granja, predijeron un futuro autoritario y escalofriante. El aclamado director Raoul Peck (I Am Not Your Negro) entrelaza clips, lecturas del diario de Orwell, referencias cinematográficas e imágenes actuales para crear no solo un retrato del escritor, sino también una nueva perspectiva sobre lo profética que se ha vuelto su obra."
VALOR SENTIMENTAL,Joachim Trier,133,02,18:05,2026-03-24,Renoir Plaza de España,https://www.pillalas.com/pase/1060084/,https://www.cinesrenoir.com/pelicula/valor-sentimental/,https://media.pillalas.com/imagenes/726afb526abffa83fe1b3adc6f8909539f80c9a958e909b641f78d7648edf8e1f62ca547.jpg,Noruego E Inglés,No recomendada para menores de 12 años,Viernes 5 Diciembre 2025,"Renate Reinsve, Stellan Skarsgård, Inga Ibsdotter Lilleaas, Elle Fanning, Anders Danielsen Lie, Jesper Christensen, Lena Endre, Cory Michael Smith, Catherine Cohen, Andreas Stoltenberg Granerud, Øyvind Hesjedal Loven, Lars Väringer, Ida Marianne Vassbotn Klasson, Vilde Søyland","Las hermanas Nora y Agnes se reencuentran con su padre ausente, un director de cine muy reconocido en el pasado que ha vuelto para ofrecer a Nora el papel principal de su próxima película. Aunque ella lo rechaza, Gustav decide seguir adelante y utilizar la casa familiar como escenario de su nuevo rodaje, lo que reaviva las tensiones entre ellos, especialmente tras la llegada de una joven actriz de Hollywood que acepta el papel en su lugar. El vínculo entre las hermanas se convertirá en su mayor refugio frente a las heridas del pasado."
VALOR SENTIMENTAL,Joachim Trier,133,02,20:40,2026-03-24,Renoir Plaza de España,https://www.pillalas.com/pase/1060087/,https://www.cinesrenoir.com/pelicula/valor-sentimental/,https://media.pillalas.com/imagenes/726afb526abffa83fe1b3adc6f8909539f80c9a958e909b641f78d7648edf8e1f62ca547.jpg,Noruego E Inglés,No recomendada para menores de 12 años,Viernes 5 Diciembre 2025,"Renate Reinsve, Stellan Skarsgård, Inga Ibsdotter Lilleaas, Elle Fanning, Anders Danielsen Lie, Jesper Christensen, Lena Endre, Cory Michael Smith, Catherine Cohen, Andreas Stoltenberg Granerud, Øyvind Hesjedal Loven, Lars Väringer, Ida Marianne Vassbotn Klasson, Vilde Søyland","Las hermanas Nora y Agnes se reencuentran con su padre ausente, un director de cine muy reconocido en el pasado que ha vuelto para ofrecer a Nora el papel principal de su próxima película. Aunque ella lo rechaza, Gustav decide seguir adelante y utilizar la casa familiar como escenario de su nuevo rodaje, lo que reaviva las tensiones entre ellos, especialmente tras la llegada de una joven actriz de Hollywood que acepta el papel en su lugar. El vínculo entre las hermanas se convertirá en su mayor refugio frente a las heridas del pasado."
ÁGUILAS DE EL CAIRO,Tarik Saleh,128,05,15:50,2026-03-24,Renoir Plaza de España,https://www.pillalas.com/pase/1060265/,https://www.cinesrenoir.com/pelicula/aguilas-de-el-cairo/,https://media.pillalas.com/imagenes/726afb526abffa8352548cf73e8a92c7f956872644b319e354995dea422ef81774899f3c.jpg,Árabe,No recomendada para menores de 16 años,Viernes 13 Marzo 2026,"Fares Fares, Lyna Khoudri, Cherien Dabis, Amr Waked, Zineb Triki, Sherwan Haji, Hesham Abdel Hamid, Ahmed Khairy, Hassan El Sayed, Kemal Mustafa","George Fahmy (Fares Fares) el actor más adorado de Egipto, se ve presionado a protagonizar una película encargada por las más altas autoridades egipcias. Aceptando a regañadientes, este papel será la puerta que le hará entrar en el selecto grupo de las personas más poderosas del país. Como una polilla atraída por la luz, comienza un romance con la misteriosa esposa del general que supervisa el proyecto."
ÁGUILAS DE EL CAIRO,Tarik Saleh,128,04,17:55,2026-03-24,Renoir Plaza de España,https://www.pillalas.com/pase/1060131/,https://www.cinesrenoir.com/pelicula/aguilas-de-el-cairo/,https://media.pillalas.com/imagenes/726afb526abffa8352548cf73e8a92c7f956872644b319e354995dea422ef81774899f3c.jpg,Árabe,No recomendada para menores de 16 años,Viernes 13 Marzo 2026,"Fares Fares, Lyna Khoudri, Cherien Dabis, Amr Waked, Zineb Triki, Sherwan Haji, Hesham Abdel Hamid, Ahmed Khairy, Hassan El Sayed, Kemal Mustafa","George Fahmy (Fares Fares) el actor más adorado de Egipto, se ve presionado a protagonizar una película encargada por las más altas autoridades egipcias. Aceptando a regañadientes, este papel será la puerta que le hará entrar en el selecto grupo de las personas más poderosas del país. Como una polilla atraída por la luz, comienza un romance con la misteriosa esposa del general que supervisa el proyecto."
ÁGUILAS DE EL CAIRO,Tarik Saleh,128,04,20:20,2026-03-24,Renoir Plaza de España,https://www.pillalas.com/pase/1060134/,https://www.cinesrenoir.com/pelicula/aguilas-de-el-cairo/,https://media.pillalas.com/imagenes/726afb526abffa8352548cf73e8a92c7f956872644b319e354995dea422ef81774899f3c.jpg,Árabe,No recomendada para menores de 16 años,Viernes 13 Marzo 2026,"Fares Fares, Lyna Khoudri, Cherien Dabis, Amr Waked, Zineb Triki, Sherwan Haji, Hesham Abdel Hamid, Ahmed Khairy, Hassan El Sayed, Kemal Mustafa","George Fahmy (Fares Fares) el actor más adorado de Egipto, se ve presionado a protagonizar una película encargada por las más altas autoridades egipcias. Aceptando a regañadientes, este papel será la puerta que le hará entrar en el selecto grupo de las personas más poderosas del país. Como una polilla atraída por la luz, comienza un romance con la misteriosa esposa del general que supervisa el proyecto."
AMARGA NAVIDAD,Pedro Almodóvar,111,01,16:05,2026-03-25,Renoir Plaza de España,https://www.pillalas.com/pase/1060090/,https://www.cinesrenoir.com/pelicula/amarga-navidad/,https://media.pillalas.com/imagenes/726afb526abffa83b60c45c3634993c0e9bd987d873c6c32a8009c3b4ee414d3a40e41c1.jpg,Castellano,No recomendada para menores de 12 años,Viernes 20 Marzo 2026,"Bárbara Lennie, Leonardo Sbaraglia, Aitana Sánchez-Gijón, Victoria Luengo, Patrick Criado, Milena Smit, Quim Gutiérrez, Rossy De Palma, Carmen Machi, Gloria Muñoz","Elsa es una directora de publicidad cuya madre muere durante un largo puente del mes de diciembre. Encuentra refugio en el trabajo, aunque es más bien una huida hacia adelante. Trabaja sin parar y, sin darse cuenta, no se concede el tiempo necesario para guardar el duelo por la ausencia materna. Hasta que una crisis de pánico la obliga a detenerse e imponerse un descanso. Su pareja, Bonifacio, es su tabla de salvación en esos momentos de crisis. Elsa decide viajar a la isla de Lanzarote acompañada por su amiga Patricia, que también necesita alejarse de Madrid, mientras que Bonifacio se queda en la ciudad.
La historia de estos tres personajes, y algunos más, se narran paralelamente a la del guionista y director de cine Raúl Durán, entremezclando ficción y realidad. Porque ‘Amarga Navidad’ desarrolla cómo la vida y la ficción están unidas de un modo indisoluble, incluso doloroso en ocasiones."
AMARGA NAVIDAD,Pedro Almodóvar,111,01,18:15,2026-03-25,Renoir Plaza de España,https://www.pillalas.com/pase/1060092/,https://www.cinesrenoir.com/pelicula/amarga-navidad/,https://media.pillalas.com/imagenes/726afb526abffa83b60c45c3634993c0e9bd987d873c6c32a8009c3b4ee414d3a40e41c1.jpg,Castellano,No recomendada para menores de 12 años,Viernes 20 Marzo 2026,"Bárbara Lennie, Leonardo Sbaraglia, Aitana Sánchez-Gijón, Victoria Luengo, Patrick Criado, Milena Smit, Quim Gutiérrez, Rossy De Palma, Carmen Machi, Gloria Muñoz","Elsa es una directora de publicidad cuya madre muere durante un largo puente del mes de diciembre. Encuentra refugio en el trabajo, aunque es más bien una huida hacia adelante. Trabaja sin parar y, sin darse cuenta, no se concede el tiempo necesario para guardar el duelo por la ausencia materna. Hasta que una crisis de pánico la obliga a detenerse e imponerse un descanso. Su pareja, Bonifacio, es su tabla de salvación en esos momentos de crisis. Elsa decide viajar a la isla de Lanzarote acompañada por su amiga Patricia, que también necesita alejarse de Madrid, mientras que Bonifacio se queda en la ciudad.
La historia de estos tres personajes, y algunos más, se narran paralelamente a la del guionista y director de cine Raúl Durán, entremezclando ficción y realidad. Porque ‘Amarga Navidad’ desarrolla cómo la vida y la ficción están unidas de un modo indisoluble, incluso doloroso en ocasiones."
AMARGA NAVIDAD,Pedro Almodóvar,111,01,20:25,2026-03-25,Renoir Plaza de España,https://www.pillalas.com/pase/1060093/,https://www.cinesrenoir.com/pelicula/amarga-navidad/,https://media.pillalas.com/imagenes/726afb526abffa83b60c45c3634993c0e9bd987d873c6c32a8009c3b4ee414d3a40e41c1.jpg,Castellano,No recomendada para menores de 12 años,Viernes 20 Marzo 2026,"Bárbara Lennie, Leonardo Sbaraglia, Aitana Sánchez-Gijón, Victoria Luengo, Patrick Criado, Milena Smit, Quim Gutiérrez, Rossy De Palma, Carmen Machi, Gloria Muñoz","Elsa es una directora de publicidad cuya madre muere durante un largo puente del mes de diciembre. Encuentra refugio en el trabajo, aunque es más bien una huida hacia adelante. Trabaja sin parar y, sin darse cuenta, no se concede el tiempo necesario para guardar el duelo por la ausencia materna. Hasta que una crisis de pánico la obliga a detenerse e imponerse un descanso. Su pareja, Bonifacio, es su tabla de salvación en esos momentos de crisis. Elsa decide viajar a la isla de Lanzarote acompañada por su amiga Patricia, que también necesita alejarse de Madrid, mientras que Bonifacio se queda en la ciudad.
La historia de estos tres personajes, y algunos más, se narran paralelamente a la del guionista y director de cine Raúl Durán, entremezclando ficción y realidad. Porque ‘Amarga Navidad’ desarrolla cómo la vida y la ficción están unidas de un modo indisoluble, incluso doloroso en ocasiones."
AMARGA NAVIDAD,Pedro Almodóvar,111,01,22:35,2026-03-25,Renoir Plaza de España,https://www.pillalas.com/pase/1060095/,https://www.cinesrenoir.com/pelicula/amarga-navidad/,https://media.pillalas.com/imagenes/726afb526abffa83b60c45c3634993c0e9bd987d873c6c32a8009c3b4ee414d3a40e41c1.jpg,Castellano,No recomendada para menores de 12 años,Viernes 20 Marzo 2026,"Bárbara Lennie, Leonardo Sbaraglia, Aitana Sánchez-Gijón, Victoria Luengo, Patrick Criado, Milena Smit, Quim Gutiérrez, Rossy De Palma, Carmen Machi, Gloria Muñoz","Elsa es una directora de publicidad cuya madre muere durante un largo puente del mes de diciembre. Encuentra refugio en el trabajo, aunque es más bien una huida hacia adelante. Trabaja sin parar y, sin darse cuenta, no se concede el tiempo necesario para guardar el duelo por la ausencia materna. Hasta que una crisis de pánico la obliga a detenerse e imponerse un descanso. Su pareja, Bonifacio, es su tabla de salvación en esos momentos de crisis. Elsa decide viajar a la isla de Lanzarote acompañada por su amiga Patricia, que también necesita alejarse de Madrid, mientras que Bonifacio se queda en la ciudad.
La historia de estos tres personajes, y algunos más, se narran paralelamente a la del guionista y director de cine Raúl Durán, entremezclando ficción y realidad. Porque ‘Amarga Navidad’ desarrolla cómo la vida y la ficción están unidas de un modo indisoluble, incluso doloroso en ocasiones."
EL ÚLTIMO VIKINGO,Anders Thomas Jensen,116,03,15:50,2026-03-25,Renoir Plaza de España,https://www.pillalas.com/pase/1060136/,https://www.cinesrenoir.com/pelicula/el-ultimo-vikingo/,https://media.pillalas.com/imagenes/726afb526abffa831071fdb7895dda5a8f5443f58bef959385371bd83d00b407e021267b.jpg,Danés,No recomendada para menores de 16 años,Viernes 6 Marzo 2026,"Mads Mikkelsen, Nikolaj Lie Kaas, Søren Malling, Sofie Gråbøl","Anker sale de prisión tras cumplir una condena de quince años por robo. El dinero del atraco fue enterrado por su hermano Manfred. Solo él sabe dónde está. Por desgracia, desde entonces Manfred ha desarrollado un trastorno mental que le ha hecho olvidarlo todo. Juntos, los hermanos emprenden un viaje inesperado para encontrar el dinero y descubrir quiénes son en realidad."
EL ÚLTIMO VIKINGO,Anders Thomas Jensen,116,03,18:00,2026-03-25,Renoir Plaza de España,https://www.pillalas.com/pase/1060139/,https://www.cinesrenoir.com/pelicula/el-ultimo-vikingo/,https://media.pillalas.com/imagenes/726afb526abffa831071fdb7895dda5a8f5443f58bef959385371bd83d00b407e021267b.jpg,Danés,No recomendada para menores de 16 años,Viernes 6 Marzo 2026,"Mads Mikkelsen, Nikolaj Lie Kaas, Søren Malling, Sofie Gråbøl","Anker sale de prisión tras cumplir una condena de quince años por robo. El dinero del atraco fue enterrado por su hermano Manfred. Solo él sabe dónde está. Por desgracia, desde entonces Manfred ha desarrollado un trastorno mental que le ha hecho olvidarlo todo. Juntos, los hermanos emprenden un viaje inesperado para encontrar el dinero y descubrir quiénes son en realidad."
EL ÚLTIMO VIKINGO,Anders Thomas Jensen,116,03,20:15,2026-03-25,Renoir Plaza de España,https://www.pillalas.com/pase/1060140/,https://www.cinesrenoir.com/pelicula/el-ultimo-vikingo/,https://media.pillalas.com/imagenes/726afb526abffa831071fdb7895dda5a8f5443f58bef959385371bd83d00b407e021267b.jpg,Danés,No recomendada para menores de 16 años,Viernes 6 Marzo 2026,"Mads Mikkelsen, Nikolaj Lie Kaas, Søren Malling, Sofie Gråbøl","Anker sale de prisión tras cumplir una condena de quince años por robo. El dinero del atraco fue enterrado por su hermano Manfred. Solo él sabe dónde está. Por desgracia, desde entonces Manfred ha desarrollado un trastorno mental que le ha hecho olvidarlo todo. Juntos, los hermanos emprenden un viaje inesperado para encontrar el dinero y descubrir quiénes son en realidad."
EL ÚLTIMO VIKINGO,Anders Thomas Jensen,116,05,22:45,2026-03-25,Renoir Plaza de España,https://www.pillalas.com/pase/1060273/,https://www.cinesrenoir.com/pelicula/el-ultimo-vikingo/,https://media.pillalas.com/imagenes/726afb526abffa831071fdb7895dda5a8f5443f58bef959385371bd83d00b407e021267b.jpg,Danés,No recomendada para menores de 16 años,Viernes 6 Marzo 2026,"Mads Mikkelsen, Nikolaj Lie Kaas, Søren Malling, Sofie Gråbøl","Anker sale de prisión tras cumplir una condena de quince años por robo. El dinero del atraco fue enterrado por su hermano Manfred. Solo él sabe dónde está. Por desgracia, desde entonces Manfred ha desarrollado un trastorno mental que le ha hecho olvidarlo todo. Juntos, los hermanos emprenden un viaje inesperado para encontrar el dinero y descubrir quiénes son en realidad."
LA CHICA ZURDA,Shih-Ching Tsou,108,02,16:00,2026-03-25,Renoir Plaza de España,https://www.pillalas.com/pase/1060089/,https://www.cinesrenoir.com/pelicula/la-chica-zurda/,https://media.pillalas.com/imagenes/726afb526abffa83e5ee5674d1ac0b73f39c1d9ebacca7f6a4c573d6423a82f140c7a520.jpg,Mandarín,No recomendada para menores de 12 años,Viernes 30 Enero 2026,"Shi-Yuan Ma, Janel Tsai, Nina Ye, Teng-Hui Huang, Akio Chen, Blaire Chang, Xin-Yan Chao","La pequeña I-Jing corretea con curiosidad por las calles de un mercado nocturno de Taipei, entre neones, motocicletas y toda clase de puestos de comida como el que regenta su madre, que trata de sacar adelante a la niña y a su hermana mayor."
LA TARTA DEL PRESIDENTE,Hasan Hadi,105,04,15:55,2026-03-25,Renoir Plaza de España,https://www.pillalas.com/pase/1060137/,https://www.cinesrenoir.com/pelicula/20260320050510-la-tarta-del-presidente/,https://media.pillalas.com/imagenes/726afb526abffa83eda64f8b418bec544f18146f6ca2869a88655e1df49985337de64299.jpg,Iraquí,No recomendada para menores de 12 años,Viernes 6 Febrero 2026,"Baneen Ahmad Nayyef, Waheed Thabet Khreibat, Sajad Mohamad Qasem, Muthanna Malaghi, Ahmad Qasem Saywan, Maytham Mreidi, Rahim Alhaj, Thaer Salem, Fatima Abouharoon","Irak, años noventa. La pequeña Lamia recibe la misión de preparar una tarta con motivo del cumpleaños del presidente Sadam Huseín. Acompañada por su amigo Saeed y con su gallo Hindi a cuestas, recorre Bagdad en busca de los ingredientes, viviendo una serie de peripecias que alterarán por completo su vida cotidiana."
NO HAY OTRA OPCIÓN,Park Chan-Wook,139,03,22:25,2026-03-25,Renoir Plaza de España,https://www.pillalas.com/pase/1060142/,https://www.cinesrenoir.com/pelicula/20260320050510-no-hay-otra-opcion/,https://media.pillalas.com/imagenes/726afb526abffa83bdeb4516e384b837092cce5cc6598f1dfd4dee91ff9227e1f484f775.jpg,Coreano,Pendiente de calificación,Viernes 13 Febrero 2026,"Lee Byung-Hun, Son Ye-Jin, Lee Sung-Min, Yeom Hye-Ran, Park Hee-Soon, Cha Seung-Won, Yoo Yeon-Seok","La historia sigue a un hombre de mediana edad llamado Man-su que se embarca decidido en una búsqueda de trabajo tras ser despedido inesperadamente de la compañía de papel en la que trabajó durante 25 años. ""Si no hay una vacante para mí, tendré que crear una para que me contraten. No hay otra opción"". Adaptación de la novela ""The Ax"" de Donald E. Westlake, que ya fue llevada al cine en la película ""Arcadia"", dirigida por Costa-Gavras en 2005."
ORWELL 2+2 = 5,Raoul Peck,119,05,18:15,2026-03-25,Renoir Plaza de España,https://www.pillalas.com/pase/1060271/,https://www.cinesrenoir.com/pelicula/orwell-22-5/,https://media.pillalas.com/imagenes/726afb526abffa83b83d4cc400c9761fa7472981f7fc060c0bd7e85b0217a3f74541294d.jpg,Inglés Y Otros,No recomendada para menores de 16 años,Viernes 27 Febrero 2026,Damian Lewis,"George Orwell fue uno de los autores más visionarios del siglo XX, cuyas novelas, 1984 y Rebelión en la granja, predijeron un futuro autoritario y escalofriante. El aclamado director Raoul Peck (I Am Not Your Negro) entrelaza clips, lecturas del diario de Orwell, referencias cinematográficas e imágenes actuales para crear no solo un retrato del escritor, sino también una nueva perspectiva sobre lo profética que se ha vuelto su obra."
ORWELL 2+2 = 5,Raoul Peck,119,05,20:30,2026-03-25,Renoir Plaza de España,https://www.pillalas.com/pase/1060272/,https://www.cinesrenoir.com/pelicula/orwell-22-5/,https://media.pillalas.com/imagenes/726afb526abffa83b83d4cc400c9761fa7472981f7fc060c0bd7e85b0217a3f74541294d.jpg,Inglés Y Otros,No recomendada para menores de 16 años,Viernes 27 Febrero 2026,Damian Lewis,"George Orwell fue uno de los autores más visionarios del siglo XX, cuyas novelas, 1984 y Rebelión en la granja, predijeron un futuro autoritario y escalofriante. El aclamado director Raoul Peck (I Am Not Your Negro) entrelaza clips, lecturas del diario de Orwell, referencias cinematográficas e imágenes actuales para crear no solo un retrato del escritor, sino también una nueva perspectiva sobre lo profética que se ha vuelto su obra."
ORWELL 2+2 = 5,Raoul Peck,119,04,22:45,2026-03-25,Renoir Plaza de España,https://www.pillalas.com/pase/1060274/,https://www.cinesrenoir.com/pelicula/orwell-22-5/,https://media.pillalas.com/imagenes/726afb526abffa83b83d4cc400c9761fa7472981f7fc060c0bd7e85b0217a3f74541294d.jpg,Inglés Y Otros,No recomendada para menores de 16 años,Viernes 27 Febrero 2026,Damian Lewis,"George Orwell fue uno de los autores más visionarios del siglo XX, cuyas novelas, 1984 y Rebelión en la granja, predijeron un futuro autoritario y escalofriante. El aclamado director Raoul Peck (I Am Not Your Negro) entrelaza clips, lecturas del diario de Orwell, referencias cinematográficas e imágenes actuales para crear no solo un retrato del escritor, sino también una nueva perspectiva sobre lo profética que se ha vuelto su obra."
VALOR SENTIMENTAL,Joachim Trier,133,02,18:05,2026-03-25,Renoir Plaza de España,https://www.pillalas.com/pase/1060091/,https://www.cinesrenoir.com/pelicula/valor-sentimental/,https://media.pillalas.com/imagenes/726afb526abffa83fe1b3adc6f8909539f80c9a958e909b641f78d7648edf8e1f62ca547.jpg,Noruego E Inglés,No recomendada para menores de 12 años,Viernes 5 Diciembre 2025,"Renate Reinsve, Stellan Skarsgård, Inga Ibsdotter Lilleaas, Elle Fanning, Anders Danielsen Lie, Jesper Christensen, Lena Endre, Cory Michael Smith, Catherine Cohen, Andreas Stoltenberg Granerud, Øyvind Hesjedal Loven, Lars Väringer, Ida Marianne Vassbotn Klasson, Vilde Søyland","Las hermanas Nora y Agnes se reencuentran con su padre ausente, un director de cine muy reconocido en el pasado que ha vuelto para ofrecer a Nora el papel principal de su próxima película. Aunque ella lo rechaza, Gustav decide seguir adelante y utilizar la casa familiar como escenario de su nuevo rodaje, lo que reaviva las tensiones entre ellos, especialmente tras la llegada de una joven actriz de Hollywood que acepta el papel en su lugar. El vínculo entre las hermanas se convertirá en su mayor refugio frente a las heridas del pasado."
VALOR SENTIMENTAL,Joachim Trier,133,02,20:40,2026-03-25,Renoir Plaza de España,https://www.pillalas.com/pase/1060094/,https://www.cinesrenoir.com/pelicula/valor-sentimental/,https://media.pillalas.com/imagenes/726afb526abffa83fe1b3adc6f8909539f80c9a958e909b641f78d7648edf8e1f62ca547.jpg,Noruego E Inglés,No recomendada para menores de 12 años,Viernes 5 Diciembre 2025,"Renate Reinsve, Stellan Skarsgård, Inga Ibsdotter Lilleaas, Elle Fanning, Anders Danielsen Lie, Jesper Christensen, Lena Endre, Cory Michael Smith, Catherine Cohen, Andreas Stoltenberg Granerud, Øyvind Hesjedal Loven, Lars Väringer, Ida Marianne Vassbotn Klasson, Vilde Søyland","Las hermanas Nora y Agnes se reencuentran con su padre ausente, un director de cine muy reconocido en el pasado que ha vuelto para ofrecer a Nora el papel principal de su próxima película. Aunque ella lo rechaza, Gustav decide seguir adelante y utilizar la casa familiar como escenario de su nuevo rodaje, lo que reaviva las tensiones entre ellos, especialmente tras la llegada de una joven actriz de Hollywood que acepta el papel en su lugar. El vínculo entre las hermanas se convertirá en su mayor refugio frente a las heridas del pasado."
ÁGUILAS DE EL CAIRO,Tarik Saleh,128,05,15:50,2026-03-25,Renoir Plaza de España,https://www.pillalas.com/pase/1060270/,https://www.cinesrenoir.com/pelicula/aguilas-de-el-cairo/,https://media.pillalas.com/imagenes/726afb526abffa8352548cf73e8a92c7f956872644b319e354995dea422ef81774899f3c.jpg,Árabe,No recomendada para menores de 16 años,Viernes 13 Marzo 2026,"Fares Fares, Lyna Khoudri, Cherien Dabis, Amr Waked, Zineb Triki, Sherwan Haji, Hesham Abdel Hamid, Ahmed Khairy, Hassan El Sayed, Kemal Mustafa","George Fahmy (Fares Fares) el actor más adorado de Egipto, se ve presionado a protagonizar una película encargada por las más altas autoridades egipcias. Aceptando a regañadientes, este papel será la puerta que le hará entrar en el selecto grupo de las personas más poderosas del país. Como una polilla atraída por la luz, comienza un romance con la misteriosa esposa del general que supervisa el proyecto."
ÁGUILAS DE EL CAIRO,Tarik Saleh,128,04,17:55,2026-03-25,Renoir Plaza de España,https://www.pillalas.com/pase/1060138/,https://www.cinesrenoir.com/pelicula/aguilas-de-el-cairo/,https://media.pillalas.com/imagenes/726afb526abffa8352548cf73e8a92c7f956872644b319e354995dea422ef81774899f3c.jpg,Árabe,No recomendada para menores de 16 años,Viernes 13 Marzo 2026,"Fares Fares, Lyna Khoudri, Cherien Dabis, Amr Waked, Zineb Triki, Sherwan Haji, Hesham Abdel Hamid, Ahmed Khairy, Hassan El Sayed, Kemal Mustafa","George Fahmy (Fares Fares) el actor más adorado de Egipto, se ve presionado a protagonizar una película encargada por las más altas autoridades egipcias. Aceptando a regañadientes, este papel será la puerta que le hará entrar en el selecto grupo de las personas más poderosas del país. Como una polilla atraída por la luz, comienza un romance con la misteriosa esposa del general que supervisa el proyecto."
ÁGUILAS DE EL CAIRO,Tarik Saleh,128,04,20:20,2026-03-25,Renoir Plaza de España,https://www.pillalas.com/pase/1060141/,https://www.cinesrenoir.com/pelicula/aguilas-de-el-cairo/,https://media.pillalas.com/imagenes/726afb526abffa8352548cf73e8a92c7f956872644b319e354995dea422ef81774899f3c.jpg,Árabe,No recomendada para menores de 16 años,Viernes 13 Marzo 2026,"Fares Fares, Lyna Khoudri, Cherien Dabis, Amr Waked, Zineb Triki, Sherwan Haji, Hesham Abdel Hamid, Ahmed Khairy, Hassan El Sayed, Kemal Mustafa","George Fahmy (Fares Fares) el actor más adorado de Egipto, se ve presionado a protagonizar una película encargada por las más altas autoridades egipcias. Aceptando a regañadientes, este papel será la puerta que le hará entrar en el selecto grupo de las personas más poderosas del país. Como una polilla atraída por la luz, comienza un romance con la misteriosa esposa del general que supervisa el proyecto."
AMARGA NAVIDAD,Pedro Almodóvar,111,04,16:05,2026-03-26,Renoir Plaza de España,https://www.pillalas.com/pase/1060276/,https://www.cinesrenoir.com/pelicula/amarga-navidad/,https://media.pillalas.com/imagenes/726afb526abffa83b60c45c3634993c0e9bd987d873c6c32a8009c3b4ee414d3a40e41c1.jpg,Castellano,No recomendada para menores de 12 años,Viernes 20 Marzo 2026,"Bárbara Lennie, Leonardo Sbaraglia, Aitana Sánchez-Gijón, Victoria Luengo, Patrick Criado, Milena Smit, Quim Gutiérrez, Rossy De Palma, Carmen Machi, Gloria Muñoz","Elsa es una directora de publicidad cuya madre muere durante un largo puente del mes de diciembre. Encuentra refugio en el trabajo, aunque es más bien una huida hacia adelante. Trabaja sin parar y, sin darse cuenta, no se concede el tiempo necesario para guardar el duelo por la ausencia materna. Hasta que una crisis de pánico la obliga a detenerse e imponerse un descanso. Su pareja, Bonifacio, es su tabla de salvación en esos momentos de crisis. Elsa decide viajar a la isla de Lanzarote acompañada por su amiga Patricia, que también necesita alejarse de Madrid, mientras que Bonifacio se queda en la ciudad.
La historia de estos tres personajes, y algunos más, se narran paralelamente a la del guionista y director de cine Raúl Durán, entremezclando ficción y realidad. Porque ‘Amarga Navidad’ desarrolla cómo la vida y la ficción están unidas de un modo indisoluble, incluso doloroso en ocasiones."
AMARGA NAVIDAD,Pedro Almodóvar,111,04,18:15,2026-03-26,Renoir Plaza de España,https://www.pillalas.com/pase/1060277/,https://www.cinesrenoir.com/pelicula/amarga-navidad/,https://media.pillalas.com/imagenes/726afb526abffa83b60c45c3634993c0e9bd987d873c6c32a8009c3b4ee414d3a40e41c1.jpg,Castellano,No recomendada para menores de 12 años,Viernes 20 Marzo 2026,"Bárbara Lennie, Leonardo Sbaraglia, Aitana Sánchez-Gijón, Victoria Luengo, Patrick Criado, Milena Smit, Quim Gutiérrez, Rossy De Palma, Carmen Machi, Gloria Muñoz","Elsa es una directora de publicidad cuya madre muere durante un largo puente del mes de diciembre. Encuentra refugio en el trabajo, aunque es más bien una huida hacia adelante. Trabaja sin parar y, sin darse cuenta, no se concede el tiempo necesario para guardar el duelo por la ausencia materna. Hasta que una crisis de pánico la obliga a detenerse e imponerse un descanso. Su pareja, Bonifacio, es su tabla de salvación en esos momentos de crisis. Elsa decide viajar a la isla de Lanzarote acompañada por su amiga Patricia, que también necesita alejarse de Madrid, mientras que Bonifacio se queda en la ciudad.
La historia de estos tres personajes, y algunos más, se narran paralelamente a la del guionista y director de cine Raúl Durán, entremezclando ficción y realidad. Porque ‘Amarga Navidad’ desarrolla cómo la vida y la ficción están unidas de un modo indisoluble, incluso doloroso en ocasiones."
AMARGA NAVIDAD,Pedro Almodóvar,111,04,20:25,2026-03-26,Renoir Plaza de España,https://www.pillalas.com/pase/1060279/,https://www.cinesrenoir.com/pelicula/amarga-navidad/,https://media.pillalas.com/imagenes/726afb526abffa83b60c45c3634993c0e9bd987d873c6c32a8009c3b4ee414d3a40e41c1.jpg,Castellano,No recomendada para menores de 12 años,Viernes 20 Marzo 2026,"Bárbara Lennie, Leonardo Sbaraglia, Aitana Sánchez-Gijón, Victoria Luengo, Patrick Criado, Milena Smit, Quim Gutiérrez, Rossy De Palma, Carmen Machi, Gloria Muñoz","Elsa es una directora de publicidad cuya madre muere durante un largo puente del mes de diciembre. Encuentra refugio en el trabajo, aunque es más bien una huida hacia adelante. Trabaja sin parar y, sin darse cuenta, no se concede el tiempo necesario para guardar el duelo por la ausencia materna. Hasta que una crisis de pánico la obliga a detenerse e imponerse un descanso. Su pareja, Bonifacio, es su tabla de salvación en esos momentos de crisis. Elsa decide viajar a la isla de Lanzarote acompañada por su amiga Patricia, que también necesita alejarse de Madrid, mientras que Bonifacio se queda en la ciudad.
La historia de estos tres personajes, y algunos más, se narran paralelamente a la del guionista y director de cine Raúl Durán, entremezclando ficción y realidad. Porque ‘Amarga Navidad’ desarrolla cómo la vida y la ficción están unidas de un modo indisoluble, incluso doloroso en ocasiones."
AMARGA NAVIDAD,Pedro Almodóvar,111,04,22:35,2026-03-26,Renoir Plaza de España,https://www.pillalas.com/pase/1060281/,https://www.cinesrenoir.com/pelicula/amarga-navidad/,https://media.pillalas.com/imagenes/726afb526abffa83b60c45c3634993c0e9bd987d873c6c32a8009c3b4ee414d3a40e41c1.jpg,Castellano,No recomendada para menores de 12 años,Viernes 20 Marzo 2026,"Bárbara Lennie, Leonardo Sbaraglia, Aitana Sánchez-Gijón, Victoria Luengo, Patrick Criado, Milena Smit, Quim Gutiérrez, Rossy De Palma, Carmen Machi, Gloria Muñoz","Elsa es una directora de publicidad cuya madre muere durante un largo puente del mes de diciembre. Encuentra refugio en el trabajo, aunque es más bien una huida hacia adelante. Trabaja sin parar y, sin darse cuenta, no se concede el tiempo necesario para guardar el duelo por la ausencia materna. Hasta que una crisis de pánico la obliga a detenerse e imponerse un descanso. Su pareja, Bonifacio, es su tabla de salvación en esos momentos de crisis. Elsa decide viajar a la isla de Lanzarote acompañada por su amiga Patricia, que también necesita alejarse de Madrid, mientras que Bonifacio se queda en la ciudad.
La historia de estos tres personajes, y algunos más, se narran paralelamente a la del guionista y director de cine Raúl Durán, entremezclando ficción y realidad. Porque ‘Amarga Navidad’ desarrolla cómo la vida y la ficción están unidas de un modo indisoluble, incluso doloroso en ocasiones."
CALLE MÁLAGA [PROYECTO VIRIDIANA],Maryam Touzani,116,01,19:00,2026-03-26,Renoir Plaza de España,https://www.pillalas.com/pase/1059936/,https://www.cinesrenoir.com/pelicula/calle-malaga-proyecto-viridiana/,https://media.pillalas.com/imagenes/726afb526abffa83a808158769040264cbe9dd97fefd84c1f09e54b47ca6de7a0c7840de.jpg,Castellano,No recomendada para menores de 12 años,Jueves 26 Marzo 2026,"Carmen Maura, Marta Etura, Ahmed Boulane, María Alfonsa Rosso, Sanae Regragui, Miguel Garcés","María Ángeles (Carmen Maura), una española de 79 años que vive sola en Tánger, en el norte de Marruecos, disfruta de su ciudad y de su día a día. Su vida da un giro cuando su hija Clara (Marta Etura) llega desde Madrid para vender el apartamento en el que siempre ha vivido. Decidida a quedarse en la ciudad que la vio crecer, hará todo lo posible para mantener su hogar y recuperar los objetos de toda una vida. Por el camino, redescubre, contra todo pronóstico, el amor y el deseo."
EL ÚLTIMO VIKINGO,Anders Thomas Jensen,116,03,15:50,2026-03-26,Renoir Plaza de España,https://www.pillalas.com/pase/1060143/,https://www.cinesrenoir.com/pelicula/el-ultimo-vikingo/,https://media.pillalas.com/imagenes/726afb526abffa831071fdb7895dda5a8f5443f58bef959385371bd83d00b407e021267b.jpg,Danés,No recomendada para menores de 16 años,Viernes 6 Marzo 2026,"Mads Mikkelsen, Nikolaj Lie Kaas, Søren Malling, Sofie Gråbøl","Anker sale de prisión tras cumplir una condena de quince años por robo. El dinero del atraco fue enterrado por su hermano Manfred. Solo él sabe dónde está. Por desgracia, desde entonces Manfred ha desarrollado un trastorno mental que le ha hecho olvidarlo todo. Juntos, los hermanos emprenden un viaje inesperado para encontrar el dinero y descubrir quiénes son en realidad."
EL ÚLTIMO VIKINGO,Anders Thomas Jensen,116,03,18:00,2026-03-26,Renoir Plaza de España,https://www.pillalas.com/pase/1060144/,https://www.cinesrenoir.com/pelicula/el-ultimo-vikingo/,https://media.pillalas.com/imagenes/726afb526abffa831071fdb7895dda5a8f5443f58bef959385371bd83d00b407e021267b.jpg,Danés,No recomendada para menores de 16 años,Viernes 6 Marzo 2026,"Mads Mikkelsen, Nikolaj Lie Kaas, Søren Malling, Sofie Gråbøl","Anker sale de prisión tras cumplir una condena de quince años por robo. El dinero del atraco fue enterrado por su hermano Manfred. Solo él sabe dónde está. Por desgracia, desde entonces Manfred ha desarrollado un trastorno mental que le ha hecho olvidarlo todo. Juntos, los hermanos emprenden un viaje inesperado para encontrar el dinero y descubrir quiénes son en realidad."
EL ÚLTIMO VIKINGO,Anders Thomas Jensen,116,03,20:15,2026-03-26,Renoir Plaza de España,https://www.pillalas.com/pase/1060145/,https://www.cinesrenoir.com/pelicula/el-ultimo-vikingo/,https://media.pillalas.com/imagenes/726afb526abffa831071fdb7895dda5a8f5443f58bef959385371bd83d00b407e021267b.jpg,Danés,No recomendada para menores de 16 años,Viernes 6 Marzo 2026,"Mads Mikkelsen, Nikolaj Lie Kaas, Søren Malling, Sofie Gråbøl","Anker sale de prisión tras cumplir una condena de quince años por robo. El dinero del atraco fue enterrado por su hermano Manfred. Solo él sabe dónde está. Por desgracia, desde entonces Manfred ha desarrollado un trastorno mental que le ha hecho olvidarlo todo. Juntos, los hermanos emprenden un viaje inesperado para encontrar el dinero y descubrir quiénes son en realidad."
EL ÚLTIMO VIKINGO,Anders Thomas Jensen,116,05,22:45,2026-03-26,Renoir Plaza de España,https://www.pillalas.com/pase/1060282/,https://www.cinesrenoir.com/pelicula/el-ultimo-vikingo/,https://media.pillalas.com/imagenes/726afb526abffa831071fdb7895dda5a8f5443f58bef959385371bd83d00b407e021267b.jpg,Danés,No recomendada para menores de 16 años,Viernes 6 Marzo 2026,"Mads Mikkelsen, Nikolaj Lie Kaas, Søren Malling, Sofie Gråbøl","Anker sale de prisión tras cumplir una condena de quince años por robo. El dinero del atraco fue enterrado por su hermano Manfred. Solo él sabe dónde está. Por desgracia, desde entonces Manfred ha desarrollado un trastorno mental que le ha hecho olvidarlo todo. Juntos, los hermanos emprenden un viaje inesperado para encontrar el dinero y descubrir quiénes son en realidad."
LA CHICA ZURDA,Shih-Ching Tsou,108,02,16:00,2026-03-26,Renoir Plaza de España,https://www.pillalas.com/pase/1060097/,https://www.cinesrenoir.com/pelicula/la-chica-zurda/,https://media.pillalas.com/imagenes/726afb526abffa83e5ee5674d1ac0b73f39c1d9ebacca7f6a4c573d6423a82f140c7a520.jpg,Mandarín,No recomendada para menores de 12 años,Viernes 30 Enero 2026,"Shi-Yuan Ma, Janel Tsai, Nina Ye, Teng-Hui Huang, Akio Chen, Blaire Chang, Xin-Yan Chao","La pequeña I-Jing corretea con curiosidad por las calles de un mercado nocturno de Taipei, entre neones, motocicletas y toda clase de puestos de comida como el que regenta su madre, que trata de sacar adelante a la niña y a su hermana mayor."
LA TARTA DEL PRESIDENTE,Hasan Hadi,105,01,15:55,2026-03-26,Renoir Plaza de España,https://www.pillalas.com/pase/1060096/,https://www.cinesrenoir.com/pelicula/20260320050510-la-tarta-del-presidente/,https://media.pillalas.com/imagenes/726afb526abffa83eda64f8b418bec544f18146f6ca2869a88655e1df49985337de64299.jpg,Iraquí,No recomendada para menores de 12 años,Viernes 6 Febrero 2026,"Baneen Ahmad Nayyef, Waheed Thabet Khreibat, Sajad Mohamad Qasem, Muthanna Malaghi, Ahmad Qasem Saywan, Maytham Mreidi, Rahim Alhaj, Thaer Salem, Fatima Abouharoon","Irak, años noventa. La pequeña Lamia recibe la misión de preparar una tarta con motivo del cumpleaños del presidente Sadam Huseín. Acompañada por su amigo Saeed y con su gallo Hindi a cuestas, recorre Bagdad en busca de los ingredientes, viviendo una serie de peripecias que alterarán por completo su vida cotidiana."
NO HAY OTRA OPCIÓN,Park Chan-Wook,139,03,22:25,2026-03-26,Renoir Plaza de España,https://www.pillalas.com/pase/1060146/,https://www.cinesrenoir.com/pelicula/20260320050510-no-hay-otra-opcion/,https://media.pillalas.com/imagenes/726afb526abffa83bdeb4516e384b837092cce5cc6598f1dfd4dee91ff9227e1f484f775.jpg,Coreano,Pendiente de calificación,Viernes 13 Febrero 2026,"Lee Byung-Hun, Son Ye-Jin, Lee Sung-Min, Yeom Hye-Ran, Park Hee-Soon, Cha Seung-Won, Yoo Yeon-Seok","La historia sigue a un hombre de mediana edad llamado Man-su que se embarca decidido en una búsqueda de trabajo tras ser despedido inesperadamente de la compañía de papel en la que trabajó durante 25 años. ""Si no hay una vacante para mí, tendré que crear una para que me contraten. No hay otra opción"". Adaptación de la novela ""The Ax"" de Donald E. Westlake, que ya fue llevada al cine en la película ""Arcadia"", dirigida por Costa-Gavras en 2005."
ORWELL 2+2 = 5,Raoul Peck,119,05,18:15,2026-03-26,Renoir Plaza de España,https://www.pillalas.com/pase/1060278/,https://www.cinesrenoir.com/pelicula/orwell-22-5/,https://media.pillalas.com/imagenes/726afb526abffa83b83d4cc400c9761fa7472981f7fc060c0bd7e85b0217a3f74541294d.jpg,Inglés Y Otros,No recomendada para menores de 16 años,Viernes 27 Febrero 2026,Damian Lewis,"George Orwell fue uno de los autores más visionarios del siglo XX, cuyas novelas, 1984 y Rebelión en la granja, predijeron un futuro autoritario y escalofriante. El aclamado director Raoul Peck (I Am Not Your Negro) entrelaza clips, lecturas del diario de Orwell, referencias cinematográficas e imágenes actuales para crear no solo un retrato del escritor, sino también una nueva perspectiva sobre lo profética que se ha vuelto su obra."
ORWELL 2+2 = 5,Raoul Peck,119,05,20:30,2026-03-26,Renoir Plaza de España,https://www.pillalas.com/pase/1060280/,https://www.cinesrenoir.com/pelicula/orwell-22-5/,https://media.pillalas.com/imagenes/726afb526abffa83b83d4cc400c9761fa7472981f7fc060c0bd7e85b0217a3f74541294d.jpg,Inglés Y Otros,No recomendada para menores de 16 años,Viernes 27 Febrero 2026,Damian Lewis,"George Orwell fue uno de los autores más visionarios del siglo XX, cuyas novelas, 1984 y Rebelión en la granja, predijeron un futuro autoritario y escalofriante. El aclamado director Raoul Peck (I Am Not Your Negro) entrelaza clips, lecturas del diario de Orwell, referencias cinematográficas e imágenes actuales para crear no solo un retrato del escritor, sino también una nueva perspectiva sobre lo profética que se ha vuelto su obra."
ORWELL 2+2 = 5,Raoul Peck,119,01,22:45,2026-03-26,Renoir Plaza de España,https://www.pillalas.com/pase/1060100/,https://www.cinesrenoir.com/pelicula/orwell-22-5/,https://media.pillalas.com/imagenes/726afb526abffa83b83d4cc400c9761fa7472981f7fc060c0bd7e85b0217a3f74541294d.jpg,Inglés Y Otros,No recomendada para menores de 16 años,Viernes 27 Febrero 2026,Damian Lewis,"George Orwell fue uno de los autores más visionarios del siglo XX, cuyas novelas, 1984 y Rebelión en la granja, predijeron un futuro autoritario y escalofriante. El aclamado director Raoul Peck (I Am Not Your Negro) entrelaza clips, lecturas del diario de Orwell, referencias cinematográficas e imágenes actuales para crear no solo un retrato del escritor, sino también una nueva perspectiva sobre lo profética que se ha vuelto su obra."
VALOR SENTIMENTAL,Joachim Trier,133,02,18:05,2026-03-26,Renoir Plaza de España,https://www.pillalas.com/pase/1060098/,https://www.cinesrenoir.com/pelicula/valor-sentimental/,https://media.pillalas.com/imagenes/726afb526abffa83fe1b3adc6f8909539f80c9a958e909b641f78d7648edf8e1f62ca547.jpg,Noruego E Inglés,No recomendada para menores de 12 años,Viernes 5 Diciembre 2025,"Renate Reinsve, Stellan Skarsgård, Inga Ibsdotter Lilleaas, Elle Fanning, Anders Danielsen Lie, Jesper Christensen, Lena Endre, Cory Michael Smith, Catherine Cohen, Andreas Stoltenberg Granerud, Øyvind Hesjedal Loven, Lars Väringer, Ida Marianne Vassbotn Klasson, Vilde Søyland","Las hermanas Nora y Agnes se reencuentran con su padre ausente, un director de cine muy reconocido en el pasado que ha vuelto para ofrecer a Nora el papel principal de su próxima película. Aunque ella lo rechaza, Gustav decide seguir adelante y utilizar la casa familiar como escenario de su nuevo rodaje, lo que reaviva las tensiones entre ellos, especialmente tras la llegada de una joven actriz de Hollywood que acepta el papel en su lugar. El vínculo entre las hermanas se convertirá en su mayor refugio frente a las heridas del pasado."
VALOR SENTIMENTAL,Joachim Trier,133,02,20:40,2026-03-26,Renoir Plaza de España,https://www.pillalas.com/pase/1060099/,https://www.cinesrenoir.com/pelicula/valor-sentimental/,https://media.pillalas.com/imagenes/726afb526abffa83fe1b3adc6f8909539f80c9a958e909b641f78d7648edf8e1f62ca547.jpg,Noruego E Inglés,No recomendada para menores de 12 años,Viernes 5 Diciembre 2025,"Renate Reinsve, Stellan Skarsgård, Inga Ibsdotter Lilleaas, Elle Fanning, Anders Danielsen Lie, Jesper Christensen, Lena Endre, Cory Michael Smith, Catherine Cohen, Andreas Stoltenberg Granerud, Øyvind Hesjedal Loven, Lars Väringer, Ida Marianne Vassbotn Klasson, Vilde Søyland","Las hermanas Nora y Agnes se reencuentran con su padre ausente, un director de cine muy reconocido en el pasado que ha vuelto para ofrecer a Nora el papel principal de su próxima película. Aunque ella lo rechaza, Gustav decide seguir adelante y utilizar la casa familiar como escenario de su nuevo rodaje, lo que reaviva las tensiones entre ellos, especialmente tras la llegada de una joven actriz de Hollywood que acepta el papel en su lugar. El vínculo entre las hermanas se convertirá en su mayor refugio frente a las heridas del pasado."
ÁGUILAS DE EL CAIRO,Tarik Saleh,128,05,15:50,2026-03-26,Renoir Plaza de España,https://www.pillalas.com/pase/1060275/,https://www.cinesrenoir.com/pelicula/aguilas-de-el-cairo/,https://media.pillalas.com/imagenes/726afb526abffa8352548cf73e8a92c7f956872644b319e354995dea422ef81774899f3c.jpg,Árabe,No recomendada para menores de 16 años,Viernes 13 Marzo 2026,"Fares Fares, Lyna Khoudri, Cherien Dabis, Amr Waked, Zineb Triki, Sherwan Haji, Hesham Abdel Hamid, Ahmed Khairy, Hassan El Sayed, Kemal Mustafa","George Fahmy (Fares Fares) el actor más adorado de Egipto, se ve presionado a protagonizar una película encargada por las más altas autoridades egipcias. Aceptando a regañadientes, este papel será la puerta que le hará entrar en el selecto grupo de las personas más poderosas del país. Como una polilla atraída por la luz, comienza un romance con la misteriosa esposa del general que supervisa el proyecto."
