Pelicula,Director,Duración,Sala,Horario,Fecha,Cine,Tickets_URL,Film_URL,Poster_URL,Idioma_Original,Calificación,Estreno,Intérpretes,Sinopsis
AMARGA NAVIDAD,Pedro Almodóvar,111,01,16:00,2026-06-25,Renoir Princesa,https://www.pillalas.com/pase/1074828/,https://www.cinesrenoir.com/pelicula/amarga-navidad/,https://media.pillalas.com/imagenes/726afb526abffa83b60c45c3634993c0e9bd987d873c6c32a8009c3b4ee414d3a40e41c1.jpg,,,,,
BACKROOMS,Kane Parsons,110,10,15:50,2026-06-25,Renoir Princesa,https://www.pillalas.com/pase/1075025/,https://www.cinesrenoir.com/pelicula/backrooms/,https://media.pillalas.com/imagenes/726afb526abffa83186becfb5f5e9996a19758e2af6f41d33fc78627a975c1013a9e6c45.jpg,,,,,
BACKROOMS,Kane Parsons,110,10,18:00,2026-06-25,Renoir Princesa,https://www.pillalas.com/pase/1075030/,https://www.cinesrenoir.com/pelicula/backrooms/,https://media.pillalas.com/imagenes/726afb526abffa83186becfb5f5e9996a19758e2af6f41d33fc78627a975c1013a9e6c45.jpg,,,,,
BACKROOMS,Kane Parsons,110,10,20:10,2026-06-25,Renoir Princesa,https://www.pillalas.com/pase/1075033/,https://www.cinesrenoir.com/pelicula/backrooms/,https://media.pillalas.com/imagenes/726afb526abffa83186becfb5f5e9996a19758e2af6f41d33fc78627a975c1013a9e6c45.jpg,,,,,
BACKROOMS,Kane Parsons,110,10,22:15,2026-06-25,Renoir Princesa,https://www.pillalas.com/pase/1075036/,https://www.cinesrenoir.com/pelicula/backrooms/,https://media.pillalas.com/imagenes/726afb526abffa83186becfb5f5e9996a19758e2af6f41d33fc78627a975c1013a9e6c45.jpg,,,,,
DREAMS,Michel Franco,98,02,16:10,2026-06-25,Renoir Princesa,https://www.pillalas.com/pase/1074829/,https://www.cinesrenoir.com/pelicula/dreams/,https://media.pillalas.com/imagenes/726afb526abffa83f2fcec14080faa1f92861ad737cbaef71a9e19333a81d741027ad62e.jpg,,,,,
DREAMS,Michel Franco,98,02,18:10,2026-06-25,Renoir Princesa,https://www.pillalas.com/pase/1074831/,https://www.cinesrenoir.com/pelicula/dreams/,https://media.pillalas.com/imagenes/726afb526abffa83f2fcec14080faa1f92861ad737cbaef71a9e19333a81d741027ad62e.jpg,,,,,
DREAMS,Michel Franco,98,02,20:10,2026-06-25,Renoir Princesa,https://www.pillalas.com/pase/1074833/,https://www.cinesrenoir.com/pelicula/dreams/,https://media.pillalas.com/imagenes/726afb526abffa83f2fcec14080faa1f92861ad737cbaef71a9e19333a81d741027ad62e.jpg,,,,,
DREAMS,Michel Franco,98,02,22:10,2026-06-25,Renoir Princesa,https://www.pillalas.com/pase/1074836/,https://www.cinesrenoir.com/pelicula/dreams/,https://media.pillalas.com/imagenes/726afb526abffa83f2fcec14080faa1f92861ad737cbaef71a9e19333a81d741027ad62e.jpg,,,,,
EL DIABLO VISTE DE PRADA 2,David Frankel,120,03,16:00,2026-06-25,Renoir Princesa,https://www.pillalas.com/pase/1074827/,https://www.cinesrenoir.com/pelicula/el-diablo-viste-de-prada-2/,https://media.pillalas.com/imagenes/726afb526abffa83fece47511eb70b9e1b6e404173ddb3c32d8258561fd54681cee1e0d8.jpg,,,,,
EL DIABLO VISTE DE PRADA 2,David Frankel,120,03,18:15,2026-06-25,Renoir Princesa,https://www.pillalas.com/pase/1074832/,https://www.cinesrenoir.com/pelicula/el-diablo-viste-de-prada-2/,https://media.pillalas.com/imagenes/726afb526abffa83fece47511eb70b9e1b6e404173ddb3c32d8258561fd54681cee1e0d8.jpg,,,,,
EL DRAMA,Kristoffer Borgli,106,11,16:10,2026-06-25,Renoir Princesa,https://www.pillalas.com/pase/1075027/,https://www.cinesrenoir.com/pelicula/el-drama/,https://media.pillalas.com/imagenes/726afb526abffa833c26769a2d0f648f239a18f56e93a09c45c7c77c2bf1a8ee48c54930.jpg,,,,,
EL DRAMA,Kristoffer Borgli,106,11,18:15,2026-06-25,Renoir Princesa,https://www.pillalas.com/pase/1075031/,https://www.cinesrenoir.com/pelicula/el-drama/,https://media.pillalas.com/imagenes/726afb526abffa833c26769a2d0f648f239a18f56e93a09c45c7c77c2bf1a8ee48c54930.jpg,,,,,
EL DRAMA,Kristoffer Borgli,106,11,20:20,2026-06-25,Renoir Princesa,https://www.pillalas.com/pase/1075034/,https://www.cinesrenoir.com/pelicula/el-drama/,https://media.pillalas.com/imagenes/726afb526abffa833c26769a2d0f648f239a18f56e93a09c45c7c77c2bf1a8ee48c54930.jpg,,,,,
EL DRAMA,Kristoffer Borgli,106,11,22:20,2026-06-25,Renoir Princesa,https://www.pillalas.com/pase/1075037/,https://www.cinesrenoir.com/pelicula/el-drama/,https://media.pillalas.com/imagenes/726afb526abffa833c26769a2d0f648f239a18f56e93a09c45c7c77c2bf1a8ee48c54930.jpg,,,,,
EL DÍA DE LA REVELACIÓN,Steven Spielberg,145,09,16:10,2026-06-25,Renoir Princesa,https://www.pillalas.com/pase/1074930/,https://www.cinesrenoir.com/pelicula/el-dia-de-la-revelacion/,https://media.pillalas.com/imagenes/726afb526abffa8309e287b6a9937a9056794979929b0d994d7cb0244506ea87665540d6.jpg,,,,,
EL DÍA DE LA REVELACIÓN,Steven Spielberg,145,04,17:45,2026-06-25,Renoir Princesa,https://www.pillalas.com/pase/1074931/,https://www.cinesrenoir.com/pelicula/el-dia-de-la-revelacion/,https://media.pillalas.com/imagenes/726afb526abffa8309e287b6a9937a9056794979929b0d994d7cb0244506ea87665540d6.jpg,,,,,
EL DÍA DE LA REVELACIÓN,Steven Spielberg,145,09,18:50,2026-06-25,Renoir Princesa,https://www.pillalas.com/pase/1074934/,https://www.cinesrenoir.com/pelicula/el-dia-de-la-revelacion/,https://media.pillalas.com/imagenes/726afb526abffa8309e287b6a9937a9056794979929b0d994d7cb0244506ea87665540d6.jpg,,,,,
EL DÍA DE LA REVELACIÓN,Steven Spielberg,145,04,20:30,2026-06-25,Renoir Princesa,https://www.pillalas.com/pase/1074937/,https://www.cinesrenoir.com/pelicula/el-dia-de-la-revelacion/,https://media.pillalas.com/imagenes/726afb526abffa8309e287b6a9937a9056794979929b0d994d7cb0244506ea87665540d6.jpg,,,,,
EL DÍA DE LA REVELACIÓN,Steven Spielberg,145,09,21:45,2026-06-25,Renoir Princesa,https://www.pillalas.com/pase/1074938/,https://www.cinesrenoir.com/pelicula/el-dia-de-la-revelacion/,https://media.pillalas.com/imagenes/726afb526abffa8309e287b6a9937a9056794979929b0d994d7cb0244506ea87665540d6.jpg,,,,,
"ELEONORA DUSE, LA DIVINA",Pietro Marcello,125,01,18:05,2026-06-25,Renoir Princesa,https://www.pillalas.com/pase/1074830/,https://www.cinesrenoir.com/pelicula/eleonora-duse-la-divina/,https://media.pillalas.com/imagenes/726afb526abffa839eaf1e1a7ed45f54c006c7c755d2272e7c755858cfb6b8197b37ea1b.jpg,,,,,
IVÁN & HADOUM,Ian De La Rosa,102,05,18:05,2026-06-25,Renoir Princesa,https://www.pillalas.com/pase/1074932/,https://www.cinesrenoir.com/pelicula/ivan-hadoum/,https://media.pillalas.com/imagenes/726afb526abffa8326bede591d65a0a05614413c65e22d33a7646ea62287c86c1d67734c.jpg,,,,,
IVÁN & HADOUM,Ian De La Rosa,102,05,22:15,2026-06-25,Renoir Princesa,https://www.pillalas.com/pase/1074940/,https://www.cinesrenoir.com/pelicula/ivan-hadoum/,https://media.pillalas.com/imagenes/726afb526abffa8326bede591d65a0a05614413c65e22d33a7646ea62287c86c1d67734c.jpg,,,,,
LA LUZ,Fernando Franco,120,07,15:50,2026-06-25,Renoir Princesa,https://www.pillalas.com/pase/1074928/,https://www.cinesrenoir.com/pelicula/la-luz/,https://media.pillalas.com/imagenes/726afb526abffa8317677ca937a736c27e9f6bb2a52b26d33997b3aaabb603e6e12a45f0.jpg,,,,,
LA LUZ,Fernando Franco,120,06,17:50,2026-06-25,Renoir Princesa,https://www.pillalas.com/pase/1075029/,https://www.cinesrenoir.com/pelicula/la-luz/,https://media.pillalas.com/imagenes/726afb526abffa8317677ca937a736c27e9f6bb2a52b26d33997b3aaabb603e6e12a45f0.jpg,,,,,
LA LUZ,Fernando Franco,120,07,22:05,2026-06-25,Renoir Princesa,https://www.pillalas.com/pase/1074939/,https://www.cinesrenoir.com/pelicula/la-luz/,https://media.pillalas.com/imagenes/726afb526abffa8317677ca937a736c27e9f6bb2a52b26d33997b3aaabb603e6e12a45f0.jpg,,,,,
LA MEMORIA DE LAS MARIPOSAS,Marta Viña,75,08,16:10,2026-06-25,Renoir Princesa,https://www.pillalas.com/pase/1075026/,https://www.cinesrenoir.com/pelicula/la-memoria-de-las-mariposas/,https://www.cinesrenoir.com/media/Peliculas/Cartel/LaMemoria_poster_espa%C3%B1ol_DEFINITIVO_mayo2026_1.jpg,,,,,
LA MUERTE DE ROBIN HOOD [WILDER CINEMA],Michael Sarnoski,123,06,20:00,2026-06-25,Renoir Princesa,https://www.pillalas.com/pase/1073164/,https://www.cinesrenoir.com/pelicula/la-muerte-de-robin-hood-wilder-cinema/,https://media.pillalas.com/imagenes/726afb526abffa8336f9165f1f10ab196cee68c376210caa1c4ac2b603badf63cde48194.jpg,,,,,
MICHAEL,Antoine Fuqua,127,03,20:35,2026-06-25,Renoir Princesa,https://www.pillalas.com/pase/1074835/,https://www.cinesrenoir.com/pelicula/michael/,https://media.pillalas.com/imagenes/726afb526abffa83f7b5a6112d3c54b109dff7bf62264b5f36e2b71bf23726bda9e419cb.jpg,,,,,
PIONERAS. SOLO QUERÍAN JUGAR,Marta Díaz De Lope Díaz,106,05,16:00,2026-06-25,Renoir Princesa,https://www.pillalas.com/pase/1074929/,https://www.cinesrenoir.com/pelicula/pioneras-solo-querian-jugar/,https://media.pillalas.com/imagenes/726afb526abffa83841aa9dea3bcfbd31547abab2849e44376088aef30139d6a3ea3caa9.jpg,,,,,
PIONERAS. SOLO QUERÍAN JUGAR,Marta Díaz De Lope Díaz,106,05,20:10,2026-06-25,Renoir Princesa,https://www.pillalas.com/pase/1074936/,https://www.cinesrenoir.com/pelicula/pioneras-solo-querian-jugar/,https://media.pillalas.com/imagenes/726afb526abffa83841aa9dea3bcfbd31547abab2849e44376088aef30139d6a3ea3caa9.jpg,,,,,
PIONERAS. SOLO QUERÍAN JUGAR,Marta Díaz De Lope Díaz,106,01,22:20,2026-06-25,Renoir Princesa,https://www.pillalas.com/pase/1074837/,https://www.cinesrenoir.com/pelicula/pioneras-solo-querian-jugar/,https://media.pillalas.com/imagenes/726afb526abffa83841aa9dea3bcfbd31547abab2849e44376088aef30139d6a3ea3caa9.jpg,,,,,
SOLOMAMMA,Janicke Askevold,99,01,20:25,2026-06-25,Renoir Princesa,https://www.pillalas.com/pase/1074834/,https://www.cinesrenoir.com/pelicula/solomamma/,https://media.pillalas.com/imagenes/726afb526abffa83e486bc1d70752c32d46ad33d311e7a51a14e0901d593b9ce20cfb21b.jpg,,,,,
THE FURIOUS,Kenji Tanigaki,115,08,22:00,2026-06-25,Renoir Princesa,https://www.pillalas.com/pase/1075035/,https://www.cinesrenoir.com/pelicula/the-furious/,https://media.pillalas.com/imagenes/726afb526abffa8307d044046985d995df09c824fe28618c305732384bd5072b54b38bec.jpg,,,,,
TOY STORY 5,"Mckenna Harris, Andrew Stanton",101,06,15:50,2026-06-25,Renoir Princesa,https://www.pillalas.com/pase/1074927/,https://www.cinesrenoir.com/pelicula/toy-story-5/,https://media.pillalas.com/imagenes/726afb526abffa838a456bed6d0f9a7c9af3e476430cb99b9b7924219be4a2e77fa421a0.jpg,,,,,
TOY STORY 5,"Mckenna Harris, Andrew Stanton",101,07,18:05,2026-06-25,Renoir Princesa,https://www.pillalas.com/pase/1074933/,https://www.cinesrenoir.com/pelicula/toy-story-5/,https://media.pillalas.com/imagenes/726afb526abffa838a456bed6d0f9a7c9af3e476430cb99b9b7924219be4a2e77fa421a0.jpg,,,,,
TOY STORY 5,"Mckenna Harris, Andrew Stanton",101,07,20:05,2026-06-25,Renoir Princesa,https://www.pillalas.com/pase/1074935/,https://www.cinesrenoir.com/pelicula/toy-story-5/,https://media.pillalas.com/imagenes/726afb526abffa838a456bed6d0f9a7c9af3e476430cb99b9b7924219be4a2e77fa421a0.jpg,,,,,
TOY STORY 5,"Mckenna Harris, Andrew Stanton",101,06,22:20,2026-06-25,Renoir Princesa,https://www.pillalas.com/pase/1074941/,https://www.cinesrenoir.com/pelicula/toy-story-5/,https://media.pillalas.com/imagenes/726afb526abffa838a456bed6d0f9a7c9af3e476430cb99b9b7924219be4a2e77fa421a0.jpg,,,,,
UN MUNDO FRÁGIL Y MARAVILLOSO,Cyril Aris,109,08,17:45,2026-06-25,Renoir Princesa,https://www.pillalas.com/pase/1075028/,https://www.cinesrenoir.com/pelicula/un-mundo-fragil-y-maravilloso/,https://media.pillalas.com/imagenes/726afb526abffa83b0591e6dfed427f80a0078a6b660548f2c35073bdf7fe24358e8641b.jpg,,,,,
UN TALENTO ÚNICO,Daniel Roher,107,08,19:50,2026-06-25,Renoir Princesa,https://www.pillalas.com/pase/1075032/,https://www.cinesrenoir.com/pelicula/un-talento-unico/,https://media.pillalas.com/imagenes/726afb526abffa8328ed8d44e9f29b219dc5c0acbef948ae809535159b834c8652582f9e.jpg,,,,,
AMARGA NAVIDAD,Pedro Almodóvar,111,01,15:50,2026-06-26,Renoir Princesa,https://www.pillalas.com/pase/1075957/,https://www.cinesrenoir.com/pelicula/amarga-navidad/,https://media.pillalas.com/imagenes/726afb526abffa83b60c45c3634993c0e9bd987d873c6c32a8009c3b4ee414d3a40e41c1.jpg,,,,,
BACKROOMS,Kane Parsons,110,08,16:00,2026-06-26,Renoir Princesa,https://www.pillalas.com/pase/1076118/,https://www.cinesrenoir.com/pelicula/backrooms/,https://media.pillalas.com/imagenes/726afb526abffa83186becfb5f5e9996a19758e2af6f41d33fc78627a975c1013a9e6c45.jpg,,,,,
BACKROOMS,Kane Parsons,110,02,20:15,2026-06-26,Renoir Princesa,https://www.pillalas.com/pase/1075981/,https://www.cinesrenoir.com/pelicula/backrooms/,https://media.pillalas.com/imagenes/726afb526abffa83186becfb5f5e9996a19758e2af6f41d33fc78627a975c1013a9e6c45.jpg,,,,,
BACKROOMS,Kane Parsons,110,02,22:20,2026-06-26,Renoir Princesa,https://www.pillalas.com/pase/1075986/,https://www.cinesrenoir.com/pelicula/backrooms/,https://media.pillalas.com/imagenes/726afb526abffa83186becfb5f5e9996a19758e2af6f41d33fc78627a975c1013a9e6c45.jpg,,,,,
DREAMS,Michel Franco,98,08,18:10,2026-06-26,Renoir Princesa,https://www.pillalas.com/pase/1076122/,https://www.cinesrenoir.com/pelicula/dreams/,https://media.pillalas.com/imagenes/726afb526abffa83f2fcec14080faa1f92861ad737cbaef71a9e19333a81d741027ad62e.jpg,,,,,
DREAMS,Michel Franco,98,01,20:15,2026-06-26,Renoir Princesa,https://www.pillalas.com/pase/1075958/,https://www.cinesrenoir.com/pelicula/dreams/,https://media.pillalas.com/imagenes/726afb526abffa83f2fcec14080faa1f92861ad737cbaef71a9e19333a81d741027ad62e.jpg,,,,,
DREAMS,Michel Franco,98,08,22:25,2026-06-26,Renoir Princesa,https://www.pillalas.com/pase/1076130/,https://www.cinesrenoir.com/pelicula/dreams/,https://media.pillalas.com/imagenes/726afb526abffa83f2fcec14080faa1f92861ad737cbaef71a9e19333a81d741027ad62e.jpg,,,,,
EL DIABLO VISTE DE PRADA 2,David Frankel,120,05,16:00,2026-06-26,Renoir Princesa,https://www.pillalas.com/pase/1076072/,https://www.cinesrenoir.com/pelicula/el-diablo-viste-de-prada-2/,https://media.pillalas.com/imagenes/726afb526abffa83fece47511eb70b9e1b6e404173ddb3c32d8258561fd54681cee1e0d8.jpg,,,,,
EL DRAMA,Kristoffer Borgli,106,10,15:50,2026-06-26,Renoir Princesa,https://www.pillalas.com/pase/1076116/,https://www.cinesrenoir.com/pelicula/el-drama/,https://media.pillalas.com/imagenes/726afb526abffa833c26769a2d0f648f239a18f56e93a09c45c7c77c2bf1a8ee48c54930.jpg,,,,,
EL DRAMA,Kristoffer Borgli,106,10,17:55,2026-06-26,Renoir Princesa,https://www.pillalas.com/pase/1076120/,https://www.cinesrenoir.com/pelicula/el-drama/,https://media.pillalas.com/imagenes/726afb526abffa833c26769a2d0f648f239a18f56e93a09c45c7c77c2bf1a8ee48c54930.jpg,,,,,
EL DRAMA,Kristoffer Borgli,106,10,20:00,2026-06-26,Renoir Princesa,https://www.pillalas.com/pase/1076124/,https://www.cinesrenoir.com/pelicula/el-drama/,https://media.pillalas.com/imagenes/726afb526abffa833c26769a2d0f648f239a18f56e93a09c45c7c77c2bf1a8ee48c54930.jpg,,,,,
EL DRAMA,Kristoffer Borgli,106,10,22:00,2026-06-26,Renoir Princesa,https://www.pillalas.com/pase/1076128/,https://www.cinesrenoir.com/pelicula/el-drama/,https://media.pillalas.com/imagenes/726afb526abffa833c26769a2d0f648f239a18f56e93a09c45c7c77c2bf1a8ee48c54930.jpg,,,,,
EL DÍA DE LA REVELACIÓN,Steven Spielberg,145,09,16:10,2026-06-26,Renoir Princesa,https://www.pillalas.com/pase/1076119/,https://www.cinesrenoir.com/pelicula/el-dia-de-la-revelacion/,https://media.pillalas.com/imagenes/726afb526abffa8309e287b6a9937a9056794979929b0d994d7cb0244506ea87665540d6.jpg,,,,,
EL DÍA DE LA REVELACIÓN,Steven Spielberg,145,09,18:50,2026-06-26,Renoir Princesa,https://www.pillalas.com/pase/1076123/,https://www.cinesrenoir.com/pelicula/el-dia-de-la-revelacion/,https://media.pillalas.com/imagenes/726afb526abffa8309e287b6a9937a9056794979929b0d994d7cb0244506ea87665540d6.jpg,,,,,
EL DÍA DE LA REVELACIÓN,Steven Spielberg,145,05,20:20,2026-06-26,Renoir Princesa,https://www.pillalas.com/pase/1076076/,https://www.cinesrenoir.com/pelicula/el-dia-de-la-revelacion/,https://media.pillalas.com/imagenes/726afb526abffa8309e287b6a9937a9056794979929b0d994d7cb0244506ea87665540d6.jpg,,,,,
EL DÍA DE LA REVELACIÓN,Steven Spielberg,145,09,21:40,2026-06-26,Renoir Princesa,https://www.pillalas.com/pase/1076127/,https://www.cinesrenoir.com/pelicula/el-dia-de-la-revelacion/,https://media.pillalas.com/imagenes/726afb526abffa8309e287b6a9937a9056794979929b0d994d7cb0244506ea87665540d6.jpg,,,,,
LA LUZ,Fernando Franco,120,03,16:00,2026-06-26,Renoir Princesa,https://www.pillalas.com/pase/1075975/,https://www.cinesrenoir.com/pelicula/la-luz/,https://media.pillalas.com/imagenes/726afb526abffa8317677ca937a736c27e9f6bb2a52b26d33997b3aaabb603e6e12a45f0.jpg,,,,,
LA LUZ,Fernando Franco,120,02,18:00,2026-06-26,Renoir Princesa,https://www.pillalas.com/pase/1075977/,https://www.cinesrenoir.com/pelicula/la-luz/,https://media.pillalas.com/imagenes/726afb526abffa8317677ca937a736c27e9f6bb2a52b26d33997b3aaabb603e6e12a45f0.jpg,,,,,
LA LUZ,Fernando Franco,120,07,22:00,2026-06-26,Renoir Princesa,https://www.pillalas.com/pase/1076129/,https://www.cinesrenoir.com/pelicula/la-luz/,https://media.pillalas.com/imagenes/726afb526abffa8317677ca937a736c27e9f6bb2a52b26d33997b3aaabb603e6e12a45f0.jpg,,,,,
LETRAS ROBADAS,John Carney,98,11,15:50,2026-06-26,Renoir Princesa,https://www.pillalas.com/pase/1076219/,https://www.cinesrenoir.com/pelicula/letras-robadas/,https://media.pillalas.com/imagenes/726afb526abffa83a0d9791d64d1078fecc35b3f6dfaaed9ab05ae74e5aba2420b650147.jpg,,,,,
LETRAS ROBADAS,John Carney,98,06,20:10,2026-06-26,Renoir Princesa,https://www.pillalas.com/pase/1076075/,https://www.cinesrenoir.com/pelicula/letras-robadas/,https://media.pillalas.com/imagenes/726afb526abffa83a0d9791d64d1078fecc35b3f6dfaaed9ab05ae74e5aba2420b650147.jpg,,,,,
LETRAS ROBADAS,John Carney,98,06,22:10,2026-06-26,Renoir Princesa,https://www.pillalas.com/pase/1076077/,https://www.cinesrenoir.com/pelicula/letras-robadas/,https://media.pillalas.com/imagenes/726afb526abffa83a0d9791d64d1078fecc35b3f6dfaaed9ab05ae74e5aba2420b650147.jpg,,,,,
LOS ÚLTIMOS DÍAS DE MARIA ANTONIETA,Gianluca Jodice,101,07,16:00,2026-06-26,Renoir Princesa,https://www.pillalas.com/pase/1076117/,https://www.cinesrenoir.com/pelicula/los-ultimos-dias-de-maria-antonieta/,https://media.pillalas.com/imagenes/726afb526abffa83afd62aedf957bc47764dd9df4798120b6f3983b2c1698fb2d2196fff.jpg,,,,,
LOS ÚLTIMOS DÍAS DE MARIA ANTONIETA,Gianluca Jodice,101,07,18:00,2026-06-26,Renoir Princesa,https://www.pillalas.com/pase/1076121/,https://www.cinesrenoir.com/pelicula/los-ultimos-dias-de-maria-antonieta/,https://media.pillalas.com/imagenes/726afb526abffa83afd62aedf957bc47764dd9df4798120b6f3983b2c1698fb2d2196fff.jpg,,,,,
LOS ÚLTIMOS DÍAS DE MARIA ANTONIETA,Gianluca Jodice,101,07,20:00,2026-06-26,Renoir Princesa,https://www.pillalas.com/pase/1076125/,https://www.cinesrenoir.com/pelicula/los-ultimos-dias-de-maria-antonieta/,https://media.pillalas.com/imagenes/726afb526abffa83afd62aedf957bc47764dd9df4798120b6f3983b2c1698fb2d2196fff.jpg,,,,,
MORIR NO SIEMPRE SALE BIEN,Claudia Pinto Emperador,97,06,18:10,2026-06-26,Renoir Princesa,https://www.pillalas.com/pase/1076073/,https://www.cinesrenoir.com/pelicula/morir-no-siempre-sale-bien/,https://media.pillalas.com/imagenes/726afb526abffa83986c754a9abaa4b59e3f299864e39864a171194882afbcf70e409a28.jpg,,,,,
OBSESSION,Curry Barker,108,06,16:00,2026-06-26,Renoir Princesa,https://www.pillalas.com/pase/1076071/,https://www.cinesrenoir.com/pelicula/obsession/,https://media.pillalas.com/imagenes/726afb526abffa83ff7ee6f6d82de986b738cc661278e7a30ccd2f1e4538348bdd98f544.jpg,,,,,
OBSESSION,Curry Barker,108,11,17:45,2026-06-26,Renoir Princesa,https://www.pillalas.com/pase/1076220/,https://www.cinesrenoir.com/pelicula/obsession/,https://media.pillalas.com/imagenes/726afb526abffa83ff7ee6f6d82de986b738cc661278e7a30ccd2f1e4538348bdd98f544.jpg,,,,,
OBSESSION,Curry Barker,108,11,19:50,2026-06-26,Renoir Princesa,https://www.pillalas.com/pase/1076221/,https://www.cinesrenoir.com/pelicula/obsession/,https://media.pillalas.com/imagenes/726afb526abffa83ff7ee6f6d82de986b738cc661278e7a30ccd2f1e4538348bdd98f544.jpg,,,,,
OBSESSION,Curry Barker,108,11,22:00,2026-06-26,Renoir Princesa,https://www.pillalas.com/pase/1076222/,https://www.cinesrenoir.com/pelicula/obsession/,https://media.pillalas.com/imagenes/726afb526abffa83ff7ee6f6d82de986b738cc661278e7a30ccd2f1e4538348bdd98f544.jpg,,,,,
PIONERAS. SOLO QUERÍAN JUGAR,Marta Díaz De Lope Díaz,106,05,18:15,2026-06-26,Renoir Princesa,https://www.pillalas.com/pase/1076074/,https://www.cinesrenoir.com/pelicula/pioneras-solo-querian-jugar/,https://media.pillalas.com/imagenes/726afb526abffa83841aa9dea3bcfbd31547abab2849e44376088aef30139d6a3ea3caa9.jpg,,,,,
PÁLIDA LUZ EN LAS COLINAS,Kei Ishikawa,123,01,17:55,2026-06-26,Renoir Princesa,https://www.pillalas.com/pase/1075976/,https://www.cinesrenoir.com/pelicula/palida-luz-en-las-colinas/,https://media.pillalas.com/imagenes/726afb526abffa83e4357c50c96a83c50f18819346a98eb6216eec09df73d273ecaa49c3.jpg,,,,,
PÁLIDA LUZ EN LAS COLINAS,Kei Ishikawa,123,08,20:05,2026-06-26,Renoir Princesa,https://www.pillalas.com/pase/1076126/,https://www.cinesrenoir.com/pelicula/palida-luz-en-las-colinas/,https://media.pillalas.com/imagenes/726afb526abffa83e4357c50c96a83c50f18819346a98eb6216eec09df73d273ecaa49c3.jpg,,,,,
PÁLIDA LUZ EN LAS COLINAS,Kei Ishikawa,123,01,22:10,2026-06-26,Renoir Princesa,https://www.pillalas.com/pase/1075983/,https://www.cinesrenoir.com/pelicula/palida-luz-en-las-colinas/,https://media.pillalas.com/imagenes/726afb526abffa83e4357c50c96a83c50f18819346a98eb6216eec09df73d273ecaa49c3.jpg,,,,,
SUPERGIRL,Craig Gillespie,108,04,16:00,2026-06-26,Renoir Princesa,https://www.pillalas.com/pase/1075973/,https://www.cinesrenoir.com/pelicula/supergirl/,https://media.pillalas.com/imagenes/726afb526abffa83ab19c53872ccbcd4477279df0be8ea4311f1bff02899269c5834219f.jpg,,,,,
SUPERGIRL,Craig Gillespie,108,04,18:05,2026-06-26,Renoir Princesa,https://www.pillalas.com/pase/1075978/,https://www.cinesrenoir.com/pelicula/supergirl/,https://media.pillalas.com/imagenes/726afb526abffa83ab19c53872ccbcd4477279df0be8ea4311f1bff02899269c5834219f.jpg,,,,,
SUPERGIRL,Craig Gillespie,108,04,20:10,2026-06-26,Renoir Princesa,https://www.pillalas.com/pase/1075980/,https://www.cinesrenoir.com/pelicula/supergirl/,https://media.pillalas.com/imagenes/726afb526abffa83ab19c53872ccbcd4477279df0be8ea4311f1bff02899269c5834219f.jpg,,,,,
SUPERGIRL,Craig Gillespie,108,04,22:15,2026-06-26,Renoir Princesa,https://www.pillalas.com/pase/1075985/,https://www.cinesrenoir.com/pelicula/supergirl/,https://media.pillalas.com/imagenes/726afb526abffa83ab19c53872ccbcd4477279df0be8ea4311f1bff02899269c5834219f.jpg,,,,,
TOY STORY 5,"Mckenna Harris, Andrew Stanton",101,02,16:00,2026-06-26,Renoir Princesa,https://www.pillalas.com/pase/1075974/,https://www.cinesrenoir.com/pelicula/toy-story-5/,https://media.pillalas.com/imagenes/726afb526abffa838a456bed6d0f9a7c9af3e476430cb99b9b7924219be4a2e77fa421a0.jpg,,,,,
TOY STORY 5,"Mckenna Harris, Andrew Stanton",101,03,18:15,2026-06-26,Renoir Princesa,https://www.pillalas.com/pase/1075979/,https://www.cinesrenoir.com/pelicula/toy-story-5/,https://media.pillalas.com/imagenes/726afb526abffa838a456bed6d0f9a7c9af3e476430cb99b9b7924219be4a2e77fa421a0.jpg,,,,,
TOY STORY 5,"Mckenna Harris, Andrew Stanton",101,03,20:15,2026-06-26,Renoir Princesa,https://www.pillalas.com/pase/1075982/,https://www.cinesrenoir.com/pelicula/toy-story-5/,https://media.pillalas.com/imagenes/726afb526abffa838a456bed6d0f9a7c9af3e476430cb99b9b7924219be4a2e77fa421a0.jpg,,,,,
UN TALENTO ÚNICO,Daniel Roher,107,03,22:15,2026-06-26,Renoir Princesa,https://www.pillalas.com/pase/1075984/,https://www.cinesrenoir.com/pelicula/un-talento-unico/,https://media.pillalas.com/imagenes/726afb526abffa8328ed8d44e9f29b219dc5c0acbef948ae809535159b834c8652582f9e.jpg,,,,,
AMARGA NAVIDAD,Pedro Almodóvar,111,01,15:50,2026-06-27,Renoir Princesa,https://www.pillalas.com/pase/1075959/,https://www.cinesrenoir.com/pelicula/amarga-navidad/,https://media.pillalas.com/imagenes/726afb526abffa83b60c45c3634993c0e9bd987d873c6c32a8009c3b4ee414d3a40e41c1.jpg,,,,,
BACKROOMS,Kane Parsons,110,08,16:00,2026-06-27,Renoir Princesa,https://www.pillalas.com/pase/1076132/,https://www.cinesrenoir.com/pelicula/backrooms/,https://media.pillalas.com/imagenes/726afb526abffa83186becfb5f5e9996a19758e2af6f41d33fc78627a975c1013a9e6c45.jpg,,,,,
BACKROOMS,Kane Parsons,110,02,20:15,2026-06-27,Renoir Princesa,https://www.pillalas.com/pase/1075996/,https://www.cinesrenoir.com/pelicula/backrooms/,https://media.pillalas.com/imagenes/726afb526abffa83186becfb5f5e9996a19758e2af6f41d33fc78627a975c1013a9e6c45.jpg,,,,,
BACKROOMS,Kane Parsons,110,02,22:20,2026-06-27,Renoir Princesa,https://www.pillalas.com/pase/1076000/,https://www.cinesrenoir.com/pelicula/backrooms/,https://media.pillalas.com/imagenes/726afb526abffa83186becfb5f5e9996a19758e2af6f41d33fc78627a975c1013a9e6c45.jpg,,,,,
DREAMS,Michel Franco,98,08,18:10,2026-06-27,Renoir Princesa,https://www.pillalas.com/pase/1076137/,https://www.cinesrenoir.com/pelicula/dreams/,https://media.pillalas.com/imagenes/726afb526abffa83f2fcec14080faa1f92861ad737cbaef71a9e19333a81d741027ad62e.jpg,,,,,
DREAMS,Michel Franco,98,01,20:15,2026-06-27,Renoir Princesa,https://www.pillalas.com/pase/1075960/,https://www.cinesrenoir.com/pelicula/dreams/,https://media.pillalas.com/imagenes/726afb526abffa83f2fcec14080faa1f92861ad737cbaef71a9e19333a81d741027ad62e.jpg,,,,,
DREAMS,Michel Franco,98,08,22:25,2026-06-27,Renoir Princesa,https://www.pillalas.com/pase/1076145/,https://www.cinesrenoir.com/pelicula/dreams/,https://media.pillalas.com/imagenes/726afb526abffa83f2fcec14080faa1f92861ad737cbaef71a9e19333a81d741027ad62e.jpg,,,,,
EL DIABLO VISTE DE PRADA 2,David Frankel,120,05,16:00,2026-06-27,Renoir Princesa,https://www.pillalas.com/pase/1076078/,https://www.cinesrenoir.com/pelicula/el-diablo-viste-de-prada-2/,https://media.pillalas.com/imagenes/726afb526abffa83fece47511eb70b9e1b6e404173ddb3c32d8258561fd54681cee1e0d8.jpg,,,,,
EL DRAMA,Kristoffer Borgli,106,10,15:50,2026-06-27,Renoir Princesa,https://www.pillalas.com/pase/1076131/,https://www.cinesrenoir.com/pelicula/el-drama/,https://media.pillalas.com/imagenes/726afb526abffa833c26769a2d0f648f239a18f56e93a09c45c7c77c2bf1a8ee48c54930.jpg,,,,,
EL DRAMA,Kristoffer Borgli,106,10,17:55,2026-06-27,Renoir Princesa,https://www.pillalas.com/pase/1076135/,https://www.cinesrenoir.com/pelicula/el-drama/,https://media.pillalas.com/imagenes/726afb526abffa833c26769a2d0f648f239a18f56e93a09c45c7c77c2bf1a8ee48c54930.jpg,,,,,
EL DRAMA,Kristoffer Borgli,106,10,20:00,2026-06-27,Renoir Princesa,https://www.pillalas.com/pase/1076139/,https://www.cinesrenoir.com/pelicula/el-drama/,https://media.pillalas.com/imagenes/726afb526abffa833c26769a2d0f648f239a18f56e93a09c45c7c77c2bf1a8ee48c54930.jpg,,,,,
EL DRAMA,Kristoffer Borgli,106,10,22:00,2026-06-27,Renoir Princesa,https://www.pillalas.com/pase/1076143/,https://www.cinesrenoir.com/pelicula/el-drama/,https://media.pillalas.com/imagenes/726afb526abffa833c26769a2d0f648f239a18f56e93a09c45c7c77c2bf1a8ee48c54930.jpg,,,,,
EL DÍA DE LA REVELACIÓN,Steven Spielberg,145,09,16:10,2026-06-27,Renoir Princesa,https://www.pillalas.com/pase/1076134/,https://www.cinesrenoir.com/pelicula/el-dia-de-la-revelacion/,https://media.pillalas.com/imagenes/726afb526abffa8309e287b6a9937a9056794979929b0d994d7cb0244506ea87665540d6.jpg,,,,,
EL DÍA DE LA REVELACIÓN,Steven Spielberg,145,09,18:50,2026-06-27,Renoir Princesa,https://www.pillalas.com/pase/1076138/,https://www.cinesrenoir.com/pelicula/el-dia-de-la-revelacion/,https://media.pillalas.com/imagenes/726afb526abffa8309e287b6a9937a9056794979929b0d994d7cb0244506ea87665540d6.jpg,,,,,
EL DÍA DE LA REVELACIÓN,Steven Spielberg,145,05,20:20,2026-06-27,Renoir Princesa,https://www.pillalas.com/pase/1076083/,https://www.cinesrenoir.com/pelicula/el-dia-de-la-revelacion/,https://media.pillalas.com/imagenes/726afb526abffa8309e287b6a9937a9056794979929b0d994d7cb0244506ea87665540d6.jpg,,,,,
EL DÍA DE LA REVELACIÓN,Steven Spielberg,145,09,21:40,2026-06-27,Renoir Princesa,https://www.pillalas.com/pase/1076142/,https://www.cinesrenoir.com/pelicula/el-dia-de-la-revelacion/,https://media.pillalas.com/imagenes/726afb526abffa8309e287b6a9937a9056794979929b0d994d7cb0244506ea87665540d6.jpg,,,,,
LA LUZ,Fernando Franco,120,03,16:00,2026-06-27,Renoir Princesa,https://www.pillalas.com/pase/1075987/,https://www.cinesrenoir.com/pelicula/la-luz/,https://media.pillalas.com/imagenes/726afb526abffa8317677ca937a736c27e9f6bb2a52b26d33997b3aaabb603e6e12a45f0.jpg,,,,,
LA LUZ,Fernando Franco,120,02,18:00,2026-06-27,Renoir Princesa,https://www.pillalas.com/pase/1075991/,https://www.cinesrenoir.com/pelicula/la-luz/,https://media.pillalas.com/imagenes/726afb526abffa8317677ca937a736c27e9f6bb2a52b26d33997b3aaabb603e6e12a45f0.jpg,,,,,
LA LUZ,Fernando Franco,120,07,22:00,2026-06-27,Renoir Princesa,https://www.pillalas.com/pase/1076144/,https://www.cinesrenoir.com/pelicula/la-luz/,https://media.pillalas.com/imagenes/726afb526abffa8317677ca937a736c27e9f6bb2a52b26d33997b3aaabb603e6e12a45f0.jpg,,,,,
LETRAS ROBADAS,John Carney,98,11,15:50,2026-06-27,Renoir Princesa,https://www.pillalas.com/pase/1076223/,https://www.cinesrenoir.com/pelicula/letras-robadas/,https://media.pillalas.com/imagenes/726afb526abffa83a0d9791d64d1078fecc35b3f6dfaaed9ab05ae74e5aba2420b650147.jpg,,,,,
LETRAS ROBADAS,John Carney,98,06,20:10,2026-06-27,Renoir Princesa,https://www.pillalas.com/pase/1076082/,https://www.cinesrenoir.com/pelicula/letras-robadas/,https://media.pillalas.com/imagenes/726afb526abffa83a0d9791d64d1078fecc35b3f6dfaaed9ab05ae74e5aba2420b650147.jpg,,,,,
LETRAS ROBADAS,John Carney,98,06,22:10,2026-06-27,Renoir Princesa,https://www.pillalas.com/pase/1076084/,https://www.cinesrenoir.com/pelicula/letras-robadas/,https://media.pillalas.com/imagenes/726afb526abffa83a0d9791d64d1078fecc35b3f6dfaaed9ab05ae74e5aba2420b650147.jpg,,,,,
LOS ÚLTIMOS DÍAS DE MARIA ANTONIETA,Gianluca Jodice,101,07,16:00,2026-06-27,Renoir Princesa,https://www.pillalas.com/pase/1076133/,https://www.cinesrenoir.com/pelicula/los-ultimos-dias-de-maria-antonieta/,https://media.pillalas.com/imagenes/726afb526abffa83afd62aedf957bc47764dd9df4798120b6f3983b2c1698fb2d2196fff.jpg,,,,,
LOS ÚLTIMOS DÍAS DE MARIA ANTONIETA,Gianluca Jodice,101,07,18:00,2026-06-27,Renoir Princesa,https://www.pillalas.com/pase/1076136/,https://www.cinesrenoir.com/pelicula/los-ultimos-dias-de-maria-antonieta/,https://media.pillalas.com/imagenes/726afb526abffa83afd62aedf957bc47764dd9df4798120b6f3983b2c1698fb2d2196fff.jpg,,,,,
LOS ÚLTIMOS DÍAS DE MARIA ANTONIETA,Gianluca Jodice,101,07,20:00,2026-06-27,Renoir Princesa,https://www.pillalas.com/pase/1076140/,https://www.cinesrenoir.com/pelicula/los-ultimos-dias-de-maria-antonieta/,https://media.pillalas.com/imagenes/726afb526abffa83afd62aedf957bc47764dd9df4798120b6f3983b2c1698fb2d2196fff.jpg,,,,,
MORIR NO SIEMPRE SALE BIEN,Claudia Pinto Emperador,97,06,18:10,2026-06-27,Renoir Princesa,https://www.pillalas.com/pase/1076080/,https://www.cinesrenoir.com/pelicula/morir-no-siempre-sale-bien/,https://media.pillalas.com/imagenes/726afb526abffa83986c754a9abaa4b59e3f299864e39864a171194882afbcf70e409a28.jpg,,,,,
OBSESSION,Curry Barker,108,06,16:00,2026-06-27,Renoir Princesa,https://www.pillalas.com/pase/1076079/,https://www.cinesrenoir.com/pelicula/obsession/,https://media.pillalas.com/imagenes/726afb526abffa83ff7ee6f6d82de986b738cc661278e7a30ccd2f1e4538348bdd98f544.jpg,,,,,
OBSESSION,Curry Barker,108,11,17:45,2026-06-27,Renoir Princesa,https://www.pillalas.com/pase/1076224/,https://www.cinesrenoir.com/pelicula/obsession/,https://media.pillalas.com/imagenes/726afb526abffa83ff7ee6f6d82de986b738cc661278e7a30ccd2f1e4538348bdd98f544.jpg,,,,,
OBSESSION,Curry Barker,108,11,19:50,2026-06-27,Renoir Princesa,https://www.pillalas.com/pase/1076225/,https://www.cinesrenoir.com/pelicula/obsession/,https://media.pillalas.com/imagenes/726afb526abffa83ff7ee6f6d82de986b738cc661278e7a30ccd2f1e4538348bdd98f544.jpg,,,,,
OBSESSION,Curry Barker,108,11,22:00,2026-06-27,Renoir Princesa,https://www.pillalas.com/pase/1076226/,https://www.cinesrenoir.com/pelicula/obsession/,https://media.pillalas.com/imagenes/726afb526abffa83ff7ee6f6d82de986b738cc661278e7a30ccd2f1e4538348bdd98f544.jpg,,,,,
PIONERAS. SOLO QUERÍAN JUGAR,Marta Díaz De Lope Díaz,106,05,18:15,2026-06-27,Renoir Princesa,https://www.pillalas.com/pase/1076081/,https://www.cinesrenoir.com/pelicula/pioneras-solo-querian-jugar/,https://media.pillalas.com/imagenes/726afb526abffa83841aa9dea3bcfbd31547abab2849e44376088aef30139d6a3ea3caa9.jpg,,,,,
PÁLIDA LUZ EN LAS COLINAS,Kei Ishikawa,123,01,17:55,2026-06-27,Renoir Princesa,https://www.pillalas.com/pase/1075990/,https://www.cinesrenoir.com/pelicula/palida-luz-en-las-colinas/,https://media.pillalas.com/imagenes/726afb526abffa83e4357c50c96a83c50f18819346a98eb6216eec09df73d273ecaa49c3.jpg,,,,,
PÁLIDA LUZ EN LAS COLINAS,Kei Ishikawa,123,08,20:05,2026-06-27,Renoir Princesa,https://www.pillalas.com/pase/1076141/,https://www.cinesrenoir.com/pelicula/palida-luz-en-las-colinas/,https://media.pillalas.com/imagenes/726afb526abffa83e4357c50c96a83c50f18819346a98eb6216eec09df73d273ecaa49c3.jpg,,,,,
PÁLIDA LUZ EN LAS COLINAS,Kei Ishikawa,123,01,22:10,2026-06-27,Renoir Princesa,https://www.pillalas.com/pase/1075997/,https://www.cinesrenoir.com/pelicula/palida-luz-en-las-colinas/,https://media.pillalas.com/imagenes/726afb526abffa83e4357c50c96a83c50f18819346a98eb6216eec09df73d273ecaa49c3.jpg,,,,,
SUPERGIRL,Craig Gillespie,108,04,16:00,2026-06-27,Renoir Princesa,https://www.pillalas.com/pase/1075988/,https://www.cinesrenoir.com/pelicula/supergirl/,https://media.pillalas.com/imagenes/726afb526abffa83ab19c53872ccbcd4477279df0be8ea4311f1bff02899269c5834219f.jpg,,,,,
SUPERGIRL,Craig Gillespie,108,04,18:05,2026-06-27,Renoir Princesa,https://www.pillalas.com/pase/1075992/,https://www.cinesrenoir.com/pelicula/supergirl/,https://media.pillalas.com/imagenes/726afb526abffa83ab19c53872ccbcd4477279df0be8ea4311f1bff02899269c5834219f.jpg,,,,,
SUPERGIRL,Craig Gillespie,108,04,20:10,2026-06-27,Renoir Princesa,https://www.pillalas.com/pase/1075994/,https://www.cinesrenoir.com/pelicula/supergirl/,https://media.pillalas.com/imagenes/726afb526abffa83ab19c53872ccbcd4477279df0be8ea4311f1bff02899269c5834219f.jpg,,,,,
SUPERGIRL,Craig Gillespie,108,04,22:15,2026-06-27,Renoir Princesa,https://www.pillalas.com/pase/1075999/,https://www.cinesrenoir.com/pelicula/supergirl/,https://media.pillalas.com/imagenes/726afb526abffa83ab19c53872ccbcd4477279df0be8ea4311f1bff02899269c5834219f.jpg,,,,,
TOY STORY 5,"Mckenna Harris, Andrew Stanton",101,02,16:00,2026-06-27,Renoir Princesa,https://www.pillalas.com/pase/1075989/,https://www.cinesrenoir.com/pelicula/toy-story-5/,https://media.pillalas.com/imagenes/726afb526abffa838a456bed6d0f9a7c9af3e476430cb99b9b7924219be4a2e77fa421a0.jpg,,,,,
TOY STORY 5,"Mckenna Harris, Andrew Stanton",101,03,18:15,2026-06-27,Renoir Princesa,https://www.pillalas.com/pase/1075993/,https://www.cinesrenoir.com/pelicula/toy-story-5/,https://media.pillalas.com/imagenes/726afb526abffa838a456bed6d0f9a7c9af3e476430cb99b9b7924219be4a2e77fa421a0.jpg,,,,,
TOY STORY 5,"Mckenna Harris, Andrew Stanton",101,03,20:15,2026-06-27,Renoir Princesa,https://www.pillalas.com/pase/1075995/,https://www.cinesrenoir.com/pelicula/toy-story-5/,https://media.pillalas.com/imagenes/726afb526abffa838a456bed6d0f9a7c9af3e476430cb99b9b7924219be4a2e77fa421a0.jpg,,,,,
UN TALENTO ÚNICO,Daniel Roher,107,03,22:15,2026-06-27,Renoir Princesa,https://www.pillalas.com/pase/1075998/,https://www.cinesrenoir.com/pelicula/un-talento-unico/,https://media.pillalas.com/imagenes/726afb526abffa8328ed8d44e9f29b219dc5c0acbef948ae809535159b834c8652582f9e.jpg,,,,,
AMARGA NAVIDAD,Pedro Almodóvar,111,01,15:50,2026-06-28,Renoir Princesa,https://www.pillalas.com/pase/1075961/,https://www.cinesrenoir.com/pelicula/amarga-navidad/,https://media.pillalas.com/imagenes/726afb526abffa83b60c45c3634993c0e9bd987d873c6c32a8009c3b4ee414d3a40e41c1.jpg,,,,,
BACKROOMS,Kane Parsons,110,08,16:00,2026-06-28,Renoir Princesa,https://www.pillalas.com/pase/1076147/,https://www.cinesrenoir.com/pelicula/backrooms/,https://media.pillalas.com/imagenes/726afb526abffa83186becfb5f5e9996a19758e2af6f41d33fc78627a975c1013a9e6c45.jpg,,,,,
BACKROOMS,Kane Parsons,110,02,20:15,2026-06-28,Renoir Princesa,https://www.pillalas.com/pase/1076009/,https://www.cinesrenoir.com/pelicula/backrooms/,https://media.pillalas.com/imagenes/726afb526abffa83186becfb5f5e9996a19758e2af6f41d33fc78627a975c1013a9e6c45.jpg,,,,,
BACKROOMS,Kane Parsons,110,02,22:20,2026-06-28,Renoir Princesa,https://www.pillalas.com/pase/1076014/,https://www.cinesrenoir.com/pelicula/backrooms/,https://media.pillalas.com/imagenes/726afb526abffa83186becfb5f5e9996a19758e2af6f41d33fc78627a975c1013a9e6c45.jpg,,,,,
DREAMS,Michel Franco,98,08,18:10,2026-06-28,Renoir Princesa,https://www.pillalas.com/pase/1076152/,https://www.cinesrenoir.com/pelicula/dreams/,https://media.pillalas.com/imagenes/726afb526abffa83f2fcec14080faa1f92861ad737cbaef71a9e19333a81d741027ad62e.jpg,,,,,
DREAMS,Michel Franco,98,01,20:15,2026-06-28,Renoir Princesa,https://www.pillalas.com/pase/1075962/,https://www.cinesrenoir.com/pelicula/dreams/,https://media.pillalas.com/imagenes/726afb526abffa83f2fcec14080faa1f92861ad737cbaef71a9e19333a81d741027ad62e.jpg,,,,,
DREAMS,Michel Franco,98,08,22:25,2026-06-28,Renoir Princesa,https://www.pillalas.com/pase/1076160/,https://www.cinesrenoir.com/pelicula/dreams/,https://media.pillalas.com/imagenes/726afb526abffa83f2fcec14080faa1f92861ad737cbaef71a9e19333a81d741027ad62e.jpg,,,,,
EL DIABLO VISTE DE PRADA 2,David Frankel,120,05,16:00,2026-06-28,Renoir Princesa,https://www.pillalas.com/pase/1076086/,https://www.cinesrenoir.com/pelicula/el-diablo-viste-de-prada-2/,https://media.pillalas.com/imagenes/726afb526abffa83fece47511eb70b9e1b6e404173ddb3c32d8258561fd54681cee1e0d8.jpg,,,,,
EL DRAMA,Kristoffer Borgli,106,10,15:50,2026-06-28,Renoir Princesa,https://www.pillalas.com/pase/1076146/,https://www.cinesrenoir.com/pelicula/el-drama/,https://media.pillalas.com/imagenes/726afb526abffa833c26769a2d0f648f239a18f56e93a09c45c7c77c2bf1a8ee48c54930.jpg,,,,,
EL DRAMA,Kristoffer Borgli,106,10,17:55,2026-06-28,Renoir Princesa,https://www.pillalas.com/pase/1076150/,https://www.cinesrenoir.com/pelicula/el-drama/,https://media.pillalas.com/imagenes/726afb526abffa833c26769a2d0f648f239a18f56e93a09c45c7c77c2bf1a8ee48c54930.jpg,,,,,
EL DRAMA,Kristoffer Borgli,106,10,20:00,2026-06-28,Renoir Princesa,https://www.pillalas.com/pase/1076154/,https://www.cinesrenoir.com/pelicula/el-drama/,https://media.pillalas.com/imagenes/726afb526abffa833c26769a2d0f648f239a18f56e93a09c45c7c77c2bf1a8ee48c54930.jpg,,,,,
EL DRAMA,Kristoffer Borgli,106,10,22:00,2026-06-28,Renoir Princesa,https://www.pillalas.com/pase/1076158/,https://www.cinesrenoir.com/pelicula/el-drama/,https://media.pillalas.com/imagenes/726afb526abffa833c26769a2d0f648f239a18f56e93a09c45c7c77c2bf1a8ee48c54930.jpg,,,,,
EL DÍA DE LA REVELACIÓN,Steven Spielberg,145,09,16:10,2026-06-28,Renoir Princesa,https://www.pillalas.com/pase/1076149/,https://www.cinesrenoir.com/pelicula/el-dia-de-la-revelacion/,https://media.pillalas.com/imagenes/726afb526abffa8309e287b6a9937a9056794979929b0d994d7cb0244506ea87665540d6.jpg,,,,,
EL DÍA DE LA REVELACIÓN,Steven Spielberg,145,09,18:50,2026-06-28,Renoir Princesa,https://www.pillalas.com/pase/1076153/,https://www.cinesrenoir.com/pelicula/el-dia-de-la-revelacion/,https://media.pillalas.com/imagenes/726afb526abffa8309e287b6a9937a9056794979929b0d994d7cb0244506ea87665540d6.jpg,,,,,
EL DÍA DE LA REVELACIÓN,Steven Spielberg,145,05,20:20,2026-06-28,Renoir Princesa,https://www.pillalas.com/pase/1076090/,https://www.cinesrenoir.com/pelicula/el-dia-de-la-revelacion/,https://media.pillalas.com/imagenes/726afb526abffa8309e287b6a9937a9056794979929b0d994d7cb0244506ea87665540d6.jpg,,,,,
EL DÍA DE LA REVELACIÓN,Steven Spielberg,145,09,21:40,2026-06-28,Renoir Princesa,https://www.pillalas.com/pase/1076157/,https://www.cinesrenoir.com/pelicula/el-dia-de-la-revelacion/,https://media.pillalas.com/imagenes/726afb526abffa8309e287b6a9937a9056794979929b0d994d7cb0244506ea87665540d6.jpg,,,,,
LA LUZ,Fernando Franco,120,03,16:00,2026-06-28,Renoir Princesa,https://www.pillalas.com/pase/1076002/,https://www.cinesrenoir.com/pelicula/la-luz/,https://media.pillalas.com/imagenes/726afb526abffa8317677ca937a736c27e9f6bb2a52b26d33997b3aaabb603e6e12a45f0.jpg,,,,,
LA LUZ,Fernando Franco,120,02,18:00,2026-06-28,Renoir Princesa,https://www.pillalas.com/pase/1076005/,https://www.cinesrenoir.com/pelicula/la-luz/,https://media.pillalas.com/imagenes/726afb526abffa8317677ca937a736c27e9f6bb2a52b26d33997b3aaabb603e6e12a45f0.jpg,,,,,
LA LUZ,Fernando Franco,120,07,22:00,2026-06-28,Renoir Princesa,https://www.pillalas.com/pase/1076159/,https://www.cinesrenoir.com/pelicula/la-luz/,https://media.pillalas.com/imagenes/726afb526abffa8317677ca937a736c27e9f6bb2a52b26d33997b3aaabb603e6e12a45f0.jpg,,,,,
LETRAS ROBADAS,John Carney,98,11,15:50,2026-06-28,Renoir Princesa,https://www.pillalas.com/pase/1076227/,https://www.cinesrenoir.com/pelicula/letras-robadas/,https://media.pillalas.com/imagenes/726afb526abffa83a0d9791d64d1078fecc35b3f6dfaaed9ab05ae74e5aba2420b650147.jpg,,,,,
LETRAS ROBADAS,John Carney,98,06,20:10,2026-06-28,Renoir Princesa,https://www.pillalas.com/pase/1076089/,https://www.cinesrenoir.com/pelicula/letras-robadas/,https://media.pillalas.com/imagenes/726afb526abffa83a0d9791d64d1078fecc35b3f6dfaaed9ab05ae74e5aba2420b650147.jpg,,,,,
LETRAS ROBADAS,John Carney,98,06,22:10,2026-06-28,Renoir Princesa,https://www.pillalas.com/pase/1076091/,https://www.cinesrenoir.com/pelicula/letras-robadas/,https://media.pillalas.com/imagenes/726afb526abffa83a0d9791d64d1078fecc35b3f6dfaaed9ab05ae74e5aba2420b650147.jpg,,,,,
LOS ÚLTIMOS DÍAS DE MARIA ANTONIETA,Gianluca Jodice,101,07,16:00,2026-06-28,Renoir Princesa,https://www.pillalas.com/pase/1076148/,https://www.cinesrenoir.com/pelicula/los-ultimos-dias-de-maria-antonieta/,https://media.pillalas.com/imagenes/726afb526abffa83afd62aedf957bc47764dd9df4798120b6f3983b2c1698fb2d2196fff.jpg,,,,,
LOS ÚLTIMOS DÍAS DE MARIA ANTONIETA,Gianluca Jodice,101,07,18:00,2026-06-28,Renoir Princesa,https://www.pillalas.com/pase/1076151/,https://www.cinesrenoir.com/pelicula/los-ultimos-dias-de-maria-antonieta/,https://media.pillalas.com/imagenes/726afb526abffa83afd62aedf957bc47764dd9df4798120b6f3983b2c1698fb2d2196fff.jpg,,,,,
LOS ÚLTIMOS DÍAS DE MARIA ANTONIETA,Gianluca Jodice,101,07,20:00,2026-06-28,Renoir Princesa,https://www.pillalas.com/pase/1076155/,https://www.cinesrenoir.com/pelicula/los-ultimos-dias-de-maria-antonieta/,https://media.pillalas.com/imagenes/726afb526abffa83afd62aedf957bc47764dd9df4798120b6f3983b2c1698fb2d2196fff.jpg,,,,,
MORIR NO SIEMPRE SALE BIEN,Claudia Pinto Emperador,97,06,18:10,2026-06-28,Renoir Princesa,https://www.pillalas.com/pase/1076087/,https://www.cinesrenoir.com/pelicula/morir-no-siempre-sale-bien/,https://media.pillalas.com/imagenes/726afb526abffa83986c754a9abaa4b59e3f299864e39864a171194882afbcf70e409a28.jpg,,,,,
OBSESSION,Curry Barker,108,06,16:00,2026-06-28,Renoir Princesa,https://www.pillalas.com/pase/1076085/,https://www.cinesrenoir.com/pelicula/obsession/,https://media.pillalas.com/imagenes/726afb526abffa83ff7ee6f6d82de986b738cc661278e7a30ccd2f1e4538348bdd98f544.jpg,,,,,
OBSESSION,Curry Barker,108,11,17:45,2026-06-28,Renoir Princesa,https://www.pillalas.com/pase/1076228/,https://www.cinesrenoir.com/pelicula/obsession/,https://media.pillalas.com/imagenes/726afb526abffa83ff7ee6f6d82de986b738cc661278e7a30ccd2f1e4538348bdd98f544.jpg,,,,,
OBSESSION,Curry Barker,108,11,19:50,2026-06-28,Renoir Princesa,https://www.pillalas.com/pase/1076229/,https://www.cinesrenoir.com/pelicula/obsession/,https://media.pillalas.com/imagenes/726afb526abffa83ff7ee6f6d82de986b738cc661278e7a30ccd2f1e4538348bdd98f544.jpg,,,,,
OBSESSION,Curry Barker,108,11,22:00,2026-06-28,Renoir Princesa,https://www.pillalas.com/pase/1076230/,https://www.cinesrenoir.com/pelicula/obsession/,https://media.pillalas.com/imagenes/726afb526abffa83ff7ee6f6d82de986b738cc661278e7a30ccd2f1e4538348bdd98f544.jpg,,,,,
PIONERAS. SOLO QUERÍAN JUGAR,Marta Díaz De Lope Díaz,106,05,18:15,2026-06-28,Renoir Princesa,https://www.pillalas.com/pase/1076088/,https://www.cinesrenoir.com/pelicula/pioneras-solo-querian-jugar/,https://media.pillalas.com/imagenes/726afb526abffa83841aa9dea3bcfbd31547abab2849e44376088aef30139d6a3ea3caa9.jpg,,,,,
PÁLIDA LUZ EN LAS COLINAS,Kei Ishikawa,123,01,17:55,2026-06-28,Renoir Princesa,https://www.pillalas.com/pase/1076004/,https://www.cinesrenoir.com/pelicula/palida-luz-en-las-colinas/,https://media.pillalas.com/imagenes/726afb526abffa83e4357c50c96a83c50f18819346a98eb6216eec09df73d273ecaa49c3.jpg,,,,,
PÁLIDA LUZ EN LAS COLINAS,Kei Ishikawa,123,08,20:05,2026-06-28,Renoir Princesa,https://www.pillalas.com/pase/1076156/,https://www.cinesrenoir.com/pelicula/palida-luz-en-las-colinas/,https://media.pillalas.com/imagenes/726afb526abffa83e4357c50c96a83c50f18819346a98eb6216eec09df73d273ecaa49c3.jpg,,,,,
PÁLIDA LUZ EN LAS COLINAS,Kei Ishikawa,123,01,22:10,2026-06-28,Renoir Princesa,https://www.pillalas.com/pase/1076011/,https://www.cinesrenoir.com/pelicula/palida-luz-en-las-colinas/,https://media.pillalas.com/imagenes/726afb526abffa83e4357c50c96a83c50f18819346a98eb6216eec09df73d273ecaa49c3.jpg,,,,,
SUPERGIRL,Craig Gillespie,108,04,16:00,2026-06-28,Renoir Princesa,https://www.pillalas.com/pase/1076001/,https://www.cinesrenoir.com/pelicula/supergirl/,https://media.pillalas.com/imagenes/726afb526abffa83ab19c53872ccbcd4477279df0be8ea4311f1bff02899269c5834219f.jpg,,,,,
SUPERGIRL,Craig Gillespie,108,04,18:05,2026-06-28,Renoir Princesa,https://www.pillalas.com/pase/1076006/,https://www.cinesrenoir.com/pelicula/supergirl/,https://media.pillalas.com/imagenes/726afb526abffa83ab19c53872ccbcd4477279df0be8ea4311f1bff02899269c5834219f.jpg,,,,,
SUPERGIRL,Craig Gillespie,108,04,20:10,2026-06-28,Renoir Princesa,https://www.pillalas.com/pase/1076008/,https://www.cinesrenoir.com/pelicula/supergirl/,https://media.pillalas.com/imagenes/726afb526abffa83ab19c53872ccbcd4477279df0be8ea4311f1bff02899269c5834219f.jpg,,,,,
SUPERGIRL,Craig Gillespie,108,04,22:15,2026-06-28,Renoir Princesa,https://www.pillalas.com/pase/1076013/,https://www.cinesrenoir.com/pelicula/supergirl/,https://media.pillalas.com/imagenes/726afb526abffa83ab19c53872ccbcd4477279df0be8ea4311f1bff02899269c5834219f.jpg,,,,,
TOY STORY 5,"Mckenna Harris, Andrew Stanton",101,02,16:00,2026-06-28,Renoir Princesa,https://www.pillalas.com/pase/1076003/,https://www.cinesrenoir.com/pelicula/toy-story-5/,https://media.pillalas.com/imagenes/726afb526abffa838a456bed6d0f9a7c9af3e476430cb99b9b7924219be4a2e77fa421a0.jpg,,,,,
TOY STORY 5,"Mckenna Harris, Andrew Stanton",101,03,18:15,2026-06-28,Renoir Princesa,https://www.pillalas.com/pase/1076007/,https://www.cinesrenoir.com/pelicula/toy-story-5/,https://media.pillalas.com/imagenes/726afb526abffa838a456bed6d0f9a7c9af3e476430cb99b9b7924219be4a2e77fa421a0.jpg,,,,,
TOY STORY 5,"Mckenna Harris, Andrew Stanton",101,03,20:15,2026-06-28,Renoir Princesa,https://www.pillalas.com/pase/1076010/,https://www.cinesrenoir.com/pelicula/toy-story-5/,https://media.pillalas.com/imagenes/726afb526abffa838a456bed6d0f9a7c9af3e476430cb99b9b7924219be4a2e77fa421a0.jpg,,,,,
UN TALENTO ÚNICO,Daniel Roher,107,03,22:15,2026-06-28,Renoir Princesa,https://www.pillalas.com/pase/1076012/,https://www.cinesrenoir.com/pelicula/un-talento-unico/,https://media.pillalas.com/imagenes/726afb526abffa8328ed8d44e9f29b219dc5c0acbef948ae809535159b834c8652582f9e.jpg,,,,,
AMARGA NAVIDAD,Pedro Almodóvar,111,01,15:50,2026-06-29,Renoir Princesa,https://www.pillalas.com/pase/1075963/,https://www.cinesrenoir.com/pelicula/amarga-navidad/,https://media.pillalas.com/imagenes/726afb526abffa83b60c45c3634993c0e9bd987d873c6c32a8009c3b4ee414d3a40e41c1.jpg,,,,,
BACKROOMS,Kane Parsons,110,08,16:00,2026-06-29,Renoir Princesa,https://www.pillalas.com/pase/1076162/,https://www.cinesrenoir.com/pelicula/backrooms/,https://media.pillalas.com/imagenes/726afb526abffa83186becfb5f5e9996a19758e2af6f41d33fc78627a975c1013a9e6c45.jpg,,,,,
BACKROOMS,Kane Parsons,110,02,20:15,2026-06-29,Renoir Princesa,https://www.pillalas.com/pase/1076023/,https://www.cinesrenoir.com/pelicula/backrooms/,https://media.pillalas.com/imagenes/726afb526abffa83186becfb5f5e9996a19758e2af6f41d33fc78627a975c1013a9e6c45.jpg,,,,,
BACKROOMS,Kane Parsons,110,02,22:20,2026-06-29,Renoir Princesa,https://www.pillalas.com/pase/1076028/,https://www.cinesrenoir.com/pelicula/backrooms/,https://media.pillalas.com/imagenes/726afb526abffa83186becfb5f5e9996a19758e2af6f41d33fc78627a975c1013a9e6c45.jpg,,,,,
DREAMS,Michel Franco,98,08,18:10,2026-06-29,Renoir Princesa,https://www.pillalas.com/pase/1076167/,https://www.cinesrenoir.com/pelicula/dreams/,https://media.pillalas.com/imagenes/726afb526abffa83f2fcec14080faa1f92861ad737cbaef71a9e19333a81d741027ad62e.jpg,,,,,
DREAMS,Michel Franco,98,01,20:15,2026-06-29,Renoir Princesa,https://www.pillalas.com/pase/1075964/,https://www.cinesrenoir.com/pelicula/dreams/,https://media.pillalas.com/imagenes/726afb526abffa83f2fcec14080faa1f92861ad737cbaef71a9e19333a81d741027ad62e.jpg,,,,,
DREAMS,Michel Franco,98,08,22:25,2026-06-29,Renoir Princesa,https://www.pillalas.com/pase/1076175/,https://www.cinesrenoir.com/pelicula/dreams/,https://media.pillalas.com/imagenes/726afb526abffa83f2fcec14080faa1f92861ad737cbaef71a9e19333a81d741027ad62e.jpg,,,,,
EL DIABLO VISTE DE PRADA 2,David Frankel,120,05,16:00,2026-06-29,Renoir Princesa,https://www.pillalas.com/pase/1076093/,https://www.cinesrenoir.com/pelicula/el-diablo-viste-de-prada-2/,https://media.pillalas.com/imagenes/726afb526abffa83fece47511eb70b9e1b6e404173ddb3c32d8258561fd54681cee1e0d8.jpg,,,,,
EL DRAMA,Kristoffer Borgli,106,10,15:50,2026-06-29,Renoir Princesa,https://www.pillalas.com/pase/1076161/,https://www.cinesrenoir.com/pelicula/el-drama/,https://media.pillalas.com/imagenes/726afb526abffa833c26769a2d0f648f239a18f56e93a09c45c7c77c2bf1a8ee48c54930.jpg,,,,,
EL DRAMA,Kristoffer Borgli,106,10,17:55,2026-06-29,Renoir Princesa,https://www.pillalas.com/pase/1076165/,https://www.cinesrenoir.com/pelicula/el-drama/,https://media.pillalas.com/imagenes/726afb526abffa833c26769a2d0f648f239a18f56e93a09c45c7c77c2bf1a8ee48c54930.jpg,,,,,
EL DRAMA,Kristoffer Borgli,106,10,20:00,2026-06-29,Renoir Princesa,https://www.pillalas.com/pase/1076169/,https://www.cinesrenoir.com/pelicula/el-drama/,https://media.pillalas.com/imagenes/726afb526abffa833c26769a2d0f648f239a18f56e93a09c45c7c77c2bf1a8ee48c54930.jpg,,,,,
EL DRAMA,Kristoffer Borgli,106,10,22:00,2026-06-29,Renoir Princesa,https://www.pillalas.com/pase/1076174/,https://www.cinesrenoir.com/pelicula/el-drama/,https://media.pillalas.com/imagenes/726afb526abffa833c26769a2d0f648f239a18f56e93a09c45c7c77c2bf1a8ee48c54930.jpg,,,,,
EL DÍA DE LA REVELACIÓN,Steven Spielberg,145,09,16:10,2026-06-29,Renoir Princesa,https://www.pillalas.com/pase/1076164/,https://www.cinesrenoir.com/pelicula/el-dia-de-la-revelacion/,https://media.pillalas.com/imagenes/726afb526abffa8309e287b6a9937a9056794979929b0d994d7cb0244506ea87665540d6.jpg,,,,,
EL DÍA DE LA REVELACIÓN,Steven Spielberg,145,05,20:20,2026-06-29,Renoir Princesa,https://www.pillalas.com/pase/1076097/,https://www.cinesrenoir.com/pelicula/el-dia-de-la-revelacion/,https://media.pillalas.com/imagenes/726afb526abffa8309e287b6a9937a9056794979929b0d994d7cb0244506ea87665540d6.jpg,,,,,
LA LUZ,Fernando Franco,120,03,16:00,2026-06-29,Renoir Princesa,https://www.pillalas.com/pase/1076016/,https://www.cinesrenoir.com/pelicula/la-luz/,https://media.pillalas.com/imagenes/726afb526abffa8317677ca937a736c27e9f6bb2a52b26d33997b3aaabb603e6e12a45f0.jpg,,,,,
LA LUZ,Fernando Franco,120,02,18:00,2026-06-29,Renoir Princesa,https://www.pillalas.com/pase/1076019/,https://www.cinesrenoir.com/pelicula/la-luz/,https://media.pillalas.com/imagenes/726afb526abffa8317677ca937a736c27e9f6bb2a52b26d33997b3aaabb603e6e12a45f0.jpg,,,,,
LA LUZ,Fernando Franco,120,07,22:00,2026-06-29,Renoir Princesa,https://www.pillalas.com/pase/1076173/,https://www.cinesrenoir.com/pelicula/la-luz/,https://media.pillalas.com/imagenes/726afb526abffa8317677ca937a736c27e9f6bb2a52b26d33997b3aaabb603e6e12a45f0.jpg,,,,,
LETRAS ROBADAS,John Carney,98,11,15:50,2026-06-29,Renoir Princesa,https://www.pillalas.com/pase/1076231/,https://www.cinesrenoir.com/pelicula/letras-robadas/,https://media.pillalas.com/imagenes/726afb526abffa83a0d9791d64d1078fecc35b3f6dfaaed9ab05ae74e5aba2420b650147.jpg,,,,,
LETRAS ROBADAS,John Carney,98,06,20:10,2026-06-29,Renoir Princesa,https://www.pillalas.com/pase/1076096/,https://www.cinesrenoir.com/pelicula/letras-robadas/,https://media.pillalas.com/imagenes/726afb526abffa83a0d9791d64d1078fecc35b3f6dfaaed9ab05ae74e5aba2420b650147.jpg,,,,,
LETRAS ROBADAS,John Carney,98,06,22:10,2026-06-29,Renoir Princesa,https://www.pillalas.com/pase/1076098/,https://www.cinesrenoir.com/pelicula/letras-robadas/,https://media.pillalas.com/imagenes/726afb526abffa83a0d9791d64d1078fecc35b3f6dfaaed9ab05ae74e5aba2420b650147.jpg,,,,,
LOS ÚLTIMOS DÍAS DE MARIA ANTONIETA,Gianluca Jodice,101,07,16:00,2026-06-29,Renoir Princesa,https://www.pillalas.com/pase/1076163/,https://www.cinesrenoir.com/pelicula/los-ultimos-dias-de-maria-antonieta/,https://media.pillalas.com/imagenes/726afb526abffa83afd62aedf957bc47764dd9df4798120b6f3983b2c1698fb2d2196fff.jpg,,,,,
LOS ÚLTIMOS DÍAS DE MARIA ANTONIETA,Gianluca Jodice,101,07,18:00,2026-06-29,Renoir Princesa,https://www.pillalas.com/pase/1076166/,https://www.cinesrenoir.com/pelicula/los-ultimos-dias-de-maria-antonieta/,https://media.pillalas.com/imagenes/726afb526abffa83afd62aedf957bc47764dd9df4798120b6f3983b2c1698fb2d2196fff.jpg,,,,,
LOS ÚLTIMOS DÍAS DE MARIA ANTONIETA,Gianluca Jodice,101,07,20:00,2026-06-29,Renoir Princesa,https://www.pillalas.com/pase/1076170/,https://www.cinesrenoir.com/pelicula/los-ultimos-dias-de-maria-antonieta/,https://media.pillalas.com/imagenes/726afb526abffa83afd62aedf957bc47764dd9df4798120b6f3983b2c1698fb2d2196fff.jpg,,,,,
MORIR NO SIEMPRE SALE BIEN,Claudia Pinto Emperador,97,06,18:10,2026-06-29,Renoir Princesa,https://www.pillalas.com/pase/1076094/,https://www.cinesrenoir.com/pelicula/morir-no-siempre-sale-bien/,https://media.pillalas.com/imagenes/726afb526abffa83986c754a9abaa4b59e3f299864e39864a171194882afbcf70e409a28.jpg,,,,,
OBSESSION,Curry Barker,108,06,16:00,2026-06-29,Renoir Princesa,https://www.pillalas.com/pase/1076092/,https://www.cinesrenoir.com/pelicula/obsession/,https://media.pillalas.com/imagenes/726afb526abffa83ff7ee6f6d82de986b738cc661278e7a30ccd2f1e4538348bdd98f544.jpg,,,,,
OBSESSION,Curry Barker,108,11,17:45,2026-06-29,Renoir Princesa,https://www.pillalas.com/pase/1076232/,https://www.cinesrenoir.com/pelicula/obsession/,https://media.pillalas.com/imagenes/726afb526abffa83ff7ee6f6d82de986b738cc661278e7a30ccd2f1e4538348bdd98f544.jpg,,,,,
OBSESSION,Curry Barker,108,11,19:50,2026-06-29,Renoir Princesa,https://www.pillalas.com/pase/1076233/,https://www.cinesrenoir.com/pelicula/obsession/,https://media.pillalas.com/imagenes/726afb526abffa83ff7ee6f6d82de986b738cc661278e7a30ccd2f1e4538348bdd98f544.jpg,,,,,
OBSESSION,Curry Barker,108,11,22:00,2026-06-29,Renoir Princesa,https://www.pillalas.com/pase/1076234/,https://www.cinesrenoir.com/pelicula/obsession/,https://media.pillalas.com/imagenes/726afb526abffa83ff7ee6f6d82de986b738cc661278e7a30ccd2f1e4538348bdd98f544.jpg,,,,,
PIONERAS. SOLO QUERÍAN JUGAR,Marta Díaz De Lope Díaz,106,05,18:15,2026-06-29,Renoir Princesa,https://www.pillalas.com/pase/1076095/,https://www.cinesrenoir.com/pelicula/pioneras-solo-querian-jugar/,https://media.pillalas.com/imagenes/726afb526abffa83841aa9dea3bcfbd31547abab2849e44376088aef30139d6a3ea3caa9.jpg,,,,,
PÁLIDA LUZ EN LAS COLINAS,Kei Ishikawa,123,01,17:55,2026-06-29,Renoir Princesa,https://www.pillalas.com/pase/1076018/,https://www.cinesrenoir.com/pelicula/palida-luz-en-las-colinas/,https://media.pillalas.com/imagenes/726afb526abffa83e4357c50c96a83c50f18819346a98eb6216eec09df73d273ecaa49c3.jpg,,,,,
PÁLIDA LUZ EN LAS COLINAS,Kei Ishikawa,123,08,20:05,2026-06-29,Renoir Princesa,https://www.pillalas.com/pase/1076171/,https://www.cinesrenoir.com/pelicula/palida-luz-en-las-colinas/,https://media.pillalas.com/imagenes/726afb526abffa83e4357c50c96a83c50f18819346a98eb6216eec09df73d273ecaa49c3.jpg,,,,,
PÁLIDA LUZ EN LAS COLINAS,Kei Ishikawa,123,01,22:10,2026-06-29,Renoir Princesa,https://www.pillalas.com/pase/1076025/,https://www.cinesrenoir.com/pelicula/palida-luz-en-las-colinas/,https://media.pillalas.com/imagenes/726afb526abffa83e4357c50c96a83c50f18819346a98eb6216eec09df73d273ecaa49c3.jpg,,,,,
SUPERGIRL,Craig Gillespie,108,04,16:00,2026-06-29,Renoir Princesa,https://www.pillalas.com/pase/1076017/,https://www.cinesrenoir.com/pelicula/supergirl/,https://media.pillalas.com/imagenes/726afb526abffa83ab19c53872ccbcd4477279df0be8ea4311f1bff02899269c5834219f.jpg,,,,,
SUPERGIRL,Craig Gillespie,108,04,18:05,2026-06-29,Renoir Princesa,https://www.pillalas.com/pase/1076020/,https://www.cinesrenoir.com/pelicula/supergirl/,https://media.pillalas.com/imagenes/726afb526abffa83ab19c53872ccbcd4477279df0be8ea4311f1bff02899269c5834219f.jpg,,,,,
SUPERGIRL,Craig Gillespie,108,04,20:10,2026-06-29,Renoir Princesa,https://www.pillalas.com/pase/1076022/,https://www.cinesrenoir.com/pelicula/supergirl/,https://media.pillalas.com/imagenes/726afb526abffa83ab19c53872ccbcd4477279df0be8ea4311f1bff02899269c5834219f.jpg,,,,,
SUPERGIRL,Craig Gillespie,108,04,22:15,2026-06-29,Renoir Princesa,https://www.pillalas.com/pase/1076027/,https://www.cinesrenoir.com/pelicula/supergirl/,https://media.pillalas.com/imagenes/726afb526abffa83ab19c53872ccbcd4477279df0be8ea4311f1bff02899269c5834219f.jpg,,,,,
TOY STORY 5,"Mckenna Harris, Andrew Stanton",101,02,16:00,2026-06-29,Renoir Princesa,https://www.pillalas.com/pase/1076015/,https://www.cinesrenoir.com/pelicula/toy-story-5/,https://media.pillalas.com/imagenes/726afb526abffa838a456bed6d0f9a7c9af3e476430cb99b9b7924219be4a2e77fa421a0.jpg,,,,,
TOY STORY 5,"Mckenna Harris, Andrew Stanton",101,03,18:15,2026-06-29,Renoir Princesa,https://www.pillalas.com/pase/1076021/,https://www.cinesrenoir.com/pelicula/toy-story-5/,https://media.pillalas.com/imagenes/726afb526abffa838a456bed6d0f9a7c9af3e476430cb99b9b7924219be4a2e77fa421a0.jpg,,,,,
TOY STORY 5,"Mckenna Harris, Andrew Stanton",101,03,20:15,2026-06-29,Renoir Princesa,https://www.pillalas.com/pase/1076024/,https://www.cinesrenoir.com/pelicula/toy-story-5/,https://media.pillalas.com/imagenes/726afb526abffa838a456bed6d0f9a7c9af3e476430cb99b9b7924219be4a2e77fa421a0.jpg,,,,,
UN TALENTO ÚNICO,Daniel Roher,107,03,22:15,2026-06-29,Renoir Princesa,https://www.pillalas.com/pase/1076026/,https://www.cinesrenoir.com/pelicula/un-talento-unico/,https://media.pillalas.com/imagenes/726afb526abffa8328ed8d44e9f29b219dc5c0acbef948ae809535159b834c8652582f9e.jpg,,,,,
AMARGA NAVIDAD,Pedro Almodóvar,111,01,15:50,2026-06-30,Renoir Princesa,https://www.pillalas.com/pase/1075965/,https://www.cinesrenoir.com/pelicula/amarga-navidad/,https://media.pillalas.com/imagenes/726afb526abffa83b60c45c3634993c0e9bd987d873c6c32a8009c3b4ee414d3a40e41c1.jpg,,,,,
BACKROOMS,Kane Parsons,110,08,16:00,2026-06-30,Renoir Princesa,https://www.pillalas.com/pase/1076178/,https://www.cinesrenoir.com/pelicula/backrooms/,https://media.pillalas.com/imagenes/726afb526abffa83186becfb5f5e9996a19758e2af6f41d33fc78627a975c1013a9e6c45.jpg,,,,,
BACKROOMS,Kane Parsons,110,02,20:15,2026-06-30,Renoir Princesa,https://www.pillalas.com/pase/1076037/,https://www.cinesrenoir.com/pelicula/backrooms/,https://media.pillalas.com/imagenes/726afb526abffa83186becfb5f5e9996a19758e2af6f41d33fc78627a975c1013a9e6c45.jpg,,,,,
BACKROOMS,Kane Parsons,110,02,22:20,2026-06-30,Renoir Princesa,https://www.pillalas.com/pase/1076042/,https://www.cinesrenoir.com/pelicula/backrooms/,https://media.pillalas.com/imagenes/726afb526abffa83186becfb5f5e9996a19758e2af6f41d33fc78627a975c1013a9e6c45.jpg,,,,,
DREAMS,Michel Franco,98,08,18:10,2026-06-30,Renoir Princesa,https://www.pillalas.com/pase/1076182/,https://www.cinesrenoir.com/pelicula/dreams/,https://media.pillalas.com/imagenes/726afb526abffa83f2fcec14080faa1f92861ad737cbaef71a9e19333a81d741027ad62e.jpg,,,,,
DREAMS,Michel Franco,98,01,20:15,2026-06-30,Renoir Princesa,https://www.pillalas.com/pase/1075966/,https://www.cinesrenoir.com/pelicula/dreams/,https://media.pillalas.com/imagenes/726afb526abffa83f2fcec14080faa1f92861ad737cbaef71a9e19333a81d741027ad62e.jpg,,,,,
DREAMS,Michel Franco,98,08,22:25,2026-06-30,Renoir Princesa,https://www.pillalas.com/pase/1076188/,https://www.cinesrenoir.com/pelicula/dreams/,https://media.pillalas.com/imagenes/726afb526abffa83f2fcec14080faa1f92861ad737cbaef71a9e19333a81d741027ad62e.jpg,,,,,
EL DIABLO VISTE DE PRADA 2,David Frankel,120,05,16:00,2026-06-30,Renoir Princesa,https://www.pillalas.com/pase/1076099/,https://www.cinesrenoir.com/pelicula/el-diablo-viste-de-prada-2/,https://media.pillalas.com/imagenes/726afb526abffa83fece47511eb70b9e1b6e404173ddb3c32d8258561fd54681cee1e0d8.jpg,,,,,
EL DRAMA,Kristoffer Borgli,106,10,15:50,2026-06-30,Renoir Princesa,https://www.pillalas.com/pase/1076176/,https://www.cinesrenoir.com/pelicula/el-drama/,https://media.pillalas.com/imagenes/726afb526abffa833c26769a2d0f648f239a18f56e93a09c45c7c77c2bf1a8ee48c54930.jpg,,,,,
EL DRAMA,Kristoffer Borgli,106,10,17:55,2026-06-30,Renoir Princesa,https://www.pillalas.com/pase/1076180/,https://www.cinesrenoir.com/pelicula/el-drama/,https://media.pillalas.com/imagenes/726afb526abffa833c26769a2d0f648f239a18f56e93a09c45c7c77c2bf1a8ee48c54930.jpg,,,,,
EL DÍA DE LA REVELACIÓN,Steven Spielberg,145,09,16:10,2026-06-30,Renoir Princesa,https://www.pillalas.com/pase/1076179/,https://www.cinesrenoir.com/pelicula/el-dia-de-la-revelacion/,https://media.pillalas.com/imagenes/726afb526abffa8309e287b6a9937a9056794979929b0d994d7cb0244506ea87665540d6.jpg,,,,,
EL DÍA DE LA REVELACIÓN,Steven Spielberg,145,09,18:50,2026-06-30,Renoir Princesa,https://www.pillalas.com/pase/1076183/,https://www.cinesrenoir.com/pelicula/el-dia-de-la-revelacion/,https://media.pillalas.com/imagenes/726afb526abffa8309e287b6a9937a9056794979929b0d994d7cb0244506ea87665540d6.jpg,,,,,
EL DÍA DE LA REVELACIÓN,Steven Spielberg,145,05,20:20,2026-06-30,Renoir Princesa,https://www.pillalas.com/pase/1076103/,https://www.cinesrenoir.com/pelicula/el-dia-de-la-revelacion/,https://media.pillalas.com/imagenes/726afb526abffa8309e287b6a9937a9056794979929b0d994d7cb0244506ea87665540d6.jpg,,,,,
EL DÍA DE LA REVELACIÓN,Steven Spielberg,145,09,21:40,2026-06-30,Renoir Princesa,https://www.pillalas.com/pase/1076186/,https://www.cinesrenoir.com/pelicula/el-dia-de-la-revelacion/,https://media.pillalas.com/imagenes/726afb526abffa8309e287b6a9937a9056794979929b0d994d7cb0244506ea87665540d6.jpg,,,,,
ENCUENTROS EN LA TERCERA FASE [WILDER CINEMA],Steven Spielberg,135,06,20:00,2026-06-30,Renoir Princesa,https://www.pillalas.com/pase/1075422/,https://www.cinesrenoir.com/pelicula/encuentros-en-la-tercera-fase-wilder-cinema/,https://www.cinesrenoir.com/media/Peliculas/Cartel/Encuentros_en_la_tercera_fase_cartel_Sensacine.jpg,,,,,
LA LUZ,Fernando Franco,120,03,16:00,2026-06-30,Renoir Princesa,https://www.pillalas.com/pase/1076031/,https://www.cinesrenoir.com/pelicula/la-luz/,https://media.pillalas.com/imagenes/726afb526abffa8317677ca937a736c27e9f6bb2a52b26d33997b3aaabb603e6e12a45f0.jpg,,,,,
LA LUZ,Fernando Franco,120,02,18:00,2026-06-30,Renoir Princesa,https://www.pillalas.com/pase/1076033/,https://www.cinesrenoir.com/pelicula/la-luz/,https://media.pillalas.com/imagenes/726afb526abffa8317677ca937a736c27e9f6bb2a52b26d33997b3aaabb603e6e12a45f0.jpg,,,,,
LA LUZ,Fernando Franco,120,07,22:00,2026-06-30,Renoir Princesa,https://www.pillalas.com/pase/1076187/,https://www.cinesrenoir.com/pelicula/la-luz/,https://media.pillalas.com/imagenes/726afb526abffa8317677ca937a736c27e9f6bb2a52b26d33997b3aaabb603e6e12a45f0.jpg,,,,,
LA NOCHE MÁS CORTA 2026 [RENOIR],Beatriz Martínez & José Luis Palacios,85,10,20:30,2026-06-30,Renoir Princesa,https://www.pillalas.com/pase/1074677/,https://www.cinesrenoir.com/pelicula/la-noche-mas-corta-2026-renoir/,https://media.pillalas.com/imagenes/726afb526abffa83c971ce134540b5ff91fcf24e2f633262f0d00944196a8f64e9f5f177.png,,,,,
LETRAS ROBADAS,John Carney,98,11,15:50,2026-06-30,Renoir Princesa,https://www.pillalas.com/pase/1076235/,https://www.cinesrenoir.com/pelicula/letras-robadas/,https://media.pillalas.com/imagenes/726afb526abffa83a0d9791d64d1078fecc35b3f6dfaaed9ab05ae74e5aba2420b650147.jpg,,,,,
LOS ÚLTIMOS DÍAS DE MARIA ANTONIETA,Gianluca Jodice,101,07,16:00,2026-06-30,Renoir Princesa,https://www.pillalas.com/pase/1076177/,https://www.cinesrenoir.com/pelicula/los-ultimos-dias-de-maria-antonieta/,https://media.pillalas.com/imagenes/726afb526abffa83afd62aedf957bc47764dd9df4798120b6f3983b2c1698fb2d2196fff.jpg,,,,,
LOS ÚLTIMOS DÍAS DE MARIA ANTONIETA,Gianluca Jodice,101,07,18:00,2026-06-30,Renoir Princesa,https://www.pillalas.com/pase/1076181/,https://www.cinesrenoir.com/pelicula/los-ultimos-dias-de-maria-antonieta/,https://media.pillalas.com/imagenes/726afb526abffa83afd62aedf957bc47764dd9df4798120b6f3983b2c1698fb2d2196fff.jpg,,,,,
LOS ÚLTIMOS DÍAS DE MARIA ANTONIETA,Gianluca Jodice,101,07,20:00,2026-06-30,Renoir Princesa,https://www.pillalas.com/pase/1076184/,https://www.cinesrenoir.com/pelicula/los-ultimos-dias-de-maria-antonieta/,https://media.pillalas.com/imagenes/726afb526abffa83afd62aedf957bc47764dd9df4798120b6f3983b2c1698fb2d2196fff.jpg,,,,,
MORIR NO SIEMPRE SALE BIEN,Claudia Pinto Emperador,97,06,18:10,2026-06-30,Renoir Princesa,https://www.pillalas.com/pase/1076101/,https://www.cinesrenoir.com/pelicula/morir-no-siempre-sale-bien/,https://media.pillalas.com/imagenes/726afb526abffa83986c754a9abaa4b59e3f299864e39864a171194882afbcf70e409a28.jpg,,,,,
OBSESSION,Curry Barker,108,06,16:00,2026-06-30,Renoir Princesa,https://www.pillalas.com/pase/1076100/,https://www.cinesrenoir.com/pelicula/obsession/,https://media.pillalas.com/imagenes/726afb526abffa83ff7ee6f6d82de986b738cc661278e7a30ccd2f1e4538348bdd98f544.jpg,,,,,
OBSESSION,Curry Barker,108,11,17:45,2026-06-30,Renoir Princesa,https://www.pillalas.com/pase/1076236/,https://www.cinesrenoir.com/pelicula/obsession/,https://media.pillalas.com/imagenes/726afb526abffa83ff7ee6f6d82de986b738cc661278e7a30ccd2f1e4538348bdd98f544.jpg,,,,,
OBSESSION,Curry Barker,108,11,19:50,2026-06-30,Renoir Princesa,https://www.pillalas.com/pase/1076237/,https://www.cinesrenoir.com/pelicula/obsession/,https://media.pillalas.com/imagenes/726afb526abffa83ff7ee6f6d82de986b738cc661278e7a30ccd2f1e4538348bdd98f544.jpg,,,,,
OBSESSION,Curry Barker,108,11,22:00,2026-06-30,Renoir Princesa,https://www.pillalas.com/pase/1076238/,https://www.cinesrenoir.com/pelicula/obsession/,https://media.pillalas.com/imagenes/726afb526abffa83ff7ee6f6d82de986b738cc661278e7a30ccd2f1e4538348bdd98f544.jpg,,,,,
PIONERAS. SOLO QUERÍAN JUGAR,Marta Díaz De Lope Díaz,106,05,18:15,2026-06-30,Renoir Princesa,https://www.pillalas.com/pase/1076102/,https://www.cinesrenoir.com/pelicula/pioneras-solo-querian-jugar/,https://media.pillalas.com/imagenes/726afb526abffa83841aa9dea3bcfbd31547abab2849e44376088aef30139d6a3ea3caa9.jpg,,,,,
PÁLIDA LUZ EN LAS COLINAS,Kei Ishikawa,123,01,17:55,2026-06-30,Renoir Princesa,https://www.pillalas.com/pase/1076032/,https://www.cinesrenoir.com/pelicula/palida-luz-en-las-colinas/,https://media.pillalas.com/imagenes/726afb526abffa83e4357c50c96a83c50f18819346a98eb6216eec09df73d273ecaa49c3.jpg,,,,,
PÁLIDA LUZ EN LAS COLINAS,Kei Ishikawa,123,08,20:05,2026-06-30,Renoir Princesa,https://www.pillalas.com/pase/1076185/,https://www.cinesrenoir.com/pelicula/palida-luz-en-las-colinas/,https://media.pillalas.com/imagenes/726afb526abffa83e4357c50c96a83c50f18819346a98eb6216eec09df73d273ecaa49c3.jpg,,,,,
PÁLIDA LUZ EN LAS COLINAS,Kei Ishikawa,123,01,22:10,2026-06-30,Renoir Princesa,https://www.pillalas.com/pase/1076039/,https://www.cinesrenoir.com/pelicula/palida-luz-en-las-colinas/,https://media.pillalas.com/imagenes/726afb526abffa83e4357c50c96a83c50f18819346a98eb6216eec09df73d273ecaa49c3.jpg,,,,,
SUPERGIRL,Craig Gillespie,108,04,16:00,2026-06-30,Renoir Princesa,https://www.pillalas.com/pase/1076030/,https://www.cinesrenoir.com/pelicula/supergirl/,https://media.pillalas.com/imagenes/726afb526abffa83ab19c53872ccbcd4477279df0be8ea4311f1bff02899269c5834219f.jpg,,,,,
SUPERGIRL,Craig Gillespie,108,04,18:05,2026-06-30,Renoir Princesa,https://www.pillalas.com/pase/1076034/,https://www.cinesrenoir.com/pelicula/supergirl/,https://media.pillalas.com/imagenes/726afb526abffa83ab19c53872ccbcd4477279df0be8ea4311f1bff02899269c5834219f.jpg,,,,,
SUPERGIRL,Craig Gillespie,108,04,20:10,2026-06-30,Renoir Princesa,https://www.pillalas.com/pase/1076036/,https://www.cinesrenoir.com/pelicula/supergirl/,https://media.pillalas.com/imagenes/726afb526abffa83ab19c53872ccbcd4477279df0be8ea4311f1bff02899269c5834219f.jpg,,,,,
SUPERGIRL,Craig Gillespie,108,04,22:15,2026-06-30,Renoir Princesa,https://www.pillalas.com/pase/1076040/,https://www.cinesrenoir.com/pelicula/supergirl/,https://media.pillalas.com/imagenes/726afb526abffa83ab19c53872ccbcd4477279df0be8ea4311f1bff02899269c5834219f.jpg,,,,,
TOY STORY 5,"Mckenna Harris, Andrew Stanton",101,02,16:00,2026-06-30,Renoir Princesa,https://www.pillalas.com/pase/1076029/,https://www.cinesrenoir.com/pelicula/toy-story-5/,https://media.pillalas.com/imagenes/726afb526abffa838a456bed6d0f9a7c9af3e476430cb99b9b7924219be4a2e77fa421a0.jpg,,,,,
TOY STORY 5,"Mckenna Harris, Andrew Stanton",101,03,18:15,2026-06-30,Renoir Princesa,https://www.pillalas.com/pase/1076035/,https://www.cinesrenoir.com/pelicula/toy-story-5/,https://media.pillalas.com/imagenes/726afb526abffa838a456bed6d0f9a7c9af3e476430cb99b9b7924219be4a2e77fa421a0.jpg,,,,,
TOY STORY 5,"Mckenna Harris, Andrew Stanton",101,03,20:15,2026-06-30,Renoir Princesa,https://www.pillalas.com/pase/1076038/,https://www.cinesrenoir.com/pelicula/toy-story-5/,https://media.pillalas.com/imagenes/726afb526abffa838a456bed6d0f9a7c9af3e476430cb99b9b7924219be4a2e77fa421a0.jpg,,,,,
UN TALENTO ÚNICO,Daniel Roher,107,03,22:15,2026-06-30,Renoir Princesa,https://www.pillalas.com/pase/1076041/,https://www.cinesrenoir.com/pelicula/un-talento-unico/,https://media.pillalas.com/imagenes/726afb526abffa8328ed8d44e9f29b219dc5c0acbef948ae809535159b834c8652582f9e.jpg,,,,,
AMARGA NAVIDAD,Pedro Almodóvar,111,01,15:50,2026-07-01,Renoir Princesa,https://www.pillalas.com/pase/1075967/,https://www.cinesrenoir.com/pelicula/amarga-navidad/,https://media.pillalas.com/imagenes/726afb526abffa83b60c45c3634993c0e9bd987d873c6c32a8009c3b4ee414d3a40e41c1.jpg,,,,,
BACKROOMS,Kane Parsons,110,08,16:00,2026-07-01,Renoir Princesa,https://www.pillalas.com/pase/1076190/,https://www.cinesrenoir.com/pelicula/backrooms/,https://media.pillalas.com/imagenes/726afb526abffa83186becfb5f5e9996a19758e2af6f41d33fc78627a975c1013a9e6c45.jpg,,,,,
BACKROOMS,Kane Parsons,110,02,20:15,2026-07-01,Renoir Princesa,https://www.pillalas.com/pase/1076051/,https://www.cinesrenoir.com/pelicula/backrooms/,https://media.pillalas.com/imagenes/726afb526abffa83186becfb5f5e9996a19758e2af6f41d33fc78627a975c1013a9e6c45.jpg,,,,,
BACKROOMS,Kane Parsons,110,02,22:20,2026-07-01,Renoir Princesa,https://www.pillalas.com/pase/1076056/,https://www.cinesrenoir.com/pelicula/backrooms/,https://media.pillalas.com/imagenes/726afb526abffa83186becfb5f5e9996a19758e2af6f41d33fc78627a975c1013a9e6c45.jpg,,,,,
DREAMS,Michel Franco,98,08,18:10,2026-07-01,Renoir Princesa,https://www.pillalas.com/pase/1076195/,https://www.cinesrenoir.com/pelicula/dreams/,https://media.pillalas.com/imagenes/726afb526abffa83f2fcec14080faa1f92861ad737cbaef71a9e19333a81d741027ad62e.jpg,,,,,
DREAMS,Michel Franco,98,01,20:15,2026-07-01,Renoir Princesa,https://www.pillalas.com/pase/1075968/,https://www.cinesrenoir.com/pelicula/dreams/,https://media.pillalas.com/imagenes/726afb526abffa83f2fcec14080faa1f92861ad737cbaef71a9e19333a81d741027ad62e.jpg,,,,,
DREAMS,Michel Franco,98,08,22:25,2026-07-01,Renoir Princesa,https://www.pillalas.com/pase/1076203/,https://www.cinesrenoir.com/pelicula/dreams/,https://media.pillalas.com/imagenes/726afb526abffa83f2fcec14080faa1f92861ad737cbaef71a9e19333a81d741027ad62e.jpg,,,,,
EL DIABLO VISTE DE PRADA 2,David Frankel,120,05,16:00,2026-07-01,Renoir Princesa,https://www.pillalas.com/pase/1076105/,https://www.cinesrenoir.com/pelicula/el-diablo-viste-de-prada-2/,https://media.pillalas.com/imagenes/726afb526abffa83fece47511eb70b9e1b6e404173ddb3c32d8258561fd54681cee1e0d8.jpg,,,,,
EL DRAMA,Kristoffer Borgli,106,10,15:50,2026-07-01,Renoir Princesa,https://www.pillalas.com/pase/1076189/,https://www.cinesrenoir.com/pelicula/el-drama/,https://media.pillalas.com/imagenes/726afb526abffa833c26769a2d0f648f239a18f56e93a09c45c7c77c2bf1a8ee48c54930.jpg,,,,,
EL DRAMA,Kristoffer Borgli,106,10,17:55,2026-07-01,Renoir Princesa,https://www.pillalas.com/pase/1076193/,https://www.cinesrenoir.com/pelicula/el-drama/,https://media.pillalas.com/imagenes/726afb526abffa833c26769a2d0f648f239a18f56e93a09c45c7c77c2bf1a8ee48c54930.jpg,,,,,
EL DRAMA,Kristoffer Borgli,106,10,20:00,2026-07-01,Renoir Princesa,https://www.pillalas.com/pase/1076197/,https://www.cinesrenoir.com/pelicula/el-drama/,https://media.pillalas.com/imagenes/726afb526abffa833c26769a2d0f648f239a18f56e93a09c45c7c77c2bf1a8ee48c54930.jpg,,,,,
EL DRAMA,Kristoffer Borgli,106,10,22:00,2026-07-01,Renoir Princesa,https://www.pillalas.com/pase/1076201/,https://www.cinesrenoir.com/pelicula/el-drama/,https://media.pillalas.com/imagenes/726afb526abffa833c26769a2d0f648f239a18f56e93a09c45c7c77c2bf1a8ee48c54930.jpg,,,,,
EL DÍA DE LA REVELACIÓN,Steven Spielberg,145,09,16:10,2026-07-01,Renoir Princesa,https://www.pillalas.com/pase/1076192/,https://www.cinesrenoir.com/pelicula/el-dia-de-la-revelacion/,https://media.pillalas.com/imagenes/726afb526abffa8309e287b6a9937a9056794979929b0d994d7cb0244506ea87665540d6.jpg,,,,,
EL DÍA DE LA REVELACIÓN,Steven Spielberg,145,09,18:50,2026-07-01,Renoir Princesa,https://www.pillalas.com/pase/1076196/,https://www.cinesrenoir.com/pelicula/el-dia-de-la-revelacion/,https://media.pillalas.com/imagenes/726afb526abffa8309e287b6a9937a9056794979929b0d994d7cb0244506ea87665540d6.jpg,,,,,
EL DÍA DE LA REVELACIÓN,Steven Spielberg,145,05,20:20,2026-07-01,Renoir Princesa,https://www.pillalas.com/pase/1076109/,https://www.cinesrenoir.com/pelicula/el-dia-de-la-revelacion/,https://media.pillalas.com/imagenes/726afb526abffa8309e287b6a9937a9056794979929b0d994d7cb0244506ea87665540d6.jpg,,,,,
EL DÍA DE LA REVELACIÓN,Steven Spielberg,145,09,21:40,2026-07-01,Renoir Princesa,https://www.pillalas.com/pase/1076200/,https://www.cinesrenoir.com/pelicula/el-dia-de-la-revelacion/,https://media.pillalas.com/imagenes/726afb526abffa8309e287b6a9937a9056794979929b0d994d7cb0244506ea87665540d6.jpg,,,,,
LA LUZ,Fernando Franco,120,03,16:00,2026-07-01,Renoir Princesa,https://www.pillalas.com/pase/1076043/,https://www.cinesrenoir.com/pelicula/la-luz/,https://media.pillalas.com/imagenes/726afb526abffa8317677ca937a736c27e9f6bb2a52b26d33997b3aaabb603e6e12a45f0.jpg,,,,,
LA LUZ,Fernando Franco,120,02,18:00,2026-07-01,Renoir Princesa,https://www.pillalas.com/pase/1076047/,https://www.cinesrenoir.com/pelicula/la-luz/,https://media.pillalas.com/imagenes/726afb526abffa8317677ca937a736c27e9f6bb2a52b26d33997b3aaabb603e6e12a45f0.jpg,,,,,
LA LUZ,Fernando Franco,120,07,22:00,2026-07-01,Renoir Princesa,https://www.pillalas.com/pase/1076202/,https://www.cinesrenoir.com/pelicula/la-luz/,https://media.pillalas.com/imagenes/726afb526abffa8317677ca937a736c27e9f6bb2a52b26d33997b3aaabb603e6e12a45f0.jpg,,,,,
LETRAS ROBADAS,John Carney,98,11,15:50,2026-07-01,Renoir Princesa,https://www.pillalas.com/pase/1076239/,https://www.cinesrenoir.com/pelicula/letras-robadas/,https://media.pillalas.com/imagenes/726afb526abffa83a0d9791d64d1078fecc35b3f6dfaaed9ab05ae74e5aba2420b650147.jpg,,,,,
LETRAS ROBADAS,John Carney,98,06,20:10,2026-07-01,Renoir Princesa,https://www.pillalas.com/pase/1076108/,https://www.cinesrenoir.com/pelicula/letras-robadas/,https://media.pillalas.com/imagenes/726afb526abffa83a0d9791d64d1078fecc35b3f6dfaaed9ab05ae74e5aba2420b650147.jpg,,,,,
LETRAS ROBADAS,John Carney,98,06,22:10,2026-07-01,Renoir Princesa,https://www.pillalas.com/pase/1076110/,https://www.cinesrenoir.com/pelicula/letras-robadas/,https://media.pillalas.com/imagenes/726afb526abffa83a0d9791d64d1078fecc35b3f6dfaaed9ab05ae74e5aba2420b650147.jpg,,,,,
LOS ÚLTIMOS DÍAS DE MARIA ANTONIETA,Gianluca Jodice,101,07,16:00,2026-07-01,Renoir Princesa,https://www.pillalas.com/pase/1076191/,https://www.cinesrenoir.com/pelicula/los-ultimos-dias-de-maria-antonieta/,https://media.pillalas.com/imagenes/726afb526abffa83afd62aedf957bc47764dd9df4798120b6f3983b2c1698fb2d2196fff.jpg,,,,,
LOS ÚLTIMOS DÍAS DE MARIA ANTONIETA,Gianluca Jodice,101,07,18:00,2026-07-01,Renoir Princesa,https://www.pillalas.com/pase/1076194/,https://www.cinesrenoir.com/pelicula/los-ultimos-dias-de-maria-antonieta/,https://media.pillalas.com/imagenes/726afb526abffa83afd62aedf957bc47764dd9df4798120b6f3983b2c1698fb2d2196fff.jpg,,,,,
LOS ÚLTIMOS DÍAS DE MARIA ANTONIETA,Gianluca Jodice,101,07,20:00,2026-07-01,Renoir Princesa,https://www.pillalas.com/pase/1076198/,https://www.cinesrenoir.com/pelicula/los-ultimos-dias-de-maria-antonieta/,https://media.pillalas.com/imagenes/726afb526abffa83afd62aedf957bc47764dd9df4798120b6f3983b2c1698fb2d2196fff.jpg,,,,,
MORIR NO SIEMPRE SALE BIEN,Claudia Pinto Emperador,97,06,18:10,2026-07-01,Renoir Princesa,https://www.pillalas.com/pase/1076106/,https://www.cinesrenoir.com/pelicula/morir-no-siempre-sale-bien/,https://media.pillalas.com/imagenes/726afb526abffa83986c754a9abaa4b59e3f299864e39864a171194882afbcf70e409a28.jpg,,,,,
OBSESSION,Curry Barker,108,06,16:00,2026-07-01,Renoir Princesa,https://www.pillalas.com/pase/1076104/,https://www.cinesrenoir.com/pelicula/obsession/,https://media.pillalas.com/imagenes/726afb526abffa83ff7ee6f6d82de986b738cc661278e7a30ccd2f1e4538348bdd98f544.jpg,,,,,
OBSESSION,Curry Barker,108,11,17:45,2026-07-01,Renoir Princesa,https://www.pillalas.com/pase/1076240/,https://www.cinesrenoir.com/pelicula/obsession/,https://media.pillalas.com/imagenes/726afb526abffa83ff7ee6f6d82de986b738cc661278e7a30ccd2f1e4538348bdd98f544.jpg,,,,,
OBSESSION,Curry Barker,108,11,19:50,2026-07-01,Renoir Princesa,https://www.pillalas.com/pase/1076241/,https://www.cinesrenoir.com/pelicula/obsession/,https://media.pillalas.com/imagenes/726afb526abffa83ff7ee6f6d82de986b738cc661278e7a30ccd2f1e4538348bdd98f544.jpg,,,,,
OBSESSION,Curry Barker,108,11,22:00,2026-07-01,Renoir Princesa,https://www.pillalas.com/pase/1076242/,https://www.cinesrenoir.com/pelicula/obsession/,https://media.pillalas.com/imagenes/726afb526abffa83ff7ee6f6d82de986b738cc661278e7a30ccd2f1e4538348bdd98f544.jpg,,,,,
PIONERAS. SOLO QUERÍAN JUGAR,Marta Díaz De Lope Díaz,106,05,18:15,2026-07-01,Renoir Princesa,https://www.pillalas.com/pase/1076107/,https://www.cinesrenoir.com/pelicula/pioneras-solo-querian-jugar/,https://media.pillalas.com/imagenes/726afb526abffa83841aa9dea3bcfbd31547abab2849e44376088aef30139d6a3ea3caa9.jpg,,,,,
PÁLIDA LUZ EN LAS COLINAS,Kei Ishikawa,123,01,17:55,2026-07-01,Renoir Princesa,https://www.pillalas.com/pase/1076046/,https://www.cinesrenoir.com/pelicula/palida-luz-en-las-colinas/,https://media.pillalas.com/imagenes/726afb526abffa83e4357c50c96a83c50f18819346a98eb6216eec09df73d273ecaa49c3.jpg,,,,,
PÁLIDA LUZ EN LAS COLINAS,Kei Ishikawa,123,08,20:05,2026-07-01,Renoir Princesa,https://www.pillalas.com/pase/1076199/,https://www.cinesrenoir.com/pelicula/palida-luz-en-las-colinas/,https://media.pillalas.com/imagenes/726afb526abffa83e4357c50c96a83c50f18819346a98eb6216eec09df73d273ecaa49c3.jpg,,,,,
PÁLIDA LUZ EN LAS COLINAS,Kei Ishikawa,123,01,22:10,2026-07-01,Renoir Princesa,https://www.pillalas.com/pase/1076053/,https://www.cinesrenoir.com/pelicula/palida-luz-en-las-colinas/,https://media.pillalas.com/imagenes/726afb526abffa83e4357c50c96a83c50f18819346a98eb6216eec09df73d273ecaa49c3.jpg,,,,,
SUPERGIRL,Craig Gillespie,108,04,16:00,2026-07-01,Renoir Princesa,https://www.pillalas.com/pase/1076045/,https://www.cinesrenoir.com/pelicula/supergirl/,https://media.pillalas.com/imagenes/726afb526abffa83ab19c53872ccbcd4477279df0be8ea4311f1bff02899269c5834219f.jpg,,,,,
SUPERGIRL,Craig Gillespie,108,04,18:05,2026-07-01,Renoir Princesa,https://www.pillalas.com/pase/1076048/,https://www.cinesrenoir.com/pelicula/supergirl/,https://media.pillalas.com/imagenes/726afb526abffa83ab19c53872ccbcd4477279df0be8ea4311f1bff02899269c5834219f.jpg,,,,,
SUPERGIRL,Craig Gillespie,108,04,20:10,2026-07-01,Renoir Princesa,https://www.pillalas.com/pase/1076050/,https://www.cinesrenoir.com/pelicula/supergirl/,https://media.pillalas.com/imagenes/726afb526abffa83ab19c53872ccbcd4477279df0be8ea4311f1bff02899269c5834219f.jpg,,,,,
SUPERGIRL,Craig Gillespie,108,04,22:15,2026-07-01,Renoir Princesa,https://www.pillalas.com/pase/1076054/,https://www.cinesrenoir.com/pelicula/supergirl/,https://media.pillalas.com/imagenes/726afb526abffa83ab19c53872ccbcd4477279df0be8ea4311f1bff02899269c5834219f.jpg,,,,,
TOY STORY 5,"Mckenna Harris, Andrew Stanton",101,02,16:00,2026-07-01,Renoir Princesa,https://www.pillalas.com/pase/1076044/,https://www.cinesrenoir.com/pelicula/toy-story-5/,https://media.pillalas.com/imagenes/726afb526abffa838a456bed6d0f9a7c9af3e476430cb99b9b7924219be4a2e77fa421a0.jpg,,,,,
TOY STORY 5,"Mckenna Harris, Andrew Stanton",101,03,18:15,2026-07-01,Renoir Princesa,https://www.pillalas.com/pase/1076049/,https://www.cinesrenoir.com/pelicula/toy-story-5/,https://media.pillalas.com/imagenes/726afb526abffa838a456bed6d0f9a7c9af3e476430cb99b9b7924219be4a2e77fa421a0.jpg,,,,,
TOY STORY 5,"Mckenna Harris, Andrew Stanton",101,03,20:15,2026-07-01,Renoir Princesa,https://www.pillalas.com/pase/1076052/,https://www.cinesrenoir.com/pelicula/toy-story-5/,https://media.pillalas.com/imagenes/726afb526abffa838a456bed6d0f9a7c9af3e476430cb99b9b7924219be4a2e77fa421a0.jpg,,,,,
UN TALENTO ÚNICO,Daniel Roher,107,03,22:15,2026-07-01,Renoir Princesa,https://www.pillalas.com/pase/1076055/,https://www.cinesrenoir.com/pelicula/un-talento-unico/,https://media.pillalas.com/imagenes/726afb526abffa8328ed8d44e9f29b219dc5c0acbef948ae809535159b834c8652582f9e.jpg,,,,,
AMARGA NAVIDAD,Pedro Almodóvar,111,01,15:50,2026-07-02,Renoir Princesa,https://www.pillalas.com/pase/1075969/,https://www.cinesrenoir.com/pelicula/amarga-navidad/,https://media.pillalas.com/imagenes/726afb526abffa83b60c45c3634993c0e9bd987d873c6c32a8009c3b4ee414d3a40e41c1.jpg,,,,,
BACKROOMS,Kane Parsons,110,08,16:00,2026-07-02,Renoir Princesa,https://www.pillalas.com/pase/1076206/,https://www.cinesrenoir.com/pelicula/backrooms/,https://media.pillalas.com/imagenes/726afb526abffa83186becfb5f5e9996a19758e2af6f41d33fc78627a975c1013a9e6c45.jpg,,,,,
BACKROOMS,Kane Parsons,110,02,20:15,2026-07-02,Renoir Princesa,https://www.pillalas.com/pase/1076065/,https://www.cinesrenoir.com/pelicula/backrooms/,https://media.pillalas.com/imagenes/726afb526abffa83186becfb5f5e9996a19758e2af6f41d33fc78627a975c1013a9e6c45.jpg,,,,,
BACKROOMS,Kane Parsons,110,02,22:20,2026-07-02,Renoir Princesa,https://www.pillalas.com/pase/1076070/,https://www.cinesrenoir.com/pelicula/backrooms/,https://media.pillalas.com/imagenes/726afb526abffa83186becfb5f5e9996a19758e2af6f41d33fc78627a975c1013a9e6c45.jpg,,,,,
CALL ME BY YOUR NAME [WILDER CINEMA],Luca Guadagnino,131,06,20:00,2026-07-02,Renoir Princesa,https://www.pillalas.com/pase/1075795/,https://www.cinesrenoir.com/pelicula/call-me-by-your-name-wilder-cinema/,https://media.pillalas.com/imagenes/726afb526abffa83247a5e23644b096d6938319afea80944932deadee59c5d30df705f97.jpg,,,,,
DREAMS,Michel Franco,98,08,18:10,2026-07-02,Renoir Princesa,https://www.pillalas.com/pase/1076210/,https://www.cinesrenoir.com/pelicula/dreams/,https://media.pillalas.com/imagenes/726afb526abffa83f2fcec14080faa1f92861ad737cbaef71a9e19333a81d741027ad62e.jpg,,,,,
DREAMS,Michel Franco,98,01,20:15,2026-07-02,Renoir Princesa,https://www.pillalas.com/pase/1075970/,https://www.cinesrenoir.com/pelicula/dreams/,https://media.pillalas.com/imagenes/726afb526abffa83f2fcec14080faa1f92861ad737cbaef71a9e19333a81d741027ad62e.jpg,,,,,
DREAMS,Michel Franco,98,08,22:25,2026-07-02,Renoir Princesa,https://www.pillalas.com/pase/1076218/,https://www.cinesrenoir.com/pelicula/dreams/,https://media.pillalas.com/imagenes/726afb526abffa83f2fcec14080faa1f92861ad737cbaef71a9e19333a81d741027ad62e.jpg,,,,,
EL DIABLO VISTE DE PRADA 2,David Frankel,120,05,16:00,2026-07-02,Renoir Princesa,https://www.pillalas.com/pase/1076111/,https://www.cinesrenoir.com/pelicula/el-diablo-viste-de-prada-2/,https://media.pillalas.com/imagenes/726afb526abffa83fece47511eb70b9e1b6e404173ddb3c32d8258561fd54681cee1e0d8.jpg,,,,,
EL DRAMA,Kristoffer Borgli,106,10,15:50,2026-07-02,Renoir Princesa,https://www.pillalas.com/pase/1076204/,https://www.cinesrenoir.com/pelicula/el-drama/,https://media.pillalas.com/imagenes/726afb526abffa833c26769a2d0f648f239a18f56e93a09c45c7c77c2bf1a8ee48c54930.jpg,,,,,
EL DRAMA,Kristoffer Borgli,106,10,17:55,2026-07-02,Renoir Princesa,https://www.pillalas.com/pase/1076208/,https://www.cinesrenoir.com/pelicula/el-drama/,https://media.pillalas.com/imagenes/726afb526abffa833c26769a2d0f648f239a18f56e93a09c45c7c77c2bf1a8ee48c54930.jpg,,,,,
EL DRAMA,Kristoffer Borgli,106,10,20:00,2026-07-02,Renoir Princesa,https://www.pillalas.com/pase/1076212/,https://www.cinesrenoir.com/pelicula/el-drama/,https://media.pillalas.com/imagenes/726afb526abffa833c26769a2d0f648f239a18f56e93a09c45c7c77c2bf1a8ee48c54930.jpg,,,,,
EL DRAMA,Kristoffer Borgli,106,10,22:00,2026-07-02,Renoir Princesa,https://www.pillalas.com/pase/1076216/,https://www.cinesrenoir.com/pelicula/el-drama/,https://media.pillalas.com/imagenes/726afb526abffa833c26769a2d0f648f239a18f56e93a09c45c7c77c2bf1a8ee48c54930.jpg,,,,,
EL DÍA DE LA REVELACIÓN,Steven Spielberg,145,09,16:10,2026-07-02,Renoir Princesa,https://www.pillalas.com/pase/1076207/,https://www.cinesrenoir.com/pelicula/el-dia-de-la-revelacion/,https://media.pillalas.com/imagenes/726afb526abffa8309e287b6a9937a9056794979929b0d994d7cb0244506ea87665540d6.jpg,,,,,
EL DÍA DE LA REVELACIÓN,Steven Spielberg,145,09,18:50,2026-07-02,Renoir Princesa,https://www.pillalas.com/pase/1076211/,https://www.cinesrenoir.com/pelicula/el-dia-de-la-revelacion/,https://media.pillalas.com/imagenes/726afb526abffa8309e287b6a9937a9056794979929b0d994d7cb0244506ea87665540d6.jpg,,,,,
EL DÍA DE LA REVELACIÓN,Steven Spielberg,145,05,20:20,2026-07-02,Renoir Princesa,https://www.pillalas.com/pase/1076115/,https://www.cinesrenoir.com/pelicula/el-dia-de-la-revelacion/,https://media.pillalas.com/imagenes/726afb526abffa8309e287b6a9937a9056794979929b0d994d7cb0244506ea87665540d6.jpg,,,,,
EL DÍA DE LA REVELACIÓN,Steven Spielberg,145,09,21:40,2026-07-02,Renoir Princesa,https://www.pillalas.com/pase/1076215/,https://www.cinesrenoir.com/pelicula/el-dia-de-la-revelacion/,https://media.pillalas.com/imagenes/726afb526abffa8309e287b6a9937a9056794979929b0d994d7cb0244506ea87665540d6.jpg,,,,,
LA LUZ,Fernando Franco,120,03,16:00,2026-07-02,Renoir Princesa,https://www.pillalas.com/pase/1076058/,https://www.cinesrenoir.com/pelicula/la-luz/,https://media.pillalas.com/imagenes/726afb526abffa8317677ca937a736c27e9f6bb2a52b26d33997b3aaabb603e6e12a45f0.jpg,,,,,
LA LUZ,Fernando Franco,120,02,18:00,2026-07-02,Renoir Princesa,https://www.pillalas.com/pase/1076061/,https://www.cinesrenoir.com/pelicula/la-luz/,https://media.pillalas.com/imagenes/726afb526abffa8317677ca937a736c27e9f6bb2a52b26d33997b3aaabb603e6e12a45f0.jpg,,,,,
LA LUZ,Fernando Franco,120,07,22:00,2026-07-02,Renoir Princesa,https://www.pillalas.com/pase/1076217/,https://www.cinesrenoir.com/pelicula/la-luz/,https://media.pillalas.com/imagenes/726afb526abffa8317677ca937a736c27e9f6bb2a52b26d33997b3aaabb603e6e12a45f0.jpg,,,,,
LETRAS ROBADAS,John Carney,98,11,15:50,2026-07-02,Renoir Princesa,https://www.pillalas.com/pase/1076243/,https://www.cinesrenoir.com/pelicula/letras-robadas/,https://media.pillalas.com/imagenes/726afb526abffa83a0d9791d64d1078fecc35b3f6dfaaed9ab05ae74e5aba2420b650147.jpg,,,,,
LOS ÚLTIMOS DÍAS DE MARIA ANTONIETA,Gianluca Jodice,101,07,16:00,2026-07-02,Renoir Princesa,https://www.pillalas.com/pase/1076205/,https://www.cinesrenoir.com/pelicula/los-ultimos-dias-de-maria-antonieta/,https://media.pillalas.com/imagenes/726afb526abffa83afd62aedf957bc47764dd9df4798120b6f3983b2c1698fb2d2196fff.jpg,,,,,
LOS ÚLTIMOS DÍAS DE MARIA ANTONIETA,Gianluca Jodice,101,07,18:00,2026-07-02,Renoir Princesa,https://www.pillalas.com/pase/1076209/,https://www.cinesrenoir.com/pelicula/los-ultimos-dias-de-maria-antonieta/,https://media.pillalas.com/imagenes/726afb526abffa83afd62aedf957bc47764dd9df4798120b6f3983b2c1698fb2d2196fff.jpg,,,,,
LOS ÚLTIMOS DÍAS DE MARIA ANTONIETA,Gianluca Jodice,101,07,20:00,2026-07-02,Renoir Princesa,https://www.pillalas.com/pase/1076213/,https://www.cinesrenoir.com/pelicula/los-ultimos-dias-de-maria-antonieta/,https://media.pillalas.com/imagenes/726afb526abffa83afd62aedf957bc47764dd9df4798120b6f3983b2c1698fb2d2196fff.jpg,,,,,
MORIR NO SIEMPRE SALE BIEN,Claudia Pinto Emperador,97,06,18:10,2026-07-02,Renoir Princesa,https://www.pillalas.com/pase/1076113/,https://www.cinesrenoir.com/pelicula/morir-no-siempre-sale-bien/,https://media.pillalas.com/imagenes/726afb526abffa83986c754a9abaa4b59e3f299864e39864a171194882afbcf70e409a28.jpg,,,,,
OBSESSION,Curry Barker,108,06,16:00,2026-07-02,Renoir Princesa,https://www.pillalas.com/pase/1076112/,https://www.cinesrenoir.com/pelicula/obsession/,https://media.pillalas.com/imagenes/726afb526abffa83ff7ee6f6d82de986b738cc661278e7a30ccd2f1e4538348bdd98f544.jpg,,,,,
OBSESSION,Curry Barker,108,11,17:45,2026-07-02,Renoir Princesa,https://www.pillalas.com/pase/1076244/,https://www.cinesrenoir.com/pelicula/obsession/,https://media.pillalas.com/imagenes/726afb526abffa83ff7ee6f6d82de986b738cc661278e7a30ccd2f1e4538348bdd98f544.jpg,,,,,
OBSESSION,Curry Barker,108,11,19:50,2026-07-02,Renoir Princesa,https://www.pillalas.com/pase/1076245/,https://www.cinesrenoir.com/pelicula/obsession/,https://media.pillalas.com/imagenes/726afb526abffa83ff7ee6f6d82de986b738cc661278e7a30ccd2f1e4538348bdd98f544.jpg,,,,,
OBSESSION,Curry Barker,108,11,22:00,2026-07-02,Renoir Princesa,https://www.pillalas.com/pase/1076246/,https://www.cinesrenoir.com/pelicula/obsession/,https://media.pillalas.com/imagenes/726afb526abffa83ff7ee6f6d82de986b738cc661278e7a30ccd2f1e4538348bdd98f544.jpg,,,,,
PIONERAS. SOLO QUERÍAN JUGAR,Marta Díaz De Lope Díaz,106,05,18:15,2026-07-02,Renoir Princesa,https://www.pillalas.com/pase/1076114/,https://www.cinesrenoir.com/pelicula/pioneras-solo-querian-jugar/,https://media.pillalas.com/imagenes/726afb526abffa83841aa9dea3bcfbd31547abab2849e44376088aef30139d6a3ea3caa9.jpg,,,,,
PÁLIDA LUZ EN LAS COLINAS,Kei Ishikawa,123,01,17:55,2026-07-02,Renoir Princesa,https://www.pillalas.com/pase/1076060/,https://www.cinesrenoir.com/pelicula/palida-luz-en-las-colinas/,https://media.pillalas.com/imagenes/726afb526abffa83e4357c50c96a83c50f18819346a98eb6216eec09df73d273ecaa49c3.jpg,,,,,
PÁLIDA LUZ EN LAS COLINAS,Kei Ishikawa,123,08,20:05,2026-07-02,Renoir Princesa,https://www.pillalas.com/pase/1076214/,https://www.cinesrenoir.com/pelicula/palida-luz-en-las-colinas/,https://media.pillalas.com/imagenes/726afb526abffa83e4357c50c96a83c50f18819346a98eb6216eec09df73d273ecaa49c3.jpg,,,,,
PÁLIDA LUZ EN LAS COLINAS,Kei Ishikawa,123,01,22:10,2026-07-02,Renoir Princesa,https://www.pillalas.com/pase/1076067/,https://www.cinesrenoir.com/pelicula/palida-luz-en-las-colinas/,https://media.pillalas.com/imagenes/726afb526abffa83e4357c50c96a83c50f18819346a98eb6216eec09df73d273ecaa49c3.jpg,,,,,
SUPERGIRL,Craig Gillespie,108,04,16:00,2026-07-02,Renoir Princesa,https://www.pillalas.com/pase/1076057/,https://www.cinesrenoir.com/pelicula/supergirl/,https://media.pillalas.com/imagenes/726afb526abffa83ab19c53872ccbcd4477279df0be8ea4311f1bff02899269c5834219f.jpg,,,,,
SUPERGIRL,Craig Gillespie,108,04,18:05,2026-07-02,Renoir Princesa,https://www.pillalas.com/pase/1076062/,https://www.cinesrenoir.com/pelicula/supergirl/,https://media.pillalas.com/imagenes/726afb526abffa83ab19c53872ccbcd4477279df0be8ea4311f1bff02899269c5834219f.jpg,,,,,
SUPERGIRL,Craig Gillespie,108,04,20:10,2026-07-02,Renoir Princesa,https://www.pillalas.com/pase/1076064/,https://www.cinesrenoir.com/pelicula/supergirl/,https://media.pillalas.com/imagenes/726afb526abffa83ab19c53872ccbcd4477279df0be8ea4311f1bff02899269c5834219f.jpg,,,,,
SUPERGIRL,Craig Gillespie,108,04,22:15,2026-07-02,Renoir Princesa,https://www.pillalas.com/pase/1076069/,https://www.cinesrenoir.com/pelicula/supergirl/,https://media.pillalas.com/imagenes/726afb526abffa83ab19c53872ccbcd4477279df0be8ea4311f1bff02899269c5834219f.jpg,,,,,
TOY STORY 5,"Mckenna Harris, Andrew Stanton",101,02,16:00,2026-07-02,Renoir Princesa,https://www.pillalas.com/pase/1076059/,https://www.cinesrenoir.com/pelicula/toy-story-5/,https://media.pillalas.com/imagenes/726afb526abffa838a456bed6d0f9a7c9af3e476430cb99b9b7924219be4a2e77fa421a0.jpg,,,,,
TOY STORY 5,"Mckenna Harris, Andrew Stanton",101,03,18:15,2026-07-02,Renoir Princesa,https://www.pillalas.com/pase/1076063/,https://www.cinesrenoir.com/pelicula/toy-story-5/,https://media.pillalas.com/imagenes/726afb526abffa838a456bed6d0f9a7c9af3e476430cb99b9b7924219be4a2e77fa421a0.jpg,,,,,
TOY STORY 5,"Mckenna Harris, Andrew Stanton",101,03,20:15,2026-07-02,Renoir Princesa,https://www.pillalas.com/pase/1076066/,https://www.cinesrenoir.com/pelicula/toy-story-5/,https://media.pillalas.com/imagenes/726afb526abffa838a456bed6d0f9a7c9af3e476430cb99b9b7924219be4a2e77fa421a0.jpg,,,,,
UN TALENTO ÚNICO,Daniel Roher,107,03,22:15,2026-07-02,Renoir Princesa,https://www.pillalas.com/pase/1076068/,https://www.cinesrenoir.com/pelicula/un-talento-unico/,https://media.pillalas.com/imagenes/726afb526abffa8328ed8d44e9f29b219dc5c0acbef948ae809535159b834c8652582f9e.jpg,,,,,
15 PRUEBAS DE AMOR,Alice Douard,97,05,16:00,2026-06-25,Renoir Plaza de España,https://www.pillalas.com/pase/1075156/,https://www.cinesrenoir.com/pelicula/15-pruebas-de-amor/,https://media.pillalas.com/imagenes/726afb526abffa83e391391418df6f04ce74aa21d25dce1a006ceaa76b8c3192b706f943.jpg,,,,,
15 PRUEBAS DE AMOR,Alice Douard,97,05,18:00,2026-06-25,Renoir Plaza de España,https://www.pillalas.com/pase/1075157/,https://www.cinesrenoir.com/pelicula/15-pruebas-de-amor/,https://media.pillalas.com/imagenes/726afb526abffa83e391391418df6f04ce74aa21d25dce1a006ceaa76b8c3192b706f943.jpg,,,,,
15 PRUEBAS DE AMOR,Alice Douard,97,05,20:00,2026-06-25,Renoir Plaza de España,https://www.pillalas.com/pase/1075159/,https://www.cinesrenoir.com/pelicula/15-pruebas-de-amor/,https://media.pillalas.com/imagenes/726afb526abffa83e391391418df6f04ce74aa21d25dce1a006ceaa76b8c3192b706f943.jpg,,,,,
15 PRUEBAS DE AMOR,Alice Douard,97,05,22:00,2026-06-25,Renoir Plaza de España,https://www.pillalas.com/pase/1075161/,https://www.cinesrenoir.com/pelicula/15-pruebas-de-amor/,https://media.pillalas.com/imagenes/726afb526abffa83e391391418df6f04ce74aa21d25dce1a006ceaa76b8c3192b706f943.jpg,,,,,
LA GRAZIA,Paolo Sorrentino,132,04,15:50,2026-06-25,Renoir Plaza de España,https://www.pillalas.com/pase/1075155/,https://www.cinesrenoir.com/pelicula/la-grazia/,https://media.pillalas.com/imagenes/726afb526abffa83c3be0b516c5fe20d16fbf7645320946527da276b1bc1ba4b27744cb3.jpg,,,,,
LA GRAZIA,Paolo Sorrentino,132,04,18:20,2026-06-25,Renoir Plaza de España,https://www.pillalas.com/pase/1075158/,https://www.cinesrenoir.com/pelicula/la-grazia/,https://media.pillalas.com/imagenes/726afb526abffa83c3be0b516c5fe20d16fbf7645320946527da276b1bc1ba4b27744cb3.jpg,,,,,
LA GRAZIA,Paolo Sorrentino,132,04,20:45,2026-06-25,Renoir Plaza de España,https://www.pillalas.com/pase/1075160/,https://www.cinesrenoir.com/pelicula/la-grazia/,https://media.pillalas.com/imagenes/726afb526abffa83c3be0b516c5fe20d16fbf7645320946527da276b1bc1ba4b27744cb3.jpg,,,,,
REMANDO AL VIENTO,Gonzalo Suárez,110,01,19:00,2026-06-25,Renoir Plaza de España,https://www.pillalas.com/pase/1073150/,https://www.cinesrenoir.com/pelicula/remando-al-viento/,https://media.pillalas.com/imagenes/726afb526abffa83711a3434bdb926327fec472f727c3ff3f7169b6e63b075bf224a1b88.jpg,,,,,
UN POETA,Simon Mesa Soto,123,03,15:50,2026-06-25,Renoir Plaza de España,https://www.pillalas.com/pase/1075110/,https://www.cinesrenoir.com/pelicula/un-poeta/,https://media.pillalas.com/imagenes/726afb526abffa833fe40dc532766d4edd5f8bd99d62c174bf9a25ca7373e14deb0efcab.jpg,,,,,
UN POETA,Simon Mesa Soto,123,03,18:10,2026-06-25,Renoir Plaza de España,https://www.pillalas.com/pase/1075111/,https://www.cinesrenoir.com/pelicula/un-poeta/,https://media.pillalas.com/imagenes/726afb526abffa833fe40dc532766d4edd5f8bd99d62c174bf9a25ca7373e14deb0efcab.jpg,,,,,
UN POETA,Simon Mesa Soto,123,03,20:35,2026-06-25,Renoir Plaza de España,https://www.pillalas.com/pase/1075112/,https://www.cinesrenoir.com/pelicula/un-poeta/,https://media.pillalas.com/imagenes/726afb526abffa833fe40dc532766d4edd5f8bd99d62c174bf9a25ca7373e14deb0efcab.jpg,,,,,
VIAJE AL PAÍS DE LOS BLANCOS [PROYECTO VIRIDIANA],Dani Sancho,110,02,20:15,2026-06-25,Renoir Plaza de España,https://www.pillalas.com/pase/1074611/,https://www.cinesrenoir.com/pelicula/viaje-al-pais-de-los-blancos-proyecto-viridiana/,https://media.pillalas.com/imagenes/726afb526abffa83c9da11ccaef660847cb20c5cb7597b19760ea77a245298e8fc11498b.jpg,,,,,
VIVA,Aina Clotet,113,02,15:50,2026-06-25,Renoir Plaza de España,https://www.pillalas.com/pase/1075089/,https://www.cinesrenoir.com/pelicula/viva/,https://media.pillalas.com/imagenes/726afb526abffa830acb00a3569b44f67bc3ace567977edc5e3423b3a8dfa15bf779569d.jpg,,,,,
VIVA,Aina Clotet,113,02,18:00,2026-06-25,Renoir Plaza de España,https://www.pillalas.com/pase/1075090/,https://www.cinesrenoir.com/pelicula/viva/,https://media.pillalas.com/imagenes/726afb526abffa830acb00a3569b44f67bc3ace567977edc5e3423b3a8dfa15bf779569d.jpg,,,,,
¡LUMIÈRE! COMIENZA LA AVENTURA,Thierry Frémaux,90,01,17:00,2026-06-25,Renoir Plaza de España,https://www.pillalas.com/pase/1074110/,https://www.cinesrenoir.com/pelicula/lumiere-comienza-la-aventura/,https://media.pillalas.com/imagenes/726afb526abffa837377eb29a4469b610c16a2bdfd98036cdf960c242d2c3c0cb33d19b8.jpg,,,,,
15 PRUEBAS DE AMOR,Alice Douard,97,05,18:10,2026-06-26,Renoir Plaza de España,https://www.pillalas.com/pase/1075901/,https://www.cinesrenoir.com/pelicula/15-pruebas-de-amor/,https://media.pillalas.com/imagenes/726afb526abffa83e391391418df6f04ce74aa21d25dce1a006ceaa76b8c3192b706f943.jpg,,,,,
15 PRUEBAS DE AMOR,Alice Douard,97,05,20:05,2026-06-26,Renoir Plaza de España,https://www.pillalas.com/pase/1075902/,https://www.cinesrenoir.com/pelicula/15-pruebas-de-amor/,https://media.pillalas.com/imagenes/726afb526abffa83e391391418df6f04ce74aa21d25dce1a006ceaa76b8c3192b706f943.jpg,,,,,
"AMANECE, QUE NO ES POCO",José Luis Cuerda,95,01,16:15,2026-06-26,Renoir Plaza de España,https://www.pillalas.com/pase/1075792/,https://www.cinesrenoir.com/pelicula/amanece-que-no-es-poco/,https://media.pillalas.com/imagenes/726afb526abffa836de1185fb78a42536b02b78001ef7c7439b28a92ddbb0dfaf9fa1c16.jpg,,,,,
"AMANECE, QUE NO ES POCO",José Luis Cuerda,95,01,19:00,2026-06-26,Renoir Plaza de España,https://www.pillalas.com/pase/1073151/,https://www.cinesrenoir.com/pelicula/amanece-que-no-es-poco/,https://media.pillalas.com/imagenes/726afb526abffa836de1185fb78a42536b02b78001ef7c7439b28a92ddbb0dfaf9fa1c16.jpg,,,,,
"AMANECE, QUE NO ES POCO",José Luis Cuerda,95,01,21:30,2026-06-26,Renoir Plaza de España,https://www.pillalas.com/pase/1075793/,https://www.cinesrenoir.com/pelicula/amanece-que-no-es-poco/,https://media.pillalas.com/imagenes/726afb526abffa836de1185fb78a42536b02b78001ef7c7439b28a92ddbb0dfaf9fa1c16.jpg,,,,,
LA GRAZIA,Paolo Sorrentino,132,02,19:50,2026-06-26,Renoir Plaza de España,https://www.pillalas.com/pase/1075848/,https://www.cinesrenoir.com/pelicula/la-grazia/,https://media.pillalas.com/imagenes/726afb526abffa83c3be0b516c5fe20d16fbf7645320946527da276b1bc1ba4b27744cb3.jpg,,,,,
LA GRAZIA,Paolo Sorrentino,132,03,22:05,2026-06-26,Renoir Plaza de España,https://www.pillalas.com/pase/1075850/,https://www.cinesrenoir.com/pelicula/la-grazia/,https://media.pillalas.com/imagenes/726afb526abffa83c3be0b516c5fe20d16fbf7645320946527da276b1bc1ba4b27744cb3.jpg,,,,,
LA MUJER SIN NOMBRE,Haifaa Al-Mansour,99,02,16:00,2026-06-26,Renoir Plaza de España,https://www.pillalas.com/pase/1075845/,https://www.cinesrenoir.com/pelicula/la-mujer-sin-nombre/,https://media.pillalas.com/imagenes/726afb526abffa839979913bfcd9ec0483cc758159c1169b43444aea9c8022ea0669600d.jpg,,,,,
LA MUJER SIN NOMBRE,Haifaa Al-Mansour,99,02,17:55,2026-06-26,Renoir Plaza de España,https://www.pillalas.com/pase/1075847/,https://www.cinesrenoir.com/pelicula/la-mujer-sin-nombre/,https://media.pillalas.com/imagenes/726afb526abffa839979913bfcd9ec0483cc758159c1169b43444aea9c8022ea0669600d.jpg,,,,,
LA MUJER SIN NOMBRE,Haifaa Al-Mansour,99,02,22:20,2026-06-26,Renoir Plaza de España,https://www.pillalas.com/pase/1075851/,https://www.cinesrenoir.com/pelicula/la-mujer-sin-nombre/,https://media.pillalas.com/imagenes/726afb526abffa839979913bfcd9ec0483cc758159c1169b43444aea9c8022ea0669600d.jpg,,,,,
UN POETA,Simon Mesa Soto,123,05,15:50,2026-06-26,Renoir Plaza de España,https://www.pillalas.com/pase/1075898/,https://www.cinesrenoir.com/pelicula/un-poeta/,https://media.pillalas.com/imagenes/726afb526abffa833fe40dc532766d4edd5f8bd99d62c174bf9a25ca7373e14deb0efcab.jpg,,,,,
UN POETA,Simon Mesa Soto,123,04,18:00,2026-06-26,Renoir Plaza de España,https://www.pillalas.com/pase/1075971/,https://www.cinesrenoir.com/pelicula/un-poeta/,https://media.pillalas.com/imagenes/726afb526abffa833fe40dc532766d4edd5f8bd99d62c174bf9a25ca7373e14deb0efcab.jpg,,,,,
UN POETA,Simon Mesa Soto,123,05,22:00,2026-06-26,Renoir Plaza de España,https://www.pillalas.com/pase/1075904/,https://www.cinesrenoir.com/pelicula/un-poeta/,https://media.pillalas.com/imagenes/726afb526abffa833fe40dc532766d4edd5f8bd99d62c174bf9a25ca7373e14deb0efcab.jpg,,,,,
VIAJE AL PAÍS DE LOS BLANCOS,Dani Sancho,110,03,15:50,2026-06-26,Renoir Plaza de España,https://www.pillalas.com/pase/1075844/,https://www.cinesrenoir.com/pelicula/viaje-al-pais-de-los-blancos/,https://media.pillalas.com/imagenes/726afb526abffa83da9af8c08848b34e2f4e2578b0fb426e15c8edd6eeb68e446c43317f.jpg,,,,,
VIAJE AL PAÍS DE LOS BLANCOS,Dani Sancho,110,03,17:55,2026-06-26,Renoir Plaza de España,https://www.pillalas.com/pase/1075846/,https://www.cinesrenoir.com/pelicula/viaje-al-pais-de-los-blancos/,https://media.pillalas.com/imagenes/726afb526abffa83da9af8c08848b34e2f4e2578b0fb426e15c8edd6eeb68e446c43317f.jpg,,,,,
VIAJE AL PAÍS DE LOS BLANCOS,Dani Sancho,110,03,20:00,2026-06-26,Renoir Plaza de España,https://www.pillalas.com/pase/1075849/,https://www.cinesrenoir.com/pelicula/viaje-al-pais-de-los-blancos/,https://media.pillalas.com/imagenes/726afb526abffa83da9af8c08848b34e2f4e2578b0fb426e15c8edd6eeb68e446c43317f.jpg,,,,,
VIVA,Aina Clotet,113,04,15:50,2026-06-26,Renoir Plaza de España,https://www.pillalas.com/pase/1075899/,https://www.cinesrenoir.com/pelicula/viva/,https://media.pillalas.com/imagenes/726afb526abffa830acb00a3569b44f67bc3ace567977edc5e3423b3a8dfa15bf779569d.jpg,,,,,
VIVA,Aina Clotet,113,04,20:20,2026-06-26,Renoir Plaza de España,https://www.pillalas.com/pase/1075972/,https://www.cinesrenoir.com/pelicula/viva/,https://media.pillalas.com/imagenes/726afb526abffa830acb00a3569b44f67bc3ace567977edc5e3423b3a8dfa15bf779569d.jpg,,,,,
15 PRUEBAS DE AMOR,Alice Douard,97,05,18:10,2026-06-27,Renoir Plaza de España,https://www.pillalas.com/pase/1075909/,https://www.cinesrenoir.com/pelicula/15-pruebas-de-amor/,https://media.pillalas.com/imagenes/726afb526abffa83e391391418df6f04ce74aa21d25dce1a006ceaa76b8c3192b706f943.jpg,,,,,
15 PRUEBAS DE AMOR,Alice Douard,97,05,20:05,2026-06-27,Renoir Plaza de España,https://www.pillalas.com/pase/1075910/,https://www.cinesrenoir.com/pelicula/15-pruebas-de-amor/,https://media.pillalas.com/imagenes/726afb526abffa83e391391418df6f04ce74aa21d25dce1a006ceaa76b8c3192b706f943.jpg,,,,,
15 PRUEBAS DE AMOR,Alice Douard,97,04,22:30,2026-06-27,Renoir Plaza de España,https://www.pillalas.com/pase/1075913/,https://www.cinesrenoir.com/pelicula/15-pruebas-de-amor/,https://media.pillalas.com/imagenes/726afb526abffa83e391391418df6f04ce74aa21d25dce1a006ceaa76b8c3192b706f943.jpg,,,,,
BAJARSE AL MORO,Bajarse Al Moro,99,01,19:00,2026-06-27,Renoir Plaza de España,https://www.pillalas.com/pase/1073152/,https://www.cinesrenoir.com/pelicula/bajarse-al-moro/,https://media.pillalas.com/imagenes/726afb526abffa830f6b26c48d6e31f35569e8e31badf07c554b4ab8dd9152788c87014d.jpg,,,,,
LA GRAZIA,Paolo Sorrentino,132,01,16:00,2026-06-27,Renoir Plaza de España,https://www.pillalas.com/pase/1075832/,https://www.cinesrenoir.com/pelicula/la-grazia/,https://media.pillalas.com/imagenes/726afb526abffa83c3be0b516c5fe20d16fbf7645320946527da276b1bc1ba4b27744cb3.jpg,,,,,
LA GRAZIA,Paolo Sorrentino,132,02,19:50,2026-06-27,Renoir Plaza de España,https://www.pillalas.com/pase/1075856/,https://www.cinesrenoir.com/pelicula/la-grazia/,https://media.pillalas.com/imagenes/726afb526abffa83c3be0b516c5fe20d16fbf7645320946527da276b1bc1ba4b27744cb3.jpg,,,,,
LA GRAZIA,Paolo Sorrentino,132,03,22:05,2026-06-27,Renoir Plaza de España,https://www.pillalas.com/pase/1075858/,https://www.cinesrenoir.com/pelicula/la-grazia/,https://media.pillalas.com/imagenes/726afb526abffa83c3be0b516c5fe20d16fbf7645320946527da276b1bc1ba4b27744cb3.jpg,,,,,
LA MUJER SIN NOMBRE,Haifaa Al-Mansour,99,02,16:00,2026-06-27,Renoir Plaza de España,https://www.pillalas.com/pase/1075853/,https://www.cinesrenoir.com/pelicula/la-mujer-sin-nombre/,https://media.pillalas.com/imagenes/726afb526abffa839979913bfcd9ec0483cc758159c1169b43444aea9c8022ea0669600d.jpg,,,,,
LA MUJER SIN NOMBRE,Haifaa Al-Mansour,99,02,17:55,2026-06-27,Renoir Plaza de España,https://www.pillalas.com/pase/1075855/,https://www.cinesrenoir.com/pelicula/la-mujer-sin-nombre/,https://media.pillalas.com/imagenes/726afb526abffa839979913bfcd9ec0483cc758159c1169b43444aea9c8022ea0669600d.jpg,,,,,
LA MUJER SIN NOMBRE,Haifaa Al-Mansour,99,02,22:20,2026-06-27,Renoir Plaza de España,https://www.pillalas.com/pase/1075859/,https://www.cinesrenoir.com/pelicula/la-mujer-sin-nombre/,https://media.pillalas.com/imagenes/726afb526abffa839979913bfcd9ec0483cc758159c1169b43444aea9c8022ea0669600d.jpg,,,,,
UN POETA,Simon Mesa Soto,123,05,15:50,2026-06-27,Renoir Plaza de España,https://www.pillalas.com/pase/1075907/,https://www.cinesrenoir.com/pelicula/un-poeta/,https://media.pillalas.com/imagenes/726afb526abffa833fe40dc532766d4edd5f8bd99d62c174bf9a25ca7373e14deb0efcab.jpg,,,,,
UN POETA,Simon Mesa Soto,123,04,18:00,2026-06-27,Renoir Plaza de España,https://www.pillalas.com/pase/1075908/,https://www.cinesrenoir.com/pelicula/un-poeta/,https://media.pillalas.com/imagenes/726afb526abffa833fe40dc532766d4edd5f8bd99d62c174bf9a25ca7373e14deb0efcab.jpg,,,,,
UN POETA,Simon Mesa Soto,123,05,22:00,2026-06-27,Renoir Plaza de España,https://www.pillalas.com/pase/1075912/,https://www.cinesrenoir.com/pelicula/un-poeta/,https://media.pillalas.com/imagenes/726afb526abffa833fe40dc532766d4edd5f8bd99d62c174bf9a25ca7373e14deb0efcab.jpg,,,,,
VIAJE AL PAÍS DE LOS BLANCOS,Dani Sancho,110,03,15:50,2026-06-27,Renoir Plaza de España,https://www.pillalas.com/pase/1075852/,https://www.cinesrenoir.com/pelicula/viaje-al-pais-de-los-blancos/,https://media.pillalas.com/imagenes/726afb526abffa83da9af8c08848b34e2f4e2578b0fb426e15c8edd6eeb68e446c43317f.jpg,,,,,
VIAJE AL PAÍS DE LOS BLANCOS,Dani Sancho,110,03,17:55,2026-06-27,Renoir Plaza de España,https://www.pillalas.com/pase/1075854/,https://www.cinesrenoir.com/pelicula/viaje-al-pais-de-los-blancos/,https://media.pillalas.com/imagenes/726afb526abffa83da9af8c08848b34e2f4e2578b0fb426e15c8edd6eeb68e446c43317f.jpg,,,,,
VIAJE AL PAÍS DE LOS BLANCOS,Dani Sancho,110,03,20:00,2026-06-27,Renoir Plaza de España,https://www.pillalas.com/pase/1075857/,https://www.cinesrenoir.com/pelicula/viaje-al-pais-de-los-blancos/,https://media.pillalas.com/imagenes/726afb526abffa83da9af8c08848b34e2f4e2578b0fb426e15c8edd6eeb68e446c43317f.jpg,,,,,
VIVA,Aina Clotet,113,04,15:50,2026-06-27,Renoir Plaza de España,https://www.pillalas.com/pase/1075906/,https://www.cinesrenoir.com/pelicula/viva/,https://media.pillalas.com/imagenes/726afb526abffa830acb00a3569b44f67bc3ace567977edc5e3423b3a8dfa15bf779569d.jpg,,,,,
VIVA,Aina Clotet,113,04,20:20,2026-06-27,Renoir Plaza de España,https://www.pillalas.com/pase/1075911/,https://www.cinesrenoir.com/pelicula/viva/,https://media.pillalas.com/imagenes/726afb526abffa830acb00a3569b44f67bc3ace567977edc5e3423b3a8dfa15bf779569d.jpg,,,,,
15 PRUEBAS DE AMOR,Alice Douard,97,05,18:10,2026-06-28,Renoir Plaza de España,https://www.pillalas.com/pase/1075917/,https://www.cinesrenoir.com/pelicula/15-pruebas-de-amor/,https://media.pillalas.com/imagenes/726afb526abffa83e391391418df6f04ce74aa21d25dce1a006ceaa76b8c3192b706f943.jpg,,,,,
15 PRUEBAS DE AMOR,Alice Douard,97,05,20:05,2026-06-28,Renoir Plaza de España,https://www.pillalas.com/pase/1075918/,https://www.cinesrenoir.com/pelicula/15-pruebas-de-amor/,https://media.pillalas.com/imagenes/726afb526abffa83e391391418df6f04ce74aa21d25dce1a006ceaa76b8c3192b706f943.jpg,,,,,
15 PRUEBAS DE AMOR,Alice Douard,97,04,22:30,2026-06-28,Renoir Plaza de España,https://www.pillalas.com/pase/1075921/,https://www.cinesrenoir.com/pelicula/15-pruebas-de-amor/,https://media.pillalas.com/imagenes/726afb526abffa83e391391418df6f04ce74aa21d25dce1a006ceaa76b8c3192b706f943.jpg,,,,,
EL SUEÑO DEL MONO LOCO,Fernando Trueba,100,01,19:00,2026-06-28,Renoir Plaza de España,https://www.pillalas.com/pase/1073153/,https://www.cinesrenoir.com/pelicula/el-sueno-del-mono-loco/,https://media.pillalas.com/imagenes/726afb526abffa83e008388d8adddbaa1adba5ed8447ae5adbd535736194ac958c814cde.jpg,,,,,
LA GRAZIA,Paolo Sorrentino,132,01,16:00,2026-06-28,Renoir Plaza de España,https://www.pillalas.com/pase/1075833/,https://www.cinesrenoir.com/pelicula/la-grazia/,https://media.pillalas.com/imagenes/726afb526abffa83c3be0b516c5fe20d16fbf7645320946527da276b1bc1ba4b27744cb3.jpg,,,,,
LA GRAZIA,Paolo Sorrentino,132,02,19:50,2026-06-28,Renoir Plaza de España,https://www.pillalas.com/pase/1075864/,https://www.cinesrenoir.com/pelicula/la-grazia/,https://media.pillalas.com/imagenes/726afb526abffa83c3be0b516c5fe20d16fbf7645320946527da276b1bc1ba4b27744cb3.jpg,,,,,
LA GRAZIA,Paolo Sorrentino,132,03,22:05,2026-06-28,Renoir Plaza de España,https://www.pillalas.com/pase/1075866/,https://www.cinesrenoir.com/pelicula/la-grazia/,https://media.pillalas.com/imagenes/726afb526abffa83c3be0b516c5fe20d16fbf7645320946527da276b1bc1ba4b27744cb3.jpg,,,,,
LA MUJER SIN NOMBRE,Haifaa Al-Mansour,99,02,16:00,2026-06-28,Renoir Plaza de España,https://www.pillalas.com/pase/1075861/,https://www.cinesrenoir.com/pelicula/la-mujer-sin-nombre/,https://media.pillalas.com/imagenes/726afb526abffa839979913bfcd9ec0483cc758159c1169b43444aea9c8022ea0669600d.jpg,,,,,
LA MUJER SIN NOMBRE,Haifaa Al-Mansour,99,02,17:55,2026-06-28,Renoir Plaza de España,https://www.pillalas.com/pase/1075862/,https://www.cinesrenoir.com/pelicula/la-mujer-sin-nombre/,https://media.pillalas.com/imagenes/726afb526abffa839979913bfcd9ec0483cc758159c1169b43444aea9c8022ea0669600d.jpg,,,,,
LA MUJER SIN NOMBRE,Haifaa Al-Mansour,99,02,22:20,2026-06-28,Renoir Plaza de España,https://www.pillalas.com/pase/1075867/,https://www.cinesrenoir.com/pelicula/la-mujer-sin-nombre/,https://media.pillalas.com/imagenes/726afb526abffa839979913bfcd9ec0483cc758159c1169b43444aea9c8022ea0669600d.jpg,,,,,
UN POETA,Simon Mesa Soto,123,05,15:50,2026-06-28,Renoir Plaza de España,https://www.pillalas.com/pase/1075915/,https://www.cinesrenoir.com/pelicula/un-poeta/,https://media.pillalas.com/imagenes/726afb526abffa833fe40dc532766d4edd5f8bd99d62c174bf9a25ca7373e14deb0efcab.jpg,,,,,
UN POETA,Simon Mesa Soto,123,04,18:00,2026-06-28,Renoir Plaza de España,https://www.pillalas.com/pase/1075916/,https://www.cinesrenoir.com/pelicula/un-poeta/,https://media.pillalas.com/imagenes/726afb526abffa833fe40dc532766d4edd5f8bd99d62c174bf9a25ca7373e14deb0efcab.jpg,,,,,
UN POETA,Simon Mesa Soto,123,05,22:00,2026-06-28,Renoir Plaza de España,https://www.pillalas.com/pase/1075920/,https://www.cinesrenoir.com/pelicula/un-poeta/,https://media.pillalas.com/imagenes/726afb526abffa833fe40dc532766d4edd5f8bd99d62c174bf9a25ca7373e14deb0efcab.jpg,,,,,
VIAJE AL PAÍS DE LOS BLANCOS,Dani Sancho,110,03,15:50,2026-06-28,Renoir Plaza de España,https://www.pillalas.com/pase/1075860/,https://www.cinesrenoir.com/pelicula/viaje-al-pais-de-los-blancos/,https://media.pillalas.com/imagenes/726afb526abffa83da9af8c08848b34e2f4e2578b0fb426e15c8edd6eeb68e446c43317f.jpg,,,,,
VIAJE AL PAÍS DE LOS BLANCOS,Dani Sancho,110,03,17:55,2026-06-28,Renoir Plaza de España,https://www.pillalas.com/pase/1075863/,https://www.cinesrenoir.com/pelicula/viaje-al-pais-de-los-blancos/,https://media.pillalas.com/imagenes/726afb526abffa83da9af8c08848b34e2f4e2578b0fb426e15c8edd6eeb68e446c43317f.jpg,,,,,
VIAJE AL PAÍS DE LOS BLANCOS,Dani Sancho,110,03,20:00,2026-06-28,Renoir Plaza de España,https://www.pillalas.com/pase/1075865/,https://www.cinesrenoir.com/pelicula/viaje-al-pais-de-los-blancos/,https://media.pillalas.com/imagenes/726afb526abffa83da9af8c08848b34e2f4e2578b0fb426e15c8edd6eeb68e446c43317f.jpg,,,,,
VIVA,Aina Clotet,113,04,15:50,2026-06-28,Renoir Plaza de España,https://www.pillalas.com/pase/1075914/,https://www.cinesrenoir.com/pelicula/viva/,https://media.pillalas.com/imagenes/726afb526abffa830acb00a3569b44f67bc3ace567977edc5e3423b3a8dfa15bf779569d.jpg,,,,,
VIVA,Aina Clotet,113,04,20:20,2026-06-28,Renoir Plaza de España,https://www.pillalas.com/pase/1075919/,https://www.cinesrenoir.com/pelicula/viva/,https://media.pillalas.com/imagenes/726afb526abffa830acb00a3569b44f67bc3ace567977edc5e3423b3a8dfa15bf779569d.jpg,,,,,
15 PRUEBAS DE AMOR,Alice Douard,97,05,18:10,2026-06-29,Renoir Plaza de España,https://www.pillalas.com/pase/1075925/,https://www.cinesrenoir.com/pelicula/15-pruebas-de-amor/,https://media.pillalas.com/imagenes/726afb526abffa83e391391418df6f04ce74aa21d25dce1a006ceaa76b8c3192b706f943.jpg,,,,,
15 PRUEBAS DE AMOR,Alice Douard,97,05,20:05,2026-06-29,Renoir Plaza de España,https://www.pillalas.com/pase/1075926/,https://www.cinesrenoir.com/pelicula/15-pruebas-de-amor/,https://media.pillalas.com/imagenes/726afb526abffa83e391391418df6f04ce74aa21d25dce1a006ceaa76b8c3192b706f943.jpg,,,,,
15 PRUEBAS DE AMOR,Alice Douard,97,04,22:30,2026-06-29,Renoir Plaza de España,https://www.pillalas.com/pase/1075929/,https://www.cinesrenoir.com/pelicula/15-pruebas-de-amor/,https://media.pillalas.com/imagenes/726afb526abffa83e391391418df6f04ce74aa21d25dce1a006ceaa76b8c3192b706f943.jpg,,,,,
AMANTES,Vicente Aranda,123,01,19:00,2026-06-29,Renoir Plaza de España,https://www.pillalas.com/pase/1073154/,https://www.cinesrenoir.com/pelicula/amantes/,https://media.pillalas.com/imagenes/726afb526abffa83315911699a527d960965ea1ef62f7dd23814a843c71c5f0544b627fb.jpg,,,,,
LA GRAZIA,Paolo Sorrentino,132,01,16:00,2026-06-29,Renoir Plaza de España,https://www.pillalas.com/pase/1075834/,https://www.cinesrenoir.com/pelicula/la-grazia/,https://media.pillalas.com/imagenes/726afb526abffa83c3be0b516c5fe20d16fbf7645320946527da276b1bc1ba4b27744cb3.jpg,,,,,
LA GRAZIA,Paolo Sorrentino,132,02,19:50,2026-06-29,Renoir Plaza de España,https://www.pillalas.com/pase/1075872/,https://www.cinesrenoir.com/pelicula/la-grazia/,https://media.pillalas.com/imagenes/726afb526abffa83c3be0b516c5fe20d16fbf7645320946527da276b1bc1ba4b27744cb3.jpg,,,,,
LA GRAZIA,Paolo Sorrentino,132,03,22:05,2026-06-29,Renoir Plaza de España,https://www.pillalas.com/pase/1075874/,https://www.cinesrenoir.com/pelicula/la-grazia/,https://media.pillalas.com/imagenes/726afb526abffa83c3be0b516c5fe20d16fbf7645320946527da276b1bc1ba4b27744cb3.jpg,,,,,
LA MUJER SIN NOMBRE,Haifaa Al-Mansour,99,02,16:00,2026-06-29,Renoir Plaza de España,https://www.pillalas.com/pase/1075869/,https://www.cinesrenoir.com/pelicula/la-mujer-sin-nombre/,https://media.pillalas.com/imagenes/726afb526abffa839979913bfcd9ec0483cc758159c1169b43444aea9c8022ea0669600d.jpg,,,,,
LA MUJER SIN NOMBRE,Haifaa Al-Mansour,99,02,17:55,2026-06-29,Renoir Plaza de España,https://www.pillalas.com/pase/1075870/,https://www.cinesrenoir.com/pelicula/la-mujer-sin-nombre/,https://media.pillalas.com/imagenes/726afb526abffa839979913bfcd9ec0483cc758159c1169b43444aea9c8022ea0669600d.jpg,,,,,
LA MUJER SIN NOMBRE,Haifaa Al-Mansour,99,02,22:20,2026-06-29,Renoir Plaza de España,https://www.pillalas.com/pase/1075875/,https://www.cinesrenoir.com/pelicula/la-mujer-sin-nombre/,https://media.pillalas.com/imagenes/726afb526abffa839979913bfcd9ec0483cc758159c1169b43444aea9c8022ea0669600d.jpg,,,,,
UN POETA,Simon Mesa Soto,123,05,15:50,2026-06-29,Renoir Plaza de España,https://www.pillalas.com/pase/1075923/,https://www.cinesrenoir.com/pelicula/un-poeta/,https://media.pillalas.com/imagenes/726afb526abffa833fe40dc532766d4edd5f8bd99d62c174bf9a25ca7373e14deb0efcab.jpg,,,,,
UN POETA,Simon Mesa Soto,123,04,18:00,2026-06-29,Renoir Plaza de España,https://www.pillalas.com/pase/1075924/,https://www.cinesrenoir.com/pelicula/un-poeta/,https://media.pillalas.com/imagenes/726afb526abffa833fe40dc532766d4edd5f8bd99d62c174bf9a25ca7373e14deb0efcab.jpg,,,,,
UN POETA,Simon Mesa Soto,123,05,22:00,2026-06-29,Renoir Plaza de España,https://www.pillalas.com/pase/1075928/,https://www.cinesrenoir.com/pelicula/un-poeta/,https://media.pillalas.com/imagenes/726afb526abffa833fe40dc532766d4edd5f8bd99d62c174bf9a25ca7373e14deb0efcab.jpg,,,,,
VIAJE AL PAÍS DE LOS BLANCOS,Dani Sancho,110,03,15:50,2026-06-29,Renoir Plaza de España,https://www.pillalas.com/pase/1075868/,https://www.cinesrenoir.com/pelicula/viaje-al-pais-de-los-blancos/,https://media.pillalas.com/imagenes/726afb526abffa83da9af8c08848b34e2f4e2578b0fb426e15c8edd6eeb68e446c43317f.jpg,,,,,
VIAJE AL PAÍS DE LOS BLANCOS,Dani Sancho,110,03,17:55,2026-06-29,Renoir Plaza de España,https://www.pillalas.com/pase/1075871/,https://www.cinesrenoir.com/pelicula/viaje-al-pais-de-los-blancos/,https://media.pillalas.com/imagenes/726afb526abffa83da9af8c08848b34e2f4e2578b0fb426e15c8edd6eeb68e446c43317f.jpg,,,,,
VIAJE AL PAÍS DE LOS BLANCOS,Dani Sancho,110,03,20:00,2026-06-29,Renoir Plaza de España,https://www.pillalas.com/pase/1075873/,https://www.cinesrenoir.com/pelicula/viaje-al-pais-de-los-blancos/,https://media.pillalas.com/imagenes/726afb526abffa83da9af8c08848b34e2f4e2578b0fb426e15c8edd6eeb68e446c43317f.jpg,,,,,
VIVA,Aina Clotet,113,04,15:50,2026-06-29,Renoir Plaza de España,https://www.pillalas.com/pase/1075922/,https://www.cinesrenoir.com/pelicula/viva/,https://media.pillalas.com/imagenes/726afb526abffa830acb00a3569b44f67bc3ace567977edc5e3423b3a8dfa15bf779569d.jpg,,,,,
VIVA,Aina Clotet,113,04,20:20,2026-06-29,Renoir Plaza de España,https://www.pillalas.com/pase/1075927/,https://www.cinesrenoir.com/pelicula/viva/,https://media.pillalas.com/imagenes/726afb526abffa830acb00a3569b44f67bc3ace567977edc5e3423b3a8dfa15bf779569d.jpg,,,,,
15 PRUEBAS DE AMOR,Alice Douard,97,05,18:10,2026-06-30,Renoir Plaza de España,https://www.pillalas.com/pase/1075933/,https://www.cinesrenoir.com/pelicula/15-pruebas-de-amor/,https://media.pillalas.com/imagenes/726afb526abffa83e391391418df6f04ce74aa21d25dce1a006ceaa76b8c3192b706f943.jpg,,,,,
15 PRUEBAS DE AMOR,Alice Douard,97,05,20:05,2026-06-30,Renoir Plaza de España,https://www.pillalas.com/pase/1075934/,https://www.cinesrenoir.com/pelicula/15-pruebas-de-amor/,https://media.pillalas.com/imagenes/726afb526abffa83e391391418df6f04ce74aa21d25dce1a006ceaa76b8c3192b706f943.jpg,,,,,
15 PRUEBAS DE AMOR,Alice Douard,97,04,22:30,2026-06-30,Renoir Plaza de España,https://www.pillalas.com/pase/1075937/,https://www.cinesrenoir.com/pelicula/15-pruebas-de-amor/,https://media.pillalas.com/imagenes/726afb526abffa83e391391418df6f04ce74aa21d25dce1a006ceaa76b8c3192b706f943.jpg,,,,,
EL ACTIVISTA [CINE CON ORGULLO RENOIR],Romas Zabarauskas,94,02,20:30,2026-06-30,Renoir Plaza de España,https://www.pillalas.com/pase/1075420/,https://www.cinesrenoir.com/pelicula/el-activista-cine-con-orgullo-renoir/,https://media.pillalas.com/imagenes/726afb526abffa83dc4988ee42f51b135c35c67ace78f1be0554c572922aaa148483dc5f.jpg,,,,,
"JAMÓN, JAMÓN",Bigas Luna,101,01,16:15,2026-06-30,Renoir Plaza de España,https://www.pillalas.com/pase/1075809/,https://www.cinesrenoir.com/pelicula/jamon-jamon/,https://media.pillalas.com/imagenes/726afb526abffa832149f9fcdafaa200ac6536616d1e4df3c6d29d7c17f07b3e36219208.jpg,,,,,
"JAMÓN, JAMÓN",Bigas Luna,101,01,19:00,2026-06-30,Renoir Plaza de España,https://www.pillalas.com/pase/1073155/,https://www.cinesrenoir.com/pelicula/jamon-jamon/,https://media.pillalas.com/imagenes/726afb526abffa832149f9fcdafaa200ac6536616d1e4df3c6d29d7c17f07b3e36219208.jpg,,,,,
"JAMÓN, JAMÓN",Bigas Luna,101,01,21:30,2026-06-30,Renoir Plaza de España,https://www.pillalas.com/pase/1075810/,https://www.cinesrenoir.com/pelicula/jamon-jamon/,https://media.pillalas.com/imagenes/726afb526abffa832149f9fcdafaa200ac6536616d1e4df3c6d29d7c17f07b3e36219208.jpg,,,,,
LA GRAZIA,Paolo Sorrentino,132,03,22:05,2026-06-30,Renoir Plaza de España,https://www.pillalas.com/pase/1075881/,https://www.cinesrenoir.com/pelicula/la-grazia/,https://media.pillalas.com/imagenes/726afb526abffa83c3be0b516c5fe20d16fbf7645320946527da276b1bc1ba4b27744cb3.jpg,,,,,
LA MUJER SIN NOMBRE,Haifaa Al-Mansour,99,02,16:00,2026-06-30,Renoir Plaza de España,https://www.pillalas.com/pase/1075877/,https://www.cinesrenoir.com/pelicula/la-mujer-sin-nombre/,https://media.pillalas.com/imagenes/726afb526abffa839979913bfcd9ec0483cc758159c1169b43444aea9c8022ea0669600d.jpg,,,,,
LA MUJER SIN NOMBRE,Haifaa Al-Mansour,99,02,17:55,2026-06-30,Renoir Plaza de España,https://www.pillalas.com/pase/1075878/,https://www.cinesrenoir.com/pelicula/la-mujer-sin-nombre/,https://media.pillalas.com/imagenes/726afb526abffa839979913bfcd9ec0483cc758159c1169b43444aea9c8022ea0669600d.jpg,,,,,
UN POETA,Simon Mesa Soto,123,05,15:50,2026-06-30,Renoir Plaza de España,https://www.pillalas.com/pase/1075931/,https://www.cinesrenoir.com/pelicula/un-poeta/,https://media.pillalas.com/imagenes/726afb526abffa833fe40dc532766d4edd5f8bd99d62c174bf9a25ca7373e14deb0efcab.jpg,,,,,
UN POETA,Simon Mesa Soto,123,04,18:00,2026-06-30,Renoir Plaza de España,https://www.pillalas.com/pase/1075932/,https://www.cinesrenoir.com/pelicula/un-poeta/,https://media.pillalas.com/imagenes/726afb526abffa833fe40dc532766d4edd5f8bd99d62c174bf9a25ca7373e14deb0efcab.jpg,,,,,
UN POETA,Simon Mesa Soto,123,05,22:00,2026-06-30,Renoir Plaza de España,https://www.pillalas.com/pase/1075936/,https://www.cinesrenoir.com/pelicula/un-poeta/,https://media.pillalas.com/imagenes/726afb526abffa833fe40dc532766d4edd5f8bd99d62c174bf9a25ca7373e14deb0efcab.jpg,,,,,
VIAJE AL PAÍS DE LOS BLANCOS,Dani Sancho,110,03,15:50,2026-06-30,Renoir Plaza de España,https://www.pillalas.com/pase/1075876/,https://www.cinesrenoir.com/pelicula/viaje-al-pais-de-los-blancos/,https://media.pillalas.com/imagenes/726afb526abffa83da9af8c08848b34e2f4e2578b0fb426e15c8edd6eeb68e446c43317f.jpg,,,,,
VIAJE AL PAÍS DE LOS BLANCOS,Dani Sancho,110,03,17:55,2026-06-30,Renoir Plaza de España,https://www.pillalas.com/pase/1075879/,https://www.cinesrenoir.com/pelicula/viaje-al-pais-de-los-blancos/,https://media.pillalas.com/imagenes/726afb526abffa83da9af8c08848b34e2f4e2578b0fb426e15c8edd6eeb68e446c43317f.jpg,,,,,
VIAJE AL PAÍS DE LOS BLANCOS,Dani Sancho,110,03,20:00,2026-06-30,Renoir Plaza de España,https://www.pillalas.com/pase/1075880/,https://www.cinesrenoir.com/pelicula/viaje-al-pais-de-los-blancos/,https://media.pillalas.com/imagenes/726afb526abffa83da9af8c08848b34e2f4e2578b0fb426e15c8edd6eeb68e446c43317f.jpg,,,,,
VIVA,Aina Clotet,113,04,15:50,2026-06-30,Renoir Plaza de España,https://www.pillalas.com/pase/1075930/,https://www.cinesrenoir.com/pelicula/viva/,https://media.pillalas.com/imagenes/726afb526abffa830acb00a3569b44f67bc3ace567977edc5e3423b3a8dfa15bf779569d.jpg,,,,,
VIVA,Aina Clotet,113,04,20:20,2026-06-30,Renoir Plaza de España,https://www.pillalas.com/pase/1075935/,https://www.cinesrenoir.com/pelicula/viva/,https://media.pillalas.com/imagenes/726afb526abffa830acb00a3569b44f67bc3ace567977edc5e3423b3a8dfa15bf779569d.jpg,,,,,
15 PRUEBAS DE AMOR,Alice Douard,97,05,18:10,2026-07-01,Renoir Plaza de España,https://www.pillalas.com/pase/1075941/,https://www.cinesrenoir.com/pelicula/15-pruebas-de-amor/,https://media.pillalas.com/imagenes/726afb526abffa83e391391418df6f04ce74aa21d25dce1a006ceaa76b8c3192b706f943.jpg,,,,,
15 PRUEBAS DE AMOR,Alice Douard,97,05,20:05,2026-07-01,Renoir Plaza de España,https://www.pillalas.com/pase/1075942/,https://www.cinesrenoir.com/pelicula/15-pruebas-de-amor/,https://media.pillalas.com/imagenes/726afb526abffa83e391391418df6f04ce74aa21d25dce1a006ceaa76b8c3192b706f943.jpg,,,,,
15 PRUEBAS DE AMOR,Alice Douard,97,04,22:30,2026-07-01,Renoir Plaza de España,https://www.pillalas.com/pase/1075945/,https://www.cinesrenoir.com/pelicula/15-pruebas-de-amor/,https://media.pillalas.com/imagenes/726afb526abffa83e391391418df6f04ce74aa21d25dce1a006ceaa76b8c3192b706f943.jpg,,,,,
LA GRAZIA,Paolo Sorrentino,132,01,16:00,2026-07-01,Renoir Plaza de España,https://www.pillalas.com/pase/1075835/,https://www.cinesrenoir.com/pelicula/la-grazia/,https://media.pillalas.com/imagenes/726afb526abffa83c3be0b516c5fe20d16fbf7645320946527da276b1bc1ba4b27744cb3.jpg,,,,,
LA GRAZIA,Paolo Sorrentino,132,02,19:50,2026-07-01,Renoir Plaza de España,https://www.pillalas.com/pase/1075886/,https://www.cinesrenoir.com/pelicula/la-grazia/,https://media.pillalas.com/imagenes/726afb526abffa83c3be0b516c5fe20d16fbf7645320946527da276b1bc1ba4b27744cb3.jpg,,,,,
LA GRAZIA,Paolo Sorrentino,132,03,22:05,2026-07-01,Renoir Plaza de España,https://www.pillalas.com/pase/1075888/,https://www.cinesrenoir.com/pelicula/la-grazia/,https://media.pillalas.com/imagenes/726afb526abffa83c3be0b516c5fe20d16fbf7645320946527da276b1bc1ba4b27744cb3.jpg,,,,,
LA MUJER SIN NOMBRE,Haifaa Al-Mansour,99,02,16:00,2026-07-01,Renoir Plaza de España,https://www.pillalas.com/pase/1075883/,https://www.cinesrenoir.com/pelicula/la-mujer-sin-nombre/,https://media.pillalas.com/imagenes/726afb526abffa839979913bfcd9ec0483cc758159c1169b43444aea9c8022ea0669600d.jpg,,,,,
LA MUJER SIN NOMBRE,Haifaa Al-Mansour,99,02,17:55,2026-07-01,Renoir Plaza de España,https://www.pillalas.com/pase/1075884/,https://www.cinesrenoir.com/pelicula/la-mujer-sin-nombre/,https://media.pillalas.com/imagenes/726afb526abffa839979913bfcd9ec0483cc758159c1169b43444aea9c8022ea0669600d.jpg,,,,,
LA MUJER SIN NOMBRE,Haifaa Al-Mansour,99,02,22:20,2026-07-01,Renoir Plaza de España,https://www.pillalas.com/pase/1075889/,https://www.cinesrenoir.com/pelicula/la-mujer-sin-nombre/,https://media.pillalas.com/imagenes/726afb526abffa839979913bfcd9ec0483cc758159c1169b43444aea9c8022ea0669600d.jpg,,,,,
MADREGILDA,Francisco Regueiro,112,01,19:00,2026-07-01,Renoir Plaza de España,https://www.pillalas.com/pase/1073156/,https://www.cinesrenoir.com/pelicula/madregilda/,https://media.pillalas.com/imagenes/726afb526abffa8392070f65901e07e951130cd9aa89760955a78a862d296dacce592048.jpg,,,,,
UN POETA,Simon Mesa Soto,123,05,15:50,2026-07-01,Renoir Plaza de España,https://www.pillalas.com/pase/1075938/,https://www.cinesrenoir.com/pelicula/un-poeta/,https://media.pillalas.com/imagenes/726afb526abffa833fe40dc532766d4edd5f8bd99d62c174bf9a25ca7373e14deb0efcab.jpg,,,,,
UN POETA,Simon Mesa Soto,123,04,18:00,2026-07-01,Renoir Plaza de España,https://www.pillalas.com/pase/1075940/,https://www.cinesrenoir.com/pelicula/un-poeta/,https://media.pillalas.com/imagenes/726afb526abffa833fe40dc532766d4edd5f8bd99d62c174bf9a25ca7373e14deb0efcab.jpg,,,,,
UN POETA,Simon Mesa Soto,123,05,22:00,2026-07-01,Renoir Plaza de España,https://www.pillalas.com/pase/1075944/,https://www.cinesrenoir.com/pelicula/un-poeta/,https://media.pillalas.com/imagenes/726afb526abffa833fe40dc532766d4edd5f8bd99d62c174bf9a25ca7373e14deb0efcab.jpg,,,,,
VIAJE AL PAÍS DE LOS BLANCOS,Dani Sancho,110,03,15:50,2026-07-01,Renoir Plaza de España,https://www.pillalas.com/pase/1075882/,https://www.cinesrenoir.com/pelicula/viaje-al-pais-de-los-blancos/,https://media.pillalas.com/imagenes/726afb526abffa83da9af8c08848b34e2f4e2578b0fb426e15c8edd6eeb68e446c43317f.jpg,,,,,
VIAJE AL PAÍS DE LOS BLANCOS,Dani Sancho,110,03,17:55,2026-07-01,Renoir Plaza de España,https://www.pillalas.com/pase/1075885/,https://www.cinesrenoir.com/pelicula/viaje-al-pais-de-los-blancos/,https://media.pillalas.com/imagenes/726afb526abffa83da9af8c08848b34e2f4e2578b0fb426e15c8edd6eeb68e446c43317f.jpg,,,,,
VIAJE AL PAÍS DE LOS BLANCOS,Dani Sancho,110,03,20:00,2026-07-01,Renoir Plaza de España,https://www.pillalas.com/pase/1075887/,https://www.cinesrenoir.com/pelicula/viaje-al-pais-de-los-blancos/,https://media.pillalas.com/imagenes/726afb526abffa83da9af8c08848b34e2f4e2578b0fb426e15c8edd6eeb68e446c43317f.jpg,,,,,
VIVA,Aina Clotet,113,04,15:50,2026-07-01,Renoir Plaza de España,https://www.pillalas.com/pase/1075939/,https://www.cinesrenoir.com/pelicula/viva/,https://media.pillalas.com/imagenes/726afb526abffa830acb00a3569b44f67bc3ace567977edc5e3423b3a8dfa15bf779569d.jpg,,,,,
VIVA,Aina Clotet,113,04,20:20,2026-07-01,Renoir Plaza de España,https://www.pillalas.com/pase/1075943/,https://www.cinesrenoir.com/pelicula/viva/,https://media.pillalas.com/imagenes/726afb526abffa830acb00a3569b44f67bc3ace567977edc5e3423b3a8dfa15bf779569d.jpg,,,,,
15 PRUEBAS DE AMOR,Alice Douard,97,05,18:10,2026-07-02,Renoir Plaza de España,https://www.pillalas.com/pase/1075949/,https://www.cinesrenoir.com/pelicula/15-pruebas-de-amor/,https://media.pillalas.com/imagenes/726afb526abffa83e391391418df6f04ce74aa21d25dce1a006ceaa76b8c3192b706f943.jpg,,,,,
15 PRUEBAS DE AMOR,Alice Douard,97,05,20:05,2026-07-02,Renoir Plaza de España,https://www.pillalas.com/pase/1075950/,https://www.cinesrenoir.com/pelicula/15-pruebas-de-amor/,https://media.pillalas.com/imagenes/726afb526abffa83e391391418df6f04ce74aa21d25dce1a006ceaa76b8c3192b706f943.jpg,,,,,
15 PRUEBAS DE AMOR,Alice Douard,97,04,22:30,2026-07-02,Renoir Plaza de España,https://www.pillalas.com/pase/1075953/,https://www.cinesrenoir.com/pelicula/15-pruebas-de-amor/,https://media.pillalas.com/imagenes/726afb526abffa83e391391418df6f04ce74aa21d25dce1a006ceaa76b8c3192b706f943.jpg,,,,,
DÍAS CONTADOS,Imanol Uribe,97,01,19:00,2026-07-02,Renoir Plaza de España,https://www.pillalas.com/pase/1073157/,https://www.cinesrenoir.com/pelicula/dias-contados/,https://media.pillalas.com/imagenes/726afb526abffa837fffec4fc886bc841df36f480355e280f98810f6f18f107b81190ce6.jpg,,,,,
LA GRAZIA,Paolo Sorrentino,132,01,16:00,2026-07-02,Renoir Plaza de España,https://www.pillalas.com/pase/1075836/,https://www.cinesrenoir.com/pelicula/la-grazia/,https://media.pillalas.com/imagenes/726afb526abffa83c3be0b516c5fe20d16fbf7645320946527da276b1bc1ba4b27744cb3.jpg,,,,,
LA GRAZIA,Paolo Sorrentino,132,02,19:50,2026-07-02,Renoir Plaza de España,https://www.pillalas.com/pase/1075894/,https://www.cinesrenoir.com/pelicula/la-grazia/,https://media.pillalas.com/imagenes/726afb526abffa83c3be0b516c5fe20d16fbf7645320946527da276b1bc1ba4b27744cb3.jpg,,,,,
LA GRAZIA,Paolo Sorrentino,132,03,22:05,2026-07-02,Renoir Plaza de España,https://www.pillalas.com/pase/1075896/,https://www.cinesrenoir.com/pelicula/la-grazia/,https://media.pillalas.com/imagenes/726afb526abffa83c3be0b516c5fe20d16fbf7645320946527da276b1bc1ba4b27744cb3.jpg,,,,,
LA MUJER SIN NOMBRE,Haifaa Al-Mansour,99,02,16:00,2026-07-02,Renoir Plaza de España,https://www.pillalas.com/pase/1075891/,https://www.cinesrenoir.com/pelicula/la-mujer-sin-nombre/,https://media.pillalas.com/imagenes/726afb526abffa839979913bfcd9ec0483cc758159c1169b43444aea9c8022ea0669600d.jpg,,,,,
LA MUJER SIN NOMBRE,Haifaa Al-Mansour,99,02,17:55,2026-07-02,Renoir Plaza de España,https://www.pillalas.com/pase/1075892/,https://www.cinesrenoir.com/pelicula/la-mujer-sin-nombre/,https://media.pillalas.com/imagenes/726afb526abffa839979913bfcd9ec0483cc758159c1169b43444aea9c8022ea0669600d.jpg,,,,,
LA MUJER SIN NOMBRE,Haifaa Al-Mansour,99,02,22:20,2026-07-02,Renoir Plaza de España,https://www.pillalas.com/pase/1075897/,https://www.cinesrenoir.com/pelicula/la-mujer-sin-nombre/,https://media.pillalas.com/imagenes/726afb526abffa839979913bfcd9ec0483cc758159c1169b43444aea9c8022ea0669600d.jpg,,,,,
UN POETA,Simon Mesa Soto,123,05,15:50,2026-07-02,Renoir Plaza de España,https://www.pillalas.com/pase/1075947/,https://www.cinesrenoir.com/pelicula/un-poeta/,https://media.pillalas.com/imagenes/726afb526abffa833fe40dc532766d4edd5f8bd99d62c174bf9a25ca7373e14deb0efcab.jpg,,,,,
UN POETA,Simon Mesa Soto,123,04,18:00,2026-07-02,Renoir Plaza de España,https://www.pillalas.com/pase/1075948/,https://www.cinesrenoir.com/pelicula/un-poeta/,https://media.pillalas.com/imagenes/726afb526abffa833fe40dc532766d4edd5f8bd99d62c174bf9a25ca7373e14deb0efcab.jpg,,,,,
UN POETA,Simon Mesa Soto,123,05,22:00,2026-07-02,Renoir Plaza de España,https://www.pillalas.com/pase/1075952/,https://www.cinesrenoir.com/pelicula/un-poeta/,https://media.pillalas.com/imagenes/726afb526abffa833fe40dc532766d4edd5f8bd99d62c174bf9a25ca7373e14deb0efcab.jpg,,,,,
VIAJE AL PAÍS DE LOS BLANCOS,Dani Sancho,110,03,15:50,2026-07-02,Renoir Plaza de España,https://www.pillalas.com/pase/1075890/,https://www.cinesrenoir.com/pelicula/viaje-al-pais-de-los-blancos/,https://media.pillalas.com/imagenes/726afb526abffa83da9af8c08848b34e2f4e2578b0fb426e15c8edd6eeb68e446c43317f.jpg,,,,,
VIAJE AL PAÍS DE LOS BLANCOS,Dani Sancho,110,03,17:55,2026-07-02,Renoir Plaza de España,https://www.pillalas.com/pase/1075893/,https://www.cinesrenoir.com/pelicula/viaje-al-pais-de-los-blancos/,https://media.pillalas.com/imagenes/726afb526abffa83da9af8c08848b34e2f4e2578b0fb426e15c8edd6eeb68e446c43317f.jpg,,,,,
VIAJE AL PAÍS DE LOS BLANCOS,Dani Sancho,110,03,20:00,2026-07-02,Renoir Plaza de España,https://www.pillalas.com/pase/1075895/,https://www.cinesrenoir.com/pelicula/viaje-al-pais-de-los-blancos/,https://media.pillalas.com/imagenes/726afb526abffa83da9af8c08848b34e2f4e2578b0fb426e15c8edd6eeb68e446c43317f.jpg,,,,,
VIVA,Aina Clotet,113,04,15:50,2026-07-02,Renoir Plaza de España,https://www.pillalas.com/pase/1075946/,https://www.cinesrenoir.com/pelicula/viva/,https://media.pillalas.com/imagenes/726afb526abffa830acb00a3569b44f67bc3ace567977edc5e3423b3a8dfa15bf779569d.jpg,,,,,
VIVA,Aina Clotet,113,04,20:20,2026-07-02,Renoir Plaza de España,https://www.pillalas.com/pase/1075951/,https://www.cinesrenoir.com/pelicula/viva/,https://media.pillalas.com/imagenes/726afb526abffa830acb00a3569b44f67bc3ace567977edc5e3423b3a8dfa15bf779569d.jpg,,,,,
NADIE HABLARÁ DE NOSOTRAS CUANDO HAYAMOS MUERTO,Agustín Díaz Yanes,96,01,19:00,2026-07-03,Renoir Plaza de España,https://www.pillalas.com/pase/1073158/,https://www.cinesrenoir.com/pelicula/nadie-hablara-de-nosotras-cuando-hayamos-muerto/,https://media.pillalas.com/imagenes/726afb526abffa83c465a9ebd4a804bb1a2d0d07c1b923f52a70fe7658d6f4f066878a73.jpg,,,,,
EL DÍA DE LA BESTIA,Álex De La Iglesia,88,01,19:00,2026-07-04,Renoir Plaza de España,https://www.pillalas.com/pase/1073159/,https://www.cinesrenoir.com/pelicula/20260625050503-el-dia-de-la-bestia/,https://media.pillalas.com/imagenes/726afb526abffa833805be896de4a58679aea7a78e89f1b7e8c776d64bedccab3ea86f3b.jpg,,,,,
FAMILIA,Fernando Leon De Aranoa,110,01,19:00,2026-07-05,Renoir Plaza de España,https://www.pillalas.com/pase/1073160/,https://www.cinesrenoir.com/pelicula/familia/,https://media.pillalas.com/imagenes/726afb526abffa83f7bc341520bedf0c2a1be35ce3e7baceb895426c4f60817429c0aab9.jpg,,,,,
