Pelicula,Director,Duración,Sala,Horario,Fecha,Cine,Film_URL,Poster_URL,Idioma_Original,Calificación,Estreno,Intérpretes,Sinopsis
ARCO,Ugo Bienvenu,88,05,16:00,2026-02-16,Renoir Princesa,https://www.cinesrenoir.com/pelicula/arco/,https://media.pillalas.com/imagenes/726afb526abffa83ddc364e355222ee7768df2fdf3b376e8597c17c1736c134c14e60f55.jpg,Francés,No recomendada para menores de 7 años,Viernes 23 Enero 2026,"Oscar Tresanini, Margot Ringard Oldra, Alma Jodorowsky, Swann Arlaud","En 2075, una niña de diez años llamada Iris es testigo de cómo un misterioso niño vestido con un traje arco iris cae del cielo. Su nombre es Arco, y viene de un idílico y lejano futuro en el que es posible viajar en el tiempo. Iris le da cobijo y hará lo que sea necesario para ayudarle a regresar a su tiempo."
AÍDA Y VUELTA,Paco León,90,03,16:00,2026-02-16,Renoir Princesa,https://www.cinesrenoir.com/pelicula/aida-y-vuelta/,https://media.pillalas.com/imagenes/726afb526abffa8347d3f6e8043971b5b5a22f68100535465137cdcd8a815fa00441c58f.jpg,Castellano,No recomendada para menores de 12 años,Viernes 30 Enero 2026,"Carmen Machi, Paco León, Miren Ibarguren, Mariano Peña, Eduardo Casanova, Pepe Viyuela, Melani Olivares, Canco Rodríguez, Secun De La Rosa, David Castillo, Marisol Ayuso, Pepa Rus, Óscar Reyes, Adrián Gordillo","""Aída y vuelta"", el largometraje, aborda el rodaje de un capítulo de la serie con tramas que transcurren tanto dentro de la ficción con los personajes de ""Aída"", como fuera de ella con los propios actores y sus relaciones, yendo más allá y dando pie a reflexionar sobre temas como los límites del humor, del trabajo del cómico y la fama."
AÍDA Y VUELTA,Paco León,90,08,20:15,2026-02-16,Renoir Princesa,https://www.cinesrenoir.com/pelicula/aida-y-vuelta/,https://media.pillalas.com/imagenes/726afb526abffa8347d3f6e8043971b5b5a22f68100535465137cdcd8a815fa00441c58f.jpg,Castellano,No recomendada para menores de 12 años,Viernes 30 Enero 2026,"Carmen Machi, Paco León, Miren Ibarguren, Mariano Peña, Eduardo Casanova, Pepe Viyuela, Melani Olivares, Canco Rodríguez, Secun De La Rosa, David Castillo, Marisol Ayuso, Pepa Rus, Óscar Reyes, Adrián Gordillo","""Aída y vuelta"", el largometraje, aborda el rodaje de un capítulo de la serie con tramas que transcurren tanto dentro de la ficción con los personajes de ""Aída"", como fuera de ella con los propios actores y sus relaciones, yendo más allá y dando pie a reflexionar sobre temas como los límites del humor, del trabajo del cómico y la fama."
CUMBRES BORRASCOSAS,Emerald Fennell,135,11,16:05,2026-02-16,Renoir Princesa,https://www.cinesrenoir.com/pelicula/cumbres-borrascosas/,https://media.pillalas.com/imagenes/726afb526abffa83abe8577deb3c0674bd352fd2b0500497b1d5570f2dd570487210fc4e.jpg,Inglés,No recomendada para menores de 16 años,Viernes 13 Febrero 2026,"Margot Robbie, Jacob Elordi, Hong Chau, Alison Oliver, Owen Cooper, Shazad Latif, Martin Clunes, Ewan Mitchell, Amy Morgan, Jessica Knappett, Charlotte Mellington, Vy Nguyen","Adaptada a todo tipo de formatos en multitud de ocasiones, se trata de una trágica historia de pasiones encontradas en la Inglaterra rural más conservadora. Una historia de venganza y odio, de pasiones desatadas y amores desesperados que van más allá de la muerte ambientada en los brumosos y sombríos páramos de Yorkshire, al norte de Inglaterra."
CUMBRES BORRASCOSAS,Emerald Fennell,135,09,18:00,2026-02-16,Renoir Princesa,https://www.cinesrenoir.com/pelicula/cumbres-borrascosas/,https://media.pillalas.com/imagenes/726afb526abffa83abe8577deb3c0674bd352fd2b0500497b1d5570f2dd570487210fc4e.jpg,Inglés,No recomendada para menores de 16 años,Viernes 13 Febrero 2026,"Margot Robbie, Jacob Elordi, Hong Chau, Alison Oliver, Owen Cooper, Shazad Latif, Martin Clunes, Ewan Mitchell, Amy Morgan, Jessica Knappett, Charlotte Mellington, Vy Nguyen","Adaptada a todo tipo de formatos en multitud de ocasiones, se trata de una trágica historia de pasiones encontradas en la Inglaterra rural más conservadora. Una historia de venganza y odio, de pasiones desatadas y amores desesperados que van más allá de la muerte ambientada en los brumosos y sombríos páramos de Yorkshire, al norte de Inglaterra."
CUMBRES BORRASCOSAS,Emerald Fennell,135,11,19:00,2026-02-16,Renoir Princesa,https://www.cinesrenoir.com/pelicula/cumbres-borrascosas/,https://media.pillalas.com/imagenes/726afb526abffa83abe8577deb3c0674bd352fd2b0500497b1d5570f2dd570487210fc4e.jpg,Inglés,No recomendada para menores de 16 años,Viernes 13 Febrero 2026,"Margot Robbie, Jacob Elordi, Hong Chau, Alison Oliver, Owen Cooper, Shazad Latif, Martin Clunes, Ewan Mitchell, Amy Morgan, Jessica Knappett, Charlotte Mellington, Vy Nguyen","Adaptada a todo tipo de formatos en multitud de ocasiones, se trata de una trágica historia de pasiones encontradas en la Inglaterra rural más conservadora. Una historia de venganza y odio, de pasiones desatadas y amores desesperados que van más allá de la muerte ambientada en los brumosos y sombríos páramos de Yorkshire, al norte de Inglaterra."
CUMBRES BORRASCOSAS,Emerald Fennell,135,09,20:30,2026-02-16,Renoir Princesa,https://www.cinesrenoir.com/pelicula/cumbres-borrascosas/,https://media.pillalas.com/imagenes/726afb526abffa83abe8577deb3c0674bd352fd2b0500497b1d5570f2dd570487210fc4e.jpg,Inglés,No recomendada para menores de 16 años,Viernes 13 Febrero 2026,"Margot Robbie, Jacob Elordi, Hong Chau, Alison Oliver, Owen Cooper, Shazad Latif, Martin Clunes, Ewan Mitchell, Amy Morgan, Jessica Knappett, Charlotte Mellington, Vy Nguyen","Adaptada a todo tipo de formatos en multitud de ocasiones, se trata de una trágica historia de pasiones encontradas en la Inglaterra rural más conservadora. Una historia de venganza y odio, de pasiones desatadas y amores desesperados que van más allá de la muerte ambientada en los brumosos y sombríos páramos de Yorkshire, al norte de Inglaterra."
CUMBRES BORRASCOSAS,Emerald Fennell,135,11,21:35,2026-02-16,Renoir Princesa,https://www.cinesrenoir.com/pelicula/cumbres-borrascosas/,https://media.pillalas.com/imagenes/726afb526abffa83abe8577deb3c0674bd352fd2b0500497b1d5570f2dd570487210fc4e.jpg,Inglés,No recomendada para menores de 16 años,Viernes 13 Febrero 2026,"Margot Robbie, Jacob Elordi, Hong Chau, Alison Oliver, Owen Cooper, Shazad Latif, Martin Clunes, Ewan Mitchell, Amy Morgan, Jessica Knappett, Charlotte Mellington, Vy Nguyen","Adaptada a todo tipo de formatos en multitud de ocasiones, se trata de una trágica historia de pasiones encontradas en la Inglaterra rural más conservadora. Una historia de venganza y odio, de pasiones desatadas y amores desesperados que van más allá de la muerte ambientada en los brumosos y sombríos páramos de Yorkshire, al norte de Inglaterra."
HAMNET,Chloé Zhao,125,07,16:10,2026-02-16,Renoir Princesa,https://www.cinesrenoir.com/pelicula/hamnet/,https://www.cinesrenoir.com/media/Peliculas/Cartel/HAMNET_Cartel_Digital_8Nominaciones_Oscar_YaEnCines_v2_2.jpg,Inglés,No recomendada para menores de 12 años,Viernes 23 Enero 2026,"Jessie Buckley, Paul Mescal, Joe Alwyn, Emily Watson","Año 1596, Stratford-upon-Avon, Inglaterra. La vida de Agnes transcurre plácidamente junto a su marido y sus tres hijos. Ella cultiva plantas medicinales mientras William trabaja en Londres. El destino, sin embargo, les reservará un duro golpe cuando su hijo Hamnet, de once años, muera repentinamente tras contraer la peste. A raíz de esta tragedia, su padre creará uno de los grandes personajes de la literatura universal, de nombre casi idéntico al de su hijo.


Pero esta película no habla de famosos sucesos sino de algo íntimo y olvidado: La vida de esta familia, y especialmente la de la mujer que la sostenía y que tuvo que cargar con una insoportable pérdida."
HAMNET,Chloé Zhao,125,05,17:45,2026-02-16,Renoir Princesa,https://www.cinesrenoir.com/pelicula/hamnet/,https://www.cinesrenoir.com/media/Peliculas/Cartel/HAMNET_Cartel_Digital_8Nominaciones_Oscar_YaEnCines_v2_2.jpg,Inglés,No recomendada para menores de 12 años,Viernes 23 Enero 2026,"Jessie Buckley, Paul Mescal, Joe Alwyn, Emily Watson","Año 1596, Stratford-upon-Avon, Inglaterra. La vida de Agnes transcurre plácidamente junto a su marido y sus tres hijos. Ella cultiva plantas medicinales mientras William trabaja en Londres. El destino, sin embargo, les reservará un duro golpe cuando su hijo Hamnet, de once años, muera repentinamente tras contraer la peste. A raíz de esta tragedia, su padre creará uno de los grandes personajes de la literatura universal, de nombre casi idéntico al de su hijo.


Pero esta película no habla de famosos sucesos sino de algo íntimo y olvidado: La vida de esta familia, y especialmente la de la mujer que la sostenía y que tuvo que cargar con una insoportable pérdida."
HAMNET,Chloé Zhao,125,07,19:00,2026-02-16,Renoir Princesa,https://www.cinesrenoir.com/pelicula/hamnet/,https://www.cinesrenoir.com/media/Peliculas/Cartel/HAMNET_Cartel_Digital_8Nominaciones_Oscar_YaEnCines_v2_2.jpg,Inglés,No recomendada para menores de 12 años,Viernes 23 Enero 2026,"Jessie Buckley, Paul Mescal, Joe Alwyn, Emily Watson","Año 1596, Stratford-upon-Avon, Inglaterra. La vida de Agnes transcurre plácidamente junto a su marido y sus tres hijos. Ella cultiva plantas medicinales mientras William trabaja en Londres. El destino, sin embargo, les reservará un duro golpe cuando su hijo Hamnet, de once años, muera repentinamente tras contraer la peste. A raíz de esta tragedia, su padre creará uno de los grandes personajes de la literatura universal, de nombre casi idéntico al de su hijo.


Pero esta película no habla de famosos sucesos sino de algo íntimo y olvidado: La vida de esta familia, y especialmente la de la mujer que la sostenía y que tuvo que cargar con una insoportable pérdida."
HAMNET,Chloé Zhao,125,05,20:05,2026-02-16,Renoir Princesa,https://www.cinesrenoir.com/pelicula/hamnet/,https://www.cinesrenoir.com/media/Peliculas/Cartel/HAMNET_Cartel_Digital_8Nominaciones_Oscar_YaEnCines_v2_2.jpg,Inglés,No recomendada para menores de 12 años,Viernes 23 Enero 2026,"Jessie Buckley, Paul Mescal, Joe Alwyn, Emily Watson","Año 1596, Stratford-upon-Avon, Inglaterra. La vida de Agnes transcurre plácidamente junto a su marido y sus tres hijos. Ella cultiva plantas medicinales mientras William trabaja en Londres. El destino, sin embargo, les reservará un duro golpe cuando su hijo Hamnet, de once años, muera repentinamente tras contraer la peste. A raíz de esta tragedia, su padre creará uno de los grandes personajes de la literatura universal, de nombre casi idéntico al de su hijo.


Pero esta película no habla de famosos sucesos sino de algo íntimo y olvidado: La vida de esta familia, y especialmente la de la mujer que la sostenía y que tuvo que cargar con una insoportable pérdida."
HAMNET,Chloé Zhao,125,05,22:25,2026-02-16,Renoir Princesa,https://www.cinesrenoir.com/pelicula/hamnet/,https://www.cinesrenoir.com/media/Peliculas/Cartel/HAMNET_Cartel_Digital_8Nominaciones_Oscar_YaEnCines_v2_2.jpg,Inglés,No recomendada para menores de 12 años,Viernes 23 Enero 2026,"Jessie Buckley, Paul Mescal, Joe Alwyn, Emily Watson","Año 1596, Stratford-upon-Avon, Inglaterra. La vida de Agnes transcurre plácidamente junto a su marido y sus tres hijos. Ella cultiva plantas medicinales mientras William trabaja en Londres. El destino, sin embargo, les reservará un duro golpe cuando su hijo Hamnet, de once años, muera repentinamente tras contraer la peste. A raíz de esta tragedia, su padre creará uno de los grandes personajes de la literatura universal, de nombre casi idéntico al de su hijo.


Pero esta película no habla de famosos sucesos sino de algo íntimo y olvidado: La vida de esta familia, y especialmente la de la mujer que la sostenía y que tuvo que cargar con una insoportable pérdida."
LA CENA,Manolo Gómez Pereira,106,08,16:00,2026-02-16,Renoir Princesa,https://www.cinesrenoir.com/pelicula/la-cena/,https://media.pillalas.com/imagenes/726afb526abffa83bd9f9bd0a673888f9a4e8309cfbd282ee88c3ecfb89c16c49bdbf298.jpg,Castellano,No recomendada para menores de 12 años,Viernes 17 Octubre 2025,"Mario Casas, Alberto San Juan, Asier Etxeandia, Nora Hernández, Óscar Lasarte, Martín Páez, Elvira Mínguez, Carlos Serrano, Carmen Balagué, Eva Ugarte, Antonio Resines","15 de abril, 1939. Dos semanas después de acabar la Guerra Civil, Franco propone celebrar la victoria con una cena en el Hotel Palace junto a todos sus generales. Lo que no saben es que la cena la prepararán unos cocineros republicanos que están ante su última oportunidad de huir del país."
LA CENA,Manolo Gómez Pereira,106,03,18:00,2026-02-16,Renoir Princesa,https://www.cinesrenoir.com/pelicula/la-cena/,https://media.pillalas.com/imagenes/726afb526abffa83bd9f9bd0a673888f9a4e8309cfbd282ee88c3ecfb89c16c49bdbf298.jpg,Castellano,No recomendada para menores de 12 años,Viernes 17 Octubre 2025,"Mario Casas, Alberto San Juan, Asier Etxeandia, Nora Hernández, Óscar Lasarte, Martín Páez, Elvira Mínguez, Carlos Serrano, Carmen Balagué, Eva Ugarte, Antonio Resines","15 de abril, 1939. Dos semanas después de acabar la Guerra Civil, Franco propone celebrar la victoria con una cena en el Hotel Palace junto a todos sus generales. Lo que no saben es que la cena la prepararán unos cocineros republicanos que están ante su última oportunidad de huir del país."
LA FIERA,Salvador Calvo,113,08,18:05,2026-02-16,Renoir Princesa,https://www.cinesrenoir.com/pelicula/la-fiera/,https://media.pillalas.com/imagenes/726afb526abffa8343633e6b05b980b9f611ecb2408114b64c8947a46b46933a151a5185.jpg,Castellano,No recomendada para menores de 12 años,Viernes 6 Febrero 2026,"Carlos Cuevas, Miguel Bernardeau, Miguel Ángel Silvestre, Candela González, Stéphanie Magnin, David Marcé, José Manuel Poga","Carlos, Darío y Armando, aficionados a los deportes extremos, descubren la experiencia más cercana a volar: el salto B.A.S.E. con traje de alas. “La Fiera” es la historia de estos amantes del riesgo: un relato real contado desde sus miedos y anhelos; un viaje duro y fascinante, lleno de vértigo y peligro... que también nos conecta con la camaradería y la amistad.
Un viaje épico alimentado por la lucha contra uno mismo."
LA FIERA,Salvador Calvo,113,08,22:15,2026-02-16,Renoir Princesa,https://www.cinesrenoir.com/pelicula/la-fiera/,https://media.pillalas.com/imagenes/726afb526abffa8343633e6b05b980b9f611ecb2408114b64c8947a46b46933a151a5185.jpg,Castellano,No recomendada para menores de 12 años,Viernes 6 Febrero 2026,"Carlos Cuevas, Miguel Bernardeau, Miguel Ángel Silvestre, Candela González, Stéphanie Magnin, David Marcé, José Manuel Poga","Carlos, Darío y Armando, aficionados a los deportes extremos, descubren la experiencia más cercana a volar: el salto B.A.S.E. con traje de alas. “La Fiera” es la historia de estos amantes del riesgo: un relato real contado desde sus miedos y anhelos; un viaje duro y fascinante, lleno de vértigo y peligro... que también nos conecta con la camaradería y la amistad.
Un viaje épico alimentado por la lucha contra uno mismo."
LOS DOMINGOS,Alauda Ruiz De Azúa,115,01,16:00,2026-02-16,Renoir Princesa,https://www.cinesrenoir.com/pelicula/los-domingos/,https://media.pillalas.com/imagenes/726afb526abffa83eb13c84b6e843cdf406388aa12cc57b934b6e5ab1c8e2d84ce9ad1f4.jpg,Castellano,No recomendada para menores de 12 años,Viernes 24 Octubre 2025,"Patricia López Arnaiz, Blanca Soroa, Miguel Garcés, Juan Minujín, Mabel Rivera, Nagore Aramburu","'Los domingos' cuenta la historia de Ainara (Soroa), una joven idealista y brillante de 17 años que ha de decidir qué carrera universitaria estudiará. O, al menos, eso espera su familia que haga. Sin embargo, la joven manifiesta que se siente cada vez más cerca de Dios y que se plantea abrazar la vida de monja de clausura. La noticia pilla por sorpresa a toda la familia provocando un abismo y una prueba de fuego para todos."
LOS DOMINGOS,Alauda Ruiz De Azúa,115,01,18:15,2026-02-16,Renoir Princesa,https://www.cinesrenoir.com/pelicula/los-domingos/,https://media.pillalas.com/imagenes/726afb526abffa83eb13c84b6e843cdf406388aa12cc57b934b6e5ab1c8e2d84ce9ad1f4.jpg,Castellano,No recomendada para menores de 12 años,Viernes 24 Octubre 2025,"Patricia López Arnaiz, Blanca Soroa, Miguel Garcés, Juan Minujín, Mabel Rivera, Nagore Aramburu","'Los domingos' cuenta la historia de Ainara (Soroa), una joven idealista y brillante de 17 años que ha de decidir qué carrera universitaria estudiará. O, al menos, eso espera su familia que haga. Sin embargo, la joven manifiesta que se siente cada vez más cerca de Dios y que se plantea abrazar la vida de monja de clausura. La noticia pilla por sorpresa a toda la familia provocando un abismo y una prueba de fuego para todos."
LOS DOMINGOS,Alauda Ruiz De Azúa,115,01,20:30,2026-02-16,Renoir Princesa,https://www.cinesrenoir.com/pelicula/los-domingos/,https://media.pillalas.com/imagenes/726afb526abffa83eb13c84b6e843cdf406388aa12cc57b934b6e5ab1c8e2d84ce9ad1f4.jpg,Castellano,No recomendada para menores de 12 años,Viernes 24 Octubre 2025,"Patricia López Arnaiz, Blanca Soroa, Miguel Garcés, Juan Minujín, Mabel Rivera, Nagore Aramburu","'Los domingos' cuenta la historia de Ainara (Soroa), una joven idealista y brillante de 17 años que ha de decidir qué carrera universitaria estudiará. O, al menos, eso espera su familia que haga. Sin embargo, la joven manifiesta que se siente cada vez más cerca de Dios y que se plantea abrazar la vida de monja de clausura. La noticia pilla por sorpresa a toda la familia provocando un abismo y una prueba de fuego para todos."
MARTY SUPREME,Josh Safdie,149,04,16:10,2026-02-16,Renoir Princesa,https://www.cinesrenoir.com/pelicula/marty-supreme/,https://media.pillalas.com/imagenes/726afb526abffa83215ea8a89c8894fb1ac44e6c3b86faba19f84e195b42d541304dcb79.jpg,Inglés,No recomendada para menores de 16 años,Viernes 30 Enero 2026,"Timothee Chalamet, Gwyneth Paltrow, Odessa A Zion, Sandra Bernhard, Fran Drescher, Abel Ferrara, Spenser Granese, Tyler The Creator, Penn Jillette, Kevin O Leary","Marty Mauser (Timothée Chalamet), un joven con una ambición desmesurada, está dispuesto a todo para cumplir su sueño. Con ayuda, entre otros, de la estrella de cine Carol Dunne (Gwyneth Paltrow) demostrará al mundo entero su grandeza."
MARTY SUPREME,Josh Safdie,149,04,19:00,2026-02-16,Renoir Princesa,https://www.cinesrenoir.com/pelicula/marty-supreme/,https://media.pillalas.com/imagenes/726afb526abffa83215ea8a89c8894fb1ac44e6c3b86faba19f84e195b42d541304dcb79.jpg,Inglés,No recomendada para menores de 16 años,Viernes 30 Enero 2026,"Timothee Chalamet, Gwyneth Paltrow, Odessa A Zion, Sandra Bernhard, Fran Drescher, Abel Ferrara, Spenser Granese, Tyler The Creator, Penn Jillette, Kevin O Leary","Marty Mauser (Timothée Chalamet), un joven con una ambición desmesurada, está dispuesto a todo para cumplir su sueño. Con ayuda, entre otros, de la estrella de cine Carol Dunne (Gwyneth Paltrow) demostrará al mundo entero su grandeza."
MARTY SUPREME,Josh Safdie,149,02,20:20,2026-02-16,Renoir Princesa,https://www.cinesrenoir.com/pelicula/marty-supreme/,https://media.pillalas.com/imagenes/726afb526abffa83215ea8a89c8894fb1ac44e6c3b86faba19f84e195b42d541304dcb79.jpg,Inglés,No recomendada para menores de 16 años,Viernes 30 Enero 2026,"Timothee Chalamet, Gwyneth Paltrow, Odessa A Zion, Sandra Bernhard, Fran Drescher, Abel Ferrara, Spenser Granese, Tyler The Creator, Penn Jillette, Kevin O Leary","Marty Mauser (Timothée Chalamet), un joven con una ambición desmesurada, está dispuesto a todo para cumplir su sueño. Con ayuda, entre otros, de la estrella de cine Carol Dunne (Gwyneth Paltrow) demostrará al mundo entero su grandeza."
MARTY SUPREME,Josh Safdie,149,04,21:50,2026-02-16,Renoir Princesa,https://www.cinesrenoir.com/pelicula/marty-supreme/,https://media.pillalas.com/imagenes/726afb526abffa83215ea8a89c8894fb1ac44e6c3b86faba19f84e195b42d541304dcb79.jpg,Inglés,No recomendada para menores de 16 años,Viernes 30 Enero 2026,"Timothee Chalamet, Gwyneth Paltrow, Odessa A Zion, Sandra Bernhard, Fran Drescher, Abel Ferrara, Spenser Granese, Tyler The Creator, Penn Jillette, Kevin O Leary","Marty Mauser (Timothée Chalamet), un joven con una ambición desmesurada, está dispuesto a todo para cumplir su sueño. Con ayuda, entre otros, de la estrella de cine Carol Dunne (Gwyneth Paltrow) demostrará al mundo entero su grandeza."
NOUVELLE VAGUE,Richard Linklater,106,01,22:40,2026-02-16,Renoir Princesa,https://www.cinesrenoir.com/pelicula/nouvelle-vague/,https://media.pillalas.com/imagenes/726afb526abffa835c22ae68ba792559681ebb89ebbc7ddacfd5f5bdea32bb21879771be.jpg,Francés,No recomendada para menores de 12 años,Viernes 9 Enero 2026,"Guillaume Marbeck, Zoey Deutch, Aubry Dullin, Bruno Dreyfürst, Benjamin Clery, Matthieu Penchinat, Adrien Rouyard, Jodie Ruth-Forest","Esta es la historia de Godard rodando 'Al final de la escapada', contada con el estilo y el espíritu con los que Godard rodó 'Al final de la escapada'."
RENTAL FAMILY (FAMILIA DE ALQUILER),Mitsuyo Miyazaki,109,09,16:00,2026-02-16,Renoir Princesa,https://www.cinesrenoir.com/pelicula/rental-family-familia-de-alquiler/,https://media.pillalas.com/imagenes/726afb526abffa8354fd8d551fddc8b6f2c37df750c002f9f65d59d1707b603c58f3211d.jpg,Inglés Y Japonés,No recomendada para menores de 12 años,Viernes 9 Enero 2026,"Brendan Fraser, Mari Yamamoto, Takehiro Hira, Akira Emoto, Shannon Gorman","Comedia dramática sobre un actor estadounidense (Brendan Fraser) que lucha por encontrar un propósito en la vida en el Tokio actual. Hasta que consigue un trabajo inusual, trabajar para una agencia japonesa de ""familias de alquiler"", interpretando papeles de suplente para desconocidos."
RENTAL FAMILY (FAMILIA DE ALQUILER),Mitsuyo Miyazaki,109,02,18:15,2026-02-16,Renoir Princesa,https://www.cinesrenoir.com/pelicula/rental-family-familia-de-alquiler/,https://media.pillalas.com/imagenes/726afb526abffa8354fd8d551fddc8b6f2c37df750c002f9f65d59d1707b603c58f3211d.jpg,Inglés Y Japonés,No recomendada para menores de 12 años,Viernes 9 Enero 2026,"Brendan Fraser, Mari Yamamoto, Takehiro Hira, Akira Emoto, Shannon Gorman","Comedia dramática sobre un actor estadounidense (Brendan Fraser) que lucha por encontrar un propósito en la vida en el Tokio actual. Hasta que consigue un trabajo inusual, trabajar para una agencia japonesa de ""familias de alquiler"", interpretando papeles de suplente para desconocidos."
SIRAT,Óliver Laxe,120,03,20:05,2026-02-16,Renoir Princesa,https://www.cinesrenoir.com/pelicula/sirat/,https://www.cinesrenoir.com/media/Peliculas/Cartel/SIRAT_ONLINE_GOYAOSCARS.jpg,Castellano Y Otros,No recomendada para menores de 16 años,Viernes 6 Junio 2025,"Sergi López, Bruno Núñez, Stefania Gadda, Joshua Liam Herderson, Tonin Javier, Jade Ouki, Richard Bellamyun","Un hombre (López) y su hijo (Nuñez) llegan a una rave perdida en medio de las áridas y fantasmagóricas montañas del sur de Marruecos. Buscan allí a Mar, su hija y hermana, desaparecida hace meses en una de estas fiestas sin amanecer. Reparten una y otra vez su foto rodeados de música electrónica y de un tipo de libertad que desconocen. Empujados por el destino, y con la esperanza de encontrar ahí a Mar, deciden seguir a un grupo de raveros hacia la última fiesta que se celebrará en el desierto."
SIRAT,Óliver Laxe,120,07,21:30,2026-02-16,Renoir Princesa,https://www.cinesrenoir.com/pelicula/sirat/,https://www.cinesrenoir.com/media/Peliculas/Cartel/SIRAT_ONLINE_GOYAOSCARS.jpg,Castellano Y Otros,No recomendada para menores de 16 años,Viernes 6 Junio 2025,"Sergi López, Bruno Núñez, Stefania Gadda, Joshua Liam Herderson, Tonin Javier, Jade Ouki, Richard Bellamyun","Un hombre (López) y su hijo (Nuñez) llegan a una rave perdida en medio de las áridas y fantasmagóricas montañas del sur de Marruecos. Buscan allí a Mar, su hija y hermana, desaparecida hace meses en una de estas fiestas sin amanecer. Reparten una y otra vez su foto rodeados de música electrónica y de un tipo de libertad que desconocen. Empujados por el destino, y con la esperanza de encontrar ahí a Mar, deciden seguir a un grupo de raveros hacia la última fiesta que se celebrará en el desierto."
TRES ADIOSES,Isabel Coixet,122,02,16:00,2026-02-16,Renoir Princesa,https://www.cinesrenoir.com/pelicula/tres-adioses/,https://media.pillalas.com/imagenes/726afb526abffa832ea2a44a189894de905fc7e94534a8bf4ef6bf13e5ccdfe90922c22e.jpg,Italiano,No recomendada para menores de 12 años,Viernes 6 Febrero 2026,"Alba Rohrwacher, Elio Germano, Francesco Carril, Silvia D Amico, Galatea Bellugi, Sarita Choudhury","Tras lo que parecía una discusión sin importancia, Marta (Alba Rohrwacher) y Antonio (Elio Germano) se separan. Él, un chef prometedor, se refugia en sus fogones; ella, en su silencio, empieza a notar algo más que tristeza: ha perdido el apetito… y no solo por desamor. Cuando descubre que detrás hay un problema de salud, todo da un giro inesperado: la comida sabe mejor, la música le llega como nunca y el deseo despierta sus ganas de vivir sin miedo.
Una historia sobre el amor, la vida y esos momentos que lo cambian todo para siempre."
TRES ADIOSES,Isabel Coixet,122,06,17:30,2026-02-16,Renoir Princesa,https://www.cinesrenoir.com/pelicula/tres-adioses/,https://media.pillalas.com/imagenes/726afb526abffa832ea2a44a189894de905fc7e94534a8bf4ef6bf13e5ccdfe90922c22e.jpg,Italiano,No recomendada para menores de 12 años,Viernes 6 Febrero 2026,"Alba Rohrwacher, Elio Germano, Francesco Carril, Silvia D Amico, Galatea Bellugi, Sarita Choudhury","Tras lo que parecía una discusión sin importancia, Marta (Alba Rohrwacher) y Antonio (Elio Germano) se separan. Él, un chef prometedor, se refugia en sus fogones; ella, en su silencio, empieza a notar algo más que tristeza: ha perdido el apetito… y no solo por desamor. Cuando descubre que detrás hay un problema de salud, todo da un giro inesperado: la comida sabe mejor, la música le llega como nunca y el deseo despierta sus ganas de vivir sin miedo.
Una historia sobre el amor, la vida y esos momentos que lo cambian todo para siempre."
TRES ADIOSES,Isabel Coixet,122,06,19:50,2026-02-16,Renoir Princesa,https://www.cinesrenoir.com/pelicula/tres-adioses/,https://media.pillalas.com/imagenes/726afb526abffa832ea2a44a189894de905fc7e94534a8bf4ef6bf13e5ccdfe90922c22e.jpg,Italiano,No recomendada para menores de 12 años,Viernes 6 Febrero 2026,"Alba Rohrwacher, Elio Germano, Francesco Carril, Silvia D Amico, Galatea Bellugi, Sarita Choudhury","Tras lo que parecía una discusión sin importancia, Marta (Alba Rohrwacher) y Antonio (Elio Germano) se separan. Él, un chef prometedor, se refugia en sus fogones; ella, en su silencio, empieza a notar algo más que tristeza: ha perdido el apetito… y no solo por desamor. Cuando descubre que detrás hay un problema de salud, todo da un giro inesperado: la comida sabe mejor, la música le llega como nunca y el deseo despierta sus ganas de vivir sin miedo.
Una historia sobre el amor, la vida y esos momentos que lo cambian todo para siempre."
TRES ADIOSES,Isabel Coixet,122,06,22:10,2026-02-16,Renoir Princesa,https://www.cinesrenoir.com/pelicula/tres-adioses/,https://media.pillalas.com/imagenes/726afb526abffa832ea2a44a189894de905fc7e94534a8bf4ef6bf13e5ccdfe90922c22e.jpg,Italiano,No recomendada para menores de 12 años,Viernes 6 Febrero 2026,"Alba Rohrwacher, Elio Germano, Francesco Carril, Silvia D Amico, Galatea Bellugi, Sarita Choudhury","Tras lo que parecía una discusión sin importancia, Marta (Alba Rohrwacher) y Antonio (Elio Germano) se separan. Él, un chef prometedor, se refugia en sus fogones; ella, en su silencio, empieza a notar algo más que tristeza: ha perdido el apetito… y no solo por desamor. Cuando descubre que detrás hay un problema de salud, todo da un giro inesperado: la comida sabe mejor, la música le llega como nunca y el deseo despierta sus ganas de vivir sin miedo.
Una historia sobre el amor, la vida y esos momentos que lo cambian todo para siempre."
VALOR SENTIMENTAL,Joachim Trier,133,10,16:10,2026-02-16,Renoir Princesa,https://www.cinesrenoir.com/pelicula/valor-sentimental/,https://media.pillalas.com/imagenes/726afb526abffa83fe1b3adc6f8909539f80c9a958e909b641f78d7648edf8e1f62ca547.jpg,Noruego E Inglés,No recomendada para menores de 12 años,Viernes 5 Diciembre 2025,"Renate Reinsve, Stellan Skarsgård, Inga Ibsdotter Lilleaas, Elle Fanning, Anders Danielsen Lie, Jesper Christensen, Lena Endre, Cory Michael Smith, Catherine Cohen, Andreas Stoltenberg Granerud, Øyvind Hesjedal Loven, Lars Väringer, Ida Marianne Vassbotn Klasson, Vilde Søyland","Las hermanas Nora y Agnes se reencuentran con su padre ausente, un director de cine muy reconocido en el pasado que ha vuelto para ofrecer a Nora el papel principal de su próxima película. Aunque ella lo rechaza, Gustav decide seguir adelante y utilizar la casa familiar como escenario de su nuevo rodaje, lo que reaviva las tensiones entre ellos, especialmente tras la llegada de una joven actriz de Hollywood que acepta el papel en su lugar. El vínculo entre las hermanas se convertirá en su mayor refugio frente a las heridas del pasado."
VALOR SENTIMENTAL,Joachim Trier,133,10,19:10,2026-02-16,Renoir Princesa,https://www.cinesrenoir.com/pelicula/valor-sentimental/,https://media.pillalas.com/imagenes/726afb526abffa83fe1b3adc6f8909539f80c9a958e909b641f78d7648edf8e1f62ca547.jpg,Noruego E Inglés,No recomendada para menores de 12 años,Viernes 5 Diciembre 2025,"Renate Reinsve, Stellan Skarsgård, Inga Ibsdotter Lilleaas, Elle Fanning, Anders Danielsen Lie, Jesper Christensen, Lena Endre, Cory Michael Smith, Catherine Cohen, Andreas Stoltenberg Granerud, Øyvind Hesjedal Loven, Lars Väringer, Ida Marianne Vassbotn Klasson, Vilde Søyland","Las hermanas Nora y Agnes se reencuentran con su padre ausente, un director de cine muy reconocido en el pasado que ha vuelto para ofrecer a Nora el papel principal de su próxima película. Aunque ella lo rechaza, Gustav decide seguir adelante y utilizar la casa familiar como escenario de su nuevo rodaje, lo que reaviva las tensiones entre ellos, especialmente tras la llegada de una joven actriz de Hollywood que acepta el papel en su lugar. El vínculo entre las hermanas se convertirá en su mayor refugio frente a las heridas del pasado."
VALOR SENTIMENTAL,Joachim Trier,133,10,21:45,2026-02-16,Renoir Princesa,https://www.cinesrenoir.com/pelicula/valor-sentimental/,https://media.pillalas.com/imagenes/726afb526abffa83fe1b3adc6f8909539f80c9a958e909b641f78d7648edf8e1f62ca547.jpg,Noruego E Inglés,No recomendada para menores de 12 años,Viernes 5 Diciembre 2025,"Renate Reinsve, Stellan Skarsgård, Inga Ibsdotter Lilleaas, Elle Fanning, Anders Danielsen Lie, Jesper Christensen, Lena Endre, Cory Michael Smith, Catherine Cohen, Andreas Stoltenberg Granerud, Øyvind Hesjedal Loven, Lars Väringer, Ida Marianne Vassbotn Klasson, Vilde Søyland","Las hermanas Nora y Agnes se reencuentran con su padre ausente, un director de cine muy reconocido en el pasado que ha vuelto para ofrecer a Nora el papel principal de su próxima película. Aunque ella lo rechaza, Gustav decide seguir adelante y utilizar la casa familiar como escenario de su nuevo rodaje, lo que reaviva las tensiones entre ellos, especialmente tras la llegada de una joven actriz de Hollywood que acepta el papel en su lugar. El vínculo entre las hermanas se convertirá en su mayor refugio frente a las heridas del pasado."
VIDA PRIVADA,Rebecca Zlotowski,103,03,22:20,2026-02-16,Renoir Princesa,https://www.cinesrenoir.com/pelicula/vida-privada/,https://media.pillalas.com/imagenes/726afb526abffa83e85d9a90d129144ec330b3d01f9d831658c34239ba5ad1f6ab7bd9ea.jpg,Francés,No recomendada para menores de 12 años,Viernes 19 Diciembre 2025,"Jodie Foster, Daniel Auteuil, Virginie Efira, Mathieu Amalric, Vincent Lacoste, Luàna Bajrami, Noam Morgensztern, Sophie Guillemin, Frederick Wiseman, Aurore Clément, Irène Jacob, Park Ji-Min, Jean Chevalier","La reputada psiquiatra Lilian Steiner emprende una investigación privada sobre la muerte de una de sus pacientes, de la que está convencida que ha sido asesinada."
ARCO,Ugo Bienvenu,88,05,16:00,2026-02-17,Renoir Princesa,https://www.cinesrenoir.com/pelicula/arco/,https://media.pillalas.com/imagenes/726afb526abffa83ddc364e355222ee7768df2fdf3b376e8597c17c1736c134c14e60f55.jpg,Francés,No recomendada para menores de 7 años,Viernes 23 Enero 2026,"Oscar Tresanini, Margot Ringard Oldra, Alma Jodorowsky, Swann Arlaud","En 2075, una niña de diez años llamada Iris es testigo de cómo un misterioso niño vestido con un traje arco iris cae del cielo. Su nombre es Arco, y viene de un idílico y lejano futuro en el que es posible viajar en el tiempo. Iris le da cobijo y hará lo que sea necesario para ayudarle a regresar a su tiempo."
AÍDA Y VUELTA,Paco León,90,03,16:00,2026-02-17,Renoir Princesa,https://www.cinesrenoir.com/pelicula/aida-y-vuelta/,https://media.pillalas.com/imagenes/726afb526abffa8347d3f6e8043971b5b5a22f68100535465137cdcd8a815fa00441c58f.jpg,Castellano,No recomendada para menores de 12 años,Viernes 30 Enero 2026,"Carmen Machi, Paco León, Miren Ibarguren, Mariano Peña, Eduardo Casanova, Pepe Viyuela, Melani Olivares, Canco Rodríguez, Secun De La Rosa, David Castillo, Marisol Ayuso, Pepa Rus, Óscar Reyes, Adrián Gordillo","""Aída y vuelta"", el largometraje, aborda el rodaje de un capítulo de la serie con tramas que transcurren tanto dentro de la ficción con los personajes de ""Aída"", como fuera de ella con los propios actores y sus relaciones, yendo más allá y dando pie a reflexionar sobre temas como los límites del humor, del trabajo del cómico y la fama."
AÍDA Y VUELTA,Paco León,90,08,20:15,2026-02-17,Renoir Princesa,https://www.cinesrenoir.com/pelicula/aida-y-vuelta/,https://media.pillalas.com/imagenes/726afb526abffa8347d3f6e8043971b5b5a22f68100535465137cdcd8a815fa00441c58f.jpg,Castellano,No recomendada para menores de 12 años,Viernes 30 Enero 2026,"Carmen Machi, Paco León, Miren Ibarguren, Mariano Peña, Eduardo Casanova, Pepe Viyuela, Melani Olivares, Canco Rodríguez, Secun De La Rosa, David Castillo, Marisol Ayuso, Pepa Rus, Óscar Reyes, Adrián Gordillo","""Aída y vuelta"", el largometraje, aborda el rodaje de un capítulo de la serie con tramas que transcurren tanto dentro de la ficción con los personajes de ""Aída"", como fuera de ella con los propios actores y sus relaciones, yendo más allá y dando pie a reflexionar sobre temas como los límites del humor, del trabajo del cómico y la fama."
CORTOS DOCU-ANIMACIÓN NOMINADOS A LOS GOYA [RENOIR],Beatriz Martínez & José Luis Palacios,90,10,20:30,2026-02-17,Renoir Princesa,https://www.cinesrenoir.com/pelicula/cortos-docu-animacion-nominados-a-los-goya-renoir/,https://media.pillalas.com/imagenes/726afb526abffa83fbcd59035275280d7a7328da4a2763a18b178ce5df430aad53c67a37.jpg,Castellano,Pendiente de calificación,Martes 17 Febrero 2026,Goya 2026,"LosRENOIR PRINCESAde Madrid se suman al apoyo del cine español y al impulso
    del ámbito del cortometraje. Apostamos por el cortometraje como género propio y su
    exhibición en salas de cine. En esta ocasión, podremos disfrutarel martes 17 de febrerode una sesión con cortometrajes nominados a los GOYA en la categoría de animación y
    documental. La sesión está organizada y conducida por Beatriz Martínez y José Luis
    Palacios, socios de la Coordinadora del Cortometraje Español, jurado de varios festivales
    nacionales de cortometrajes y comisarios de eventos cinematográficos."
CUMBRES BORRASCOSAS,Emerald Fennell,135,11,16:05,2026-02-17,Renoir Princesa,https://www.cinesrenoir.com/pelicula/cumbres-borrascosas/,https://media.pillalas.com/imagenes/726afb526abffa83abe8577deb3c0674bd352fd2b0500497b1d5570f2dd570487210fc4e.jpg,Inglés,No recomendada para menores de 16 años,Viernes 13 Febrero 2026,"Margot Robbie, Jacob Elordi, Hong Chau, Alison Oliver, Owen Cooper, Shazad Latif, Martin Clunes, Ewan Mitchell, Amy Morgan, Jessica Knappett, Charlotte Mellington, Vy Nguyen","Adaptada a todo tipo de formatos en multitud de ocasiones, se trata de una trágica historia de pasiones encontradas en la Inglaterra rural más conservadora. Una historia de venganza y odio, de pasiones desatadas y amores desesperados que van más allá de la muerte ambientada en los brumosos y sombríos páramos de Yorkshire, al norte de Inglaterra."
CUMBRES BORRASCOSAS,Emerald Fennell,135,09,18:00,2026-02-17,Renoir Princesa,https://www.cinesrenoir.com/pelicula/cumbres-borrascosas/,https://media.pillalas.com/imagenes/726afb526abffa83abe8577deb3c0674bd352fd2b0500497b1d5570f2dd570487210fc4e.jpg,Inglés,No recomendada para menores de 16 años,Viernes 13 Febrero 2026,"Margot Robbie, Jacob Elordi, Hong Chau, Alison Oliver, Owen Cooper, Shazad Latif, Martin Clunes, Ewan Mitchell, Amy Morgan, Jessica Knappett, Charlotte Mellington, Vy Nguyen","Adaptada a todo tipo de formatos en multitud de ocasiones, se trata de una trágica historia de pasiones encontradas en la Inglaterra rural más conservadora. Una historia de venganza y odio, de pasiones desatadas y amores desesperados que van más allá de la muerte ambientada en los brumosos y sombríos páramos de Yorkshire, al norte de Inglaterra."
CUMBRES BORRASCOSAS,Emerald Fennell,135,11,19:00,2026-02-17,Renoir Princesa,https://www.cinesrenoir.com/pelicula/cumbres-borrascosas/,https://media.pillalas.com/imagenes/726afb526abffa83abe8577deb3c0674bd352fd2b0500497b1d5570f2dd570487210fc4e.jpg,Inglés,No recomendada para menores de 16 años,Viernes 13 Febrero 2026,"Margot Robbie, Jacob Elordi, Hong Chau, Alison Oliver, Owen Cooper, Shazad Latif, Martin Clunes, Ewan Mitchell, Amy Morgan, Jessica Knappett, Charlotte Mellington, Vy Nguyen","Adaptada a todo tipo de formatos en multitud de ocasiones, se trata de una trágica historia de pasiones encontradas en la Inglaterra rural más conservadora. Una historia de venganza y odio, de pasiones desatadas y amores desesperados que van más allá de la muerte ambientada en los brumosos y sombríos páramos de Yorkshire, al norte de Inglaterra."
CUMBRES BORRASCOSAS,Emerald Fennell,135,09,20:30,2026-02-17,Renoir Princesa,https://www.cinesrenoir.com/pelicula/cumbres-borrascosas/,https://media.pillalas.com/imagenes/726afb526abffa83abe8577deb3c0674bd352fd2b0500497b1d5570f2dd570487210fc4e.jpg,Inglés,No recomendada para menores de 16 años,Viernes 13 Febrero 2026,"Margot Robbie, Jacob Elordi, Hong Chau, Alison Oliver, Owen Cooper, Shazad Latif, Martin Clunes, Ewan Mitchell, Amy Morgan, Jessica Knappett, Charlotte Mellington, Vy Nguyen","Adaptada a todo tipo de formatos en multitud de ocasiones, se trata de una trágica historia de pasiones encontradas en la Inglaterra rural más conservadora. Una historia de venganza y odio, de pasiones desatadas y amores desesperados que van más allá de la muerte ambientada en los brumosos y sombríos páramos de Yorkshire, al norte de Inglaterra."
CUMBRES BORRASCOSAS,Emerald Fennell,135,11,21:35,2026-02-17,Renoir Princesa,https://www.cinesrenoir.com/pelicula/cumbres-borrascosas/,https://media.pillalas.com/imagenes/726afb526abffa83abe8577deb3c0674bd352fd2b0500497b1d5570f2dd570487210fc4e.jpg,Inglés,No recomendada para menores de 16 años,Viernes 13 Febrero 2026,"Margot Robbie, Jacob Elordi, Hong Chau, Alison Oliver, Owen Cooper, Shazad Latif, Martin Clunes, Ewan Mitchell, Amy Morgan, Jessica Knappett, Charlotte Mellington, Vy Nguyen","Adaptada a todo tipo de formatos en multitud de ocasiones, se trata de una trágica historia de pasiones encontradas en la Inglaterra rural más conservadora. Una historia de venganza y odio, de pasiones desatadas y amores desesperados que van más allá de la muerte ambientada en los brumosos y sombríos páramos de Yorkshire, al norte de Inglaterra."
HAMNET,Chloé Zhao,125,07,16:10,2026-02-17,Renoir Princesa,https://www.cinesrenoir.com/pelicula/hamnet/,https://www.cinesrenoir.com/media/Peliculas/Cartel/HAMNET_Cartel_Digital_8Nominaciones_Oscar_YaEnCines_v2_2.jpg,Inglés,No recomendada para menores de 12 años,Viernes 23 Enero 2026,"Jessie Buckley, Paul Mescal, Joe Alwyn, Emily Watson","Año 1596, Stratford-upon-Avon, Inglaterra. La vida de Agnes transcurre plácidamente junto a su marido y sus tres hijos. Ella cultiva plantas medicinales mientras William trabaja en Londres. El destino, sin embargo, les reservará un duro golpe cuando su hijo Hamnet, de once años, muera repentinamente tras contraer la peste. A raíz de esta tragedia, su padre creará uno de los grandes personajes de la literatura universal, de nombre casi idéntico al de su hijo.


Pero esta película no habla de famosos sucesos sino de algo íntimo y olvidado: La vida de esta familia, y especialmente la de la mujer que la sostenía y que tuvo que cargar con una insoportable pérdida."
HAMNET,Chloé Zhao,125,05,17:45,2026-02-17,Renoir Princesa,https://www.cinesrenoir.com/pelicula/hamnet/,https://www.cinesrenoir.com/media/Peliculas/Cartel/HAMNET_Cartel_Digital_8Nominaciones_Oscar_YaEnCines_v2_2.jpg,Inglés,No recomendada para menores de 12 años,Viernes 23 Enero 2026,"Jessie Buckley, Paul Mescal, Joe Alwyn, Emily Watson","Año 1596, Stratford-upon-Avon, Inglaterra. La vida de Agnes transcurre plácidamente junto a su marido y sus tres hijos. Ella cultiva plantas medicinales mientras William trabaja en Londres. El destino, sin embargo, les reservará un duro golpe cuando su hijo Hamnet, de once años, muera repentinamente tras contraer la peste. A raíz de esta tragedia, su padre creará uno de los grandes personajes de la literatura universal, de nombre casi idéntico al de su hijo.


Pero esta película no habla de famosos sucesos sino de algo íntimo y olvidado: La vida de esta familia, y especialmente la de la mujer que la sostenía y que tuvo que cargar con una insoportable pérdida."
HAMNET,Chloé Zhao,125,05,20:05,2026-02-17,Renoir Princesa,https://www.cinesrenoir.com/pelicula/hamnet/,https://www.cinesrenoir.com/media/Peliculas/Cartel/HAMNET_Cartel_Digital_8Nominaciones_Oscar_YaEnCines_v2_2.jpg,Inglés,No recomendada para menores de 12 años,Viernes 23 Enero 2026,"Jessie Buckley, Paul Mescal, Joe Alwyn, Emily Watson","Año 1596, Stratford-upon-Avon, Inglaterra. La vida de Agnes transcurre plácidamente junto a su marido y sus tres hijos. Ella cultiva plantas medicinales mientras William trabaja en Londres. El destino, sin embargo, les reservará un duro golpe cuando su hijo Hamnet, de once años, muera repentinamente tras contraer la peste. A raíz de esta tragedia, su padre creará uno de los grandes personajes de la literatura universal, de nombre casi idéntico al de su hijo.


Pero esta película no habla de famosos sucesos sino de algo íntimo y olvidado: La vida de esta familia, y especialmente la de la mujer que la sostenía y que tuvo que cargar con una insoportable pérdida."
HAMNET,Chloé Zhao,125,05,22:25,2026-02-17,Renoir Princesa,https://www.cinesrenoir.com/pelicula/hamnet/,https://www.cinesrenoir.com/media/Peliculas/Cartel/HAMNET_Cartel_Digital_8Nominaciones_Oscar_YaEnCines_v2_2.jpg,Inglés,No recomendada para menores de 12 años,Viernes 23 Enero 2026,"Jessie Buckley, Paul Mescal, Joe Alwyn, Emily Watson","Año 1596, Stratford-upon-Avon, Inglaterra. La vida de Agnes transcurre plácidamente junto a su marido y sus tres hijos. Ella cultiva plantas medicinales mientras William trabaja en Londres. El destino, sin embargo, les reservará un duro golpe cuando su hijo Hamnet, de once años, muera repentinamente tras contraer la peste. A raíz de esta tragedia, su padre creará uno de los grandes personajes de la literatura universal, de nombre casi idéntico al de su hijo.


Pero esta película no habla de famosos sucesos sino de algo íntimo y olvidado: La vida de esta familia, y especialmente la de la mujer que la sostenía y que tuvo que cargar con una insoportable pérdida."
LA CENA,Manolo Gómez Pereira,106,08,16:00,2026-02-17,Renoir Princesa,https://www.cinesrenoir.com/pelicula/la-cena/,https://media.pillalas.com/imagenes/726afb526abffa83bd9f9bd0a673888f9a4e8309cfbd282ee88c3ecfb89c16c49bdbf298.jpg,Castellano,No recomendada para menores de 12 años,Viernes 17 Octubre 2025,"Mario Casas, Alberto San Juan, Asier Etxeandia, Nora Hernández, Óscar Lasarte, Martín Páez, Elvira Mínguez, Carlos Serrano, Carmen Balagué, Eva Ugarte, Antonio Resines","15 de abril, 1939. Dos semanas después de acabar la Guerra Civil, Franco propone celebrar la victoria con una cena en el Hotel Palace junto a todos sus generales. Lo que no saben es que la cena la prepararán unos cocineros republicanos que están ante su última oportunidad de huir del país."
LA CENA,Manolo Gómez Pereira,106,03,18:00,2026-02-17,Renoir Princesa,https://www.cinesrenoir.com/pelicula/la-cena/,https://media.pillalas.com/imagenes/726afb526abffa83bd9f9bd0a673888f9a4e8309cfbd282ee88c3ecfb89c16c49bdbf298.jpg,Castellano,No recomendada para menores de 12 años,Viernes 17 Octubre 2025,"Mario Casas, Alberto San Juan, Asier Etxeandia, Nora Hernández, Óscar Lasarte, Martín Páez, Elvira Mínguez, Carlos Serrano, Carmen Balagué, Eva Ugarte, Antonio Resines","15 de abril, 1939. Dos semanas después de acabar la Guerra Civil, Franco propone celebrar la victoria con una cena en el Hotel Palace junto a todos sus generales. Lo que no saben es que la cena la prepararán unos cocineros republicanos que están ante su última oportunidad de huir del país."
LA FIERA,Salvador Calvo,113,08,18:05,2026-02-17,Renoir Princesa,https://www.cinesrenoir.com/pelicula/la-fiera/,https://media.pillalas.com/imagenes/726afb526abffa8343633e6b05b980b9f611ecb2408114b64c8947a46b46933a151a5185.jpg,Castellano,No recomendada para menores de 12 años,Viernes 6 Febrero 2026,"Carlos Cuevas, Miguel Bernardeau, Miguel Ángel Silvestre, Candela González, Stéphanie Magnin, David Marcé, José Manuel Poga","Carlos, Darío y Armando, aficionados a los deportes extremos, descubren la experiencia más cercana a volar: el salto B.A.S.E. con traje de alas. “La Fiera” es la historia de estos amantes del riesgo: un relato real contado desde sus miedos y anhelos; un viaje duro y fascinante, lleno de vértigo y peligro... que también nos conecta con la camaradería y la amistad.
Un viaje épico alimentado por la lucha contra uno mismo."
LA FIERA,Salvador Calvo,113,08,22:15,2026-02-17,Renoir Princesa,https://www.cinesrenoir.com/pelicula/la-fiera/,https://media.pillalas.com/imagenes/726afb526abffa8343633e6b05b980b9f611ecb2408114b64c8947a46b46933a151a5185.jpg,Castellano,No recomendada para menores de 12 años,Viernes 6 Febrero 2026,"Carlos Cuevas, Miguel Bernardeau, Miguel Ángel Silvestre, Candela González, Stéphanie Magnin, David Marcé, José Manuel Poga","Carlos, Darío y Armando, aficionados a los deportes extremos, descubren la experiencia más cercana a volar: el salto B.A.S.E. con traje de alas. “La Fiera” es la historia de estos amantes del riesgo: un relato real contado desde sus miedos y anhelos; un viaje duro y fascinante, lleno de vértigo y peligro... que también nos conecta con la camaradería y la amistad.
Un viaje épico alimentado por la lucha contra uno mismo."
LOS DOMINGOS,Alauda Ruiz De Azúa,115,01,16:00,2026-02-17,Renoir Princesa,https://www.cinesrenoir.com/pelicula/los-domingos/,https://media.pillalas.com/imagenes/726afb526abffa83eb13c84b6e843cdf406388aa12cc57b934b6e5ab1c8e2d84ce9ad1f4.jpg,Castellano,No recomendada para menores de 12 años,Viernes 24 Octubre 2025,"Patricia López Arnaiz, Blanca Soroa, Miguel Garcés, Juan Minujín, Mabel Rivera, Nagore Aramburu","'Los domingos' cuenta la historia de Ainara (Soroa), una joven idealista y brillante de 17 años que ha de decidir qué carrera universitaria estudiará. O, al menos, eso espera su familia que haga. Sin embargo, la joven manifiesta que se siente cada vez más cerca de Dios y que se plantea abrazar la vida de monja de clausura. La noticia pilla por sorpresa a toda la familia provocando un abismo y una prueba de fuego para todos."
LOS DOMINGOS,Alauda Ruiz De Azúa,115,01,18:15,2026-02-17,Renoir Princesa,https://www.cinesrenoir.com/pelicula/los-domingos/,https://media.pillalas.com/imagenes/726afb526abffa83eb13c84b6e843cdf406388aa12cc57b934b6e5ab1c8e2d84ce9ad1f4.jpg,Castellano,No recomendada para menores de 12 años,Viernes 24 Octubre 2025,"Patricia López Arnaiz, Blanca Soroa, Miguel Garcés, Juan Minujín, Mabel Rivera, Nagore Aramburu","'Los domingos' cuenta la historia de Ainara (Soroa), una joven idealista y brillante de 17 años que ha de decidir qué carrera universitaria estudiará. O, al menos, eso espera su familia que haga. Sin embargo, la joven manifiesta que se siente cada vez más cerca de Dios y que se plantea abrazar la vida de monja de clausura. La noticia pilla por sorpresa a toda la familia provocando un abismo y una prueba de fuego para todos."
LOS DOMINGOS,Alauda Ruiz De Azúa,115,01,20:30,2026-02-17,Renoir Princesa,https://www.cinesrenoir.com/pelicula/los-domingos/,https://media.pillalas.com/imagenes/726afb526abffa83eb13c84b6e843cdf406388aa12cc57b934b6e5ab1c8e2d84ce9ad1f4.jpg,Castellano,No recomendada para menores de 12 años,Viernes 24 Octubre 2025,"Patricia López Arnaiz, Blanca Soroa, Miguel Garcés, Juan Minujín, Mabel Rivera, Nagore Aramburu","'Los domingos' cuenta la historia de Ainara (Soroa), una joven idealista y brillante de 17 años que ha de decidir qué carrera universitaria estudiará. O, al menos, eso espera su familia que haga. Sin embargo, la joven manifiesta que se siente cada vez más cerca de Dios y que se plantea abrazar la vida de monja de clausura. La noticia pilla por sorpresa a toda la familia provocando un abismo y una prueba de fuego para todos."
MARTY SUPREME,Josh Safdie,149,04,16:10,2026-02-17,Renoir Princesa,https://www.cinesrenoir.com/pelicula/marty-supreme/,https://media.pillalas.com/imagenes/726afb526abffa83215ea8a89c8894fb1ac44e6c3b86faba19f84e195b42d541304dcb79.jpg,Inglés,No recomendada para menores de 16 años,Viernes 30 Enero 2026,"Timothee Chalamet, Gwyneth Paltrow, Odessa A Zion, Sandra Bernhard, Fran Drescher, Abel Ferrara, Spenser Granese, Tyler The Creator, Penn Jillette, Kevin O Leary","Marty Mauser (Timothée Chalamet), un joven con una ambición desmesurada, está dispuesto a todo para cumplir su sueño. Con ayuda, entre otros, de la estrella de cine Carol Dunne (Gwyneth Paltrow) demostrará al mundo entero su grandeza."
MARTY SUPREME,Josh Safdie,149,04,19:00,2026-02-17,Renoir Princesa,https://www.cinesrenoir.com/pelicula/marty-supreme/,https://media.pillalas.com/imagenes/726afb526abffa83215ea8a89c8894fb1ac44e6c3b86faba19f84e195b42d541304dcb79.jpg,Inglés,No recomendada para menores de 16 años,Viernes 30 Enero 2026,"Timothee Chalamet, Gwyneth Paltrow, Odessa A Zion, Sandra Bernhard, Fran Drescher, Abel Ferrara, Spenser Granese, Tyler The Creator, Penn Jillette, Kevin O Leary","Marty Mauser (Timothée Chalamet), un joven con una ambición desmesurada, está dispuesto a todo para cumplir su sueño. Con ayuda, entre otros, de la estrella de cine Carol Dunne (Gwyneth Paltrow) demostrará al mundo entero su grandeza."
MARTY SUPREME,Josh Safdie,149,02,20:20,2026-02-17,Renoir Princesa,https://www.cinesrenoir.com/pelicula/marty-supreme/,https://media.pillalas.com/imagenes/726afb526abffa83215ea8a89c8894fb1ac44e6c3b86faba19f84e195b42d541304dcb79.jpg,Inglés,No recomendada para menores de 16 años,Viernes 30 Enero 2026,"Timothee Chalamet, Gwyneth Paltrow, Odessa A Zion, Sandra Bernhard, Fran Drescher, Abel Ferrara, Spenser Granese, Tyler The Creator, Penn Jillette, Kevin O Leary","Marty Mauser (Timothée Chalamet), un joven con una ambición desmesurada, está dispuesto a todo para cumplir su sueño. Con ayuda, entre otros, de la estrella de cine Carol Dunne (Gwyneth Paltrow) demostrará al mundo entero su grandeza."
MARTY SUPREME,Josh Safdie,149,04,21:50,2026-02-17,Renoir Princesa,https://www.cinesrenoir.com/pelicula/marty-supreme/,https://media.pillalas.com/imagenes/726afb526abffa83215ea8a89c8894fb1ac44e6c3b86faba19f84e195b42d541304dcb79.jpg,Inglés,No recomendada para menores de 16 años,Viernes 30 Enero 2026,"Timothee Chalamet, Gwyneth Paltrow, Odessa A Zion, Sandra Bernhard, Fran Drescher, Abel Ferrara, Spenser Granese, Tyler The Creator, Penn Jillette, Kevin O Leary","Marty Mauser (Timothée Chalamet), un joven con una ambición desmesurada, está dispuesto a todo para cumplir su sueño. Con ayuda, entre otros, de la estrella de cine Carol Dunne (Gwyneth Paltrow) demostrará al mundo entero su grandeza."
MUJERES AL BORDE DE UN ATAQUE DE NERVIOS [WILDER CINEMA],Pedro Almodóvar,88,07,20:00,2026-02-17,Renoir Princesa,https://www.cinesrenoir.com/pelicula/mujeres-al-borde-de-un-ataque-de-nervios-wilder-cinema/,https://media.pillalas.com/imagenes/726afb526abffa834aac3e24f20fcc230c32d3ede5699fdb52c25ccade824945f179f50e.jpg,Castellano,Pendiente de calificación,Martes 17 Febrero 2026,"Carmen Maura, Antonio Banderas, Julieta Serrano, Rossy De Palma, María Barranco, Chus Lampreave, Guillermo Montesinos, Fernando Guillén, Kiti Mánver, Loles León, Ángel De Andrés López, Francisca Caballero, Agustín Almodóvar, José Antonio Navarro, Imanol Uribe","Comedia desbordante y colorista que consolidó a Pedro Almodóvar como figura clave del cine internacional. Mujeres al borde de un ataque de nervios es un torbellino de personajes, emociones extremas y situaciones delirantes que retrata con ironía el amor, el abandono y la identidad. Vibrante, moderna y absolutamente libre, sigue siendo un icono cultural del cine español y una puerta de entrada perfecta al universo almodovariano.“Una comedia perfecta, brillante y explosiva.” — El País“Almodóvar en estado de gracia.” — Fotogramas“Un hito del cine español moderno.” — Cinemanía“Irresistible y ferozmente original.” — The New York Times“Un clásico instantáneo.” — Variety"
NOUVELLE VAGUE,Richard Linklater,106,01,22:40,2026-02-17,Renoir Princesa,https://www.cinesrenoir.com/pelicula/nouvelle-vague/,https://media.pillalas.com/imagenes/726afb526abffa835c22ae68ba792559681ebb89ebbc7ddacfd5f5bdea32bb21879771be.jpg,Francés,No recomendada para menores de 12 años,Viernes 9 Enero 2026,"Guillaume Marbeck, Zoey Deutch, Aubry Dullin, Bruno Dreyfürst, Benjamin Clery, Matthieu Penchinat, Adrien Rouyard, Jodie Ruth-Forest","Esta es la historia de Godard rodando 'Al final de la escapada', contada con el estilo y el espíritu con los que Godard rodó 'Al final de la escapada'."
RENTAL FAMILY (FAMILIA DE ALQUILER),Mitsuyo Miyazaki,109,09,16:00,2026-02-17,Renoir Princesa,https://www.cinesrenoir.com/pelicula/rental-family-familia-de-alquiler/,https://media.pillalas.com/imagenes/726afb526abffa8354fd8d551fddc8b6f2c37df750c002f9f65d59d1707b603c58f3211d.jpg,Inglés Y Japonés,No recomendada para menores de 12 años,Viernes 9 Enero 2026,"Brendan Fraser, Mari Yamamoto, Takehiro Hira, Akira Emoto, Shannon Gorman","Comedia dramática sobre un actor estadounidense (Brendan Fraser) que lucha por encontrar un propósito en la vida en el Tokio actual. Hasta que consigue un trabajo inusual, trabajar para una agencia japonesa de ""familias de alquiler"", interpretando papeles de suplente para desconocidos."
RENTAL FAMILY (FAMILIA DE ALQUILER),Mitsuyo Miyazaki,109,02,18:15,2026-02-17,Renoir Princesa,https://www.cinesrenoir.com/pelicula/rental-family-familia-de-alquiler/,https://media.pillalas.com/imagenes/726afb526abffa8354fd8d551fddc8b6f2c37df750c002f9f65d59d1707b603c58f3211d.jpg,Inglés Y Japonés,No recomendada para menores de 12 años,Viernes 9 Enero 2026,"Brendan Fraser, Mari Yamamoto, Takehiro Hira, Akira Emoto, Shannon Gorman","Comedia dramática sobre un actor estadounidense (Brendan Fraser) que lucha por encontrar un propósito en la vida en el Tokio actual. Hasta que consigue un trabajo inusual, trabajar para una agencia japonesa de ""familias de alquiler"", interpretando papeles de suplente para desconocidos."
SIRAT,Óliver Laxe,120,03,20:05,2026-02-17,Renoir Princesa,https://www.cinesrenoir.com/pelicula/sirat/,https://www.cinesrenoir.com/media/Peliculas/Cartel/SIRAT_ONLINE_GOYAOSCARS.jpg,Castellano Y Otros,No recomendada para menores de 16 años,Viernes 6 Junio 2025,"Sergi López, Bruno Núñez, Stefania Gadda, Joshua Liam Herderson, Tonin Javier, Jade Ouki, Richard Bellamyun","Un hombre (López) y su hijo (Nuñez) llegan a una rave perdida en medio de las áridas y fantasmagóricas montañas del sur de Marruecos. Buscan allí a Mar, su hija y hermana, desaparecida hace meses en una de estas fiestas sin amanecer. Reparten una y otra vez su foto rodeados de música electrónica y de un tipo de libertad que desconocen. Empujados por el destino, y con la esperanza de encontrar ahí a Mar, deciden seguir a un grupo de raveros hacia la última fiesta que se celebrará en el desierto."
SIRAT,Óliver Laxe,120,07,21:30,2026-02-17,Renoir Princesa,https://www.cinesrenoir.com/pelicula/sirat/,https://www.cinesrenoir.com/media/Peliculas/Cartel/SIRAT_ONLINE_GOYAOSCARS.jpg,Castellano Y Otros,No recomendada para menores de 16 años,Viernes 6 Junio 2025,"Sergi López, Bruno Núñez, Stefania Gadda, Joshua Liam Herderson, Tonin Javier, Jade Ouki, Richard Bellamyun","Un hombre (López) y su hijo (Nuñez) llegan a una rave perdida en medio de las áridas y fantasmagóricas montañas del sur de Marruecos. Buscan allí a Mar, su hija y hermana, desaparecida hace meses en una de estas fiestas sin amanecer. Reparten una y otra vez su foto rodeados de música electrónica y de un tipo de libertad que desconocen. Empujados por el destino, y con la esperanza de encontrar ahí a Mar, deciden seguir a un grupo de raveros hacia la última fiesta que se celebrará en el desierto."
TRES ADIOSES,Isabel Coixet,122,02,16:00,2026-02-17,Renoir Princesa,https://www.cinesrenoir.com/pelicula/tres-adioses/,https://media.pillalas.com/imagenes/726afb526abffa832ea2a44a189894de905fc7e94534a8bf4ef6bf13e5ccdfe90922c22e.jpg,Italiano,No recomendada para menores de 12 años,Viernes 6 Febrero 2026,"Alba Rohrwacher, Elio Germano, Francesco Carril, Silvia D Amico, Galatea Bellugi, Sarita Choudhury","Tras lo que parecía una discusión sin importancia, Marta (Alba Rohrwacher) y Antonio (Elio Germano) se separan. Él, un chef prometedor, se refugia en sus fogones; ella, en su silencio, empieza a notar algo más que tristeza: ha perdido el apetito… y no solo por desamor. Cuando descubre que detrás hay un problema de salud, todo da un giro inesperado: la comida sabe mejor, la música le llega como nunca y el deseo despierta sus ganas de vivir sin miedo.
Una historia sobre el amor, la vida y esos momentos que lo cambian todo para siempre."
TRES ADIOSES,Isabel Coixet,122,06,17:30,2026-02-17,Renoir Princesa,https://www.cinesrenoir.com/pelicula/tres-adioses/,https://media.pillalas.com/imagenes/726afb526abffa832ea2a44a189894de905fc7e94534a8bf4ef6bf13e5ccdfe90922c22e.jpg,Italiano,No recomendada para menores de 12 años,Viernes 6 Febrero 2026,"Alba Rohrwacher, Elio Germano, Francesco Carril, Silvia D Amico, Galatea Bellugi, Sarita Choudhury","Tras lo que parecía una discusión sin importancia, Marta (Alba Rohrwacher) y Antonio (Elio Germano) se separan. Él, un chef prometedor, se refugia en sus fogones; ella, en su silencio, empieza a notar algo más que tristeza: ha perdido el apetito… y no solo por desamor. Cuando descubre que detrás hay un problema de salud, todo da un giro inesperado: la comida sabe mejor, la música le llega como nunca y el deseo despierta sus ganas de vivir sin miedo.
Una historia sobre el amor, la vida y esos momentos que lo cambian todo para siempre."
TRES ADIOSES,Isabel Coixet,122,06,19:50,2026-02-17,Renoir Princesa,https://www.cinesrenoir.com/pelicula/tres-adioses/,https://media.pillalas.com/imagenes/726afb526abffa832ea2a44a189894de905fc7e94534a8bf4ef6bf13e5ccdfe90922c22e.jpg,Italiano,No recomendada para menores de 12 años,Viernes 6 Febrero 2026,"Alba Rohrwacher, Elio Germano, Francesco Carril, Silvia D Amico, Galatea Bellugi, Sarita Choudhury","Tras lo que parecía una discusión sin importancia, Marta (Alba Rohrwacher) y Antonio (Elio Germano) se separan. Él, un chef prometedor, se refugia en sus fogones; ella, en su silencio, empieza a notar algo más que tristeza: ha perdido el apetito… y no solo por desamor. Cuando descubre que detrás hay un problema de salud, todo da un giro inesperado: la comida sabe mejor, la música le llega como nunca y el deseo despierta sus ganas de vivir sin miedo.
Una historia sobre el amor, la vida y esos momentos que lo cambian todo para siempre."
TRES ADIOSES,Isabel Coixet,122,06,22:10,2026-02-17,Renoir Princesa,https://www.cinesrenoir.com/pelicula/tres-adioses/,https://media.pillalas.com/imagenes/726afb526abffa832ea2a44a189894de905fc7e94534a8bf4ef6bf13e5ccdfe90922c22e.jpg,Italiano,No recomendada para menores de 12 años,Viernes 6 Febrero 2026,"Alba Rohrwacher, Elio Germano, Francesco Carril, Silvia D Amico, Galatea Bellugi, Sarita Choudhury","Tras lo que parecía una discusión sin importancia, Marta (Alba Rohrwacher) y Antonio (Elio Germano) se separan. Él, un chef prometedor, se refugia en sus fogones; ella, en su silencio, empieza a notar algo más que tristeza: ha perdido el apetito… y no solo por desamor. Cuando descubre que detrás hay un problema de salud, todo da un giro inesperado: la comida sabe mejor, la música le llega como nunca y el deseo despierta sus ganas de vivir sin miedo.
Una historia sobre el amor, la vida y esos momentos que lo cambian todo para siempre."
VALOR SENTIMENTAL,Joachim Trier,133,10,16:10,2026-02-17,Renoir Princesa,https://www.cinesrenoir.com/pelicula/valor-sentimental/,https://media.pillalas.com/imagenes/726afb526abffa83fe1b3adc6f8909539f80c9a958e909b641f78d7648edf8e1f62ca547.jpg,Noruego E Inglés,No recomendada para menores de 12 años,Viernes 5 Diciembre 2025,"Renate Reinsve, Stellan Skarsgård, Inga Ibsdotter Lilleaas, Elle Fanning, Anders Danielsen Lie, Jesper Christensen, Lena Endre, Cory Michael Smith, Catherine Cohen, Andreas Stoltenberg Granerud, Øyvind Hesjedal Loven, Lars Väringer, Ida Marianne Vassbotn Klasson, Vilde Søyland","Las hermanas Nora y Agnes se reencuentran con su padre ausente, un director de cine muy reconocido en el pasado que ha vuelto para ofrecer a Nora el papel principal de su próxima película. Aunque ella lo rechaza, Gustav decide seguir adelante y utilizar la casa familiar como escenario de su nuevo rodaje, lo que reaviva las tensiones entre ellos, especialmente tras la llegada de una joven actriz de Hollywood que acepta el papel en su lugar. El vínculo entre las hermanas se convertirá en su mayor refugio frente a las heridas del pasado."
VIDA PRIVADA,Rebecca Zlotowski,103,03,22:20,2026-02-17,Renoir Princesa,https://www.cinesrenoir.com/pelicula/vida-privada/,https://media.pillalas.com/imagenes/726afb526abffa83e85d9a90d129144ec330b3d01f9d831658c34239ba5ad1f6ab7bd9ea.jpg,Francés,No recomendada para menores de 12 años,Viernes 19 Diciembre 2025,"Jodie Foster, Daniel Auteuil, Virginie Efira, Mathieu Amalric, Vincent Lacoste, Luàna Bajrami, Noam Morgensztern, Sophie Guillemin, Frederick Wiseman, Aurore Clément, Irène Jacob, Park Ji-Min, Jean Chevalier","La reputada psiquiatra Lilian Steiner emprende una investigación privada sobre la muerte de una de sus pacientes, de la que está convencida que ha sido asesinada."
ARCO,Ugo Bienvenu,88,05,16:00,2026-02-18,Renoir Princesa,https://www.cinesrenoir.com/pelicula/arco/,https://media.pillalas.com/imagenes/726afb526abffa83ddc364e355222ee7768df2fdf3b376e8597c17c1736c134c14e60f55.jpg,Francés,No recomendada para menores de 7 años,Viernes 23 Enero 2026,"Oscar Tresanini, Margot Ringard Oldra, Alma Jodorowsky, Swann Arlaud","En 2075, una niña de diez años llamada Iris es testigo de cómo un misterioso niño vestido con un traje arco iris cae del cielo. Su nombre es Arco, y viene de un idílico y lejano futuro en el que es posible viajar en el tiempo. Iris le da cobijo y hará lo que sea necesario para ayudarle a regresar a su tiempo."
AÍDA Y VUELTA,Paco León,90,03,16:00,2026-02-18,Renoir Princesa,https://www.cinesrenoir.com/pelicula/aida-y-vuelta/,https://media.pillalas.com/imagenes/726afb526abffa8347d3f6e8043971b5b5a22f68100535465137cdcd8a815fa00441c58f.jpg,Castellano,No recomendada para menores de 12 años,Viernes 30 Enero 2026,"Carmen Machi, Paco León, Miren Ibarguren, Mariano Peña, Eduardo Casanova, Pepe Viyuela, Melani Olivares, Canco Rodríguez, Secun De La Rosa, David Castillo, Marisol Ayuso, Pepa Rus, Óscar Reyes, Adrián Gordillo","""Aída y vuelta"", el largometraje, aborda el rodaje de un capítulo de la serie con tramas que transcurren tanto dentro de la ficción con los personajes de ""Aída"", como fuera de ella con los propios actores y sus relaciones, yendo más allá y dando pie a reflexionar sobre temas como los límites del humor, del trabajo del cómico y la fama."
AÍDA Y VUELTA,Paco León,90,08,20:15,2026-02-18,Renoir Princesa,https://www.cinesrenoir.com/pelicula/aida-y-vuelta/,https://media.pillalas.com/imagenes/726afb526abffa8347d3f6e8043971b5b5a22f68100535465137cdcd8a815fa00441c58f.jpg,Castellano,No recomendada para menores de 12 años,Viernes 30 Enero 2026,"Carmen Machi, Paco León, Miren Ibarguren, Mariano Peña, Eduardo Casanova, Pepe Viyuela, Melani Olivares, Canco Rodríguez, Secun De La Rosa, David Castillo, Marisol Ayuso, Pepa Rus, Óscar Reyes, Adrián Gordillo","""Aída y vuelta"", el largometraje, aborda el rodaje de un capítulo de la serie con tramas que transcurren tanto dentro de la ficción con los personajes de ""Aída"", como fuera de ella con los propios actores y sus relaciones, yendo más allá y dando pie a reflexionar sobre temas como los límites del humor, del trabajo del cómico y la fama."
CLÁSICOS AL DETALLE – TALLER DE ANÁLISIS FÍLMICO Y METACINE SOBRE SUSPENSE CUKOR [RENOIR],Taller De Análisis Fílmico,270,03,10:00,2026-02-18,Renoir Princesa,https://www.cinesrenoir.com/pelicula/clasicos-al-detalle-taller-de-analisis-filmico-y-metacine-sobre-suspense-cukor-renoir/,https://media.pillalas.com/imagenes/726afb526abffa8351e1a7830fb5074218e19036dc5584c340b41b9e3c8cbd7b5c7b3e0d.jpg,Castellano,Pendiente de calificación,Miércoles 18 Febrero 2026,Taller De Análisis Fílmico,"Los CINES RENOIR acogen unos talleres en los que poder analizar, diseccionar y comentar algunos temas clásicos de la historia del cine de forma innovadora y original. Se trata de una inmersión, analizando y diseccionando de forma participativa, algunos de los grandes temas y películas de todos los tiempos. Ideal para cinéfilos y cinéfilas que quieran conocer y analizar cine clásico al detalle, disfrutando y aprendiendo del cine desde el propio cine."
CUMBRES BORRASCOSAS,Emerald Fennell,135,11,16:05,2026-02-18,Renoir Princesa,https://www.cinesrenoir.com/pelicula/cumbres-borrascosas/,https://media.pillalas.com/imagenes/726afb526abffa83abe8577deb3c0674bd352fd2b0500497b1d5570f2dd570487210fc4e.jpg,Inglés,No recomendada para menores de 16 años,Viernes 13 Febrero 2026,"Margot Robbie, Jacob Elordi, Hong Chau, Alison Oliver, Owen Cooper, Shazad Latif, Martin Clunes, Ewan Mitchell, Amy Morgan, Jessica Knappett, Charlotte Mellington, Vy Nguyen","Adaptada a todo tipo de formatos en multitud de ocasiones, se trata de una trágica historia de pasiones encontradas en la Inglaterra rural más conservadora. Una historia de venganza y odio, de pasiones desatadas y amores desesperados que van más allá de la muerte ambientada en los brumosos y sombríos páramos de Yorkshire, al norte de Inglaterra."
CUMBRES BORRASCOSAS,Emerald Fennell,135,09,18:00,2026-02-18,Renoir Princesa,https://www.cinesrenoir.com/pelicula/cumbres-borrascosas/,https://media.pillalas.com/imagenes/726afb526abffa83abe8577deb3c0674bd352fd2b0500497b1d5570f2dd570487210fc4e.jpg,Inglés,No recomendada para menores de 16 años,Viernes 13 Febrero 2026,"Margot Robbie, Jacob Elordi, Hong Chau, Alison Oliver, Owen Cooper, Shazad Latif, Martin Clunes, Ewan Mitchell, Amy Morgan, Jessica Knappett, Charlotte Mellington, Vy Nguyen","Adaptada a todo tipo de formatos en multitud de ocasiones, se trata de una trágica historia de pasiones encontradas en la Inglaterra rural más conservadora. Una historia de venganza y odio, de pasiones desatadas y amores desesperados que van más allá de la muerte ambientada en los brumosos y sombríos páramos de Yorkshire, al norte de Inglaterra."
CUMBRES BORRASCOSAS,Emerald Fennell,135,11,19:00,2026-02-18,Renoir Princesa,https://www.cinesrenoir.com/pelicula/cumbres-borrascosas/,https://media.pillalas.com/imagenes/726afb526abffa83abe8577deb3c0674bd352fd2b0500497b1d5570f2dd570487210fc4e.jpg,Inglés,No recomendada para menores de 16 años,Viernes 13 Febrero 2026,"Margot Robbie, Jacob Elordi, Hong Chau, Alison Oliver, Owen Cooper, Shazad Latif, Martin Clunes, Ewan Mitchell, Amy Morgan, Jessica Knappett, Charlotte Mellington, Vy Nguyen","Adaptada a todo tipo de formatos en multitud de ocasiones, se trata de una trágica historia de pasiones encontradas en la Inglaterra rural más conservadora. Una historia de venganza y odio, de pasiones desatadas y amores desesperados que van más allá de la muerte ambientada en los brumosos y sombríos páramos de Yorkshire, al norte de Inglaterra."
CUMBRES BORRASCOSAS,Emerald Fennell,135,09,20:30,2026-02-18,Renoir Princesa,https://www.cinesrenoir.com/pelicula/cumbres-borrascosas/,https://media.pillalas.com/imagenes/726afb526abffa83abe8577deb3c0674bd352fd2b0500497b1d5570f2dd570487210fc4e.jpg,Inglés,No recomendada para menores de 16 años,Viernes 13 Febrero 2026,"Margot Robbie, Jacob Elordi, Hong Chau, Alison Oliver, Owen Cooper, Shazad Latif, Martin Clunes, Ewan Mitchell, Amy Morgan, Jessica Knappett, Charlotte Mellington, Vy Nguyen","Adaptada a todo tipo de formatos en multitud de ocasiones, se trata de una trágica historia de pasiones encontradas en la Inglaterra rural más conservadora. Una historia de venganza y odio, de pasiones desatadas y amores desesperados que van más allá de la muerte ambientada en los brumosos y sombríos páramos de Yorkshire, al norte de Inglaterra."
CUMBRES BORRASCOSAS,Emerald Fennell,135,11,21:35,2026-02-18,Renoir Princesa,https://www.cinesrenoir.com/pelicula/cumbres-borrascosas/,https://media.pillalas.com/imagenes/726afb526abffa83abe8577deb3c0674bd352fd2b0500497b1d5570f2dd570487210fc4e.jpg,Inglés,No recomendada para menores de 16 años,Viernes 13 Febrero 2026,"Margot Robbie, Jacob Elordi, Hong Chau, Alison Oliver, Owen Cooper, Shazad Latif, Martin Clunes, Ewan Mitchell, Amy Morgan, Jessica Knappett, Charlotte Mellington, Vy Nguyen","Adaptada a todo tipo de formatos en multitud de ocasiones, se trata de una trágica historia de pasiones encontradas en la Inglaterra rural más conservadora. Una historia de venganza y odio, de pasiones desatadas y amores desesperados que van más allá de la muerte ambientada en los brumosos y sombríos páramos de Yorkshire, al norte de Inglaterra."
HAMNET,Chloé Zhao,125,07,16:10,2026-02-18,Renoir Princesa,https://www.cinesrenoir.com/pelicula/hamnet/,https://www.cinesrenoir.com/media/Peliculas/Cartel/HAMNET_Cartel_Digital_8Nominaciones_Oscar_YaEnCines_v2_2.jpg,Inglés,No recomendada para menores de 12 años,Viernes 23 Enero 2026,"Jessie Buckley, Paul Mescal, Joe Alwyn, Emily Watson","Año 1596, Stratford-upon-Avon, Inglaterra. La vida de Agnes transcurre plácidamente junto a su marido y sus tres hijos. Ella cultiva plantas medicinales mientras William trabaja en Londres. El destino, sin embargo, les reservará un duro golpe cuando su hijo Hamnet, de once años, muera repentinamente tras contraer la peste. A raíz de esta tragedia, su padre creará uno de los grandes personajes de la literatura universal, de nombre casi idéntico al de su hijo.


Pero esta película no habla de famosos sucesos sino de algo íntimo y olvidado: La vida de esta familia, y especialmente la de la mujer que la sostenía y que tuvo que cargar con una insoportable pérdida."
HAMNET,Chloé Zhao,125,05,17:45,2026-02-18,Renoir Princesa,https://www.cinesrenoir.com/pelicula/hamnet/,https://www.cinesrenoir.com/media/Peliculas/Cartel/HAMNET_Cartel_Digital_8Nominaciones_Oscar_YaEnCines_v2_2.jpg,Inglés,No recomendada para menores de 12 años,Viernes 23 Enero 2026,"Jessie Buckley, Paul Mescal, Joe Alwyn, Emily Watson","Año 1596, Stratford-upon-Avon, Inglaterra. La vida de Agnes transcurre plácidamente junto a su marido y sus tres hijos. Ella cultiva plantas medicinales mientras William trabaja en Londres. El destino, sin embargo, les reservará un duro golpe cuando su hijo Hamnet, de once años, muera repentinamente tras contraer la peste. A raíz de esta tragedia, su padre creará uno de los grandes personajes de la literatura universal, de nombre casi idéntico al de su hijo.


Pero esta película no habla de famosos sucesos sino de algo íntimo y olvidado: La vida de esta familia, y especialmente la de la mujer que la sostenía y que tuvo que cargar con una insoportable pérdida."
HAMNET,Chloé Zhao,125,07,19:00,2026-02-18,Renoir Princesa,https://www.cinesrenoir.com/pelicula/hamnet/,https://www.cinesrenoir.com/media/Peliculas/Cartel/HAMNET_Cartel_Digital_8Nominaciones_Oscar_YaEnCines_v2_2.jpg,Inglés,No recomendada para menores de 12 años,Viernes 23 Enero 2026,"Jessie Buckley, Paul Mescal, Joe Alwyn, Emily Watson","Año 1596, Stratford-upon-Avon, Inglaterra. La vida de Agnes transcurre plácidamente junto a su marido y sus tres hijos. Ella cultiva plantas medicinales mientras William trabaja en Londres. El destino, sin embargo, les reservará un duro golpe cuando su hijo Hamnet, de once años, muera repentinamente tras contraer la peste. A raíz de esta tragedia, su padre creará uno de los grandes personajes de la literatura universal, de nombre casi idéntico al de su hijo.


Pero esta película no habla de famosos sucesos sino de algo íntimo y olvidado: La vida de esta familia, y especialmente la de la mujer que la sostenía y que tuvo que cargar con una insoportable pérdida."
HAMNET,Chloé Zhao,125,05,20:05,2026-02-18,Renoir Princesa,https://www.cinesrenoir.com/pelicula/hamnet/,https://www.cinesrenoir.com/media/Peliculas/Cartel/HAMNET_Cartel_Digital_8Nominaciones_Oscar_YaEnCines_v2_2.jpg,Inglés,No recomendada para menores de 12 años,Viernes 23 Enero 2026,"Jessie Buckley, Paul Mescal, Joe Alwyn, Emily Watson","Año 1596, Stratford-upon-Avon, Inglaterra. La vida de Agnes transcurre plácidamente junto a su marido y sus tres hijos. Ella cultiva plantas medicinales mientras William trabaja en Londres. El destino, sin embargo, les reservará un duro golpe cuando su hijo Hamnet, de once años, muera repentinamente tras contraer la peste. A raíz de esta tragedia, su padre creará uno de los grandes personajes de la literatura universal, de nombre casi idéntico al de su hijo.


Pero esta película no habla de famosos sucesos sino de algo íntimo y olvidado: La vida de esta familia, y especialmente la de la mujer que la sostenía y que tuvo que cargar con una insoportable pérdida."
HAMNET,Chloé Zhao,125,05,22:25,2026-02-18,Renoir Princesa,https://www.cinesrenoir.com/pelicula/hamnet/,https://www.cinesrenoir.com/media/Peliculas/Cartel/HAMNET_Cartel_Digital_8Nominaciones_Oscar_YaEnCines_v2_2.jpg,Inglés,No recomendada para menores de 12 años,Viernes 23 Enero 2026,"Jessie Buckley, Paul Mescal, Joe Alwyn, Emily Watson","Año 1596, Stratford-upon-Avon, Inglaterra. La vida de Agnes transcurre plácidamente junto a su marido y sus tres hijos. Ella cultiva plantas medicinales mientras William trabaja en Londres. El destino, sin embargo, les reservará un duro golpe cuando su hijo Hamnet, de once años, muera repentinamente tras contraer la peste. A raíz de esta tragedia, su padre creará uno de los grandes personajes de la literatura universal, de nombre casi idéntico al de su hijo.


Pero esta película no habla de famosos sucesos sino de algo íntimo y olvidado: La vida de esta familia, y especialmente la de la mujer que la sostenía y que tuvo que cargar con una insoportable pérdida."
LA CENA,Manolo Gómez Pereira,106,08,16:00,2026-02-18,Renoir Princesa,https://www.cinesrenoir.com/pelicula/la-cena/,https://media.pillalas.com/imagenes/726afb526abffa83bd9f9bd0a673888f9a4e8309cfbd282ee88c3ecfb89c16c49bdbf298.jpg,Castellano,No recomendada para menores de 12 años,Viernes 17 Octubre 2025,"Mario Casas, Alberto San Juan, Asier Etxeandia, Nora Hernández, Óscar Lasarte, Martín Páez, Elvira Mínguez, Carlos Serrano, Carmen Balagué, Eva Ugarte, Antonio Resines","15 de abril, 1939. Dos semanas después de acabar la Guerra Civil, Franco propone celebrar la victoria con una cena en el Hotel Palace junto a todos sus generales. Lo que no saben es que la cena la prepararán unos cocineros republicanos que están ante su última oportunidad de huir del país."
LA CENA,Manolo Gómez Pereira,106,03,18:00,2026-02-18,Renoir Princesa,https://www.cinesrenoir.com/pelicula/la-cena/,https://media.pillalas.com/imagenes/726afb526abffa83bd9f9bd0a673888f9a4e8309cfbd282ee88c3ecfb89c16c49bdbf298.jpg,Castellano,No recomendada para menores de 12 años,Viernes 17 Octubre 2025,"Mario Casas, Alberto San Juan, Asier Etxeandia, Nora Hernández, Óscar Lasarte, Martín Páez, Elvira Mínguez, Carlos Serrano, Carmen Balagué, Eva Ugarte, Antonio Resines","15 de abril, 1939. Dos semanas después de acabar la Guerra Civil, Franco propone celebrar la victoria con una cena en el Hotel Palace junto a todos sus generales. Lo que no saben es que la cena la prepararán unos cocineros republicanos que están ante su última oportunidad de huir del país."
LA FIERA,Salvador Calvo,113,08,18:05,2026-02-18,Renoir Princesa,https://www.cinesrenoir.com/pelicula/la-fiera/,https://media.pillalas.com/imagenes/726afb526abffa8343633e6b05b980b9f611ecb2408114b64c8947a46b46933a151a5185.jpg,Castellano,No recomendada para menores de 12 años,Viernes 6 Febrero 2026,"Carlos Cuevas, Miguel Bernardeau, Miguel Ángel Silvestre, Candela González, Stéphanie Magnin, David Marcé, José Manuel Poga","Carlos, Darío y Armando, aficionados a los deportes extremos, descubren la experiencia más cercana a volar: el salto B.A.S.E. con traje de alas. “La Fiera” es la historia de estos amantes del riesgo: un relato real contado desde sus miedos y anhelos; un viaje duro y fascinante, lleno de vértigo y peligro... que también nos conecta con la camaradería y la amistad.
Un viaje épico alimentado por la lucha contra uno mismo."
LA FIERA,Salvador Calvo,113,08,22:15,2026-02-18,Renoir Princesa,https://www.cinesrenoir.com/pelicula/la-fiera/,https://media.pillalas.com/imagenes/726afb526abffa8343633e6b05b980b9f611ecb2408114b64c8947a46b46933a151a5185.jpg,Castellano,No recomendada para menores de 12 años,Viernes 6 Febrero 2026,"Carlos Cuevas, Miguel Bernardeau, Miguel Ángel Silvestre, Candela González, Stéphanie Magnin, David Marcé, José Manuel Poga","Carlos, Darío y Armando, aficionados a los deportes extremos, descubren la experiencia más cercana a volar: el salto B.A.S.E. con traje de alas. “La Fiera” es la historia de estos amantes del riesgo: un relato real contado desde sus miedos y anhelos; un viaje duro y fascinante, lleno de vértigo y peligro... que también nos conecta con la camaradería y la amistad.
Un viaje épico alimentado por la lucha contra uno mismo."
LOS DOMINGOS,Alauda Ruiz De Azúa,115,01,16:00,2026-02-18,Renoir Princesa,https://www.cinesrenoir.com/pelicula/los-domingos/,https://media.pillalas.com/imagenes/726afb526abffa83eb13c84b6e843cdf406388aa12cc57b934b6e5ab1c8e2d84ce9ad1f4.jpg,Castellano,No recomendada para menores de 12 años,Viernes 24 Octubre 2025,"Patricia López Arnaiz, Blanca Soroa, Miguel Garcés, Juan Minujín, Mabel Rivera, Nagore Aramburu","'Los domingos' cuenta la historia de Ainara (Soroa), una joven idealista y brillante de 17 años que ha de decidir qué carrera universitaria estudiará. O, al menos, eso espera su familia que haga. Sin embargo, la joven manifiesta que se siente cada vez más cerca de Dios y que se plantea abrazar la vida de monja de clausura. La noticia pilla por sorpresa a toda la familia provocando un abismo y una prueba de fuego para todos."
LOS DOMINGOS,Alauda Ruiz De Azúa,115,01,18:15,2026-02-18,Renoir Princesa,https://www.cinesrenoir.com/pelicula/los-domingos/,https://media.pillalas.com/imagenes/726afb526abffa83eb13c84b6e843cdf406388aa12cc57b934b6e5ab1c8e2d84ce9ad1f4.jpg,Castellano,No recomendada para menores de 12 años,Viernes 24 Octubre 2025,"Patricia López Arnaiz, Blanca Soroa, Miguel Garcés, Juan Minujín, Mabel Rivera, Nagore Aramburu","'Los domingos' cuenta la historia de Ainara (Soroa), una joven idealista y brillante de 17 años que ha de decidir qué carrera universitaria estudiará. O, al menos, eso espera su familia que haga. Sin embargo, la joven manifiesta que se siente cada vez más cerca de Dios y que se plantea abrazar la vida de monja de clausura. La noticia pilla por sorpresa a toda la familia provocando un abismo y una prueba de fuego para todos."
LOS DOMINGOS,Alauda Ruiz De Azúa,115,01,20:30,2026-02-18,Renoir Princesa,https://www.cinesrenoir.com/pelicula/los-domingos/,https://media.pillalas.com/imagenes/726afb526abffa83eb13c84b6e843cdf406388aa12cc57b934b6e5ab1c8e2d84ce9ad1f4.jpg,Castellano,No recomendada para menores de 12 años,Viernes 24 Octubre 2025,"Patricia López Arnaiz, Blanca Soroa, Miguel Garcés, Juan Minujín, Mabel Rivera, Nagore Aramburu","'Los domingos' cuenta la historia de Ainara (Soroa), una joven idealista y brillante de 17 años que ha de decidir qué carrera universitaria estudiará. O, al menos, eso espera su familia que haga. Sin embargo, la joven manifiesta que se siente cada vez más cerca de Dios y que se plantea abrazar la vida de monja de clausura. La noticia pilla por sorpresa a toda la familia provocando un abismo y una prueba de fuego para todos."
MARTY SUPREME,Josh Safdie,149,04,16:10,2026-02-18,Renoir Princesa,https://www.cinesrenoir.com/pelicula/marty-supreme/,https://media.pillalas.com/imagenes/726afb526abffa83215ea8a89c8894fb1ac44e6c3b86faba19f84e195b42d541304dcb79.jpg,Inglés,No recomendada para menores de 16 años,Viernes 30 Enero 2026,"Timothee Chalamet, Gwyneth Paltrow, Odessa A Zion, Sandra Bernhard, Fran Drescher, Abel Ferrara, Spenser Granese, Tyler The Creator, Penn Jillette, Kevin O Leary","Marty Mauser (Timothée Chalamet), un joven con una ambición desmesurada, está dispuesto a todo para cumplir su sueño. Con ayuda, entre otros, de la estrella de cine Carol Dunne (Gwyneth Paltrow) demostrará al mundo entero su grandeza."
MARTY SUPREME,Josh Safdie,149,04,19:00,2026-02-18,Renoir Princesa,https://www.cinesrenoir.com/pelicula/marty-supreme/,https://media.pillalas.com/imagenes/726afb526abffa83215ea8a89c8894fb1ac44e6c3b86faba19f84e195b42d541304dcb79.jpg,Inglés,No recomendada para menores de 16 años,Viernes 30 Enero 2026,"Timothee Chalamet, Gwyneth Paltrow, Odessa A Zion, Sandra Bernhard, Fran Drescher, Abel Ferrara, Spenser Granese, Tyler The Creator, Penn Jillette, Kevin O Leary","Marty Mauser (Timothée Chalamet), un joven con una ambición desmesurada, está dispuesto a todo para cumplir su sueño. Con ayuda, entre otros, de la estrella de cine Carol Dunne (Gwyneth Paltrow) demostrará al mundo entero su grandeza."
MARTY SUPREME,Josh Safdie,149,02,20:20,2026-02-18,Renoir Princesa,https://www.cinesrenoir.com/pelicula/marty-supreme/,https://media.pillalas.com/imagenes/726afb526abffa83215ea8a89c8894fb1ac44e6c3b86faba19f84e195b42d541304dcb79.jpg,Inglés,No recomendada para menores de 16 años,Viernes 30 Enero 2026,"Timothee Chalamet, Gwyneth Paltrow, Odessa A Zion, Sandra Bernhard, Fran Drescher, Abel Ferrara, Spenser Granese, Tyler The Creator, Penn Jillette, Kevin O Leary","Marty Mauser (Timothée Chalamet), un joven con una ambición desmesurada, está dispuesto a todo para cumplir su sueño. Con ayuda, entre otros, de la estrella de cine Carol Dunne (Gwyneth Paltrow) demostrará al mundo entero su grandeza."
MARTY SUPREME,Josh Safdie,149,04,21:50,2026-02-18,Renoir Princesa,https://www.cinesrenoir.com/pelicula/marty-supreme/,https://media.pillalas.com/imagenes/726afb526abffa83215ea8a89c8894fb1ac44e6c3b86faba19f84e195b42d541304dcb79.jpg,Inglés,No recomendada para menores de 16 años,Viernes 30 Enero 2026,"Timothee Chalamet, Gwyneth Paltrow, Odessa A Zion, Sandra Bernhard, Fran Drescher, Abel Ferrara, Spenser Granese, Tyler The Creator, Penn Jillette, Kevin O Leary","Marty Mauser (Timothée Chalamet), un joven con una ambición desmesurada, está dispuesto a todo para cumplir su sueño. Con ayuda, entre otros, de la estrella de cine Carol Dunne (Gwyneth Paltrow) demostrará al mundo entero su grandeza."
NOUVELLE VAGUE,Richard Linklater,106,01,22:40,2026-02-18,Renoir Princesa,https://www.cinesrenoir.com/pelicula/nouvelle-vague/,https://media.pillalas.com/imagenes/726afb526abffa835c22ae68ba792559681ebb89ebbc7ddacfd5f5bdea32bb21879771be.jpg,Francés,No recomendada para menores de 12 años,Viernes 9 Enero 2026,"Guillaume Marbeck, Zoey Deutch, Aubry Dullin, Bruno Dreyfürst, Benjamin Clery, Matthieu Penchinat, Adrien Rouyard, Jodie Ruth-Forest","Esta es la historia de Godard rodando 'Al final de la escapada', contada con el estilo y el espíritu con los que Godard rodó 'Al final de la escapada'."
RENTAL FAMILY (FAMILIA DE ALQUILER),Mitsuyo Miyazaki,109,09,16:00,2026-02-18,Renoir Princesa,https://www.cinesrenoir.com/pelicula/rental-family-familia-de-alquiler/,https://media.pillalas.com/imagenes/726afb526abffa8354fd8d551fddc8b6f2c37df750c002f9f65d59d1707b603c58f3211d.jpg,Inglés Y Japonés,No recomendada para menores de 12 años,Viernes 9 Enero 2026,"Brendan Fraser, Mari Yamamoto, Takehiro Hira, Akira Emoto, Shannon Gorman","Comedia dramática sobre un actor estadounidense (Brendan Fraser) que lucha por encontrar un propósito en la vida en el Tokio actual. Hasta que consigue un trabajo inusual, trabajar para una agencia japonesa de ""familias de alquiler"", interpretando papeles de suplente para desconocidos."
RENTAL FAMILY (FAMILIA DE ALQUILER),Mitsuyo Miyazaki,109,02,18:15,2026-02-18,Renoir Princesa,https://www.cinesrenoir.com/pelicula/rental-family-familia-de-alquiler/,https://media.pillalas.com/imagenes/726afb526abffa8354fd8d551fddc8b6f2c37df750c002f9f65d59d1707b603c58f3211d.jpg,Inglés Y Japonés,No recomendada para menores de 12 años,Viernes 9 Enero 2026,"Brendan Fraser, Mari Yamamoto, Takehiro Hira, Akira Emoto, Shannon Gorman","Comedia dramática sobre un actor estadounidense (Brendan Fraser) que lucha por encontrar un propósito en la vida en el Tokio actual. Hasta que consigue un trabajo inusual, trabajar para una agencia japonesa de ""familias de alquiler"", interpretando papeles de suplente para desconocidos."
SIRAT,Óliver Laxe,120,03,20:05,2026-02-18,Renoir Princesa,https://www.cinesrenoir.com/pelicula/sirat/,https://www.cinesrenoir.com/media/Peliculas/Cartel/SIRAT_ONLINE_GOYAOSCARS.jpg,Castellano Y Otros,No recomendada para menores de 16 años,Viernes 6 Junio 2025,"Sergi López, Bruno Núñez, Stefania Gadda, Joshua Liam Herderson, Tonin Javier, Jade Ouki, Richard Bellamyun","Un hombre (López) y su hijo (Nuñez) llegan a una rave perdida en medio de las áridas y fantasmagóricas montañas del sur de Marruecos. Buscan allí a Mar, su hija y hermana, desaparecida hace meses en una de estas fiestas sin amanecer. Reparten una y otra vez su foto rodeados de música electrónica y de un tipo de libertad que desconocen. Empujados por el destino, y con la esperanza de encontrar ahí a Mar, deciden seguir a un grupo de raveros hacia la última fiesta que se celebrará en el desierto."
SIRAT,Óliver Laxe,120,07,21:30,2026-02-18,Renoir Princesa,https://www.cinesrenoir.com/pelicula/sirat/,https://www.cinesrenoir.com/media/Peliculas/Cartel/SIRAT_ONLINE_GOYAOSCARS.jpg,Castellano Y Otros,No recomendada para menores de 16 años,Viernes 6 Junio 2025,"Sergi López, Bruno Núñez, Stefania Gadda, Joshua Liam Herderson, Tonin Javier, Jade Ouki, Richard Bellamyun","Un hombre (López) y su hijo (Nuñez) llegan a una rave perdida en medio de las áridas y fantasmagóricas montañas del sur de Marruecos. Buscan allí a Mar, su hija y hermana, desaparecida hace meses en una de estas fiestas sin amanecer. Reparten una y otra vez su foto rodeados de música electrónica y de un tipo de libertad que desconocen. Empujados por el destino, y con la esperanza de encontrar ahí a Mar, deciden seguir a un grupo de raveros hacia la última fiesta que se celebrará en el desierto."
TRES ADIOSES,Isabel Coixet,122,02,16:00,2026-02-18,Renoir Princesa,https://www.cinesrenoir.com/pelicula/tres-adioses/,https://media.pillalas.com/imagenes/726afb526abffa832ea2a44a189894de905fc7e94534a8bf4ef6bf13e5ccdfe90922c22e.jpg,Italiano,No recomendada para menores de 12 años,Viernes 6 Febrero 2026,"Alba Rohrwacher, Elio Germano, Francesco Carril, Silvia D Amico, Galatea Bellugi, Sarita Choudhury","Tras lo que parecía una discusión sin importancia, Marta (Alba Rohrwacher) y Antonio (Elio Germano) se separan. Él, un chef prometedor, se refugia en sus fogones; ella, en su silencio, empieza a notar algo más que tristeza: ha perdido el apetito… y no solo por desamor. Cuando descubre que detrás hay un problema de salud, todo da un giro inesperado: la comida sabe mejor, la música le llega como nunca y el deseo despierta sus ganas de vivir sin miedo.
Una historia sobre el amor, la vida y esos momentos que lo cambian todo para siempre."
TRES ADIOSES,Isabel Coixet,122,06,17:30,2026-02-18,Renoir Princesa,https://www.cinesrenoir.com/pelicula/tres-adioses/,https://media.pillalas.com/imagenes/726afb526abffa832ea2a44a189894de905fc7e94534a8bf4ef6bf13e5ccdfe90922c22e.jpg,Italiano,No recomendada para menores de 12 años,Viernes 6 Febrero 2026,"Alba Rohrwacher, Elio Germano, Francesco Carril, Silvia D Amico, Galatea Bellugi, Sarita Choudhury","Tras lo que parecía una discusión sin importancia, Marta (Alba Rohrwacher) y Antonio (Elio Germano) se separan. Él, un chef prometedor, se refugia en sus fogones; ella, en su silencio, empieza a notar algo más que tristeza: ha perdido el apetito… y no solo por desamor. Cuando descubre que detrás hay un problema de salud, todo da un giro inesperado: la comida sabe mejor, la música le llega como nunca y el deseo despierta sus ganas de vivir sin miedo.
Una historia sobre el amor, la vida y esos momentos que lo cambian todo para siempre."
TRES ADIOSES,Isabel Coixet,122,06,19:50,2026-02-18,Renoir Princesa,https://www.cinesrenoir.com/pelicula/tres-adioses/,https://media.pillalas.com/imagenes/726afb526abffa832ea2a44a189894de905fc7e94534a8bf4ef6bf13e5ccdfe90922c22e.jpg,Italiano,No recomendada para menores de 12 años,Viernes 6 Febrero 2026,"Alba Rohrwacher, Elio Germano, Francesco Carril, Silvia D Amico, Galatea Bellugi, Sarita Choudhury","Tras lo que parecía una discusión sin importancia, Marta (Alba Rohrwacher) y Antonio (Elio Germano) se separan. Él, un chef prometedor, se refugia en sus fogones; ella, en su silencio, empieza a notar algo más que tristeza: ha perdido el apetito… y no solo por desamor. Cuando descubre que detrás hay un problema de salud, todo da un giro inesperado: la comida sabe mejor, la música le llega como nunca y el deseo despierta sus ganas de vivir sin miedo.
Una historia sobre el amor, la vida y esos momentos que lo cambian todo para siempre."
TRES ADIOSES,Isabel Coixet,122,06,22:10,2026-02-18,Renoir Princesa,https://www.cinesrenoir.com/pelicula/tres-adioses/,https://media.pillalas.com/imagenes/726afb526abffa832ea2a44a189894de905fc7e94534a8bf4ef6bf13e5ccdfe90922c22e.jpg,Italiano,No recomendada para menores de 12 años,Viernes 6 Febrero 2026,"Alba Rohrwacher, Elio Germano, Francesco Carril, Silvia D Amico, Galatea Bellugi, Sarita Choudhury","Tras lo que parecía una discusión sin importancia, Marta (Alba Rohrwacher) y Antonio (Elio Germano) se separan. Él, un chef prometedor, se refugia en sus fogones; ella, en su silencio, empieza a notar algo más que tristeza: ha perdido el apetito… y no solo por desamor. Cuando descubre que detrás hay un problema de salud, todo da un giro inesperado: la comida sabe mejor, la música le llega como nunca y el deseo despierta sus ganas de vivir sin miedo.
Una historia sobre el amor, la vida y esos momentos que lo cambian todo para siempre."
VALOR SENTIMENTAL,Joachim Trier,133,10,16:10,2026-02-18,Renoir Princesa,https://www.cinesrenoir.com/pelicula/valor-sentimental/,https://media.pillalas.com/imagenes/726afb526abffa83fe1b3adc6f8909539f80c9a958e909b641f78d7648edf8e1f62ca547.jpg,Noruego E Inglés,No recomendada para menores de 12 años,Viernes 5 Diciembre 2025,"Renate Reinsve, Stellan Skarsgård, Inga Ibsdotter Lilleaas, Elle Fanning, Anders Danielsen Lie, Jesper Christensen, Lena Endre, Cory Michael Smith, Catherine Cohen, Andreas Stoltenberg Granerud, Øyvind Hesjedal Loven, Lars Väringer, Ida Marianne Vassbotn Klasson, Vilde Søyland","Las hermanas Nora y Agnes se reencuentran con su padre ausente, un director de cine muy reconocido en el pasado que ha vuelto para ofrecer a Nora el papel principal de su próxima película. Aunque ella lo rechaza, Gustav decide seguir adelante y utilizar la casa familiar como escenario de su nuevo rodaje, lo que reaviva las tensiones entre ellos, especialmente tras la llegada de una joven actriz de Hollywood que acepta el papel en su lugar. El vínculo entre las hermanas se convertirá en su mayor refugio frente a las heridas del pasado."
VALOR SENTIMENTAL,Joachim Trier,133,10,19:10,2026-02-18,Renoir Princesa,https://www.cinesrenoir.com/pelicula/valor-sentimental/,https://media.pillalas.com/imagenes/726afb526abffa83fe1b3adc6f8909539f80c9a958e909b641f78d7648edf8e1f62ca547.jpg,Noruego E Inglés,No recomendada para menores de 12 años,Viernes 5 Diciembre 2025,"Renate Reinsve, Stellan Skarsgård, Inga Ibsdotter Lilleaas, Elle Fanning, Anders Danielsen Lie, Jesper Christensen, Lena Endre, Cory Michael Smith, Catherine Cohen, Andreas Stoltenberg Granerud, Øyvind Hesjedal Loven, Lars Väringer, Ida Marianne Vassbotn Klasson, Vilde Søyland","Las hermanas Nora y Agnes se reencuentran con su padre ausente, un director de cine muy reconocido en el pasado que ha vuelto para ofrecer a Nora el papel principal de su próxima película. Aunque ella lo rechaza, Gustav decide seguir adelante y utilizar la casa familiar como escenario de su nuevo rodaje, lo que reaviva las tensiones entre ellos, especialmente tras la llegada de una joven actriz de Hollywood que acepta el papel en su lugar. El vínculo entre las hermanas se convertirá en su mayor refugio frente a las heridas del pasado."
VALOR SENTIMENTAL,Joachim Trier,133,10,21:45,2026-02-18,Renoir Princesa,https://www.cinesrenoir.com/pelicula/valor-sentimental/,https://media.pillalas.com/imagenes/726afb526abffa83fe1b3adc6f8909539f80c9a958e909b641f78d7648edf8e1f62ca547.jpg,Noruego E Inglés,No recomendada para menores de 12 años,Viernes 5 Diciembre 2025,"Renate Reinsve, Stellan Skarsgård, Inga Ibsdotter Lilleaas, Elle Fanning, Anders Danielsen Lie, Jesper Christensen, Lena Endre, Cory Michael Smith, Catherine Cohen, Andreas Stoltenberg Granerud, Øyvind Hesjedal Loven, Lars Väringer, Ida Marianne Vassbotn Klasson, Vilde Søyland","Las hermanas Nora y Agnes se reencuentran con su padre ausente, un director de cine muy reconocido en el pasado que ha vuelto para ofrecer a Nora el papel principal de su próxima película. Aunque ella lo rechaza, Gustav decide seguir adelante y utilizar la casa familiar como escenario de su nuevo rodaje, lo que reaviva las tensiones entre ellos, especialmente tras la llegada de una joven actriz de Hollywood que acepta el papel en su lugar. El vínculo entre las hermanas se convertirá en su mayor refugio frente a las heridas del pasado."
VIDA PRIVADA,Rebecca Zlotowski,103,03,22:20,2026-02-18,Renoir Princesa,https://www.cinesrenoir.com/pelicula/vida-privada/,https://media.pillalas.com/imagenes/726afb526abffa83e85d9a90d129144ec330b3d01f9d831658c34239ba5ad1f6ab7bd9ea.jpg,Francés,No recomendada para menores de 12 años,Viernes 19 Diciembre 2025,"Jodie Foster, Daniel Auteuil, Virginie Efira, Mathieu Amalric, Vincent Lacoste, Luàna Bajrami, Noam Morgensztern, Sophie Guillemin, Frederick Wiseman, Aurore Clément, Irène Jacob, Park Ji-Min, Jean Chevalier","La reputada psiquiatra Lilian Steiner emprende una investigación privada sobre la muerte de una de sus pacientes, de la que está convencida que ha sido asesinada."
APOCALYPSE NOW [WILDER CINEMA],Francis Ford Coppola,153,07,20:00,2026-02-19,Renoir Princesa,https://www.cinesrenoir.com/pelicula/apocalypse-now-wilder-cinema/,https://media.pillalas.com/imagenes/726afb526abffa838c95a8200f35199c6a3eafe159a0b551a13bd8269b393bb5380c016c.jpg,Inglés,Pendiente de calificación,Jueves 19 Febrero 2026,"Martin Sheen, Marlon Brando, Dennis Hopper, Robert Duvall, Frederic Forrest, Albert Hall, Sam Bottoms, Laurence Fishburne, Harrison Ford","Mucho más que una película bélica, Apocalypse Now es una experiencia sensorial y filosófica sobre la guerra y la locura. Coppola transforma el conflicto de Vietnam en un descenso hipnótico a los límites de la condición humana, combinando imágenes icónicas, música inolvidable y una atmósfera perturbadora. Radical, ambiciosa y profundamente influyente, es una obra clave del cine del siglo XX que cobra una nueva dimensión en pantalla grande.Palma de Oro – Festival de Cannes2 Premios Oscar (Fotografía y Sonido)“Una obra maestra total.” — El País“Cine llevado al límite.” — Fotogramas“Una experiencia inolvidable.” — Cinemanía“Una de las grandes películas de la historia.” — The Guardian“Deslumbrante y aterradora.” — The New York Times"
ARCO,Ugo Bienvenu,88,05,16:00,2026-02-19,Renoir Princesa,https://www.cinesrenoir.com/pelicula/arco/,https://media.pillalas.com/imagenes/726afb526abffa83ddc364e355222ee7768df2fdf3b376e8597c17c1736c134c14e60f55.jpg,Francés,No recomendada para menores de 7 años,Viernes 23 Enero 2026,"Oscar Tresanini, Margot Ringard Oldra, Alma Jodorowsky, Swann Arlaud","En 2075, una niña de diez años llamada Iris es testigo de cómo un misterioso niño vestido con un traje arco iris cae del cielo. Su nombre es Arco, y viene de un idílico y lejano futuro en el que es posible viajar en el tiempo. Iris le da cobijo y hará lo que sea necesario para ayudarle a regresar a su tiempo."
AÍDA Y VUELTA,Paco León,90,03,16:00,2026-02-19,Renoir Princesa,https://www.cinesrenoir.com/pelicula/aida-y-vuelta/,https://media.pillalas.com/imagenes/726afb526abffa8347d3f6e8043971b5b5a22f68100535465137cdcd8a815fa00441c58f.jpg,Castellano,No recomendada para menores de 12 años,Viernes 30 Enero 2026,"Carmen Machi, Paco León, Miren Ibarguren, Mariano Peña, Eduardo Casanova, Pepe Viyuela, Melani Olivares, Canco Rodríguez, Secun De La Rosa, David Castillo, Marisol Ayuso, Pepa Rus, Óscar Reyes, Adrián Gordillo","""Aída y vuelta"", el largometraje, aborda el rodaje de un capítulo de la serie con tramas que transcurren tanto dentro de la ficción con los personajes de ""Aída"", como fuera de ella con los propios actores y sus relaciones, yendo más allá y dando pie a reflexionar sobre temas como los límites del humor, del trabajo del cómico y la fama."
AÍDA Y VUELTA,Paco León,90,08,20:15,2026-02-19,Renoir Princesa,https://www.cinesrenoir.com/pelicula/aida-y-vuelta/,https://media.pillalas.com/imagenes/726afb526abffa8347d3f6e8043971b5b5a22f68100535465137cdcd8a815fa00441c58f.jpg,Castellano,No recomendada para menores de 12 años,Viernes 30 Enero 2026,"Carmen Machi, Paco León, Miren Ibarguren, Mariano Peña, Eduardo Casanova, Pepe Viyuela, Melani Olivares, Canco Rodríguez, Secun De La Rosa, David Castillo, Marisol Ayuso, Pepa Rus, Óscar Reyes, Adrián Gordillo","""Aída y vuelta"", el largometraje, aborda el rodaje de un capítulo de la serie con tramas que transcurren tanto dentro de la ficción con los personajes de ""Aída"", como fuera de ella con los propios actores y sus relaciones, yendo más allá y dando pie a reflexionar sobre temas como los límites del humor, del trabajo del cómico y la fama."
CUMBRES BORRASCOSAS,Emerald Fennell,135,11,16:05,2026-02-19,Renoir Princesa,https://www.cinesrenoir.com/pelicula/cumbres-borrascosas/,https://media.pillalas.com/imagenes/726afb526abffa83abe8577deb3c0674bd352fd2b0500497b1d5570f2dd570487210fc4e.jpg,Inglés,No recomendada para menores de 16 años,Viernes 13 Febrero 2026,"Margot Robbie, Jacob Elordi, Hong Chau, Alison Oliver, Owen Cooper, Shazad Latif, Martin Clunes, Ewan Mitchell, Amy Morgan, Jessica Knappett, Charlotte Mellington, Vy Nguyen","Adaptada a todo tipo de formatos en multitud de ocasiones, se trata de una trágica historia de pasiones encontradas en la Inglaterra rural más conservadora. Una historia de venganza y odio, de pasiones desatadas y amores desesperados que van más allá de la muerte ambientada en los brumosos y sombríos páramos de Yorkshire, al norte de Inglaterra."
CUMBRES BORRASCOSAS,Emerald Fennell,135,09,18:00,2026-02-19,Renoir Princesa,https://www.cinesrenoir.com/pelicula/cumbres-borrascosas/,https://media.pillalas.com/imagenes/726afb526abffa83abe8577deb3c0674bd352fd2b0500497b1d5570f2dd570487210fc4e.jpg,Inglés,No recomendada para menores de 16 años,Viernes 13 Febrero 2026,"Margot Robbie, Jacob Elordi, Hong Chau, Alison Oliver, Owen Cooper, Shazad Latif, Martin Clunes, Ewan Mitchell, Amy Morgan, Jessica Knappett, Charlotte Mellington, Vy Nguyen","Adaptada a todo tipo de formatos en multitud de ocasiones, se trata de una trágica historia de pasiones encontradas en la Inglaterra rural más conservadora. Una historia de venganza y odio, de pasiones desatadas y amores desesperados que van más allá de la muerte ambientada en los brumosos y sombríos páramos de Yorkshire, al norte de Inglaterra."
CUMBRES BORRASCOSAS,Emerald Fennell,135,11,19:00,2026-02-19,Renoir Princesa,https://www.cinesrenoir.com/pelicula/cumbres-borrascosas/,https://media.pillalas.com/imagenes/726afb526abffa83abe8577deb3c0674bd352fd2b0500497b1d5570f2dd570487210fc4e.jpg,Inglés,No recomendada para menores de 16 años,Viernes 13 Febrero 2026,"Margot Robbie, Jacob Elordi, Hong Chau, Alison Oliver, Owen Cooper, Shazad Latif, Martin Clunes, Ewan Mitchell, Amy Morgan, Jessica Knappett, Charlotte Mellington, Vy Nguyen","Adaptada a todo tipo de formatos en multitud de ocasiones, se trata de una trágica historia de pasiones encontradas en la Inglaterra rural más conservadora. Una historia de venganza y odio, de pasiones desatadas y amores desesperados que van más allá de la muerte ambientada en los brumosos y sombríos páramos de Yorkshire, al norte de Inglaterra."
CUMBRES BORRASCOSAS,Emerald Fennell,135,09,20:30,2026-02-19,Renoir Princesa,https://www.cinesrenoir.com/pelicula/cumbres-borrascosas/,https://media.pillalas.com/imagenes/726afb526abffa83abe8577deb3c0674bd352fd2b0500497b1d5570f2dd570487210fc4e.jpg,Inglés,No recomendada para menores de 16 años,Viernes 13 Febrero 2026,"Margot Robbie, Jacob Elordi, Hong Chau, Alison Oliver, Owen Cooper, Shazad Latif, Martin Clunes, Ewan Mitchell, Amy Morgan, Jessica Knappett, Charlotte Mellington, Vy Nguyen","Adaptada a todo tipo de formatos en multitud de ocasiones, se trata de una trágica historia de pasiones encontradas en la Inglaterra rural más conservadora. Una historia de venganza y odio, de pasiones desatadas y amores desesperados que van más allá de la muerte ambientada en los brumosos y sombríos páramos de Yorkshire, al norte de Inglaterra."
CUMBRES BORRASCOSAS,Emerald Fennell,135,11,21:35,2026-02-19,Renoir Princesa,https://www.cinesrenoir.com/pelicula/cumbres-borrascosas/,https://media.pillalas.com/imagenes/726afb526abffa83abe8577deb3c0674bd352fd2b0500497b1d5570f2dd570487210fc4e.jpg,Inglés,No recomendada para menores de 16 años,Viernes 13 Febrero 2026,"Margot Robbie, Jacob Elordi, Hong Chau, Alison Oliver, Owen Cooper, Shazad Latif, Martin Clunes, Ewan Mitchell, Amy Morgan, Jessica Knappett, Charlotte Mellington, Vy Nguyen","Adaptada a todo tipo de formatos en multitud de ocasiones, se trata de una trágica historia de pasiones encontradas en la Inglaterra rural más conservadora. Una historia de venganza y odio, de pasiones desatadas y amores desesperados que van más allá de la muerte ambientada en los brumosos y sombríos páramos de Yorkshire, al norte de Inglaterra."
HAMNET,Chloé Zhao,125,07,16:10,2026-02-19,Renoir Princesa,https://www.cinesrenoir.com/pelicula/hamnet/,https://www.cinesrenoir.com/media/Peliculas/Cartel/HAMNET_Cartel_Digital_8Nominaciones_Oscar_YaEnCines_v2_2.jpg,Inglés,No recomendada para menores de 12 años,Viernes 23 Enero 2026,"Jessie Buckley, Paul Mescal, Joe Alwyn, Emily Watson","Año 1596, Stratford-upon-Avon, Inglaterra. La vida de Agnes transcurre plácidamente junto a su marido y sus tres hijos. Ella cultiva plantas medicinales mientras William trabaja en Londres. El destino, sin embargo, les reservará un duro golpe cuando su hijo Hamnet, de once años, muera repentinamente tras contraer la peste. A raíz de esta tragedia, su padre creará uno de los grandes personajes de la literatura universal, de nombre casi idéntico al de su hijo.


Pero esta película no habla de famosos sucesos sino de algo íntimo y olvidado: La vida de esta familia, y especialmente la de la mujer que la sostenía y que tuvo que cargar con una insoportable pérdida."
HAMNET,Chloé Zhao,125,05,17:45,2026-02-19,Renoir Princesa,https://www.cinesrenoir.com/pelicula/hamnet/,https://www.cinesrenoir.com/media/Peliculas/Cartel/HAMNET_Cartel_Digital_8Nominaciones_Oscar_YaEnCines_v2_2.jpg,Inglés,No recomendada para menores de 12 años,Viernes 23 Enero 2026,"Jessie Buckley, Paul Mescal, Joe Alwyn, Emily Watson","Año 1596, Stratford-upon-Avon, Inglaterra. La vida de Agnes transcurre plácidamente junto a su marido y sus tres hijos. Ella cultiva plantas medicinales mientras William trabaja en Londres. El destino, sin embargo, les reservará un duro golpe cuando su hijo Hamnet, de once años, muera repentinamente tras contraer la peste. A raíz de esta tragedia, su padre creará uno de los grandes personajes de la literatura universal, de nombre casi idéntico al de su hijo.


Pero esta película no habla de famosos sucesos sino de algo íntimo y olvidado: La vida de esta familia, y especialmente la de la mujer que la sostenía y que tuvo que cargar con una insoportable pérdida."
HAMNET,Chloé Zhao,125,05,20:05,2026-02-19,Renoir Princesa,https://www.cinesrenoir.com/pelicula/hamnet/,https://www.cinesrenoir.com/media/Peliculas/Cartel/HAMNET_Cartel_Digital_8Nominaciones_Oscar_YaEnCines_v2_2.jpg,Inglés,No recomendada para menores de 12 años,Viernes 23 Enero 2026,"Jessie Buckley, Paul Mescal, Joe Alwyn, Emily Watson","Año 1596, Stratford-upon-Avon, Inglaterra. La vida de Agnes transcurre plácidamente junto a su marido y sus tres hijos. Ella cultiva plantas medicinales mientras William trabaja en Londres. El destino, sin embargo, les reservará un duro golpe cuando su hijo Hamnet, de once años, muera repentinamente tras contraer la peste. A raíz de esta tragedia, su padre creará uno de los grandes personajes de la literatura universal, de nombre casi idéntico al de su hijo.


Pero esta película no habla de famosos sucesos sino de algo íntimo y olvidado: La vida de esta familia, y especialmente la de la mujer que la sostenía y que tuvo que cargar con una insoportable pérdida."
HAMNET,Chloé Zhao,125,05,22:25,2026-02-19,Renoir Princesa,https://www.cinesrenoir.com/pelicula/hamnet/,https://www.cinesrenoir.com/media/Peliculas/Cartel/HAMNET_Cartel_Digital_8Nominaciones_Oscar_YaEnCines_v2_2.jpg,Inglés,No recomendada para menores de 12 años,Viernes 23 Enero 2026,"Jessie Buckley, Paul Mescal, Joe Alwyn, Emily Watson","Año 1596, Stratford-upon-Avon, Inglaterra. La vida de Agnes transcurre plácidamente junto a su marido y sus tres hijos. Ella cultiva plantas medicinales mientras William trabaja en Londres. El destino, sin embargo, les reservará un duro golpe cuando su hijo Hamnet, de once años, muera repentinamente tras contraer la peste. A raíz de esta tragedia, su padre creará uno de los grandes personajes de la literatura universal, de nombre casi idéntico al de su hijo.


Pero esta película no habla de famosos sucesos sino de algo íntimo y olvidado: La vida de esta familia, y especialmente la de la mujer que la sostenía y que tuvo que cargar con una insoportable pérdida."
LA CENA,Manolo Gómez Pereira,106,08,16:00,2026-02-19,Renoir Princesa,https://www.cinesrenoir.com/pelicula/la-cena/,https://media.pillalas.com/imagenes/726afb526abffa83bd9f9bd0a673888f9a4e8309cfbd282ee88c3ecfb89c16c49bdbf298.jpg,Castellano,No recomendada para menores de 12 años,Viernes 17 Octubre 2025,"Mario Casas, Alberto San Juan, Asier Etxeandia, Nora Hernández, Óscar Lasarte, Martín Páez, Elvira Mínguez, Carlos Serrano, Carmen Balagué, Eva Ugarte, Antonio Resines","15 de abril, 1939. Dos semanas después de acabar la Guerra Civil, Franco propone celebrar la victoria con una cena en el Hotel Palace junto a todos sus generales. Lo que no saben es que la cena la prepararán unos cocineros republicanos que están ante su última oportunidad de huir del país."
LA CENA,Manolo Gómez Pereira,106,03,18:00,2026-02-19,Renoir Princesa,https://www.cinesrenoir.com/pelicula/la-cena/,https://media.pillalas.com/imagenes/726afb526abffa83bd9f9bd0a673888f9a4e8309cfbd282ee88c3ecfb89c16c49bdbf298.jpg,Castellano,No recomendada para menores de 12 años,Viernes 17 Octubre 2025,"Mario Casas, Alberto San Juan, Asier Etxeandia, Nora Hernández, Óscar Lasarte, Martín Páez, Elvira Mínguez, Carlos Serrano, Carmen Balagué, Eva Ugarte, Antonio Resines","15 de abril, 1939. Dos semanas después de acabar la Guerra Civil, Franco propone celebrar la victoria con una cena en el Hotel Palace junto a todos sus generales. Lo que no saben es que la cena la prepararán unos cocineros republicanos que están ante su última oportunidad de huir del país."
LA FIERA,Salvador Calvo,113,08,18:05,2026-02-19,Renoir Princesa,https://www.cinesrenoir.com/pelicula/la-fiera/,https://media.pillalas.com/imagenes/726afb526abffa8343633e6b05b980b9f611ecb2408114b64c8947a46b46933a151a5185.jpg,Castellano,No recomendada para menores de 12 años,Viernes 6 Febrero 2026,"Carlos Cuevas, Miguel Bernardeau, Miguel Ángel Silvestre, Candela González, Stéphanie Magnin, David Marcé, José Manuel Poga","Carlos, Darío y Armando, aficionados a los deportes extremos, descubren la experiencia más cercana a volar: el salto B.A.S.E. con traje de alas. “La Fiera” es la historia de estos amantes del riesgo: un relato real contado desde sus miedos y anhelos; un viaje duro y fascinante, lleno de vértigo y peligro... que también nos conecta con la camaradería y la amistad.
Un viaje épico alimentado por la lucha contra uno mismo."
LA FIERA,Salvador Calvo,113,08,22:15,2026-02-19,Renoir Princesa,https://www.cinesrenoir.com/pelicula/la-fiera/,https://media.pillalas.com/imagenes/726afb526abffa8343633e6b05b980b9f611ecb2408114b64c8947a46b46933a151a5185.jpg,Castellano,No recomendada para menores de 12 años,Viernes 6 Febrero 2026,"Carlos Cuevas, Miguel Bernardeau, Miguel Ángel Silvestre, Candela González, Stéphanie Magnin, David Marcé, José Manuel Poga","Carlos, Darío y Armando, aficionados a los deportes extremos, descubren la experiencia más cercana a volar: el salto B.A.S.E. con traje de alas. “La Fiera” es la historia de estos amantes del riesgo: un relato real contado desde sus miedos y anhelos; un viaje duro y fascinante, lleno de vértigo y peligro... que también nos conecta con la camaradería y la amistad.
Un viaje épico alimentado por la lucha contra uno mismo."
LOS DOMINGOS,Alauda Ruiz De Azúa,115,01,16:00,2026-02-19,Renoir Princesa,https://www.cinesrenoir.com/pelicula/los-domingos/,https://media.pillalas.com/imagenes/726afb526abffa83eb13c84b6e843cdf406388aa12cc57b934b6e5ab1c8e2d84ce9ad1f4.jpg,Castellano,No recomendada para menores de 12 años,Viernes 24 Octubre 2025,"Patricia López Arnaiz, Blanca Soroa, Miguel Garcés, Juan Minujín, Mabel Rivera, Nagore Aramburu","'Los domingos' cuenta la historia de Ainara (Soroa), una joven idealista y brillante de 17 años que ha de decidir qué carrera universitaria estudiará. O, al menos, eso espera su familia que haga. Sin embargo, la joven manifiesta que se siente cada vez más cerca de Dios y que se plantea abrazar la vida de monja de clausura. La noticia pilla por sorpresa a toda la familia provocando un abismo y una prueba de fuego para todos."
LOS DOMINGOS,Alauda Ruiz De Azúa,115,01,18:15,2026-02-19,Renoir Princesa,https://www.cinesrenoir.com/pelicula/los-domingos/,https://media.pillalas.com/imagenes/726afb526abffa83eb13c84b6e843cdf406388aa12cc57b934b6e5ab1c8e2d84ce9ad1f4.jpg,Castellano,No recomendada para menores de 12 años,Viernes 24 Octubre 2025,"Patricia López Arnaiz, Blanca Soroa, Miguel Garcés, Juan Minujín, Mabel Rivera, Nagore Aramburu","'Los domingos' cuenta la historia de Ainara (Soroa), una joven idealista y brillante de 17 años que ha de decidir qué carrera universitaria estudiará. O, al menos, eso espera su familia que haga. Sin embargo, la joven manifiesta que se siente cada vez más cerca de Dios y que se plantea abrazar la vida de monja de clausura. La noticia pilla por sorpresa a toda la familia provocando un abismo y una prueba de fuego para todos."
LOS DOMINGOS,Alauda Ruiz De Azúa,115,01,20:30,2026-02-19,Renoir Princesa,https://www.cinesrenoir.com/pelicula/los-domingos/,https://media.pillalas.com/imagenes/726afb526abffa83eb13c84b6e843cdf406388aa12cc57b934b6e5ab1c8e2d84ce9ad1f4.jpg,Castellano,No recomendada para menores de 12 años,Viernes 24 Octubre 2025,"Patricia López Arnaiz, Blanca Soroa, Miguel Garcés, Juan Minujín, Mabel Rivera, Nagore Aramburu","'Los domingos' cuenta la historia de Ainara (Soroa), una joven idealista y brillante de 17 años que ha de decidir qué carrera universitaria estudiará. O, al menos, eso espera su familia que haga. Sin embargo, la joven manifiesta que se siente cada vez más cerca de Dios y que se plantea abrazar la vida de monja de clausura. La noticia pilla por sorpresa a toda la familia provocando un abismo y una prueba de fuego para todos."
MARTY SUPREME,Josh Safdie,149,04,16:10,2026-02-19,Renoir Princesa,https://www.cinesrenoir.com/pelicula/marty-supreme/,https://media.pillalas.com/imagenes/726afb526abffa83215ea8a89c8894fb1ac44e6c3b86faba19f84e195b42d541304dcb79.jpg,Inglés,No recomendada para menores de 16 años,Viernes 30 Enero 2026,"Timothee Chalamet, Gwyneth Paltrow, Odessa A Zion, Sandra Bernhard, Fran Drescher, Abel Ferrara, Spenser Granese, Tyler The Creator, Penn Jillette, Kevin O Leary","Marty Mauser (Timothée Chalamet), un joven con una ambición desmesurada, está dispuesto a todo para cumplir su sueño. Con ayuda, entre otros, de la estrella de cine Carol Dunne (Gwyneth Paltrow) demostrará al mundo entero su grandeza."
MARTY SUPREME,Josh Safdie,149,04,19:00,2026-02-19,Renoir Princesa,https://www.cinesrenoir.com/pelicula/marty-supreme/,https://media.pillalas.com/imagenes/726afb526abffa83215ea8a89c8894fb1ac44e6c3b86faba19f84e195b42d541304dcb79.jpg,Inglés,No recomendada para menores de 16 años,Viernes 30 Enero 2026,"Timothee Chalamet, Gwyneth Paltrow, Odessa A Zion, Sandra Bernhard, Fran Drescher, Abel Ferrara, Spenser Granese, Tyler The Creator, Penn Jillette, Kevin O Leary","Marty Mauser (Timothée Chalamet), un joven con una ambición desmesurada, está dispuesto a todo para cumplir su sueño. Con ayuda, entre otros, de la estrella de cine Carol Dunne (Gwyneth Paltrow) demostrará al mundo entero su grandeza."
MARTY SUPREME,Josh Safdie,149,02,20:20,2026-02-19,Renoir Princesa,https://www.cinesrenoir.com/pelicula/marty-supreme/,https://media.pillalas.com/imagenes/726afb526abffa83215ea8a89c8894fb1ac44e6c3b86faba19f84e195b42d541304dcb79.jpg,Inglés,No recomendada para menores de 16 años,Viernes 30 Enero 2026,"Timothee Chalamet, Gwyneth Paltrow, Odessa A Zion, Sandra Bernhard, Fran Drescher, Abel Ferrara, Spenser Granese, Tyler The Creator, Penn Jillette, Kevin O Leary","Marty Mauser (Timothée Chalamet), un joven con una ambición desmesurada, está dispuesto a todo para cumplir su sueño. Con ayuda, entre otros, de la estrella de cine Carol Dunne (Gwyneth Paltrow) demostrará al mundo entero su grandeza."
MARTY SUPREME,Josh Safdie,149,04,21:50,2026-02-19,Renoir Princesa,https://www.cinesrenoir.com/pelicula/marty-supreme/,https://media.pillalas.com/imagenes/726afb526abffa83215ea8a89c8894fb1ac44e6c3b86faba19f84e195b42d541304dcb79.jpg,Inglés,No recomendada para menores de 16 años,Viernes 30 Enero 2026,"Timothee Chalamet, Gwyneth Paltrow, Odessa A Zion, Sandra Bernhard, Fran Drescher, Abel Ferrara, Spenser Granese, Tyler The Creator, Penn Jillette, Kevin O Leary","Marty Mauser (Timothée Chalamet), un joven con una ambición desmesurada, está dispuesto a todo para cumplir su sueño. Con ayuda, entre otros, de la estrella de cine Carol Dunne (Gwyneth Paltrow) demostrará al mundo entero su grandeza."
NOUVELLE VAGUE,Richard Linklater,106,01,22:40,2026-02-19,Renoir Princesa,https://www.cinesrenoir.com/pelicula/nouvelle-vague/,https://media.pillalas.com/imagenes/726afb526abffa835c22ae68ba792559681ebb89ebbc7ddacfd5f5bdea32bb21879771be.jpg,Francés,No recomendada para menores de 12 años,Viernes 9 Enero 2026,"Guillaume Marbeck, Zoey Deutch, Aubry Dullin, Bruno Dreyfürst, Benjamin Clery, Matthieu Penchinat, Adrien Rouyard, Jodie Ruth-Forest","Esta es la historia de Godard rodando 'Al final de la escapada', contada con el estilo y el espíritu con los que Godard rodó 'Al final de la escapada'."
RENTAL FAMILY (FAMILIA DE ALQUILER),Mitsuyo Miyazaki,109,09,16:00,2026-02-19,Renoir Princesa,https://www.cinesrenoir.com/pelicula/rental-family-familia-de-alquiler/,https://media.pillalas.com/imagenes/726afb526abffa8354fd8d551fddc8b6f2c37df750c002f9f65d59d1707b603c58f3211d.jpg,Inglés Y Japonés,No recomendada para menores de 12 años,Viernes 9 Enero 2026,"Brendan Fraser, Mari Yamamoto, Takehiro Hira, Akira Emoto, Shannon Gorman","Comedia dramática sobre un actor estadounidense (Brendan Fraser) que lucha por encontrar un propósito en la vida en el Tokio actual. Hasta que consigue un trabajo inusual, trabajar para una agencia japonesa de ""familias de alquiler"", interpretando papeles de suplente para desconocidos."
RENTAL FAMILY (FAMILIA DE ALQUILER),Mitsuyo Miyazaki,109,02,18:15,2026-02-19,Renoir Princesa,https://www.cinesrenoir.com/pelicula/rental-family-familia-de-alquiler/,https://media.pillalas.com/imagenes/726afb526abffa8354fd8d551fddc8b6f2c37df750c002f9f65d59d1707b603c58f3211d.jpg,Inglés Y Japonés,No recomendada para menores de 12 años,Viernes 9 Enero 2026,"Brendan Fraser, Mari Yamamoto, Takehiro Hira, Akira Emoto, Shannon Gorman","Comedia dramática sobre un actor estadounidense (Brendan Fraser) que lucha por encontrar un propósito en la vida en el Tokio actual. Hasta que consigue un trabajo inusual, trabajar para una agencia japonesa de ""familias de alquiler"", interpretando papeles de suplente para desconocidos."
SIRAT,Óliver Laxe,120,03,20:05,2026-02-19,Renoir Princesa,https://www.cinesrenoir.com/pelicula/sirat/,https://www.cinesrenoir.com/media/Peliculas/Cartel/SIRAT_ONLINE_GOYAOSCARS.jpg,Castellano Y Otros,No recomendada para menores de 16 años,Viernes 6 Junio 2025,"Sergi López, Bruno Núñez, Stefania Gadda, Joshua Liam Herderson, Tonin Javier, Jade Ouki, Richard Bellamyun","Un hombre (López) y su hijo (Nuñez) llegan a una rave perdida en medio de las áridas y fantasmagóricas montañas del sur de Marruecos. Buscan allí a Mar, su hija y hermana, desaparecida hace meses en una de estas fiestas sin amanecer. Reparten una y otra vez su foto rodeados de música electrónica y de un tipo de libertad que desconocen. Empujados por el destino, y con la esperanza de encontrar ahí a Mar, deciden seguir a un grupo de raveros hacia la última fiesta que se celebrará en el desierto."
TRES ADIOSES,Isabel Coixet,122,02,16:00,2026-02-19,Renoir Princesa,https://www.cinesrenoir.com/pelicula/tres-adioses/,https://media.pillalas.com/imagenes/726afb526abffa832ea2a44a189894de905fc7e94534a8bf4ef6bf13e5ccdfe90922c22e.jpg,Italiano,No recomendada para menores de 12 años,Viernes 6 Febrero 2026,"Alba Rohrwacher, Elio Germano, Francesco Carril, Silvia D Amico, Galatea Bellugi, Sarita Choudhury","Tras lo que parecía una discusión sin importancia, Marta (Alba Rohrwacher) y Antonio (Elio Germano) se separan. Él, un chef prometedor, se refugia en sus fogones; ella, en su silencio, empieza a notar algo más que tristeza: ha perdido el apetito… y no solo por desamor. Cuando descubre que detrás hay un problema de salud, todo da un giro inesperado: la comida sabe mejor, la música le llega como nunca y el deseo despierta sus ganas de vivir sin miedo.
Una historia sobre el amor, la vida y esos momentos que lo cambian todo para siempre."
TRES ADIOSES,Isabel Coixet,122,06,17:30,2026-02-19,Renoir Princesa,https://www.cinesrenoir.com/pelicula/tres-adioses/,https://media.pillalas.com/imagenes/726afb526abffa832ea2a44a189894de905fc7e94534a8bf4ef6bf13e5ccdfe90922c22e.jpg,Italiano,No recomendada para menores de 12 años,Viernes 6 Febrero 2026,"Alba Rohrwacher, Elio Germano, Francesco Carril, Silvia D Amico, Galatea Bellugi, Sarita Choudhury","Tras lo que parecía una discusión sin importancia, Marta (Alba Rohrwacher) y Antonio (Elio Germano) se separan. Él, un chef prometedor, se refugia en sus fogones; ella, en su silencio, empieza a notar algo más que tristeza: ha perdido el apetito… y no solo por desamor. Cuando descubre que detrás hay un problema de salud, todo da un giro inesperado: la comida sabe mejor, la música le llega como nunca y el deseo despierta sus ganas de vivir sin miedo.
Una historia sobre el amor, la vida y esos momentos que lo cambian todo para siempre."
TRES ADIOSES,Isabel Coixet,122,06,19:50,2026-02-19,Renoir Princesa,https://www.cinesrenoir.com/pelicula/tres-adioses/,https://media.pillalas.com/imagenes/726afb526abffa832ea2a44a189894de905fc7e94534a8bf4ef6bf13e5ccdfe90922c22e.jpg,Italiano,No recomendada para menores de 12 años,Viernes 6 Febrero 2026,"Alba Rohrwacher, Elio Germano, Francesco Carril, Silvia D Amico, Galatea Bellugi, Sarita Choudhury","Tras lo que parecía una discusión sin importancia, Marta (Alba Rohrwacher) y Antonio (Elio Germano) se separan. Él, un chef prometedor, se refugia en sus fogones; ella, en su silencio, empieza a notar algo más que tristeza: ha perdido el apetito… y no solo por desamor. Cuando descubre que detrás hay un problema de salud, todo da un giro inesperado: la comida sabe mejor, la música le llega como nunca y el deseo despierta sus ganas de vivir sin miedo.
Una historia sobre el amor, la vida y esos momentos que lo cambian todo para siempre."
TRES ADIOSES,Isabel Coixet,122,06,22:10,2026-02-19,Renoir Princesa,https://www.cinesrenoir.com/pelicula/tres-adioses/,https://media.pillalas.com/imagenes/726afb526abffa832ea2a44a189894de905fc7e94534a8bf4ef6bf13e5ccdfe90922c22e.jpg,Italiano,No recomendada para menores de 12 años,Viernes 6 Febrero 2026,"Alba Rohrwacher, Elio Germano, Francesco Carril, Silvia D Amico, Galatea Bellugi, Sarita Choudhury","Tras lo que parecía una discusión sin importancia, Marta (Alba Rohrwacher) y Antonio (Elio Germano) se separan. Él, un chef prometedor, se refugia en sus fogones; ella, en su silencio, empieza a notar algo más que tristeza: ha perdido el apetito… y no solo por desamor. Cuando descubre que detrás hay un problema de salud, todo da un giro inesperado: la comida sabe mejor, la música le llega como nunca y el deseo despierta sus ganas de vivir sin miedo.
Una historia sobre el amor, la vida y esos momentos que lo cambian todo para siempre."
VALOR SENTIMENTAL,Joachim Trier,133,10,16:10,2026-02-19,Renoir Princesa,https://www.cinesrenoir.com/pelicula/valor-sentimental/,https://media.pillalas.com/imagenes/726afb526abffa83fe1b3adc6f8909539f80c9a958e909b641f78d7648edf8e1f62ca547.jpg,Noruego E Inglés,No recomendada para menores de 12 años,Viernes 5 Diciembre 2025,"Renate Reinsve, Stellan Skarsgård, Inga Ibsdotter Lilleaas, Elle Fanning, Anders Danielsen Lie, Jesper Christensen, Lena Endre, Cory Michael Smith, Catherine Cohen, Andreas Stoltenberg Granerud, Øyvind Hesjedal Loven, Lars Väringer, Ida Marianne Vassbotn Klasson, Vilde Søyland","Las hermanas Nora y Agnes se reencuentran con su padre ausente, un director de cine muy reconocido en el pasado que ha vuelto para ofrecer a Nora el papel principal de su próxima película. Aunque ella lo rechaza, Gustav decide seguir adelante y utilizar la casa familiar como escenario de su nuevo rodaje, lo que reaviva las tensiones entre ellos, especialmente tras la llegada de una joven actriz de Hollywood que acepta el papel en su lugar. El vínculo entre las hermanas se convertirá en su mayor refugio frente a las heridas del pasado."
VALOR SENTIMENTAL,Joachim Trier,133,10,19:10,2026-02-19,Renoir Princesa,https://www.cinesrenoir.com/pelicula/valor-sentimental/,https://media.pillalas.com/imagenes/726afb526abffa83fe1b3adc6f8909539f80c9a958e909b641f78d7648edf8e1f62ca547.jpg,Noruego E Inglés,No recomendada para menores de 12 años,Viernes 5 Diciembre 2025,"Renate Reinsve, Stellan Skarsgård, Inga Ibsdotter Lilleaas, Elle Fanning, Anders Danielsen Lie, Jesper Christensen, Lena Endre, Cory Michael Smith, Catherine Cohen, Andreas Stoltenberg Granerud, Øyvind Hesjedal Loven, Lars Väringer, Ida Marianne Vassbotn Klasson, Vilde Søyland","Las hermanas Nora y Agnes se reencuentran con su padre ausente, un director de cine muy reconocido en el pasado que ha vuelto para ofrecer a Nora el papel principal de su próxima película. Aunque ella lo rechaza, Gustav decide seguir adelante y utilizar la casa familiar como escenario de su nuevo rodaje, lo que reaviva las tensiones entre ellos, especialmente tras la llegada de una joven actriz de Hollywood que acepta el papel en su lugar. El vínculo entre las hermanas se convertirá en su mayor refugio frente a las heridas del pasado."
VALOR SENTIMENTAL,Joachim Trier,133,10,21:45,2026-02-19,Renoir Princesa,https://www.cinesrenoir.com/pelicula/valor-sentimental/,https://media.pillalas.com/imagenes/726afb526abffa83fe1b3adc6f8909539f80c9a958e909b641f78d7648edf8e1f62ca547.jpg,Noruego E Inglés,No recomendada para menores de 12 años,Viernes 5 Diciembre 2025,"Renate Reinsve, Stellan Skarsgård, Inga Ibsdotter Lilleaas, Elle Fanning, Anders Danielsen Lie, Jesper Christensen, Lena Endre, Cory Michael Smith, Catherine Cohen, Andreas Stoltenberg Granerud, Øyvind Hesjedal Loven, Lars Väringer, Ida Marianne Vassbotn Klasson, Vilde Søyland","Las hermanas Nora y Agnes se reencuentran con su padre ausente, un director de cine muy reconocido en el pasado que ha vuelto para ofrecer a Nora el papel principal de su próxima película. Aunque ella lo rechaza, Gustav decide seguir adelante y utilizar la casa familiar como escenario de su nuevo rodaje, lo que reaviva las tensiones entre ellos, especialmente tras la llegada de una joven actriz de Hollywood que acepta el papel en su lugar. El vínculo entre las hermanas se convertirá en su mayor refugio frente a las heridas del pasado."
VIDA PRIVADA,Rebecca Zlotowski,103,03,22:20,2026-02-19,Renoir Princesa,https://www.cinesrenoir.com/pelicula/vida-privada/,https://media.pillalas.com/imagenes/726afb526abffa83e85d9a90d129144ec330b3d01f9d831658c34239ba5ad1f6ab7bd9ea.jpg,Francés,No recomendada para menores de 12 años,Viernes 19 Diciembre 2025,"Jodie Foster, Daniel Auteuil, Virginie Efira, Mathieu Amalric, Vincent Lacoste, Luàna Bajrami, Noam Morgensztern, Sophie Guillemin, Frederick Wiseman, Aurore Clément, Irène Jacob, Park Ji-Min, Jean Chevalier","La reputada psiquiatra Lilian Steiner emprende una investigación privada sobre la muerte de una de sus pacientes, de la que está convencida que ha sido asesinada."
CORTOS FICCIÓN NOMINADOS A LOS GOYA [RENOIR],Beatriz Martínez & José Luis Palacios,100,10,20:30,2026-02-24,Renoir Princesa,https://www.cinesrenoir.com/pelicula/cortos-ficcion-nominados-a-los-goya-renoir/,https://media.pillalas.com/imagenes/726afb526abffa83f86d071bf47df7c80ad9a0a91c3e9560e4008f3e1c8d6ebd69d965b4.jpg,Castellano,Pendiente de calificación,Martes 24 Febrero 2026,Goya 2026,"LosCINES RENOIRPrincesa se suman al apoyo del cine español y al impulso del
    ámbito del cortometraje. Apostamos por el cortometraje como género propio y su exhibición
    en salas de cine. En esta ocasión, podremos disfrutarel martes 24 de febrerode una
    sesión con los cortometrajes nominados a los GOYA en la categoría de ficción. La sesión
    está organizada y conducida por Beatriz Martínez y José Luis Palacios, socios de la
    Coordinadora del Cortometraje Español, jurado de varios festivales nacionales de
    cortometrajes y comisarios de eventos cinematográficos."
HISTORIAS DEL BUEN VALLE,José Luis Guerin,122,05,16:00,2026-02-16,Renoir Plaza de España,https://www.cinesrenoir.com/pelicula/historias-del-buen-valle/,https://media.pillalas.com/imagenes/726afb526abffa838aaf07790a37e874c7509f5af4e227ab1664533c196269093a9c8841.jpg,Castellano,Pendiente de calificación,Viernes 13 Febrero 2026,Documental,"En el paisaje indefinido de un barrio periférico, entre el mundo rural y el urbano, coexisten las casas levantadas por los primeros migrantes, quienes llegaron de toda España tras la posguerra…, y los nuevos bloques y viviendas de la ciudad dormitorio, donde se concentra la nueva migración, convirtiendo este humilde rincón en una auténtica aldea global. Historias del buen valle es una suma de imaginarios, de conflictos sociales, generacionales e identitarios, urbanísticos y ecológicos; pero es también una mirada reposada y humanista sobre el mundo actual."
HISTORIAS DEL BUEN VALLE,José Luis Guerin,122,02,18:05,2026-02-16,Renoir Plaza de España,https://www.cinesrenoir.com/pelicula/historias-del-buen-valle/,https://media.pillalas.com/imagenes/726afb526abffa838aaf07790a37e874c7509f5af4e227ab1664533c196269093a9c8841.jpg,Castellano,Pendiente de calificación,Viernes 13 Febrero 2026,Documental,"En el paisaje indefinido de un barrio periférico, entre el mundo rural y el urbano, coexisten las casas levantadas por los primeros migrantes, quienes llegaron de toda España tras la posguerra…, y los nuevos bloques y viviendas de la ciudad dormitorio, donde se concentra la nueva migración, convirtiendo este humilde rincón en una auténtica aldea global. Historias del buen valle es una suma de imaginarios, de conflictos sociales, generacionales e identitarios, urbanísticos y ecológicos; pero es también una mirada reposada y humanista sobre el mundo actual."
HISTORIAS DEL BUEN VALLE,José Luis Guerin,122,05,20:25,2026-02-16,Renoir Plaza de España,https://www.cinesrenoir.com/pelicula/historias-del-buen-valle/,https://media.pillalas.com/imagenes/726afb526abffa838aaf07790a37e874c7509f5af4e227ab1664533c196269093a9c8841.jpg,Castellano,Pendiente de calificación,Viernes 13 Febrero 2026,Documental,"En el paisaje indefinido de un barrio periférico, entre el mundo rural y el urbano, coexisten las casas levantadas por los primeros migrantes, quienes llegaron de toda España tras la posguerra…, y los nuevos bloques y viviendas de la ciudad dormitorio, donde se concentra la nueva migración, convirtiendo este humilde rincón en una auténtica aldea global. Historias del buen valle es una suma de imaginarios, de conflictos sociales, generacionales e identitarios, urbanísticos y ecológicos; pero es también una mirada reposada y humanista sobre el mundo actual."
HISTORIAS DEL BUEN VALLE,José Luis Guerin,122,02,22:30,2026-02-16,Renoir Plaza de España,https://www.cinesrenoir.com/pelicula/historias-del-buen-valle/,https://media.pillalas.com/imagenes/726afb526abffa838aaf07790a37e874c7509f5af4e227ab1664533c196269093a9c8841.jpg,Castellano,Pendiente de calificación,Viernes 13 Febrero 2026,Documental,"En el paisaje indefinido de un barrio periférico, entre el mundo rural y el urbano, coexisten las casas levantadas por los primeros migrantes, quienes llegaron de toda España tras la posguerra…, y los nuevos bloques y viviendas de la ciudad dormitorio, donde se concentra la nueva migración, convirtiendo este humilde rincón en una auténtica aldea global. Historias del buen valle es una suma de imaginarios, de conflictos sociales, generacionales e identitarios, urbanísticos y ecológicos; pero es también una mirada reposada y humanista sobre el mundo actual."
LA CHICA ZURDA,Shih-Ching Tsou,108,02,16:00,2026-02-16,Renoir Plaza de España,https://www.cinesrenoir.com/pelicula/la-chica-zurda/,https://media.pillalas.com/imagenes/726afb526abffa83e5ee5674d1ac0b73f39c1d9ebacca7f6a4c573d6423a82f140c7a520.jpg,Mandarín,No recomendada para menores de 12 años,Viernes 30 Enero 2026,"Shi-Yuan Ma, Janel Tsai, Nina Ye, Teng-Hui Huang, Akio Chen, Blaire Chang, Xin-Yan Chao","La pequeña I-Jing corretea con curiosidad por las calles de un mercado nocturno de Taipei, entre neones, motocicletas y toda clase de puestos de comida como el que regenta su madre, que trata de sacar adelante a la niña y a su hermana mayor."
LA CHICA ZURDA,Shih-Ching Tsou,108,05,18:20,2026-02-16,Renoir Plaza de España,https://www.cinesrenoir.com/pelicula/la-chica-zurda/,https://media.pillalas.com/imagenes/726afb526abffa83e5ee5674d1ac0b73f39c1d9ebacca7f6a4c573d6423a82f140c7a520.jpg,Mandarín,No recomendada para menores de 12 años,Viernes 30 Enero 2026,"Shi-Yuan Ma, Janel Tsai, Nina Ye, Teng-Hui Huang, Akio Chen, Blaire Chang, Xin-Yan Chao","La pequeña I-Jing corretea con curiosidad por las calles de un mercado nocturno de Taipei, entre neones, motocicletas y toda clase de puestos de comida como el que regenta su madre, que trata de sacar adelante a la niña y a su hermana mayor."
LA CHICA ZURDA,Shih-Ching Tsou,108,02,20:25,2026-02-16,Renoir Plaza de España,https://www.cinesrenoir.com/pelicula/la-chica-zurda/,https://media.pillalas.com/imagenes/726afb526abffa83e5ee5674d1ac0b73f39c1d9ebacca7f6a4c573d6423a82f140c7a520.jpg,Mandarín,No recomendada para menores de 12 años,Viernes 30 Enero 2026,"Shi-Yuan Ma, Janel Tsai, Nina Ye, Teng-Hui Huang, Akio Chen, Blaire Chang, Xin-Yan Chao","La pequeña I-Jing corretea con curiosidad por las calles de un mercado nocturno de Taipei, entre neones, motocicletas y toda clase de puestos de comida como el que regenta su madre, que trata de sacar adelante a la niña y a su hermana mayor."
LA CHICA ZURDA,Shih-Ching Tsou,108,05,22:45,2026-02-16,Renoir Plaza de España,https://www.cinesrenoir.com/pelicula/la-chica-zurda/,https://media.pillalas.com/imagenes/726afb526abffa83e5ee5674d1ac0b73f39c1d9ebacca7f6a4c573d6423a82f140c7a520.jpg,Mandarín,No recomendada para menores de 12 años,Viernes 30 Enero 2026,"Shi-Yuan Ma, Janel Tsai, Nina Ye, Teng-Hui Huang, Akio Chen, Blaire Chang, Xin-Yan Chao","La pequeña I-Jing corretea con curiosidad por las calles de un mercado nocturno de Taipei, entre neones, motocicletas y toda clase de puestos de comida como el que regenta su madre, que trata de sacar adelante a la niña y a su hermana mayor."
LA TARTA DEL PRESIDENTE,Hasan Hadi,105,03,16:00,2026-02-16,Renoir Plaza de España,https://www.cinesrenoir.com/pelicula/20260216050507-la-tarta-del-presidente/,https://media.pillalas.com/imagenes/726afb526abffa83eda64f8b418bec544f18146f6ca2869a88655e1df49985337de64299.jpg,Iraquí,No recomendada para menores de 12 años,Viernes 6 Febrero 2026,"Baneen Ahmad Nayyef, Waheed Thabet Khreibat, Sajad Mohamad Qasem, Muthanna Malaghi, Ahmad Qasem Saywan, Maytham Mreidi, Rahim Alhaj, Thaer Salem, Fatima Abouharoon","Irak, años noventa. La pequeña Lamia recibe la misión de preparar una tarta con motivo del cumpleaños del presidente Sadam Huseín. Acompañada por su amigo Saeed y con su gallo Hindi a cuestas, recorre Bagdad en busca de los ingredientes, viviendo una serie de peripecias que alterarán por completo su vida cotidiana."
LA TARTA DEL PRESIDENTE,Hasan Hadi,105,01,18:10,2026-02-16,Renoir Plaza de España,https://www.cinesrenoir.com/pelicula/20260216050507-la-tarta-del-presidente/,https://media.pillalas.com/imagenes/726afb526abffa83eda64f8b418bec544f18146f6ca2869a88655e1df49985337de64299.jpg,Iraquí,No recomendada para menores de 12 años,Viernes 6 Febrero 2026,"Baneen Ahmad Nayyef, Waheed Thabet Khreibat, Sajad Mohamad Qasem, Muthanna Malaghi, Ahmad Qasem Saywan, Maytham Mreidi, Rahim Alhaj, Thaer Salem, Fatima Abouharoon","Irak, años noventa. La pequeña Lamia recibe la misión de preparar una tarta con motivo del cumpleaños del presidente Sadam Huseín. Acompañada por su amigo Saeed y con su gallo Hindi a cuestas, recorre Bagdad en busca de los ingredientes, viviendo una serie de peripecias que alterarán por completo su vida cotidiana."
LA TARTA DEL PRESIDENTE,Hasan Hadi,105,03,20:35,2026-02-16,Renoir Plaza de España,https://www.cinesrenoir.com/pelicula/20260216050507-la-tarta-del-presidente/,https://media.pillalas.com/imagenes/726afb526abffa83eda64f8b418bec544f18146f6ca2869a88655e1df49985337de64299.jpg,Iraquí,No recomendada para menores de 12 años,Viernes 6 Febrero 2026,"Baneen Ahmad Nayyef, Waheed Thabet Khreibat, Sajad Mohamad Qasem, Muthanna Malaghi, Ahmad Qasem Saywan, Maytham Mreidi, Rahim Alhaj, Thaer Salem, Fatima Abouharoon","Irak, años noventa. La pequeña Lamia recibe la misión de preparar una tarta con motivo del cumpleaños del presidente Sadam Huseín. Acompañada por su amigo Saeed y con su gallo Hindi a cuestas, recorre Bagdad en busca de los ingredientes, viviendo una serie de peripecias que alterarán por completo su vida cotidiana."
LA TARTA DEL PRESIDENTE,Hasan Hadi,105,01,22:45,2026-02-16,Renoir Plaza de España,https://www.cinesrenoir.com/pelicula/20260216050507-la-tarta-del-presidente/,https://media.pillalas.com/imagenes/726afb526abffa83eda64f8b418bec544f18146f6ca2869a88655e1df49985337de64299.jpg,Iraquí,No recomendada para menores de 12 años,Viernes 6 Febrero 2026,"Baneen Ahmad Nayyef, Waheed Thabet Khreibat, Sajad Mohamad Qasem, Muthanna Malaghi, Ahmad Qasem Saywan, Maytham Mreidi, Rahim Alhaj, Thaer Salem, Fatima Abouharoon","Irak, años noventa. La pequeña Lamia recibe la misión de preparar una tarta con motivo del cumpleaños del presidente Sadam Huseín. Acompañada por su amigo Saeed y con su gallo Hindi a cuestas, recorre Bagdad en busca de los ingredientes, viviendo una serie de peripecias que alterarán por completo su vida cotidiana."
NO HAY OTRA OPCIÓN,Park Chan-Wook,139,04,16:00,2026-02-16,Renoir Plaza de España,https://www.cinesrenoir.com/pelicula/no-hay-otra-opcion/,https://media.pillalas.com/imagenes/726afb526abffa83e98cada230d2630d116aedb31df5c86003a13faa95ff7aebd1eaf59a.jpg,Coreano,Pendiente de calificación,Viernes 13 Febrero 2026,"Lee Byung-Hun, Son Ye-Jin, Lee Sung-Min, Yeom Hye-Ran, Park Hee-Soon, Cha Seung-Won, Yoo Yeon-Seok","La historia sigue a un hombre de mediana edad llamado Man-su que se embarca decidido en una búsqueda de trabajo tras ser despedido inesperadamente de la compañía de papel en la que trabajó durante 25 años. ""Si no hay una vacante para mí, tendré que crear una para que me contraten. No hay otra opción"". Adaptación de la novela ""The Ax"" de Donald E. Westlake, que ya fue llevada al cine en la película ""Arcadia"", dirigida por Costa-Gavras en 2005."
NO HAY OTRA OPCIÓN,Park Chan-Wook,139,03,18:00,2026-02-16,Renoir Plaza de España,https://www.cinesrenoir.com/pelicula/no-hay-otra-opcion/,https://media.pillalas.com/imagenes/726afb526abffa83e98cada230d2630d116aedb31df5c86003a13faa95ff7aebd1eaf59a.jpg,Coreano,Pendiente de calificación,Viernes 13 Febrero 2026,"Lee Byung-Hun, Son Ye-Jin, Lee Sung-Min, Yeom Hye-Ran, Park Hee-Soon, Cha Seung-Won, Yoo Yeon-Seok","La historia sigue a un hombre de mediana edad llamado Man-su que se embarca decidido en una búsqueda de trabajo tras ser despedido inesperadamente de la compañía de papel en la que trabajó durante 25 años. ""Si no hay una vacante para mí, tendré que crear una para que me contraten. No hay otra opción"". Adaptación de la novela ""The Ax"" de Donald E. Westlake, que ya fue llevada al cine en la película ""Arcadia"", dirigida por Costa-Gavras en 2005."
NO HAY OTRA OPCIÓN,Park Chan-Wook,139,01,20:10,2026-02-16,Renoir Plaza de España,https://www.cinesrenoir.com/pelicula/no-hay-otra-opcion/,https://media.pillalas.com/imagenes/726afb526abffa83e98cada230d2630d116aedb31df5c86003a13faa95ff7aebd1eaf59a.jpg,Coreano,Pendiente de calificación,Viernes 13 Febrero 2026,"Lee Byung-Hun, Son Ye-Jin, Lee Sung-Min, Yeom Hye-Ran, Park Hee-Soon, Cha Seung-Won, Yoo Yeon-Seok","La historia sigue a un hombre de mediana edad llamado Man-su que se embarca decidido en una búsqueda de trabajo tras ser despedido inesperadamente de la compañía de papel en la que trabajó durante 25 años. ""Si no hay una vacante para mí, tendré que crear una para que me contraten. No hay otra opción"". Adaptación de la novela ""The Ax"" de Donald E. Westlake, que ya fue llevada al cine en la película ""Arcadia"", dirigida por Costa-Gavras en 2005."
NO HAY OTRA OPCIÓN,Park Chan-Wook,139,03,22:40,2026-02-16,Renoir Plaza de España,https://www.cinesrenoir.com/pelicula/no-hay-otra-opcion/,https://media.pillalas.com/imagenes/726afb526abffa83e98cada230d2630d116aedb31df5c86003a13faa95ff7aebd1eaf59a.jpg,Coreano,Pendiente de calificación,Viernes 13 Febrero 2026,"Lee Byung-Hun, Son Ye-Jin, Lee Sung-Min, Yeom Hye-Ran, Park Hee-Soon, Cha Seung-Won, Yoo Yeon-Seok","La historia sigue a un hombre de mediana edad llamado Man-su que se embarca decidido en una búsqueda de trabajo tras ser despedido inesperadamente de la compañía de papel en la que trabajó durante 25 años. ""Si no hay una vacante para mí, tendré que crear una para que me contraten. No hay otra opción"". Adaptación de la novela ""The Ax"" de Donald E. Westlake, que ya fue llevada al cine en la película ""Arcadia"", dirigida por Costa-Gavras en 2005."
RONDALLAS,Daniel Sánchez Arévalo,112,01,16:00,2026-02-16,Renoir Plaza de España,https://www.cinesrenoir.com/pelicula/rondallas/,https://media.pillalas.com/imagenes/726afb526abffa837e9904cf9605e92b548ae9aee41492f9aff2d6b9abb046215ab8ce23.jpg,Castellano,No recomendada para menores de 12 años,Jueves 1 Enero 2026,"Javier Gutiérrez, María Vázquez, Judith Fernández, Tamar Novas, Carlos Blanco, Fer Fraga, Xosé A. Touriñán, Marta Larralde, Lola López Rodríguez","Dos años después del trágico naufragio de un barco pesquero que sacudió a un pequeño pueblo marinero gallego, algunos miembros de la rondalla, una agrupación de música tradicional en la que participan desde niños hasta ancianos, deciden que ya es hora de recuperar la ilusión y dejar el luto atrás. Por ello vuelven a unirse para ponerla en marcha con la intención de competir en un concurso contra los pueblos vecinos, pero sobre todo de empezar a mirar hacia delante de nuevo."
RONDALLAS,Daniel Sánchez Arévalo,112,04,18:35,2026-02-16,Renoir Plaza de España,https://www.cinesrenoir.com/pelicula/rondallas/,https://media.pillalas.com/imagenes/726afb526abffa837e9904cf9605e92b548ae9aee41492f9aff2d6b9abb046215ab8ce23.jpg,Castellano,No recomendada para menores de 12 años,Jueves 1 Enero 2026,"Javier Gutiérrez, María Vázquez, Judith Fernández, Tamar Novas, Carlos Blanco, Fer Fraga, Xosé A. Touriñán, Marta Larralde, Lola López Rodríguez","Dos años después del trágico naufragio de un barco pesquero que sacudió a un pequeño pueblo marinero gallego, algunos miembros de la rondalla, una agrupación de música tradicional en la que participan desde niños hasta ancianos, deciden que ya es hora de recuperar la ilusión y dejar el luto atrás. Por ello vuelven a unirse para ponerla en marcha con la intención de competir en un concurso contra los pueblos vecinos, pero sobre todo de empezar a mirar hacia delante de nuevo."
RONDALLAS,Daniel Sánchez Arévalo,112,04,20:40,2026-02-16,Renoir Plaza de España,https://www.cinesrenoir.com/pelicula/rondallas/,https://media.pillalas.com/imagenes/726afb526abffa837e9904cf9605e92b548ae9aee41492f9aff2d6b9abb046215ab8ce23.jpg,Castellano,No recomendada para menores de 12 años,Jueves 1 Enero 2026,"Javier Gutiérrez, María Vázquez, Judith Fernández, Tamar Novas, Carlos Blanco, Fer Fraga, Xosé A. Touriñán, Marta Larralde, Lola López Rodríguez","Dos años después del trágico naufragio de un barco pesquero que sacudió a un pequeño pueblo marinero gallego, algunos miembros de la rondalla, una agrupación de música tradicional en la que participan desde niños hasta ancianos, deciden que ya es hora de recuperar la ilusión y dejar el luto atrás. Por ello vuelven a unirse para ponerla en marcha con la intención de competir en un concurso contra los pueblos vecinos, pero sobre todo de empezar a mirar hacia delante de nuevo."
RONDALLAS,Daniel Sánchez Arévalo,112,04,22:45,2026-02-16,Renoir Plaza de España,https://www.cinesrenoir.com/pelicula/rondallas/,https://media.pillalas.com/imagenes/726afb526abffa837e9904cf9605e92b548ae9aee41492f9aff2d6b9abb046215ab8ce23.jpg,Castellano,No recomendada para menores de 12 años,Jueves 1 Enero 2026,"Javier Gutiérrez, María Vázquez, Judith Fernández, Tamar Novas, Carlos Blanco, Fer Fraga, Xosé A. Touriñán, Marta Larralde, Lola López Rodríguez","Dos años después del trágico naufragio de un barco pesquero que sacudió a un pequeño pueblo marinero gallego, algunos miembros de la rondalla, una agrupación de música tradicional en la que participan desde niños hasta ancianos, deciden que ya es hora de recuperar la ilusión y dejar el luto atrás. Por ello vuelven a unirse para ponerla en marcha con la intención de competir en un concurso contra los pueblos vecinos, pero sobre todo de empezar a mirar hacia delante de nuevo."
HISTORIAS DEL BUEN VALLE,José Luis Guerin,122,05,16:00,2026-02-17,Renoir Plaza de España,https://www.cinesrenoir.com/pelicula/historias-del-buen-valle/,https://media.pillalas.com/imagenes/726afb526abffa838aaf07790a37e874c7509f5af4e227ab1664533c196269093a9c8841.jpg,Castellano,Pendiente de calificación,Viernes 13 Febrero 2026,Documental,"En el paisaje indefinido de un barrio periférico, entre el mundo rural y el urbano, coexisten las casas levantadas por los primeros migrantes, quienes llegaron de toda España tras la posguerra…, y los nuevos bloques y viviendas de la ciudad dormitorio, donde se concentra la nueva migración, convirtiendo este humilde rincón en una auténtica aldea global. Historias del buen valle es una suma de imaginarios, de conflictos sociales, generacionales e identitarios, urbanísticos y ecológicos; pero es también una mirada reposada y humanista sobre el mundo actual."
HISTORIAS DEL BUEN VALLE,José Luis Guerin,122,02,18:05,2026-02-17,Renoir Plaza de España,https://www.cinesrenoir.com/pelicula/historias-del-buen-valle/,https://media.pillalas.com/imagenes/726afb526abffa838aaf07790a37e874c7509f5af4e227ab1664533c196269093a9c8841.jpg,Castellano,Pendiente de calificación,Viernes 13 Febrero 2026,Documental,"En el paisaje indefinido de un barrio periférico, entre el mundo rural y el urbano, coexisten las casas levantadas por los primeros migrantes, quienes llegaron de toda España tras la posguerra…, y los nuevos bloques y viviendas de la ciudad dormitorio, donde se concentra la nueva migración, convirtiendo este humilde rincón en una auténtica aldea global. Historias del buen valle es una suma de imaginarios, de conflictos sociales, generacionales e identitarios, urbanísticos y ecológicos; pero es también una mirada reposada y humanista sobre el mundo actual."
HISTORIAS DEL BUEN VALLE,José Luis Guerin,122,05,20:25,2026-02-17,Renoir Plaza de España,https://www.cinesrenoir.com/pelicula/historias-del-buen-valle/,https://media.pillalas.com/imagenes/726afb526abffa838aaf07790a37e874c7509f5af4e227ab1664533c196269093a9c8841.jpg,Castellano,Pendiente de calificación,Viernes 13 Febrero 2026,Documental,"En el paisaje indefinido de un barrio periférico, entre el mundo rural y el urbano, coexisten las casas levantadas por los primeros migrantes, quienes llegaron de toda España tras la posguerra…, y los nuevos bloques y viviendas de la ciudad dormitorio, donde se concentra la nueva migración, convirtiendo este humilde rincón en una auténtica aldea global. Historias del buen valle es una suma de imaginarios, de conflictos sociales, generacionales e identitarios, urbanísticos y ecológicos; pero es también una mirada reposada y humanista sobre el mundo actual."
HISTORIAS DEL BUEN VALLE,José Luis Guerin,122,02,22:30,2026-02-17,Renoir Plaza de España,https://www.cinesrenoir.com/pelicula/historias-del-buen-valle/,https://media.pillalas.com/imagenes/726afb526abffa838aaf07790a37e874c7509f5af4e227ab1664533c196269093a9c8841.jpg,Castellano,Pendiente de calificación,Viernes 13 Febrero 2026,Documental,"En el paisaje indefinido de un barrio periférico, entre el mundo rural y el urbano, coexisten las casas levantadas por los primeros migrantes, quienes llegaron de toda España tras la posguerra…, y los nuevos bloques y viviendas de la ciudad dormitorio, donde se concentra la nueva migración, convirtiendo este humilde rincón en una auténtica aldea global. Historias del buen valle es una suma de imaginarios, de conflictos sociales, generacionales e identitarios, urbanísticos y ecológicos; pero es también una mirada reposada y humanista sobre el mundo actual."
LA CHICA ZURDA,Shih-Ching Tsou,108,02,16:00,2026-02-17,Renoir Plaza de España,https://www.cinesrenoir.com/pelicula/la-chica-zurda/,https://media.pillalas.com/imagenes/726afb526abffa83e5ee5674d1ac0b73f39c1d9ebacca7f6a4c573d6423a82f140c7a520.jpg,Mandarín,No recomendada para menores de 12 años,Viernes 30 Enero 2026,"Shi-Yuan Ma, Janel Tsai, Nina Ye, Teng-Hui Huang, Akio Chen, Blaire Chang, Xin-Yan Chao","La pequeña I-Jing corretea con curiosidad por las calles de un mercado nocturno de Taipei, entre neones, motocicletas y toda clase de puestos de comida como el que regenta su madre, que trata de sacar adelante a la niña y a su hermana mayor."
LA CHICA ZURDA,Shih-Ching Tsou,108,05,18:20,2026-02-17,Renoir Plaza de España,https://www.cinesrenoir.com/pelicula/la-chica-zurda/,https://media.pillalas.com/imagenes/726afb526abffa83e5ee5674d1ac0b73f39c1d9ebacca7f6a4c573d6423a82f140c7a520.jpg,Mandarín,No recomendada para menores de 12 años,Viernes 30 Enero 2026,"Shi-Yuan Ma, Janel Tsai, Nina Ye, Teng-Hui Huang, Akio Chen, Blaire Chang, Xin-Yan Chao","La pequeña I-Jing corretea con curiosidad por las calles de un mercado nocturno de Taipei, entre neones, motocicletas y toda clase de puestos de comida como el que regenta su madre, que trata de sacar adelante a la niña y a su hermana mayor."
LA CHICA ZURDA,Shih-Ching Tsou,108,02,20:25,2026-02-17,Renoir Plaza de España,https://www.cinesrenoir.com/pelicula/la-chica-zurda/,https://media.pillalas.com/imagenes/726afb526abffa83e5ee5674d1ac0b73f39c1d9ebacca7f6a4c573d6423a82f140c7a520.jpg,Mandarín,No recomendada para menores de 12 años,Viernes 30 Enero 2026,"Shi-Yuan Ma, Janel Tsai, Nina Ye, Teng-Hui Huang, Akio Chen, Blaire Chang, Xin-Yan Chao","La pequeña I-Jing corretea con curiosidad por las calles de un mercado nocturno de Taipei, entre neones, motocicletas y toda clase de puestos de comida como el que regenta su madre, que trata de sacar adelante a la niña y a su hermana mayor."
LA CHICA ZURDA,Shih-Ching Tsou,108,05,22:45,2026-02-17,Renoir Plaza de España,https://www.cinesrenoir.com/pelicula/la-chica-zurda/,https://media.pillalas.com/imagenes/726afb526abffa83e5ee5674d1ac0b73f39c1d9ebacca7f6a4c573d6423a82f140c7a520.jpg,Mandarín,No recomendada para menores de 12 años,Viernes 30 Enero 2026,"Shi-Yuan Ma, Janel Tsai, Nina Ye, Teng-Hui Huang, Akio Chen, Blaire Chang, Xin-Yan Chao","La pequeña I-Jing corretea con curiosidad por las calles de un mercado nocturno de Taipei, entre neones, motocicletas y toda clase de puestos de comida como el que regenta su madre, que trata de sacar adelante a la niña y a su hermana mayor."
LA TARTA DEL PRESIDENTE,Hasan Hadi,105,03,16:00,2026-02-17,Renoir Plaza de España,https://www.cinesrenoir.com/pelicula/20260216050507-la-tarta-del-presidente/,https://media.pillalas.com/imagenes/726afb526abffa83eda64f8b418bec544f18146f6ca2869a88655e1df49985337de64299.jpg,Iraquí,No recomendada para menores de 12 años,Viernes 6 Febrero 2026,"Baneen Ahmad Nayyef, Waheed Thabet Khreibat, Sajad Mohamad Qasem, Muthanna Malaghi, Ahmad Qasem Saywan, Maytham Mreidi, Rahim Alhaj, Thaer Salem, Fatima Abouharoon","Irak, años noventa. La pequeña Lamia recibe la misión de preparar una tarta con motivo del cumpleaños del presidente Sadam Huseín. Acompañada por su amigo Saeed y con su gallo Hindi a cuestas, recorre Bagdad en busca de los ingredientes, viviendo una serie de peripecias que alterarán por completo su vida cotidiana."
LA TARTA DEL PRESIDENTE,Hasan Hadi,105,01,18:10,2026-02-17,Renoir Plaza de España,https://www.cinesrenoir.com/pelicula/20260216050507-la-tarta-del-presidente/,https://media.pillalas.com/imagenes/726afb526abffa83eda64f8b418bec544f18146f6ca2869a88655e1df49985337de64299.jpg,Iraquí,No recomendada para menores de 12 años,Viernes 6 Febrero 2026,"Baneen Ahmad Nayyef, Waheed Thabet Khreibat, Sajad Mohamad Qasem, Muthanna Malaghi, Ahmad Qasem Saywan, Maytham Mreidi, Rahim Alhaj, Thaer Salem, Fatima Abouharoon","Irak, años noventa. La pequeña Lamia recibe la misión de preparar una tarta con motivo del cumpleaños del presidente Sadam Huseín. Acompañada por su amigo Saeed y con su gallo Hindi a cuestas, recorre Bagdad en busca de los ingredientes, viviendo una serie de peripecias que alterarán por completo su vida cotidiana."
LA TARTA DEL PRESIDENTE,Hasan Hadi,105,03,20:35,2026-02-17,Renoir Plaza de España,https://www.cinesrenoir.com/pelicula/20260216050507-la-tarta-del-presidente/,https://media.pillalas.com/imagenes/726afb526abffa83eda64f8b418bec544f18146f6ca2869a88655e1df49985337de64299.jpg,Iraquí,No recomendada para menores de 12 años,Viernes 6 Febrero 2026,"Baneen Ahmad Nayyef, Waheed Thabet Khreibat, Sajad Mohamad Qasem, Muthanna Malaghi, Ahmad Qasem Saywan, Maytham Mreidi, Rahim Alhaj, Thaer Salem, Fatima Abouharoon","Irak, años noventa. La pequeña Lamia recibe la misión de preparar una tarta con motivo del cumpleaños del presidente Sadam Huseín. Acompañada por su amigo Saeed y con su gallo Hindi a cuestas, recorre Bagdad en busca de los ingredientes, viviendo una serie de peripecias que alterarán por completo su vida cotidiana."
LA TARTA DEL PRESIDENTE,Hasan Hadi,105,01,22:45,2026-02-17,Renoir Plaza de España,https://www.cinesrenoir.com/pelicula/20260216050507-la-tarta-del-presidente/,https://media.pillalas.com/imagenes/726afb526abffa83eda64f8b418bec544f18146f6ca2869a88655e1df49985337de64299.jpg,Iraquí,No recomendada para menores de 12 años,Viernes 6 Febrero 2026,"Baneen Ahmad Nayyef, Waheed Thabet Khreibat, Sajad Mohamad Qasem, Muthanna Malaghi, Ahmad Qasem Saywan, Maytham Mreidi, Rahim Alhaj, Thaer Salem, Fatima Abouharoon","Irak, años noventa. La pequeña Lamia recibe la misión de preparar una tarta con motivo del cumpleaños del presidente Sadam Huseín. Acompañada por su amigo Saeed y con su gallo Hindi a cuestas, recorre Bagdad en busca de los ingredientes, viviendo una serie de peripecias que alterarán por completo su vida cotidiana."
NO HAY OTRA OPCIÓN,Park Chan-Wook,139,04,16:00,2026-02-17,Renoir Plaza de España,https://www.cinesrenoir.com/pelicula/no-hay-otra-opcion/,https://media.pillalas.com/imagenes/726afb526abffa83e98cada230d2630d116aedb31df5c86003a13faa95ff7aebd1eaf59a.jpg,Coreano,Pendiente de calificación,Viernes 13 Febrero 2026,"Lee Byung-Hun, Son Ye-Jin, Lee Sung-Min, Yeom Hye-Ran, Park Hee-Soon, Cha Seung-Won, Yoo Yeon-Seok","La historia sigue a un hombre de mediana edad llamado Man-su que se embarca decidido en una búsqueda de trabajo tras ser despedido inesperadamente de la compañía de papel en la que trabajó durante 25 años. ""Si no hay una vacante para mí, tendré que crear una para que me contraten. No hay otra opción"". Adaptación de la novela ""The Ax"" de Donald E. Westlake, que ya fue llevada al cine en la película ""Arcadia"", dirigida por Costa-Gavras en 2005."
NO HAY OTRA OPCIÓN,Park Chan-Wook,139,03,18:00,2026-02-17,Renoir Plaza de España,https://www.cinesrenoir.com/pelicula/no-hay-otra-opcion/,https://media.pillalas.com/imagenes/726afb526abffa83e98cada230d2630d116aedb31df5c86003a13faa95ff7aebd1eaf59a.jpg,Coreano,Pendiente de calificación,Viernes 13 Febrero 2026,"Lee Byung-Hun, Son Ye-Jin, Lee Sung-Min, Yeom Hye-Ran, Park Hee-Soon, Cha Seung-Won, Yoo Yeon-Seok","La historia sigue a un hombre de mediana edad llamado Man-su que se embarca decidido en una búsqueda de trabajo tras ser despedido inesperadamente de la compañía de papel en la que trabajó durante 25 años. ""Si no hay una vacante para mí, tendré que crear una para que me contraten. No hay otra opción"". Adaptación de la novela ""The Ax"" de Donald E. Westlake, que ya fue llevada al cine en la película ""Arcadia"", dirigida por Costa-Gavras en 2005."
NO HAY OTRA OPCIÓN,Park Chan-Wook,139,01,20:10,2026-02-17,Renoir Plaza de España,https://www.cinesrenoir.com/pelicula/no-hay-otra-opcion/,https://media.pillalas.com/imagenes/726afb526abffa83e98cada230d2630d116aedb31df5c86003a13faa95ff7aebd1eaf59a.jpg,Coreano,Pendiente de calificación,Viernes 13 Febrero 2026,"Lee Byung-Hun, Son Ye-Jin, Lee Sung-Min, Yeom Hye-Ran, Park Hee-Soon, Cha Seung-Won, Yoo Yeon-Seok","La historia sigue a un hombre de mediana edad llamado Man-su que se embarca decidido en una búsqueda de trabajo tras ser despedido inesperadamente de la compañía de papel en la que trabajó durante 25 años. ""Si no hay una vacante para mí, tendré que crear una para que me contraten. No hay otra opción"". Adaptación de la novela ""The Ax"" de Donald E. Westlake, que ya fue llevada al cine en la película ""Arcadia"", dirigida por Costa-Gavras en 2005."
NO HAY OTRA OPCIÓN,Park Chan-Wook,139,03,22:40,2026-02-17,Renoir Plaza de España,https://www.cinesrenoir.com/pelicula/no-hay-otra-opcion/,https://media.pillalas.com/imagenes/726afb526abffa83e98cada230d2630d116aedb31df5c86003a13faa95ff7aebd1eaf59a.jpg,Coreano,Pendiente de calificación,Viernes 13 Febrero 2026,"Lee Byung-Hun, Son Ye-Jin, Lee Sung-Min, Yeom Hye-Ran, Park Hee-Soon, Cha Seung-Won, Yoo Yeon-Seok","La historia sigue a un hombre de mediana edad llamado Man-su que se embarca decidido en una búsqueda de trabajo tras ser despedido inesperadamente de la compañía de papel en la que trabajó durante 25 años. ""Si no hay una vacante para mí, tendré que crear una para que me contraten. No hay otra opción"". Adaptación de la novela ""The Ax"" de Donald E. Westlake, que ya fue llevada al cine en la película ""Arcadia"", dirigida por Costa-Gavras en 2005."
RONDALLAS,Daniel Sánchez Arévalo,112,01,16:00,2026-02-17,Renoir Plaza de España,https://www.cinesrenoir.com/pelicula/rondallas/,https://media.pillalas.com/imagenes/726afb526abffa837e9904cf9605e92b548ae9aee41492f9aff2d6b9abb046215ab8ce23.jpg,Castellano,No recomendada para menores de 12 años,Jueves 1 Enero 2026,"Javier Gutiérrez, María Vázquez, Judith Fernández, Tamar Novas, Carlos Blanco, Fer Fraga, Xosé A. Touriñán, Marta Larralde, Lola López Rodríguez","Dos años después del trágico naufragio de un barco pesquero que sacudió a un pequeño pueblo marinero gallego, algunos miembros de la rondalla, una agrupación de música tradicional en la que participan desde niños hasta ancianos, deciden que ya es hora de recuperar la ilusión y dejar el luto atrás. Por ello vuelven a unirse para ponerla en marcha con la intención de competir en un concurso contra los pueblos vecinos, pero sobre todo de empezar a mirar hacia delante de nuevo."
RONDALLAS,Daniel Sánchez Arévalo,112,04,18:35,2026-02-17,Renoir Plaza de España,https://www.cinesrenoir.com/pelicula/rondallas/,https://media.pillalas.com/imagenes/726afb526abffa837e9904cf9605e92b548ae9aee41492f9aff2d6b9abb046215ab8ce23.jpg,Castellano,No recomendada para menores de 12 años,Jueves 1 Enero 2026,"Javier Gutiérrez, María Vázquez, Judith Fernández, Tamar Novas, Carlos Blanco, Fer Fraga, Xosé A. Touriñán, Marta Larralde, Lola López Rodríguez","Dos años después del trágico naufragio de un barco pesquero que sacudió a un pequeño pueblo marinero gallego, algunos miembros de la rondalla, una agrupación de música tradicional en la que participan desde niños hasta ancianos, deciden que ya es hora de recuperar la ilusión y dejar el luto atrás. Por ello vuelven a unirse para ponerla en marcha con la intención de competir en un concurso contra los pueblos vecinos, pero sobre todo de empezar a mirar hacia delante de nuevo."
RONDALLAS,Daniel Sánchez Arévalo,112,04,20:40,2026-02-17,Renoir Plaza de España,https://www.cinesrenoir.com/pelicula/rondallas/,https://media.pillalas.com/imagenes/726afb526abffa837e9904cf9605e92b548ae9aee41492f9aff2d6b9abb046215ab8ce23.jpg,Castellano,No recomendada para menores de 12 años,Jueves 1 Enero 2026,"Javier Gutiérrez, María Vázquez, Judith Fernández, Tamar Novas, Carlos Blanco, Fer Fraga, Xosé A. Touriñán, Marta Larralde, Lola López Rodríguez","Dos años después del trágico naufragio de un barco pesquero que sacudió a un pequeño pueblo marinero gallego, algunos miembros de la rondalla, una agrupación de música tradicional en la que participan desde niños hasta ancianos, deciden que ya es hora de recuperar la ilusión y dejar el luto atrás. Por ello vuelven a unirse para ponerla en marcha con la intención de competir en un concurso contra los pueblos vecinos, pero sobre todo de empezar a mirar hacia delante de nuevo."
RONDALLAS,Daniel Sánchez Arévalo,112,04,22:45,2026-02-17,Renoir Plaza de España,https://www.cinesrenoir.com/pelicula/rondallas/,https://media.pillalas.com/imagenes/726afb526abffa837e9904cf9605e92b548ae9aee41492f9aff2d6b9abb046215ab8ce23.jpg,Castellano,No recomendada para menores de 12 años,Jueves 1 Enero 2026,"Javier Gutiérrez, María Vázquez, Judith Fernández, Tamar Novas, Carlos Blanco, Fer Fraga, Xosé A. Touriñán, Marta Larralde, Lola López Rodríguez","Dos años después del trágico naufragio de un barco pesquero que sacudió a un pequeño pueblo marinero gallego, algunos miembros de la rondalla, una agrupación de música tradicional en la que participan desde niños hasta ancianos, deciden que ya es hora de recuperar la ilusión y dejar el luto atrás. Por ello vuelven a unirse para ponerla en marcha con la intención de competir en un concurso contra los pueblos vecinos, pero sobre todo de empezar a mirar hacia delante de nuevo."
HISTORIAS DEL BUEN VALLE,José Luis Guerin,122,05,16:00,2026-02-18,Renoir Plaza de España,https://www.cinesrenoir.com/pelicula/historias-del-buen-valle/,https://media.pillalas.com/imagenes/726afb526abffa838aaf07790a37e874c7509f5af4e227ab1664533c196269093a9c8841.jpg,Castellano,Pendiente de calificación,Viernes 13 Febrero 2026,Documental,"En el paisaje indefinido de un barrio periférico, entre el mundo rural y el urbano, coexisten las casas levantadas por los primeros migrantes, quienes llegaron de toda España tras la posguerra…, y los nuevos bloques y viviendas de la ciudad dormitorio, donde se concentra la nueva migración, convirtiendo este humilde rincón en una auténtica aldea global. Historias del buen valle es una suma de imaginarios, de conflictos sociales, generacionales e identitarios, urbanísticos y ecológicos; pero es también una mirada reposada y humanista sobre el mundo actual."
HISTORIAS DEL BUEN VALLE,José Luis Guerin,122,02,18:05,2026-02-18,Renoir Plaza de España,https://www.cinesrenoir.com/pelicula/historias-del-buen-valle/,https://media.pillalas.com/imagenes/726afb526abffa838aaf07790a37e874c7509f5af4e227ab1664533c196269093a9c8841.jpg,Castellano,Pendiente de calificación,Viernes 13 Febrero 2026,Documental,"En el paisaje indefinido de un barrio periférico, entre el mundo rural y el urbano, coexisten las casas levantadas por los primeros migrantes, quienes llegaron de toda España tras la posguerra…, y los nuevos bloques y viviendas de la ciudad dormitorio, donde se concentra la nueva migración, convirtiendo este humilde rincón en una auténtica aldea global. Historias del buen valle es una suma de imaginarios, de conflictos sociales, generacionales e identitarios, urbanísticos y ecológicos; pero es también una mirada reposada y humanista sobre el mundo actual."
HISTORIAS DEL BUEN VALLE,José Luis Guerin,122,05,20:25,2026-02-18,Renoir Plaza de España,https://www.cinesrenoir.com/pelicula/historias-del-buen-valle/,https://media.pillalas.com/imagenes/726afb526abffa838aaf07790a37e874c7509f5af4e227ab1664533c196269093a9c8841.jpg,Castellano,Pendiente de calificación,Viernes 13 Febrero 2026,Documental,"En el paisaje indefinido de un barrio periférico, entre el mundo rural y el urbano, coexisten las casas levantadas por los primeros migrantes, quienes llegaron de toda España tras la posguerra…, y los nuevos bloques y viviendas de la ciudad dormitorio, donde se concentra la nueva migración, convirtiendo este humilde rincón en una auténtica aldea global. Historias del buen valle es una suma de imaginarios, de conflictos sociales, generacionales e identitarios, urbanísticos y ecológicos; pero es también una mirada reposada y humanista sobre el mundo actual."
HISTORIAS DEL BUEN VALLE,José Luis Guerin,122,02,22:30,2026-02-18,Renoir Plaza de España,https://www.cinesrenoir.com/pelicula/historias-del-buen-valle/,https://media.pillalas.com/imagenes/726afb526abffa838aaf07790a37e874c7509f5af4e227ab1664533c196269093a9c8841.jpg,Castellano,Pendiente de calificación,Viernes 13 Febrero 2026,Documental,"En el paisaje indefinido de un barrio periférico, entre el mundo rural y el urbano, coexisten las casas levantadas por los primeros migrantes, quienes llegaron de toda España tras la posguerra…, y los nuevos bloques y viviendas de la ciudad dormitorio, donde se concentra la nueva migración, convirtiendo este humilde rincón en una auténtica aldea global. Historias del buen valle es una suma de imaginarios, de conflictos sociales, generacionales e identitarios, urbanísticos y ecológicos; pero es también una mirada reposada y humanista sobre el mundo actual."
LA CHICA ZURDA,Shih-Ching Tsou,108,02,16:00,2026-02-18,Renoir Plaza de España,https://www.cinesrenoir.com/pelicula/la-chica-zurda/,https://media.pillalas.com/imagenes/726afb526abffa83e5ee5674d1ac0b73f39c1d9ebacca7f6a4c573d6423a82f140c7a520.jpg,Mandarín,No recomendada para menores de 12 años,Viernes 30 Enero 2026,"Shi-Yuan Ma, Janel Tsai, Nina Ye, Teng-Hui Huang, Akio Chen, Blaire Chang, Xin-Yan Chao","La pequeña I-Jing corretea con curiosidad por las calles de un mercado nocturno de Taipei, entre neones, motocicletas y toda clase de puestos de comida como el que regenta su madre, que trata de sacar adelante a la niña y a su hermana mayor."
LA CHICA ZURDA,Shih-Ching Tsou,108,05,18:20,2026-02-18,Renoir Plaza de España,https://www.cinesrenoir.com/pelicula/la-chica-zurda/,https://media.pillalas.com/imagenes/726afb526abffa83e5ee5674d1ac0b73f39c1d9ebacca7f6a4c573d6423a82f140c7a520.jpg,Mandarín,No recomendada para menores de 12 años,Viernes 30 Enero 2026,"Shi-Yuan Ma, Janel Tsai, Nina Ye, Teng-Hui Huang, Akio Chen, Blaire Chang, Xin-Yan Chao","La pequeña I-Jing corretea con curiosidad por las calles de un mercado nocturno de Taipei, entre neones, motocicletas y toda clase de puestos de comida como el que regenta su madre, que trata de sacar adelante a la niña y a su hermana mayor."
LA CHICA ZURDA,Shih-Ching Tsou,108,02,20:25,2026-02-18,Renoir Plaza de España,https://www.cinesrenoir.com/pelicula/la-chica-zurda/,https://media.pillalas.com/imagenes/726afb526abffa83e5ee5674d1ac0b73f39c1d9ebacca7f6a4c573d6423a82f140c7a520.jpg,Mandarín,No recomendada para menores de 12 años,Viernes 30 Enero 2026,"Shi-Yuan Ma, Janel Tsai, Nina Ye, Teng-Hui Huang, Akio Chen, Blaire Chang, Xin-Yan Chao","La pequeña I-Jing corretea con curiosidad por las calles de un mercado nocturno de Taipei, entre neones, motocicletas y toda clase de puestos de comida como el que regenta su madre, que trata de sacar adelante a la niña y a su hermana mayor."
LA CHICA ZURDA,Shih-Ching Tsou,108,05,22:45,2026-02-18,Renoir Plaza de España,https://www.cinesrenoir.com/pelicula/la-chica-zurda/,https://media.pillalas.com/imagenes/726afb526abffa83e5ee5674d1ac0b73f39c1d9ebacca7f6a4c573d6423a82f140c7a520.jpg,Mandarín,No recomendada para menores de 12 años,Viernes 30 Enero 2026,"Shi-Yuan Ma, Janel Tsai, Nina Ye, Teng-Hui Huang, Akio Chen, Blaire Chang, Xin-Yan Chao","La pequeña I-Jing corretea con curiosidad por las calles de un mercado nocturno de Taipei, entre neones, motocicletas y toda clase de puestos de comida como el que regenta su madre, que trata de sacar adelante a la niña y a su hermana mayor."
LA TARTA DEL PRESIDENTE,Hasan Hadi,105,03,16:00,2026-02-18,Renoir Plaza de España,https://www.cinesrenoir.com/pelicula/20260216050507-la-tarta-del-presidente/,https://media.pillalas.com/imagenes/726afb526abffa83eda64f8b418bec544f18146f6ca2869a88655e1df49985337de64299.jpg,Iraquí,No recomendada para menores de 12 años,Viernes 6 Febrero 2026,"Baneen Ahmad Nayyef, Waheed Thabet Khreibat, Sajad Mohamad Qasem, Muthanna Malaghi, Ahmad Qasem Saywan, Maytham Mreidi, Rahim Alhaj, Thaer Salem, Fatima Abouharoon","Irak, años noventa. La pequeña Lamia recibe la misión de preparar una tarta con motivo del cumpleaños del presidente Sadam Huseín. Acompañada por su amigo Saeed y con su gallo Hindi a cuestas, recorre Bagdad en busca de los ingredientes, viviendo una serie de peripecias que alterarán por completo su vida cotidiana."
LA TARTA DEL PRESIDENTE,Hasan Hadi,105,01,18:10,2026-02-18,Renoir Plaza de España,https://www.cinesrenoir.com/pelicula/20260216050507-la-tarta-del-presidente/,https://media.pillalas.com/imagenes/726afb526abffa83eda64f8b418bec544f18146f6ca2869a88655e1df49985337de64299.jpg,Iraquí,No recomendada para menores de 12 años,Viernes 6 Febrero 2026,"Baneen Ahmad Nayyef, Waheed Thabet Khreibat, Sajad Mohamad Qasem, Muthanna Malaghi, Ahmad Qasem Saywan, Maytham Mreidi, Rahim Alhaj, Thaer Salem, Fatima Abouharoon","Irak, años noventa. La pequeña Lamia recibe la misión de preparar una tarta con motivo del cumpleaños del presidente Sadam Huseín. Acompañada por su amigo Saeed y con su gallo Hindi a cuestas, recorre Bagdad en busca de los ingredientes, viviendo una serie de peripecias que alterarán por completo su vida cotidiana."
LA TARTA DEL PRESIDENTE,Hasan Hadi,105,03,20:35,2026-02-18,Renoir Plaza de España,https://www.cinesrenoir.com/pelicula/20260216050507-la-tarta-del-presidente/,https://media.pillalas.com/imagenes/726afb526abffa83eda64f8b418bec544f18146f6ca2869a88655e1df49985337de64299.jpg,Iraquí,No recomendada para menores de 12 años,Viernes 6 Febrero 2026,"Baneen Ahmad Nayyef, Waheed Thabet Khreibat, Sajad Mohamad Qasem, Muthanna Malaghi, Ahmad Qasem Saywan, Maytham Mreidi, Rahim Alhaj, Thaer Salem, Fatima Abouharoon","Irak, años noventa. La pequeña Lamia recibe la misión de preparar una tarta con motivo del cumpleaños del presidente Sadam Huseín. Acompañada por su amigo Saeed y con su gallo Hindi a cuestas, recorre Bagdad en busca de los ingredientes, viviendo una serie de peripecias que alterarán por completo su vida cotidiana."
LA TARTA DEL PRESIDENTE,Hasan Hadi,105,01,22:45,2026-02-18,Renoir Plaza de España,https://www.cinesrenoir.com/pelicula/20260216050507-la-tarta-del-presidente/,https://media.pillalas.com/imagenes/726afb526abffa83eda64f8b418bec544f18146f6ca2869a88655e1df49985337de64299.jpg,Iraquí,No recomendada para menores de 12 años,Viernes 6 Febrero 2026,"Baneen Ahmad Nayyef, Waheed Thabet Khreibat, Sajad Mohamad Qasem, Muthanna Malaghi, Ahmad Qasem Saywan, Maytham Mreidi, Rahim Alhaj, Thaer Salem, Fatima Abouharoon","Irak, años noventa. La pequeña Lamia recibe la misión de preparar una tarta con motivo del cumpleaños del presidente Sadam Huseín. Acompañada por su amigo Saeed y con su gallo Hindi a cuestas, recorre Bagdad en busca de los ingredientes, viviendo una serie de peripecias que alterarán por completo su vida cotidiana."
NO HAY OTRA OPCIÓN,Park Chan-Wook,139,04,16:00,2026-02-18,Renoir Plaza de España,https://www.cinesrenoir.com/pelicula/no-hay-otra-opcion/,https://media.pillalas.com/imagenes/726afb526abffa83e98cada230d2630d116aedb31df5c86003a13faa95ff7aebd1eaf59a.jpg,Coreano,Pendiente de calificación,Viernes 13 Febrero 2026,"Lee Byung-Hun, Son Ye-Jin, Lee Sung-Min, Yeom Hye-Ran, Park Hee-Soon, Cha Seung-Won, Yoo Yeon-Seok","La historia sigue a un hombre de mediana edad llamado Man-su que se embarca decidido en una búsqueda de trabajo tras ser despedido inesperadamente de la compañía de papel en la que trabajó durante 25 años. ""Si no hay una vacante para mí, tendré que crear una para que me contraten. No hay otra opción"". Adaptación de la novela ""The Ax"" de Donald E. Westlake, que ya fue llevada al cine en la película ""Arcadia"", dirigida por Costa-Gavras en 2005."
NO HAY OTRA OPCIÓN,Park Chan-Wook,139,03,18:00,2026-02-18,Renoir Plaza de España,https://www.cinesrenoir.com/pelicula/no-hay-otra-opcion/,https://media.pillalas.com/imagenes/726afb526abffa83e98cada230d2630d116aedb31df5c86003a13faa95ff7aebd1eaf59a.jpg,Coreano,Pendiente de calificación,Viernes 13 Febrero 2026,"Lee Byung-Hun, Son Ye-Jin, Lee Sung-Min, Yeom Hye-Ran, Park Hee-Soon, Cha Seung-Won, Yoo Yeon-Seok","La historia sigue a un hombre de mediana edad llamado Man-su que se embarca decidido en una búsqueda de trabajo tras ser despedido inesperadamente de la compañía de papel en la que trabajó durante 25 años. ""Si no hay una vacante para mí, tendré que crear una para que me contraten. No hay otra opción"". Adaptación de la novela ""The Ax"" de Donald E. Westlake, que ya fue llevada al cine en la película ""Arcadia"", dirigida por Costa-Gavras en 2005."
NO HAY OTRA OPCIÓN,Park Chan-Wook,139,01,20:10,2026-02-18,Renoir Plaza de España,https://www.cinesrenoir.com/pelicula/no-hay-otra-opcion/,https://media.pillalas.com/imagenes/726afb526abffa83e98cada230d2630d116aedb31df5c86003a13faa95ff7aebd1eaf59a.jpg,Coreano,Pendiente de calificación,Viernes 13 Febrero 2026,"Lee Byung-Hun, Son Ye-Jin, Lee Sung-Min, Yeom Hye-Ran, Park Hee-Soon, Cha Seung-Won, Yoo Yeon-Seok","La historia sigue a un hombre de mediana edad llamado Man-su que se embarca decidido en una búsqueda de trabajo tras ser despedido inesperadamente de la compañía de papel en la que trabajó durante 25 años. ""Si no hay una vacante para mí, tendré que crear una para que me contraten. No hay otra opción"". Adaptación de la novela ""The Ax"" de Donald E. Westlake, que ya fue llevada al cine en la película ""Arcadia"", dirigida por Costa-Gavras en 2005."
NO HAY OTRA OPCIÓN,Park Chan-Wook,139,03,22:40,2026-02-18,Renoir Plaza de España,https://www.cinesrenoir.com/pelicula/no-hay-otra-opcion/,https://media.pillalas.com/imagenes/726afb526abffa83e98cada230d2630d116aedb31df5c86003a13faa95ff7aebd1eaf59a.jpg,Coreano,Pendiente de calificación,Viernes 13 Febrero 2026,"Lee Byung-Hun, Son Ye-Jin, Lee Sung-Min, Yeom Hye-Ran, Park Hee-Soon, Cha Seung-Won, Yoo Yeon-Seok","La historia sigue a un hombre de mediana edad llamado Man-su que se embarca decidido en una búsqueda de trabajo tras ser despedido inesperadamente de la compañía de papel en la que trabajó durante 25 años. ""Si no hay una vacante para mí, tendré que crear una para que me contraten. No hay otra opción"". Adaptación de la novela ""The Ax"" de Donald E. Westlake, que ya fue llevada al cine en la película ""Arcadia"", dirigida por Costa-Gavras en 2005."
RONDALLAS,Daniel Sánchez Arévalo,112,01,16:00,2026-02-18,Renoir Plaza de España,https://www.cinesrenoir.com/pelicula/rondallas/,https://media.pillalas.com/imagenes/726afb526abffa837e9904cf9605e92b548ae9aee41492f9aff2d6b9abb046215ab8ce23.jpg,Castellano,No recomendada para menores de 12 años,Jueves 1 Enero 2026,"Javier Gutiérrez, María Vázquez, Judith Fernández, Tamar Novas, Carlos Blanco, Fer Fraga, Xosé A. Touriñán, Marta Larralde, Lola López Rodríguez","Dos años después del trágico naufragio de un barco pesquero que sacudió a un pequeño pueblo marinero gallego, algunos miembros de la rondalla, una agrupación de música tradicional en la que participan desde niños hasta ancianos, deciden que ya es hora de recuperar la ilusión y dejar el luto atrás. Por ello vuelven a unirse para ponerla en marcha con la intención de competir en un concurso contra los pueblos vecinos, pero sobre todo de empezar a mirar hacia delante de nuevo."
RONDALLAS,Daniel Sánchez Arévalo,112,04,18:35,2026-02-18,Renoir Plaza de España,https://www.cinesrenoir.com/pelicula/rondallas/,https://media.pillalas.com/imagenes/726afb526abffa837e9904cf9605e92b548ae9aee41492f9aff2d6b9abb046215ab8ce23.jpg,Castellano,No recomendada para menores de 12 años,Jueves 1 Enero 2026,"Javier Gutiérrez, María Vázquez, Judith Fernández, Tamar Novas, Carlos Blanco, Fer Fraga, Xosé A. Touriñán, Marta Larralde, Lola López Rodríguez","Dos años después del trágico naufragio de un barco pesquero que sacudió a un pequeño pueblo marinero gallego, algunos miembros de la rondalla, una agrupación de música tradicional en la que participan desde niños hasta ancianos, deciden que ya es hora de recuperar la ilusión y dejar el luto atrás. Por ello vuelven a unirse para ponerla en marcha con la intención de competir en un concurso contra los pueblos vecinos, pero sobre todo de empezar a mirar hacia delante de nuevo."
RONDALLAS,Daniel Sánchez Arévalo,112,04,20:40,2026-02-18,Renoir Plaza de España,https://www.cinesrenoir.com/pelicula/rondallas/,https://media.pillalas.com/imagenes/726afb526abffa837e9904cf9605e92b548ae9aee41492f9aff2d6b9abb046215ab8ce23.jpg,Castellano,No recomendada para menores de 12 años,Jueves 1 Enero 2026,"Javier Gutiérrez, María Vázquez, Judith Fernández, Tamar Novas, Carlos Blanco, Fer Fraga, Xosé A. Touriñán, Marta Larralde, Lola López Rodríguez","Dos años después del trágico naufragio de un barco pesquero que sacudió a un pequeño pueblo marinero gallego, algunos miembros de la rondalla, una agrupación de música tradicional en la que participan desde niños hasta ancianos, deciden que ya es hora de recuperar la ilusión y dejar el luto atrás. Por ello vuelven a unirse para ponerla en marcha con la intención de competir en un concurso contra los pueblos vecinos, pero sobre todo de empezar a mirar hacia delante de nuevo."
RONDALLAS,Daniel Sánchez Arévalo,112,04,22:45,2026-02-18,Renoir Plaza de España,https://www.cinesrenoir.com/pelicula/rondallas/,https://media.pillalas.com/imagenes/726afb526abffa837e9904cf9605e92b548ae9aee41492f9aff2d6b9abb046215ab8ce23.jpg,Castellano,No recomendada para menores de 12 años,Jueves 1 Enero 2026,"Javier Gutiérrez, María Vázquez, Judith Fernández, Tamar Novas, Carlos Blanco, Fer Fraga, Xosé A. Touriñán, Marta Larralde, Lola López Rodríguez","Dos años después del trágico naufragio de un barco pesquero que sacudió a un pequeño pueblo marinero gallego, algunos miembros de la rondalla, una agrupación de música tradicional en la que participan desde niños hasta ancianos, deciden que ya es hora de recuperar la ilusión y dejar el luto atrás. Por ello vuelven a unirse para ponerla en marcha con la intención de competir en un concurso contra los pueblos vecinos, pero sobre todo de empezar a mirar hacia delante de nuevo."
HISTORIAS DEL BUEN VALLE,José Luis Guerin,122,05,16:00,2026-02-19,Renoir Plaza de España,https://www.cinesrenoir.com/pelicula/historias-del-buen-valle/,https://media.pillalas.com/imagenes/726afb526abffa838aaf07790a37e874c7509f5af4e227ab1664533c196269093a9c8841.jpg,Castellano,Pendiente de calificación,Viernes 13 Febrero 2026,Documental,"En el paisaje indefinido de un barrio periférico, entre el mundo rural y el urbano, coexisten las casas levantadas por los primeros migrantes, quienes llegaron de toda España tras la posguerra…, y los nuevos bloques y viviendas de la ciudad dormitorio, donde se concentra la nueva migración, convirtiendo este humilde rincón en una auténtica aldea global. Historias del buen valle es una suma de imaginarios, de conflictos sociales, generacionales e identitarios, urbanísticos y ecológicos; pero es también una mirada reposada y humanista sobre el mundo actual."
HISTORIAS DEL BUEN VALLE,José Luis Guerin,122,02,18:05,2026-02-19,Renoir Plaza de España,https://www.cinesrenoir.com/pelicula/historias-del-buen-valle/,https://media.pillalas.com/imagenes/726afb526abffa838aaf07790a37e874c7509f5af4e227ab1664533c196269093a9c8841.jpg,Castellano,Pendiente de calificación,Viernes 13 Febrero 2026,Documental,"En el paisaje indefinido de un barrio periférico, entre el mundo rural y el urbano, coexisten las casas levantadas por los primeros migrantes, quienes llegaron de toda España tras la posguerra…, y los nuevos bloques y viviendas de la ciudad dormitorio, donde se concentra la nueva migración, convirtiendo este humilde rincón en una auténtica aldea global. Historias del buen valle es una suma de imaginarios, de conflictos sociales, generacionales e identitarios, urbanísticos y ecológicos; pero es también una mirada reposada y humanista sobre el mundo actual."
HISTORIAS DEL BUEN VALLE,José Luis Guerin,122,05,20:25,2026-02-19,Renoir Plaza de España,https://www.cinesrenoir.com/pelicula/historias-del-buen-valle/,https://media.pillalas.com/imagenes/726afb526abffa838aaf07790a37e874c7509f5af4e227ab1664533c196269093a9c8841.jpg,Castellano,Pendiente de calificación,Viernes 13 Febrero 2026,Documental,"En el paisaje indefinido de un barrio periférico, entre el mundo rural y el urbano, coexisten las casas levantadas por los primeros migrantes, quienes llegaron de toda España tras la posguerra…, y los nuevos bloques y viviendas de la ciudad dormitorio, donde se concentra la nueva migración, convirtiendo este humilde rincón en una auténtica aldea global. Historias del buen valle es una suma de imaginarios, de conflictos sociales, generacionales e identitarios, urbanísticos y ecológicos; pero es también una mirada reposada y humanista sobre el mundo actual."
HISTORIAS DEL BUEN VALLE,José Luis Guerin,122,02,22:30,2026-02-19,Renoir Plaza de España,https://www.cinesrenoir.com/pelicula/historias-del-buen-valle/,https://media.pillalas.com/imagenes/726afb526abffa838aaf07790a37e874c7509f5af4e227ab1664533c196269093a9c8841.jpg,Castellano,Pendiente de calificación,Viernes 13 Febrero 2026,Documental,"En el paisaje indefinido de un barrio periférico, entre el mundo rural y el urbano, coexisten las casas levantadas por los primeros migrantes, quienes llegaron de toda España tras la posguerra…, y los nuevos bloques y viviendas de la ciudad dormitorio, donde se concentra la nueva migración, convirtiendo este humilde rincón en una auténtica aldea global. Historias del buen valle es una suma de imaginarios, de conflictos sociales, generacionales e identitarios, urbanísticos y ecológicos; pero es también una mirada reposada y humanista sobre el mundo actual."
LA CHICA ZURDA,Shih-Ching Tsou,108,02,16:00,2026-02-19,Renoir Plaza de España,https://www.cinesrenoir.com/pelicula/la-chica-zurda/,https://media.pillalas.com/imagenes/726afb526abffa83e5ee5674d1ac0b73f39c1d9ebacca7f6a4c573d6423a82f140c7a520.jpg,Mandarín,No recomendada para menores de 12 años,Viernes 30 Enero 2026,"Shi-Yuan Ma, Janel Tsai, Nina Ye, Teng-Hui Huang, Akio Chen, Blaire Chang, Xin-Yan Chao","La pequeña I-Jing corretea con curiosidad por las calles de un mercado nocturno de Taipei, entre neones, motocicletas y toda clase de puestos de comida como el que regenta su madre, que trata de sacar adelante a la niña y a su hermana mayor."
LA CHICA ZURDA,Shih-Ching Tsou,108,05,18:20,2026-02-19,Renoir Plaza de España,https://www.cinesrenoir.com/pelicula/la-chica-zurda/,https://media.pillalas.com/imagenes/726afb526abffa83e5ee5674d1ac0b73f39c1d9ebacca7f6a4c573d6423a82f140c7a520.jpg,Mandarín,No recomendada para menores de 12 años,Viernes 30 Enero 2026,"Shi-Yuan Ma, Janel Tsai, Nina Ye, Teng-Hui Huang, Akio Chen, Blaire Chang, Xin-Yan Chao","La pequeña I-Jing corretea con curiosidad por las calles de un mercado nocturno de Taipei, entre neones, motocicletas y toda clase de puestos de comida como el que regenta su madre, que trata de sacar adelante a la niña y a su hermana mayor."
LA CHICA ZURDA,Shih-Ching Tsou,108,02,20:25,2026-02-19,Renoir Plaza de España,https://www.cinesrenoir.com/pelicula/la-chica-zurda/,https://media.pillalas.com/imagenes/726afb526abffa83e5ee5674d1ac0b73f39c1d9ebacca7f6a4c573d6423a82f140c7a520.jpg,Mandarín,No recomendada para menores de 12 años,Viernes 30 Enero 2026,"Shi-Yuan Ma, Janel Tsai, Nina Ye, Teng-Hui Huang, Akio Chen, Blaire Chang, Xin-Yan Chao","La pequeña I-Jing corretea con curiosidad por las calles de un mercado nocturno de Taipei, entre neones, motocicletas y toda clase de puestos de comida como el que regenta su madre, que trata de sacar adelante a la niña y a su hermana mayor."
LA CHICA ZURDA,Shih-Ching Tsou,108,05,22:45,2026-02-19,Renoir Plaza de España,https://www.cinesrenoir.com/pelicula/la-chica-zurda/,https://media.pillalas.com/imagenes/726afb526abffa83e5ee5674d1ac0b73f39c1d9ebacca7f6a4c573d6423a82f140c7a520.jpg,Mandarín,No recomendada para menores de 12 años,Viernes 30 Enero 2026,"Shi-Yuan Ma, Janel Tsai, Nina Ye, Teng-Hui Huang, Akio Chen, Blaire Chang, Xin-Yan Chao","La pequeña I-Jing corretea con curiosidad por las calles de un mercado nocturno de Taipei, entre neones, motocicletas y toda clase de puestos de comida como el que regenta su madre, que trata de sacar adelante a la niña y a su hermana mayor."
LA TARTA DEL PRESIDENTE,Hasan Hadi,105,03,16:00,2026-02-19,Renoir Plaza de España,https://www.cinesrenoir.com/pelicula/20260216050507-la-tarta-del-presidente/,https://media.pillalas.com/imagenes/726afb526abffa83eda64f8b418bec544f18146f6ca2869a88655e1df49985337de64299.jpg,Iraquí,No recomendada para menores de 12 años,Viernes 6 Febrero 2026,"Baneen Ahmad Nayyef, Waheed Thabet Khreibat, Sajad Mohamad Qasem, Muthanna Malaghi, Ahmad Qasem Saywan, Maytham Mreidi, Rahim Alhaj, Thaer Salem, Fatima Abouharoon","Irak, años noventa. La pequeña Lamia recibe la misión de preparar una tarta con motivo del cumpleaños del presidente Sadam Huseín. Acompañada por su amigo Saeed y con su gallo Hindi a cuestas, recorre Bagdad en busca de los ingredientes, viviendo una serie de peripecias que alterarán por completo su vida cotidiana."
LA TARTA DEL PRESIDENTE,Hasan Hadi,105,01,18:10,2026-02-19,Renoir Plaza de España,https://www.cinesrenoir.com/pelicula/20260216050507-la-tarta-del-presidente/,https://media.pillalas.com/imagenes/726afb526abffa83eda64f8b418bec544f18146f6ca2869a88655e1df49985337de64299.jpg,Iraquí,No recomendada para menores de 12 años,Viernes 6 Febrero 2026,"Baneen Ahmad Nayyef, Waheed Thabet Khreibat, Sajad Mohamad Qasem, Muthanna Malaghi, Ahmad Qasem Saywan, Maytham Mreidi, Rahim Alhaj, Thaer Salem, Fatima Abouharoon","Irak, años noventa. La pequeña Lamia recibe la misión de preparar una tarta con motivo del cumpleaños del presidente Sadam Huseín. Acompañada por su amigo Saeed y con su gallo Hindi a cuestas, recorre Bagdad en busca de los ingredientes, viviendo una serie de peripecias que alterarán por completo su vida cotidiana."
LA TARTA DEL PRESIDENTE,Hasan Hadi,105,03,20:35,2026-02-19,Renoir Plaza de España,https://www.cinesrenoir.com/pelicula/20260216050507-la-tarta-del-presidente/,https://media.pillalas.com/imagenes/726afb526abffa83eda64f8b418bec544f18146f6ca2869a88655e1df49985337de64299.jpg,Iraquí,No recomendada para menores de 12 años,Viernes 6 Febrero 2026,"Baneen Ahmad Nayyef, Waheed Thabet Khreibat, Sajad Mohamad Qasem, Muthanna Malaghi, Ahmad Qasem Saywan, Maytham Mreidi, Rahim Alhaj, Thaer Salem, Fatima Abouharoon","Irak, años noventa. La pequeña Lamia recibe la misión de preparar una tarta con motivo del cumpleaños del presidente Sadam Huseín. Acompañada por su amigo Saeed y con su gallo Hindi a cuestas, recorre Bagdad en busca de los ingredientes, viviendo una serie de peripecias que alterarán por completo su vida cotidiana."
LA TARTA DEL PRESIDENTE,Hasan Hadi,105,01,22:45,2026-02-19,Renoir Plaza de España,https://www.cinesrenoir.com/pelicula/20260216050507-la-tarta-del-presidente/,https://media.pillalas.com/imagenes/726afb526abffa83eda64f8b418bec544f18146f6ca2869a88655e1df49985337de64299.jpg,Iraquí,No recomendada para menores de 12 años,Viernes 6 Febrero 2026,"Baneen Ahmad Nayyef, Waheed Thabet Khreibat, Sajad Mohamad Qasem, Muthanna Malaghi, Ahmad Qasem Saywan, Maytham Mreidi, Rahim Alhaj, Thaer Salem, Fatima Abouharoon","Irak, años noventa. La pequeña Lamia recibe la misión de preparar una tarta con motivo del cumpleaños del presidente Sadam Huseín. Acompañada por su amigo Saeed y con su gallo Hindi a cuestas, recorre Bagdad en busca de los ingredientes, viviendo una serie de peripecias que alterarán por completo su vida cotidiana."
NO HAY OTRA OPCIÓN,Park Chan-Wook,139,04,16:00,2026-02-19,Renoir Plaza de España,https://www.cinesrenoir.com/pelicula/no-hay-otra-opcion/,https://media.pillalas.com/imagenes/726afb526abffa83e98cada230d2630d116aedb31df5c86003a13faa95ff7aebd1eaf59a.jpg,Coreano,Pendiente de calificación,Viernes 13 Febrero 2026,"Lee Byung-Hun, Son Ye-Jin, Lee Sung-Min, Yeom Hye-Ran, Park Hee-Soon, Cha Seung-Won, Yoo Yeon-Seok","La historia sigue a un hombre de mediana edad llamado Man-su que se embarca decidido en una búsqueda de trabajo tras ser despedido inesperadamente de la compañía de papel en la que trabajó durante 25 años. ""Si no hay una vacante para mí, tendré que crear una para que me contraten. No hay otra opción"". Adaptación de la novela ""The Ax"" de Donald E. Westlake, que ya fue llevada al cine en la película ""Arcadia"", dirigida por Costa-Gavras en 2005."
NO HAY OTRA OPCIÓN,Park Chan-Wook,139,03,18:00,2026-02-19,Renoir Plaza de España,https://www.cinesrenoir.com/pelicula/no-hay-otra-opcion/,https://media.pillalas.com/imagenes/726afb526abffa83e98cada230d2630d116aedb31df5c86003a13faa95ff7aebd1eaf59a.jpg,Coreano,Pendiente de calificación,Viernes 13 Febrero 2026,"Lee Byung-Hun, Son Ye-Jin, Lee Sung-Min, Yeom Hye-Ran, Park Hee-Soon, Cha Seung-Won, Yoo Yeon-Seok","La historia sigue a un hombre de mediana edad llamado Man-su que se embarca decidido en una búsqueda de trabajo tras ser despedido inesperadamente de la compañía de papel en la que trabajó durante 25 años. ""Si no hay una vacante para mí, tendré que crear una para que me contraten. No hay otra opción"". Adaptación de la novela ""The Ax"" de Donald E. Westlake, que ya fue llevada al cine en la película ""Arcadia"", dirigida por Costa-Gavras en 2005."
NO HAY OTRA OPCIÓN,Park Chan-Wook,139,01,20:10,2026-02-19,Renoir Plaza de España,https://www.cinesrenoir.com/pelicula/no-hay-otra-opcion/,https://media.pillalas.com/imagenes/726afb526abffa83e98cada230d2630d116aedb31df5c86003a13faa95ff7aebd1eaf59a.jpg,Coreano,Pendiente de calificación,Viernes 13 Febrero 2026,"Lee Byung-Hun, Son Ye-Jin, Lee Sung-Min, Yeom Hye-Ran, Park Hee-Soon, Cha Seung-Won, Yoo Yeon-Seok","La historia sigue a un hombre de mediana edad llamado Man-su que se embarca decidido en una búsqueda de trabajo tras ser despedido inesperadamente de la compañía de papel en la que trabajó durante 25 años. ""Si no hay una vacante para mí, tendré que crear una para que me contraten. No hay otra opción"". Adaptación de la novela ""The Ax"" de Donald E. Westlake, que ya fue llevada al cine en la película ""Arcadia"", dirigida por Costa-Gavras en 2005."
NO HAY OTRA OPCIÓN,Park Chan-Wook,139,03,22:40,2026-02-19,Renoir Plaza de España,https://www.cinesrenoir.com/pelicula/no-hay-otra-opcion/,https://media.pillalas.com/imagenes/726afb526abffa83e98cada230d2630d116aedb31df5c86003a13faa95ff7aebd1eaf59a.jpg,Coreano,Pendiente de calificación,Viernes 13 Febrero 2026,"Lee Byung-Hun, Son Ye-Jin, Lee Sung-Min, Yeom Hye-Ran, Park Hee-Soon, Cha Seung-Won, Yoo Yeon-Seok","La historia sigue a un hombre de mediana edad llamado Man-su que se embarca decidido en una búsqueda de trabajo tras ser despedido inesperadamente de la compañía de papel en la que trabajó durante 25 años. ""Si no hay una vacante para mí, tendré que crear una para que me contraten. No hay otra opción"". Adaptación de la novela ""The Ax"" de Donald E. Westlake, que ya fue llevada al cine en la película ""Arcadia"", dirigida por Costa-Gavras en 2005."
RONDALLAS,Daniel Sánchez Arévalo,112,01,16:00,2026-02-19,Renoir Plaza de España,https://www.cinesrenoir.com/pelicula/rondallas/,https://media.pillalas.com/imagenes/726afb526abffa837e9904cf9605e92b548ae9aee41492f9aff2d6b9abb046215ab8ce23.jpg,Castellano,No recomendada para menores de 12 años,Jueves 1 Enero 2026,"Javier Gutiérrez, María Vázquez, Judith Fernández, Tamar Novas, Carlos Blanco, Fer Fraga, Xosé A. Touriñán, Marta Larralde, Lola López Rodríguez","Dos años después del trágico naufragio de un barco pesquero que sacudió a un pequeño pueblo marinero gallego, algunos miembros de la rondalla, una agrupación de música tradicional en la que participan desde niños hasta ancianos, deciden que ya es hora de recuperar la ilusión y dejar el luto atrás. Por ello vuelven a unirse para ponerla en marcha con la intención de competir en un concurso contra los pueblos vecinos, pero sobre todo de empezar a mirar hacia delante de nuevo."
RONDALLAS,Daniel Sánchez Arévalo,112,04,18:35,2026-02-19,Renoir Plaza de España,https://www.cinesrenoir.com/pelicula/rondallas/,https://media.pillalas.com/imagenes/726afb526abffa837e9904cf9605e92b548ae9aee41492f9aff2d6b9abb046215ab8ce23.jpg,Castellano,No recomendada para menores de 12 años,Jueves 1 Enero 2026,"Javier Gutiérrez, María Vázquez, Judith Fernández, Tamar Novas, Carlos Blanco, Fer Fraga, Xosé A. Touriñán, Marta Larralde, Lola López Rodríguez","Dos años después del trágico naufragio de un barco pesquero que sacudió a un pequeño pueblo marinero gallego, algunos miembros de la rondalla, una agrupación de música tradicional en la que participan desde niños hasta ancianos, deciden que ya es hora de recuperar la ilusión y dejar el luto atrás. Por ello vuelven a unirse para ponerla en marcha con la intención de competir en un concurso contra los pueblos vecinos, pero sobre todo de empezar a mirar hacia delante de nuevo."
RONDALLAS,Daniel Sánchez Arévalo,112,04,20:40,2026-02-19,Renoir Plaza de España,https://www.cinesrenoir.com/pelicula/rondallas/,https://media.pillalas.com/imagenes/726afb526abffa837e9904cf9605e92b548ae9aee41492f9aff2d6b9abb046215ab8ce23.jpg,Castellano,No recomendada para menores de 12 años,Jueves 1 Enero 2026,"Javier Gutiérrez, María Vázquez, Judith Fernández, Tamar Novas, Carlos Blanco, Fer Fraga, Xosé A. Touriñán, Marta Larralde, Lola López Rodríguez","Dos años después del trágico naufragio de un barco pesquero que sacudió a un pequeño pueblo marinero gallego, algunos miembros de la rondalla, una agrupación de música tradicional en la que participan desde niños hasta ancianos, deciden que ya es hora de recuperar la ilusión y dejar el luto atrás. Por ello vuelven a unirse para ponerla en marcha con la intención de competir en un concurso contra los pueblos vecinos, pero sobre todo de empezar a mirar hacia delante de nuevo."
RONDALLAS,Daniel Sánchez Arévalo,112,04,22:45,2026-02-19,Renoir Plaza de España,https://www.cinesrenoir.com/pelicula/rondallas/,https://media.pillalas.com/imagenes/726afb526abffa837e9904cf9605e92b548ae9aee41492f9aff2d6b9abb046215ab8ce23.jpg,Castellano,No recomendada para menores de 12 años,Jueves 1 Enero 2026,"Javier Gutiérrez, María Vázquez, Judith Fernández, Tamar Novas, Carlos Blanco, Fer Fraga, Xosé A. Touriñán, Marta Larralde, Lola López Rodríguez","Dos años después del trágico naufragio de un barco pesquero que sacudió a un pequeño pueblo marinero gallego, algunos miembros de la rondalla, una agrupación de música tradicional en la que participan desde niños hasta ancianos, deciden que ya es hora de recuperar la ilusión y dejar el luto atrás. Por ello vuelven a unirse para ponerla en marcha con la intención de competir en un concurso contra los pueblos vecinos, pero sobre todo de empezar a mirar hacia delante de nuevo."
