Pelicula,Director,Duración,Sala,Horario,Fecha,Cine,Tickets_URL,Film_URL,Poster_URL,Idioma_Original,Calificación,Estreno,Intérpretes,Sinopsis
AMARGA NAVIDAD,Pedro Almodóvar,111,01,16:00,2026-06-25,Renoir Princesa,https://www.pillalas.com/pase/1074828/,https://www.cinesrenoir.com/pelicula/amarga-navidad/,https://media.pillalas.com/imagenes/726afb526abffa83b60c45c3634993c0e9bd987d873c6c32a8009c3b4ee414d3a40e41c1.jpg,Castellano,No recomendada para menores de 12 años,Viernes 20 Marzo 2026,"Bárbara Lennie, Leonardo Sbaraglia, Aitana Sánchez-Gijón, Victoria Luengo, Patrick Criado, Milena Smit, Quim Gutiérrez, Rossy De Palma, Carmen Machi, Gloria Muñoz","Elsa es una directora de publicidad cuya madre muere durante un largo puente del mes de diciembre. Encuentra refugio en el trabajo, aunque es más bien una huida hacia adelante. Trabaja sin parar y, sin darse cuenta, no se concede el tiempo necesario para guardar el duelo por la ausencia materna. Hasta que una crisis de pánico la obliga a detenerse e imponerse un descanso. Su pareja, Bonifacio, es su tabla de salvación en esos momentos de crisis. Elsa decide viajar a la isla de Lanzarote acompañada por su amiga Patricia, que también necesita alejarse de Madrid, mientras que Bonifacio se queda en la ciudad. La historia de estos tres personajes, y algunos más, se narran paralelamente a la del guionista y director de cine Raúl Durán, entremezclando ficción y realidad. Porque ‘Amarga Navidad’ desarrolla cómo la vida y la ficción están unidas de un modo indisoluble, incluso doloroso en ocasiones."
BACKROOMS,Kane Parsons,110,10,15:50,2026-06-25,Renoir Princesa,https://www.pillalas.com/pase/1075025/,https://www.cinesrenoir.com/pelicula/backrooms/,https://media.pillalas.com/imagenes/726afb526abffa83186becfb5f5e9996a19758e2af6f41d33fc78627a975c1013a9e6c45.jpg,Inglés,No recomendada para menores de 16 años,Viernes 5 Junio 2026,"Chiwetel Ejiofor, Renate Reinsve, Mark Duplass, Finn Bennett, Lukita Maxwell, Avan Jogia","Cuando el paciente de una terapeuta desaparece en una dimensión más allá de la realidad, ella deberá adentrarse en lo desconocido para salvarlo..."
BACKROOMS,Kane Parsons,110,10,18:00,2026-06-25,Renoir Princesa,https://www.pillalas.com/pase/1075030/,https://www.cinesrenoir.com/pelicula/backrooms/,https://media.pillalas.com/imagenes/726afb526abffa83186becfb5f5e9996a19758e2af6f41d33fc78627a975c1013a9e6c45.jpg,Inglés,No recomendada para menores de 16 años,Viernes 5 Junio 2026,"Chiwetel Ejiofor, Renate Reinsve, Mark Duplass, Finn Bennett, Lukita Maxwell, Avan Jogia","Cuando el paciente de una terapeuta desaparece en una dimensión más allá de la realidad, ella deberá adentrarse en lo desconocido para salvarlo..."
BACKROOMS,Kane Parsons,110,10,20:10,2026-06-25,Renoir Princesa,https://www.pillalas.com/pase/1075033/,https://www.cinesrenoir.com/pelicula/backrooms/,https://media.pillalas.com/imagenes/726afb526abffa83186becfb5f5e9996a19758e2af6f41d33fc78627a975c1013a9e6c45.jpg,Inglés,No recomendada para menores de 16 años,Viernes 5 Junio 2026,"Chiwetel Ejiofor, Renate Reinsve, Mark Duplass, Finn Bennett, Lukita Maxwell, Avan Jogia","Cuando el paciente de una terapeuta desaparece en una dimensión más allá de la realidad, ella deberá adentrarse en lo desconocido para salvarlo..."
BACKROOMS,Kane Parsons,110,10,22:15,2026-06-25,Renoir Princesa,https://www.pillalas.com/pase/1075036/,https://www.cinesrenoir.com/pelicula/backrooms/,https://media.pillalas.com/imagenes/726afb526abffa83186becfb5f5e9996a19758e2af6f41d33fc78627a975c1013a9e6c45.jpg,Inglés,No recomendada para menores de 16 años,Viernes 5 Junio 2026,"Chiwetel Ejiofor, Renate Reinsve, Mark Duplass, Finn Bennett, Lukita Maxwell, Avan Jogia","Cuando el paciente de una terapeuta desaparece en una dimensión más allá de la realidad, ella deberá adentrarse en lo desconocido para salvarlo..."
DREAMS,Michel Franco,98,02,16:10,2026-06-25,Renoir Princesa,https://www.pillalas.com/pase/1074829/,https://www.cinesrenoir.com/pelicula/dreams/,https://media.pillalas.com/imagenes/726afb526abffa83f2fcec14080faa1f92861ad737cbaef71a9e19333a81d741027ad62e.jpg,Inglés,No recomendada para menores de 16 años,Viernes 19 Junio 2026,"Jessica Chastain, Isaac Hernández, Rupert Friend, Marshall Bell","La historia sigue a Fernando (Isaac Hernández) un joven bailarín mexicano que persigue el sueño de triunfar en Estados Unidos. Convencido de que contará con el apoyo de Jennifer (Jessica Chastain), una filántropa de la alta sociedad con la que mantiene una relación, lo deja todo atrás y cruza la frontera. Pero lo que en principio parece una nueva oportunidad termina trastocando el frágil equilibrio de la vida de Jennifer, que estará dispuesta a todo para proteger lo que ha construido."
DREAMS,Michel Franco,98,02,18:10,2026-06-25,Renoir Princesa,https://www.pillalas.com/pase/1074831/,https://www.cinesrenoir.com/pelicula/dreams/,https://media.pillalas.com/imagenes/726afb526abffa83f2fcec14080faa1f92861ad737cbaef71a9e19333a81d741027ad62e.jpg,Inglés,No recomendada para menores de 16 años,Viernes 19 Junio 2026,"Jessica Chastain, Isaac Hernández, Rupert Friend, Marshall Bell","La historia sigue a Fernando (Isaac Hernández) un joven bailarín mexicano que persigue el sueño de triunfar en Estados Unidos. Convencido de que contará con el apoyo de Jennifer (Jessica Chastain), una filántropa de la alta sociedad con la que mantiene una relación, lo deja todo atrás y cruza la frontera. Pero lo que en principio parece una nueva oportunidad termina trastocando el frágil equilibrio de la vida de Jennifer, que estará dispuesta a todo para proteger lo que ha construido."
DREAMS,Michel Franco,98,02,20:10,2026-06-25,Renoir Princesa,https://www.pillalas.com/pase/1074833/,https://www.cinesrenoir.com/pelicula/dreams/,https://media.pillalas.com/imagenes/726afb526abffa83f2fcec14080faa1f92861ad737cbaef71a9e19333a81d741027ad62e.jpg,Inglés,No recomendada para menores de 16 años,Viernes 19 Junio 2026,"Jessica Chastain, Isaac Hernández, Rupert Friend, Marshall Bell","La historia sigue a Fernando (Isaac Hernández) un joven bailarín mexicano que persigue el sueño de triunfar en Estados Unidos. Convencido de que contará con el apoyo de Jennifer (Jessica Chastain), una filántropa de la alta sociedad con la que mantiene una relación, lo deja todo atrás y cruza la frontera. Pero lo que en principio parece una nueva oportunidad termina trastocando el frágil equilibrio de la vida de Jennifer, que estará dispuesta a todo para proteger lo que ha construido."
DREAMS,Michel Franco,98,02,22:10,2026-06-25,Renoir Princesa,https://www.pillalas.com/pase/1074836/,https://www.cinesrenoir.com/pelicula/dreams/,https://media.pillalas.com/imagenes/726afb526abffa83f2fcec14080faa1f92861ad737cbaef71a9e19333a81d741027ad62e.jpg,Inglés,No recomendada para menores de 16 años,Viernes 19 Junio 2026,"Jessica Chastain, Isaac Hernández, Rupert Friend, Marshall Bell","La historia sigue a Fernando (Isaac Hernández) un joven bailarín mexicano que persigue el sueño de triunfar en Estados Unidos. Convencido de que contará con el apoyo de Jennifer (Jessica Chastain), una filántropa de la alta sociedad con la que mantiene una relación, lo deja todo atrás y cruza la frontera. Pero lo que en principio parece una nueva oportunidad termina trastocando el frágil equilibrio de la vida de Jennifer, que estará dispuesta a todo para proteger lo que ha construido."
EL DIABLO VISTE DE PRADA 2,David Frankel,120,03,16:00,2026-06-25,Renoir Princesa,https://www.pillalas.com/pase/1074827/,https://www.cinesrenoir.com/pelicula/el-diablo-viste-de-prada-2/,https://media.pillalas.com/imagenes/726afb526abffa83fece47511eb70b9e1b6e404173ddb3c32d8258561fd54681cee1e0d8.jpg,Inglés,No recomendada para menores de 7 años,Jueves 30 Abril 2026,"Meryl Streep, Emily Blunt, Anne Hathaway, Stanley Tucci, Tracie Thoms, Tibor Feldman, Kenneth Branagh, Simone Ashley, Justin Theroux, Lucy Liu, Patrick Brammall, Caleb Hearon, Helen J. Shen, Pauline Chalamet, B.J. Novak, Conrad Ricamora","Casi 20 años después de interpretar a los icónicos personajes de Miranda, Andy, Emily y Nigel, Meryl Streep, Anne Hathaway, Emily Blunt y Stanley Tucci regresan a las calles de Nueva York y a las oficinas de la revista Runway en la esperada secuela del fenómeno de 2006."
EL DIABLO VISTE DE PRADA 2,David Frankel,120,03,18:15,2026-06-25,Renoir Princesa,https://www.pillalas.com/pase/1074832/,https://www.cinesrenoir.com/pelicula/el-diablo-viste-de-prada-2/,https://media.pillalas.com/imagenes/726afb526abffa83fece47511eb70b9e1b6e404173ddb3c32d8258561fd54681cee1e0d8.jpg,Inglés,No recomendada para menores de 7 años,Jueves 30 Abril 2026,"Meryl Streep, Emily Blunt, Anne Hathaway, Stanley Tucci, Tracie Thoms, Tibor Feldman, Kenneth Branagh, Simone Ashley, Justin Theroux, Lucy Liu, Patrick Brammall, Caleb Hearon, Helen J. Shen, Pauline Chalamet, B.J. Novak, Conrad Ricamora","Casi 20 años después de interpretar a los icónicos personajes de Miranda, Andy, Emily y Nigel, Meryl Streep, Anne Hathaway, Emily Blunt y Stanley Tucci regresan a las calles de Nueva York y a las oficinas de la revista Runway en la esperada secuela del fenómeno de 2006."
EL DRAMA,Kristoffer Borgli,106,11,16:10,2026-06-25,Renoir Princesa,https://www.pillalas.com/pase/1075027/,https://www.cinesrenoir.com/pelicula/el-drama/,https://media.pillalas.com/imagenes/726afb526abffa833c26769a2d0f648f239a18f56e93a09c45c7c77c2bf1a8ee48c54930.jpg,Inglés,No recomendada para menores de 16 años,Viernes 29 Mayo 2026,"Zendaya, Robert Pattinson, Alana Haim, Mamoudou Athie, Yaya Gosselin, Michael Abbott Jr.","Irónica, afilada y emocionalmente incómoda, El drama confirma a Kristoffer Borgli como una de las voces más singulares del cine contemporáneo. A partir de una relación de pareja llevada al límite, la película explora con humor incómodo y lucidez las dinámicas afectivas, la percepción pública y la construcción del relato personal. Con Robert Pattinson y Zendaya al frente, Borgli construye una historia tan contemporánea como inquietante, donde lo íntimo y lo performativo se entrelazan constantemente. Una mirada provocadora y muy actual sobre el amor en tiempos de exposición permanente. “Una mirada incisiva sobre las relaciones contemporáneas.” — El País “Borgli confirma su voz única.” — Fotogramas “Incómoda, inteligente y muy actual.” — Cinemanía “Provocadora y sorprendente.” — The Guardian “Pattinson y Zendaya brillan con intensidad.” — Variety"
EL DRAMA,Kristoffer Borgli,106,11,18:15,2026-06-25,Renoir Princesa,https://www.pillalas.com/pase/1075031/,https://www.cinesrenoir.com/pelicula/el-drama/,https://media.pillalas.com/imagenes/726afb526abffa833c26769a2d0f648f239a18f56e93a09c45c7c77c2bf1a8ee48c54930.jpg,Inglés,No recomendada para menores de 16 años,Viernes 29 Mayo 2026,"Zendaya, Robert Pattinson, Alana Haim, Mamoudou Athie, Yaya Gosselin, Michael Abbott Jr.","Irónica, afilada y emocionalmente incómoda, El drama confirma a Kristoffer Borgli como una de las voces más singulares del cine contemporáneo. A partir de una relación de pareja llevada al límite, la película explora con humor incómodo y lucidez las dinámicas afectivas, la percepción pública y la construcción del relato personal. Con Robert Pattinson y Zendaya al frente, Borgli construye una historia tan contemporánea como inquietante, donde lo íntimo y lo performativo se entrelazan constantemente. Una mirada provocadora y muy actual sobre el amor en tiempos de exposición permanente. “Una mirada incisiva sobre las relaciones contemporáneas.” — El País “Borgli confirma su voz única.” — Fotogramas “Incómoda, inteligente y muy actual.” — Cinemanía “Provocadora y sorprendente.” — The Guardian “Pattinson y Zendaya brillan con intensidad.” — Variety"
EL DRAMA,Kristoffer Borgli,106,11,20:20,2026-06-25,Renoir Princesa,https://www.pillalas.com/pase/1075034/,https://www.cinesrenoir.com/pelicula/el-drama/,https://media.pillalas.com/imagenes/726afb526abffa833c26769a2d0f648f239a18f56e93a09c45c7c77c2bf1a8ee48c54930.jpg,Inglés,No recomendada para menores de 16 años,Viernes 29 Mayo 2026,"Zendaya, Robert Pattinson, Alana Haim, Mamoudou Athie, Yaya Gosselin, Michael Abbott Jr.","Irónica, afilada y emocionalmente incómoda, El drama confirma a Kristoffer Borgli como una de las voces más singulares del cine contemporáneo. A partir de una relación de pareja llevada al límite, la película explora con humor incómodo y lucidez las dinámicas afectivas, la percepción pública y la construcción del relato personal. Con Robert Pattinson y Zendaya al frente, Borgli construye una historia tan contemporánea como inquietante, donde lo íntimo y lo performativo se entrelazan constantemente. Una mirada provocadora y muy actual sobre el amor en tiempos de exposición permanente. “Una mirada incisiva sobre las relaciones contemporáneas.” — El País “Borgli confirma su voz única.” — Fotogramas “Incómoda, inteligente y muy actual.” — Cinemanía “Provocadora y sorprendente.” — The Guardian “Pattinson y Zendaya brillan con intensidad.” — Variety"
EL DRAMA,Kristoffer Borgli,106,11,22:20,2026-06-25,Renoir Princesa,https://www.pillalas.com/pase/1075037/,https://www.cinesrenoir.com/pelicula/el-drama/,https://media.pillalas.com/imagenes/726afb526abffa833c26769a2d0f648f239a18f56e93a09c45c7c77c2bf1a8ee48c54930.jpg,Inglés,No recomendada para menores de 16 años,Viernes 29 Mayo 2026,"Zendaya, Robert Pattinson, Alana Haim, Mamoudou Athie, Yaya Gosselin, Michael Abbott Jr.","Irónica, afilada y emocionalmente incómoda, El drama confirma a Kristoffer Borgli como una de las voces más singulares del cine contemporáneo. A partir de una relación de pareja llevada al límite, la película explora con humor incómodo y lucidez las dinámicas afectivas, la percepción pública y la construcción del relato personal. Con Robert Pattinson y Zendaya al frente, Borgli construye una historia tan contemporánea como inquietante, donde lo íntimo y lo performativo se entrelazan constantemente. Una mirada provocadora y muy actual sobre el amor en tiempos de exposición permanente. “Una mirada incisiva sobre las relaciones contemporáneas.” — El País “Borgli confirma su voz única.” — Fotogramas “Incómoda, inteligente y muy actual.” — Cinemanía “Provocadora y sorprendente.” — The Guardian “Pattinson y Zendaya brillan con intensidad.” — Variety"
EL DÍA DE LA REVELACIÓN,Steven Spielberg,145,09,16:10,2026-06-25,Renoir Princesa,https://www.pillalas.com/pase/1074930/,https://www.cinesrenoir.com/pelicula/el-dia-de-la-revelacion/,https://media.pillalas.com/imagenes/726afb526abffa8309e287b6a9937a9056794979929b0d994d7cb0244506ea87665540d6.jpg,Inglés,No recomendada para menores de 12 años,Viernes 12 Junio 2026,"Emily Blunt, Josh O Connor, Colin Firth, Eve Hewson, Colman Domingo","Si descubrieras que no estamos solos, si alguien te abriera los ojos y te lo demostrase, ¿te asustarías? En verano de 2026, la verdad será revelada a siete mil millones de personas."
EL DÍA DE LA REVELACIÓN,Steven Spielberg,145,04,17:45,2026-06-25,Renoir Princesa,https://www.pillalas.com/pase/1074931/,https://www.cinesrenoir.com/pelicula/el-dia-de-la-revelacion/,https://media.pillalas.com/imagenes/726afb526abffa8309e287b6a9937a9056794979929b0d994d7cb0244506ea87665540d6.jpg,Inglés,No recomendada para menores de 12 años,Viernes 12 Junio 2026,"Emily Blunt, Josh O Connor, Colin Firth, Eve Hewson, Colman Domingo","Si descubrieras que no estamos solos, si alguien te abriera los ojos y te lo demostrase, ¿te asustarías? En verano de 2026, la verdad será revelada a siete mil millones de personas."
EL DÍA DE LA REVELACIÓN,Steven Spielberg,145,09,18:50,2026-06-25,Renoir Princesa,https://www.pillalas.com/pase/1074934/,https://www.cinesrenoir.com/pelicula/el-dia-de-la-revelacion/,https://media.pillalas.com/imagenes/726afb526abffa8309e287b6a9937a9056794979929b0d994d7cb0244506ea87665540d6.jpg,Inglés,No recomendada para menores de 12 años,Viernes 12 Junio 2026,"Emily Blunt, Josh O Connor, Colin Firth, Eve Hewson, Colman Domingo","Si descubrieras que no estamos solos, si alguien te abriera los ojos y te lo demostrase, ¿te asustarías? En verano de 2026, la verdad será revelada a siete mil millones de personas."
EL DÍA DE LA REVELACIÓN,Steven Spielberg,145,04,20:30,2026-06-25,Renoir Princesa,https://www.pillalas.com/pase/1074937/,https://www.cinesrenoir.com/pelicula/el-dia-de-la-revelacion/,https://media.pillalas.com/imagenes/726afb526abffa8309e287b6a9937a9056794979929b0d994d7cb0244506ea87665540d6.jpg,Inglés,No recomendada para menores de 12 años,Viernes 12 Junio 2026,"Emily Blunt, Josh O Connor, Colin Firth, Eve Hewson, Colman Domingo","Si descubrieras que no estamos solos, si alguien te abriera los ojos y te lo demostrase, ¿te asustarías? En verano de 2026, la verdad será revelada a siete mil millones de personas."
EL DÍA DE LA REVELACIÓN,Steven Spielberg,145,09,21:45,2026-06-25,Renoir Princesa,https://www.pillalas.com/pase/1074938/,https://www.cinesrenoir.com/pelicula/el-dia-de-la-revelacion/,https://media.pillalas.com/imagenes/726afb526abffa8309e287b6a9937a9056794979929b0d994d7cb0244506ea87665540d6.jpg,Inglés,No recomendada para menores de 12 años,Viernes 12 Junio 2026,"Emily Blunt, Josh O Connor, Colin Firth, Eve Hewson, Colman Domingo","Si descubrieras que no estamos solos, si alguien te abriera los ojos y te lo demostrase, ¿te asustarías? En verano de 2026, la verdad será revelada a siete mil millones de personas."
"ELEONORA DUSE, LA DIVINA",Pietro Marcello,125,01,18:05,2026-06-25,Renoir Princesa,https://www.pillalas.com/pase/1074830/,https://www.cinesrenoir.com/pelicula/eleonora-duse-la-divina/,https://media.pillalas.com/imagenes/726afb526abffa839eaf1e1a7ed45f54c006c7c755d2272e7c755858cfb6b8197b37ea1b.jpg,Italiano Y Otros,No recomendada para menores de 12 años,Viernes 12 Junio 2026,"Valeria Bruni Tedeschi, Noémie Merlant, Fanni Wrochna, Noémie Lvovsky, Vincenzo Nemolato, Fausto Russo Alesi, Marcello Mazzarella, Vincenzo Pirrotta","En la Italia de posguerra y tras años alejada de los escenarios, la legendaria actriz Eleonora Duse (Valeria Bruni Tedeschi) siente el impulso irrefrenable de volver al teatro, el único lugar donde alguna vez fue verdaderamente libre. Mientras lidia con su compleja relación con su hija (Noémie Merlant), el peso de los años y su historia con el poeta Gabriele D’Annunzio, Eleonora Duse convierte su regreso en una lucha contra el tiempo, el poder y su propia decadencia, en un acto valiente y luminoso frente a un mundo en transformación."
IVÁN & HADOUM,Ian De La Rosa,102,05,18:05,2026-06-25,Renoir Princesa,https://www.pillalas.com/pase/1074932/,https://www.cinesrenoir.com/pelicula/ivan-hadoum/,https://media.pillalas.com/imagenes/726afb526abffa8326bede591d65a0a05614413c65e22d33a7646ea62287c86c1d67734c.jpg,Castellano,No recomendada para menores de 12 años,Viernes 12 Junio 2026,"Silver Chicón, Herminia Loh Moreno, Úrsula Díaz Manzano, Esperanza Guardado, Cisco Lara, Nico Montoya","Iván se enamora de Hadoum, una nueva compañera, en el invernadero de Almería donde ambos trabajan. Sin embargo, su anhelado ascenso laboral interferirá en su relación, forzándole a decidir qué tipo de persona quiere ser."
IVÁN & HADOUM,Ian De La Rosa,102,05,22:15,2026-06-25,Renoir Princesa,https://www.pillalas.com/pase/1074940/,https://www.cinesrenoir.com/pelicula/ivan-hadoum/,https://media.pillalas.com/imagenes/726afb526abffa8326bede591d65a0a05614413c65e22d33a7646ea62287c86c1d67734c.jpg,Castellano,No recomendada para menores de 12 años,Viernes 12 Junio 2026,"Silver Chicón, Herminia Loh Moreno, Úrsula Díaz Manzano, Esperanza Guardado, Cisco Lara, Nico Montoya","Iván se enamora de Hadoum, una nueva compañera, en el invernadero de Almería donde ambos trabajan. Sin embargo, su anhelado ascenso laboral interferirá en su relación, forzándole a decidir qué tipo de persona quiere ser."
LA LUZ,Fernando Franco,120,07,15:50,2026-06-25,Renoir Princesa,https://www.pillalas.com/pase/1074928/,https://www.cinesrenoir.com/pelicula/la-luz/,https://media.pillalas.com/imagenes/726afb526abffa8317677ca937a736c27e9f6bb2a52b26d33997b3aaabb603e6e12a45f0.jpg,Castellano,No recomendada para menores de 16 años,Viernes 5 Junio 2026,"Alberto San Juan, Pedro Casablanc, Miguel Rellán, María Galiana, Luis Callejo, Ramón Barea, Pablo Gómez Pando, Nacho Sánchez, Santiago Mayorga, Antonio Zafra, Itziar Aizpuru","“La Luz” es la historia de un párroco acorralado por la culpa, que deberá desafiar a la institución que lo protegió en un viaje hacia la honestidad."
LA LUZ,Fernando Franco,120,06,17:50,2026-06-25,Renoir Princesa,https://www.pillalas.com/pase/1075029/,https://www.cinesrenoir.com/pelicula/la-luz/,https://media.pillalas.com/imagenes/726afb526abffa8317677ca937a736c27e9f6bb2a52b26d33997b3aaabb603e6e12a45f0.jpg,Castellano,No recomendada para menores de 16 años,Viernes 5 Junio 2026,"Alberto San Juan, Pedro Casablanc, Miguel Rellán, María Galiana, Luis Callejo, Ramón Barea, Pablo Gómez Pando, Nacho Sánchez, Santiago Mayorga, Antonio Zafra, Itziar Aizpuru","“La Luz” es la historia de un párroco acorralado por la culpa, que deberá desafiar a la institución que lo protegió en un viaje hacia la honestidad."
LA LUZ,Fernando Franco,120,07,22:05,2026-06-25,Renoir Princesa,https://www.pillalas.com/pase/1074939/,https://www.cinesrenoir.com/pelicula/la-luz/,https://media.pillalas.com/imagenes/726afb526abffa8317677ca937a736c27e9f6bb2a52b26d33997b3aaabb603e6e12a45f0.jpg,Castellano,No recomendada para menores de 16 años,Viernes 5 Junio 2026,"Alberto San Juan, Pedro Casablanc, Miguel Rellán, María Galiana, Luis Callejo, Ramón Barea, Pablo Gómez Pando, Nacho Sánchez, Santiago Mayorga, Antonio Zafra, Itziar Aizpuru","“La Luz” es la historia de un párroco acorralado por la culpa, que deberá desafiar a la institución que lo protegió en un viaje hacia la honestidad."
LA MEMORIA DE LAS MARIPOSAS,Marta Viña,75,08,16:10,2026-06-25,Renoir Princesa,https://www.pillalas.com/pase/1075026/,https://www.cinesrenoir.com/pelicula/la-memoria-de-las-mariposas/,https://www.cinesrenoir.com/media/Peliculas/Cartel/LaMemoria_poster_espa%C3%B1ol_DEFINITIVO_mayo2026_1.jpg,Catalán,No recomendada para menores de 7 años,Viernes 12 Junio 2026,"Íngrid Escobar, Núria Florensa, Iván Massagué, Jana Parella","María, una mujer con una infancia difícil, tiene que cuidar de Anne, su niña adoptiva. Anne pasa ahora por el mismo proceso de integración en una familia. Este proceso vital se convierte en una sanadora reflexión sobre la esencia del ser humano, la vida, la muerte y el paso del tiempo."
LA MUERTE DE ROBIN HOOD [WILDER CINEMA],Michael Sarnoski,123,06,20:00,2026-06-25,Renoir Princesa,https://www.pillalas.com/pase/1073164/,https://www.cinesrenoir.com/pelicula/la-muerte-de-robin-hood-wilder-cinema/,https://media.pillalas.com/imagenes/726afb526abffa8336f9165f1f10ab196cee68c376210caa1c4ac2b603badf63cde48194.jpg,Inglés,No recomendada para menores de 16 años,Jueves 25 Junio 2026,"Hugh Jackman, Jodie Comer, Bill Skarsgård, Murray Bartlett, Noah Jupe","Oscura, melancólica y alejada de la épica tradicional, La muerte de Robin Hood reimagina el mito clásico desde una mirada más íntima y crepuscular. Michael Sarnoski explora el desgaste físico y moral de un héroe envejecido, construyendo una historia sobre legado, violencia y redención. Con Hugh Jackman al frente, la película promete una revisión contemporánea y emocionalmente compleja de una de las grandes leyendas populares del cine y la literatura."
MICHAEL,Antoine Fuqua,127,03,20:35,2026-06-25,Renoir Princesa,https://www.pillalas.com/pase/1074835/,https://www.cinesrenoir.com/pelicula/michael/,https://media.pillalas.com/imagenes/726afb526abffa83f7b5a6112d3c54b109dff7bf62264b5f36e2b71bf23726bda9e419cb.jpg,Inglés,No recomendada para menores de 12 años,Miércoles 22 Abril 2026,"Jaafar Jackson, Colman Domingo, Nia Long, Jessica Sula, Juliano Krue Valdi, Jayden Harville, Jamal R. Henderson, Jaylen Lyndon Hunter, Tre Horton, Judah Edwards, Rhyan Hill, Nathaniel Logan Mcintyre, Joseph David-Jones, Miles Teller, Laura Harrier, Kat Graham, Derek Luke, Kendrick Sampson, Larenz Tate, Keilyn Durrel Jones, Allan Wayne Anderson, Liv Symone","'Michael' es el retrato cinematográfico de la vida y el legado de uno de los artistas más influyentes que el mundo haya conocido. La película nos muestra el viaje de Michael Jackson más allá de la música, desde el descubrimiento de su extraordinario talento como líder de los Jackson Five hasta convertirse en una visionaria estrella cuya ambición creativa despertó un incansable afán por consagrarse como el mayor icono de la industria del entretenimiento. Descubriéndonos tanto su vida fuera de los escenarios como algunas de las actuaciones más emblemáticas de su carrera en solitario, 'Michael' nos brinda un asiento en primera fila para conocer a Michael Jackson como nunca. Aquí comienza su historia."
PIONERAS. SOLO QUERÍAN JUGAR,Marta Díaz De Lope Díaz,106,05,16:00,2026-06-25,Renoir Princesa,https://www.pillalas.com/pase/1074929/,https://www.cinesrenoir.com/pelicula/pioneras-solo-querian-jugar/,https://media.pillalas.com/imagenes/726afb526abffa83841aa9dea3bcfbd31547abab2849e44376088aef30139d6a3ea3caa9.jpg,Castellano,No recomendada para menores de 12 años y distintivo especialmente recomendada para el fomento de la igualdad de género,Viernes 12 Junio 2026,"Daniel Ibáñez, Aixa Villagrán, Sofía De Iznájar, Bruna Lucadamo, Nora Otxoteko, Leire Aguiar, Lorea Carballo, Miriam Rubio, José Troncoso, Carmen Ruiz, Alejandro Casaseca, Carmen Flores Sandoval, Pepa Aniorte, Elena Irureta, Jordi Sánchez","En la España de principios de los años 70, con el franquismo aún profundamente arraigado, un grupo de jovencísimas y ninguneadas cracks del balón y un soñador promotor deportivo unen fuerzas para romper barreras e iniciar lo que será la historia del fútbol femenino en nuestro país."
PIONERAS. SOLO QUERÍAN JUGAR,Marta Díaz De Lope Díaz,106,05,20:10,2026-06-25,Renoir Princesa,https://www.pillalas.com/pase/1074936/,https://www.cinesrenoir.com/pelicula/pioneras-solo-querian-jugar/,https://media.pillalas.com/imagenes/726afb526abffa83841aa9dea3bcfbd31547abab2849e44376088aef30139d6a3ea3caa9.jpg,Castellano,No recomendada para menores de 12 años y distintivo especialmente recomendada para el fomento de la igualdad de género,Viernes 12 Junio 2026,"Daniel Ibáñez, Aixa Villagrán, Sofía De Iznájar, Bruna Lucadamo, Nora Otxoteko, Leire Aguiar, Lorea Carballo, Miriam Rubio, José Troncoso, Carmen Ruiz, Alejandro Casaseca, Carmen Flores Sandoval, Pepa Aniorte, Elena Irureta, Jordi Sánchez","En la España de principios de los años 70, con el franquismo aún profundamente arraigado, un grupo de jovencísimas y ninguneadas cracks del balón y un soñador promotor deportivo unen fuerzas para romper barreras e iniciar lo que será la historia del fútbol femenino en nuestro país."
PIONERAS. SOLO QUERÍAN JUGAR,Marta Díaz De Lope Díaz,106,01,22:20,2026-06-25,Renoir Princesa,https://www.pillalas.com/pase/1074837/,https://www.cinesrenoir.com/pelicula/pioneras-solo-querian-jugar/,https://media.pillalas.com/imagenes/726afb526abffa83841aa9dea3bcfbd31547abab2849e44376088aef30139d6a3ea3caa9.jpg,Castellano,No recomendada para menores de 12 años y distintivo especialmente recomendada para el fomento de la igualdad de género,Viernes 12 Junio 2026,"Daniel Ibáñez, Aixa Villagrán, Sofía De Iznájar, Bruna Lucadamo, Nora Otxoteko, Leire Aguiar, Lorea Carballo, Miriam Rubio, José Troncoso, Carmen Ruiz, Alejandro Casaseca, Carmen Flores Sandoval, Pepa Aniorte, Elena Irureta, Jordi Sánchez","En la España de principios de los años 70, con el franquismo aún profundamente arraigado, un grupo de jovencísimas y ninguneadas cracks del balón y un soñador promotor deportivo unen fuerzas para romper barreras e iniciar lo que será la historia del fútbol femenino en nuestro país."
SOLOMAMMA,Janicke Askevold,99,01,20:25,2026-06-25,Renoir Princesa,https://www.pillalas.com/pase/1074834/,https://www.cinesrenoir.com/pelicula/solomamma/,https://media.pillalas.com/imagenes/726afb526abffa83e486bc1d70752c32d46ad33d311e7a51a14e0901d593b9ce20cfb21b.jpg,Noruego,No recomendada para menores de 12 años,Viernes 12 Junio 2026,"Lisa Loven Kongsli, Herbert Nordrum, Stian Broen Aarhus, Trude-Sofie Olavsrud Anthonsen, Celine Engebrigtsen, Stine Fevik, Nasrin Khusrawi, Rolf Kristian Larsen, Pål Richard Lunderby, Rørvik Stig, Kaveh Tehrani","Edith es una periodista de cuarenta años que ha decidido ser madre soltera mediante un proceso de donación de esperma. Sin embargo, los desafíos de la crianza en solitario resultan más complicados de lo que imaginaba y los miedos empiezan a apoderarse de ella. Cuando inesperadamente descubre la identidad de su donante decide buscarlo con el pretexto de hacerle una entrevista para el periódico en el que trabaja. Pero este encuentro acabará trastocando no solo la vida de Edith sino la de todos los que la rodean."
THE FURIOUS,Kenji Tanigaki,115,08,22:00,2026-06-25,Renoir Princesa,https://www.pillalas.com/pase/1075035/,https://www.cinesrenoir.com/pelicula/the-furious/,https://media.pillalas.com/imagenes/726afb526abffa8307d044046985d995df09c824fe28618c305732384bd5072b54b38bec.jpg,"Chino, Inglés, Tailandés",No recomendada para menores de 18 años,Viernes 12 Junio 2026,"Xie Miao, Joe Taslim, Yang Enyou, Brian Le, Joey Iwanaga, Sahajak Boonthanakit, Manatsanun Phanlerdwongsakul, Guo Junqing, Winai Wiangyangkung, Yayan Ruhian, Jija Yanin","Brutal, física y cargada de adrenalina, The Furious recupera el espíritu más salvaje y espectacular del gran cine de acción asiático contemporáneo. Kenji Tanigaki (legendario coreógrafo y director de acción) construye una historia de venganza y redención donde cada persecución y cada combate están filmados con una energía arrolladora. Con Louis Koo, Nicholas Tse y Tony Jaa al frente, la película mezcla thriller criminal y artes marciales con una puesta en escena seca, contundente y profundamente cinematográfica. Una experiencia explosiva para disfrutar en pantalla grande. Selección oficial – Festival Internacional de Cine Fantástico de Sitges “Una descarga de adrenalina impecablemente coreografiada.” — Variety “Kenji Tanigaki lleva el cine de acción físico a otro nivel.” — Fotogramas “Violenta, elegante y tremendamente efectiva.” — Cinemanía “Tony Jaa vuelve a demostrar por qué es una leyenda del género.” — The Guardian “Acción asiática en estado puro.” — Empire"
TOY STORY 5,"Mckenna Harris, Andrew Stanton",101,06,15:50,2026-06-25,Renoir Princesa,https://www.pillalas.com/pase/1074927/,https://www.cinesrenoir.com/pelicula/toy-story-5/,https://media.pillalas.com/imagenes/726afb526abffa838a456bed6d0f9a7c9af3e476430cb99b9b7924219be4a2e77fa421a0.jpg,Inglés,Apta para todos los públicos y distintivo especialmente recomendada para la infancia,Miércoles 17 Junio 2026,Animación,"Los juguetes están de vuelta. Esta vez, Buzz Lightyear, Woody, Jessie y el resto de la pandilla se enfrentan a un nuevo reto cuando conocen a Lilypad , una nueva tablet que llega con sus propias ideas disruptivas sobre lo que es mejor para Bonnie. ¿Volverá a ser lo mismo la hora de jugar?"
TOY STORY 5,"Mckenna Harris, Andrew Stanton",101,07,18:05,2026-06-25,Renoir Princesa,https://www.pillalas.com/pase/1074933/,https://www.cinesrenoir.com/pelicula/toy-story-5/,https://media.pillalas.com/imagenes/726afb526abffa838a456bed6d0f9a7c9af3e476430cb99b9b7924219be4a2e77fa421a0.jpg,Inglés,Apta para todos los públicos y distintivo especialmente recomendada para la infancia,Miércoles 17 Junio 2026,Animación,"Los juguetes están de vuelta. Esta vez, Buzz Lightyear, Woody, Jessie y el resto de la pandilla se enfrentan a un nuevo reto cuando conocen a Lilypad , una nueva tablet que llega con sus propias ideas disruptivas sobre lo que es mejor para Bonnie. ¿Volverá a ser lo mismo la hora de jugar?"
TOY STORY 5,"Mckenna Harris, Andrew Stanton",101,07,20:05,2026-06-25,Renoir Princesa,https://www.pillalas.com/pase/1074935/,https://www.cinesrenoir.com/pelicula/toy-story-5/,https://media.pillalas.com/imagenes/726afb526abffa838a456bed6d0f9a7c9af3e476430cb99b9b7924219be4a2e77fa421a0.jpg,Inglés,Apta para todos los públicos y distintivo especialmente recomendada para la infancia,Miércoles 17 Junio 2026,Animación,"Los juguetes están de vuelta. Esta vez, Buzz Lightyear, Woody, Jessie y el resto de la pandilla se enfrentan a un nuevo reto cuando conocen a Lilypad , una nueva tablet que llega con sus propias ideas disruptivas sobre lo que es mejor para Bonnie. ¿Volverá a ser lo mismo la hora de jugar?"
TOY STORY 5,"Mckenna Harris, Andrew Stanton",101,06,22:20,2026-06-25,Renoir Princesa,https://www.pillalas.com/pase/1074941/,https://www.cinesrenoir.com/pelicula/toy-story-5/,https://media.pillalas.com/imagenes/726afb526abffa838a456bed6d0f9a7c9af3e476430cb99b9b7924219be4a2e77fa421a0.jpg,Inglés,Apta para todos los públicos y distintivo especialmente recomendada para la infancia,Miércoles 17 Junio 2026,Animación,"Los juguetes están de vuelta. Esta vez, Buzz Lightyear, Woody, Jessie y el resto de la pandilla se enfrentan a un nuevo reto cuando conocen a Lilypad , una nueva tablet que llega con sus propias ideas disruptivas sobre lo que es mejor para Bonnie. ¿Volverá a ser lo mismo la hora de jugar?"
UN MUNDO FRÁGIL Y MARAVILLOSO,Cyril Aris,109,08,17:45,2026-06-25,Renoir Princesa,https://www.pillalas.com/pase/1075028/,https://www.cinesrenoir.com/pelicula/un-mundo-fragil-y-maravilloso/,https://media.pillalas.com/imagenes/726afb526abffa83b0591e6dfed427f80a0078a6b660548f2c35073bdf7fe24358e8641b.jpg,Árabe,No recomendada para menores de 12 años,Viernes 22 Mayo 2026,"Mounia Akl, Hasan Akil, Julia Kassar, Camille Salameh, Tino Karam, Nadyn Chalhoub, Valentina Hachem, Alex Choueiry, Mohamad Farhat, Omar Layza, Joseph Zaytouni, Yara Zakhour, Elie Barakat, Anissa Chalhoub, Sandy Chamoun","Nino y Yasmina nacieron el mismo día, en medio de una tragedia que sacudió Beirut. A lo largo de tres décadas marcadas por pasión, desamor y esperanza, sus caminos se cruzan una y otra vez, atrapados en una relación magnética que desafía el tiempo y las heridas del pasado. Él sueña con echar raíces, mientras ella solo piensa en huir. En un país que cada día les rompe un poco más el corazón, deberán enfrentarse a una elección imposible: ¿apostar por el amor y formar una familia, o rendirse ante la necesidad de sobrevivir?"
UN TALENTO ÚNICO,Daniel Roher,107,08,19:50,2026-06-25,Renoir Princesa,https://www.pillalas.com/pase/1075032/,https://www.cinesrenoir.com/pelicula/un-talento-unico/,https://media.pillalas.com/imagenes/726afb526abffa8328ed8d44e9f29b219dc5c0acbef948ae809535159b834c8652582f9e.jpg,Inglés,No recomendada para menores de 16 años,Viernes 12 Junio 2026,"Leo Woodall, Dustin Hoffman, Havana Rose Liu, Lior Raz, Tovah Feldshuh, Nissan Sakira, Gil Cohen, Jean Reno, C. S. Lee","Un talentoso afinador de pianos que padece hiperacusia descubre una aptitud única para abrir cajas fuertes, que le llevará a un peligroso mundo."
AMARGA NAVIDAD,Pedro Almodóvar,111,01,15:50,2026-06-26,Renoir Princesa,https://www.pillalas.com/pase/1075957/,https://www.cinesrenoir.com/pelicula/amarga-navidad/,https://media.pillalas.com/imagenes/726afb526abffa83b60c45c3634993c0e9bd987d873c6c32a8009c3b4ee414d3a40e41c1.jpg,Castellano,No recomendada para menores de 12 años,Viernes 20 Marzo 2026,"Bárbara Lennie, Leonardo Sbaraglia, Aitana Sánchez-Gijón, Victoria Luengo, Patrick Criado, Milena Smit, Quim Gutiérrez, Rossy De Palma, Carmen Machi, Gloria Muñoz","Elsa es una directora de publicidad cuya madre muere durante un largo puente del mes de diciembre. Encuentra refugio en el trabajo, aunque es más bien una huida hacia adelante. Trabaja sin parar y, sin darse cuenta, no se concede el tiempo necesario para guardar el duelo por la ausencia materna. Hasta que una crisis de pánico la obliga a detenerse e imponerse un descanso. Su pareja, Bonifacio, es su tabla de salvación en esos momentos de crisis. Elsa decide viajar a la isla de Lanzarote acompañada por su amiga Patricia, que también necesita alejarse de Madrid, mientras que Bonifacio se queda en la ciudad. La historia de estos tres personajes, y algunos más, se narran paralelamente a la del guionista y director de cine Raúl Durán, entremezclando ficción y realidad. Porque ‘Amarga Navidad’ desarrolla cómo la vida y la ficción están unidas de un modo indisoluble, incluso doloroso en ocasiones."
BACKROOMS,Kane Parsons,110,08,16:00,2026-06-26,Renoir Princesa,https://www.pillalas.com/pase/1076118/,https://www.cinesrenoir.com/pelicula/backrooms/,https://media.pillalas.com/imagenes/726afb526abffa83186becfb5f5e9996a19758e2af6f41d33fc78627a975c1013a9e6c45.jpg,Inglés,No recomendada para menores de 16 años,Viernes 5 Junio 2026,"Chiwetel Ejiofor, Renate Reinsve, Mark Duplass, Finn Bennett, Lukita Maxwell, Avan Jogia","Cuando el paciente de una terapeuta desaparece en una dimensión más allá de la realidad, ella deberá adentrarse en lo desconocido para salvarlo..."
BACKROOMS,Kane Parsons,110,02,20:15,2026-06-26,Renoir Princesa,https://www.pillalas.com/pase/1075981/,https://www.cinesrenoir.com/pelicula/backrooms/,https://media.pillalas.com/imagenes/726afb526abffa83186becfb5f5e9996a19758e2af6f41d33fc78627a975c1013a9e6c45.jpg,Inglés,No recomendada para menores de 16 años,Viernes 5 Junio 2026,"Chiwetel Ejiofor, Renate Reinsve, Mark Duplass, Finn Bennett, Lukita Maxwell, Avan Jogia","Cuando el paciente de una terapeuta desaparece en una dimensión más allá de la realidad, ella deberá adentrarse en lo desconocido para salvarlo..."
BACKROOMS,Kane Parsons,110,02,22:20,2026-06-26,Renoir Princesa,https://www.pillalas.com/pase/1075986/,https://www.cinesrenoir.com/pelicula/backrooms/,https://media.pillalas.com/imagenes/726afb526abffa83186becfb5f5e9996a19758e2af6f41d33fc78627a975c1013a9e6c45.jpg,Inglés,No recomendada para menores de 16 años,Viernes 5 Junio 2026,"Chiwetel Ejiofor, Renate Reinsve, Mark Duplass, Finn Bennett, Lukita Maxwell, Avan Jogia","Cuando el paciente de una terapeuta desaparece en una dimensión más allá de la realidad, ella deberá adentrarse en lo desconocido para salvarlo..."
DREAMS,Michel Franco,98,08,18:10,2026-06-26,Renoir Princesa,https://www.pillalas.com/pase/1076122/,https://www.cinesrenoir.com/pelicula/dreams/,https://media.pillalas.com/imagenes/726afb526abffa83f2fcec14080faa1f92861ad737cbaef71a9e19333a81d741027ad62e.jpg,Inglés,No recomendada para menores de 16 años,Viernes 19 Junio 2026,"Jessica Chastain, Isaac Hernández, Rupert Friend, Marshall Bell","La historia sigue a Fernando (Isaac Hernández) un joven bailarín mexicano que persigue el sueño de triunfar en Estados Unidos. Convencido de que contará con el apoyo de Jennifer (Jessica Chastain), una filántropa de la alta sociedad con la que mantiene una relación, lo deja todo atrás y cruza la frontera. Pero lo que en principio parece una nueva oportunidad termina trastocando el frágil equilibrio de la vida de Jennifer, que estará dispuesta a todo para proteger lo que ha construido."
DREAMS,Michel Franco,98,01,20:15,2026-06-26,Renoir Princesa,https://www.pillalas.com/pase/1075958/,https://www.cinesrenoir.com/pelicula/dreams/,https://media.pillalas.com/imagenes/726afb526abffa83f2fcec14080faa1f92861ad737cbaef71a9e19333a81d741027ad62e.jpg,Inglés,No recomendada para menores de 16 años,Viernes 19 Junio 2026,"Jessica Chastain, Isaac Hernández, Rupert Friend, Marshall Bell","La historia sigue a Fernando (Isaac Hernández) un joven bailarín mexicano que persigue el sueño de triunfar en Estados Unidos. Convencido de que contará con el apoyo de Jennifer (Jessica Chastain), una filántropa de la alta sociedad con la que mantiene una relación, lo deja todo atrás y cruza la frontera. Pero lo que en principio parece una nueva oportunidad termina trastocando el frágil equilibrio de la vida de Jennifer, que estará dispuesta a todo para proteger lo que ha construido."
DREAMS,Michel Franco,98,08,22:25,2026-06-26,Renoir Princesa,https://www.pillalas.com/pase/1076130/,https://www.cinesrenoir.com/pelicula/dreams/,https://media.pillalas.com/imagenes/726afb526abffa83f2fcec14080faa1f92861ad737cbaef71a9e19333a81d741027ad62e.jpg,Inglés,No recomendada para menores de 16 años,Viernes 19 Junio 2026,"Jessica Chastain, Isaac Hernández, Rupert Friend, Marshall Bell","La historia sigue a Fernando (Isaac Hernández) un joven bailarín mexicano que persigue el sueño de triunfar en Estados Unidos. Convencido de que contará con el apoyo de Jennifer (Jessica Chastain), una filántropa de la alta sociedad con la que mantiene una relación, lo deja todo atrás y cruza la frontera. Pero lo que en principio parece una nueva oportunidad termina trastocando el frágil equilibrio de la vida de Jennifer, que estará dispuesta a todo para proteger lo que ha construido."
EL DIABLO VISTE DE PRADA 2,David Frankel,120,05,16:00,2026-06-26,Renoir Princesa,https://www.pillalas.com/pase/1076072/,https://www.cinesrenoir.com/pelicula/el-diablo-viste-de-prada-2/,https://media.pillalas.com/imagenes/726afb526abffa83fece47511eb70b9e1b6e404173ddb3c32d8258561fd54681cee1e0d8.jpg,Inglés,No recomendada para menores de 7 años,Jueves 30 Abril 2026,"Meryl Streep, Emily Blunt, Anne Hathaway, Stanley Tucci, Tracie Thoms, Tibor Feldman, Kenneth Branagh, Simone Ashley, Justin Theroux, Lucy Liu, Patrick Brammall, Caleb Hearon, Helen J. Shen, Pauline Chalamet, B.J. Novak, Conrad Ricamora","Casi 20 años después de interpretar a los icónicos personajes de Miranda, Andy, Emily y Nigel, Meryl Streep, Anne Hathaway, Emily Blunt y Stanley Tucci regresan a las calles de Nueva York y a las oficinas de la revista Runway en la esperada secuela del fenómeno de 2006."
EL DRAMA,Kristoffer Borgli,106,10,15:50,2026-06-26,Renoir Princesa,https://www.pillalas.com/pase/1076116/,https://www.cinesrenoir.com/pelicula/el-drama/,https://media.pillalas.com/imagenes/726afb526abffa833c26769a2d0f648f239a18f56e93a09c45c7c77c2bf1a8ee48c54930.jpg,Inglés,No recomendada para menores de 16 años,Viernes 29 Mayo 2026,"Zendaya, Robert Pattinson, Alana Haim, Mamoudou Athie, Yaya Gosselin, Michael Abbott Jr.","Irónica, afilada y emocionalmente incómoda, El drama confirma a Kristoffer Borgli como una de las voces más singulares del cine contemporáneo. A partir de una relación de pareja llevada al límite, la película explora con humor incómodo y lucidez las dinámicas afectivas, la percepción pública y la construcción del relato personal. Con Robert Pattinson y Zendaya al frente, Borgli construye una historia tan contemporánea como inquietante, donde lo íntimo y lo performativo se entrelazan constantemente. Una mirada provocadora y muy actual sobre el amor en tiempos de exposición permanente. “Una mirada incisiva sobre las relaciones contemporáneas.” — El País “Borgli confirma su voz única.” — Fotogramas “Incómoda, inteligente y muy actual.” — Cinemanía “Provocadora y sorprendente.” — The Guardian “Pattinson y Zendaya brillan con intensidad.” — Variety"
EL DRAMA,Kristoffer Borgli,106,10,17:55,2026-06-26,Renoir Princesa,https://www.pillalas.com/pase/1076120/,https://www.cinesrenoir.com/pelicula/el-drama/,https://media.pillalas.com/imagenes/726afb526abffa833c26769a2d0f648f239a18f56e93a09c45c7c77c2bf1a8ee48c54930.jpg,Inglés,No recomendada para menores de 16 años,Viernes 29 Mayo 2026,"Zendaya, Robert Pattinson, Alana Haim, Mamoudou Athie, Yaya Gosselin, Michael Abbott Jr.","Irónica, afilada y emocionalmente incómoda, El drama confirma a Kristoffer Borgli como una de las voces más singulares del cine contemporáneo. A partir de una relación de pareja llevada al límite, la película explora con humor incómodo y lucidez las dinámicas afectivas, la percepción pública y la construcción del relato personal. Con Robert Pattinson y Zendaya al frente, Borgli construye una historia tan contemporánea como inquietante, donde lo íntimo y lo performativo se entrelazan constantemente. Una mirada provocadora y muy actual sobre el amor en tiempos de exposición permanente. “Una mirada incisiva sobre las relaciones contemporáneas.” — El País “Borgli confirma su voz única.” — Fotogramas “Incómoda, inteligente y muy actual.” — Cinemanía “Provocadora y sorprendente.” — The Guardian “Pattinson y Zendaya brillan con intensidad.” — Variety"
EL DRAMA,Kristoffer Borgli,106,10,20:00,2026-06-26,Renoir Princesa,https://www.pillalas.com/pase/1076124/,https://www.cinesrenoir.com/pelicula/el-drama/,https://media.pillalas.com/imagenes/726afb526abffa833c26769a2d0f648f239a18f56e93a09c45c7c77c2bf1a8ee48c54930.jpg,Inglés,No recomendada para menores de 16 años,Viernes 29 Mayo 2026,"Zendaya, Robert Pattinson, Alana Haim, Mamoudou Athie, Yaya Gosselin, Michael Abbott Jr.","Irónica, afilada y emocionalmente incómoda, El drama confirma a Kristoffer Borgli como una de las voces más singulares del cine contemporáneo. A partir de una relación de pareja llevada al límite, la película explora con humor incómodo y lucidez las dinámicas afectivas, la percepción pública y la construcción del relato personal. Con Robert Pattinson y Zendaya al frente, Borgli construye una historia tan contemporánea como inquietante, donde lo íntimo y lo performativo se entrelazan constantemente. Una mirada provocadora y muy actual sobre el amor en tiempos de exposición permanente. “Una mirada incisiva sobre las relaciones contemporáneas.” — El País “Borgli confirma su voz única.” — Fotogramas “Incómoda, inteligente y muy actual.” — Cinemanía “Provocadora y sorprendente.” — The Guardian “Pattinson y Zendaya brillan con intensidad.” — Variety"
EL DRAMA,Kristoffer Borgli,106,10,22:00,2026-06-26,Renoir Princesa,https://www.pillalas.com/pase/1076128/,https://www.cinesrenoir.com/pelicula/el-drama/,https://media.pillalas.com/imagenes/726afb526abffa833c26769a2d0f648f239a18f56e93a09c45c7c77c2bf1a8ee48c54930.jpg,Inglés,No recomendada para menores de 16 años,Viernes 29 Mayo 2026,"Zendaya, Robert Pattinson, Alana Haim, Mamoudou Athie, Yaya Gosselin, Michael Abbott Jr.","Irónica, afilada y emocionalmente incómoda, El drama confirma a Kristoffer Borgli como una de las voces más singulares del cine contemporáneo. A partir de una relación de pareja llevada al límite, la película explora con humor incómodo y lucidez las dinámicas afectivas, la percepción pública y la construcción del relato personal. Con Robert Pattinson y Zendaya al frente, Borgli construye una historia tan contemporánea como inquietante, donde lo íntimo y lo performativo se entrelazan constantemente. Una mirada provocadora y muy actual sobre el amor en tiempos de exposición permanente. “Una mirada incisiva sobre las relaciones contemporáneas.” — El País “Borgli confirma su voz única.” — Fotogramas “Incómoda, inteligente y muy actual.” — Cinemanía “Provocadora y sorprendente.” — The Guardian “Pattinson y Zendaya brillan con intensidad.” — Variety"
EL DÍA DE LA REVELACIÓN,Steven Spielberg,145,09,16:10,2026-06-26,Renoir Princesa,https://www.pillalas.com/pase/1076119/,https://www.cinesrenoir.com/pelicula/el-dia-de-la-revelacion/,https://media.pillalas.com/imagenes/726afb526abffa8309e287b6a9937a9056794979929b0d994d7cb0244506ea87665540d6.jpg,Inglés,No recomendada para menores de 12 años,Viernes 12 Junio 2026,"Emily Blunt, Josh O Connor, Colin Firth, Eve Hewson, Colman Domingo","Si descubrieras que no estamos solos, si alguien te abriera los ojos y te lo demostrase, ¿te asustarías? En verano de 2026, la verdad será revelada a siete mil millones de personas."
EL DÍA DE LA REVELACIÓN,Steven Spielberg,145,09,18:50,2026-06-26,Renoir Princesa,https://www.pillalas.com/pase/1076123/,https://www.cinesrenoir.com/pelicula/el-dia-de-la-revelacion/,https://media.pillalas.com/imagenes/726afb526abffa8309e287b6a9937a9056794979929b0d994d7cb0244506ea87665540d6.jpg,Inglés,No recomendada para menores de 12 años,Viernes 12 Junio 2026,"Emily Blunt, Josh O Connor, Colin Firth, Eve Hewson, Colman Domingo","Si descubrieras que no estamos solos, si alguien te abriera los ojos y te lo demostrase, ¿te asustarías? En verano de 2026, la verdad será revelada a siete mil millones de personas."
EL DÍA DE LA REVELACIÓN,Steven Spielberg,145,05,20:20,2026-06-26,Renoir Princesa,https://www.pillalas.com/pase/1076076/,https://www.cinesrenoir.com/pelicula/el-dia-de-la-revelacion/,https://media.pillalas.com/imagenes/726afb526abffa8309e287b6a9937a9056794979929b0d994d7cb0244506ea87665540d6.jpg,Inglés,No recomendada para menores de 12 años,Viernes 12 Junio 2026,"Emily Blunt, Josh O Connor, Colin Firth, Eve Hewson, Colman Domingo","Si descubrieras que no estamos solos, si alguien te abriera los ojos y te lo demostrase, ¿te asustarías? En verano de 2026, la verdad será revelada a siete mil millones de personas."
EL DÍA DE LA REVELACIÓN,Steven Spielberg,145,09,21:40,2026-06-26,Renoir Princesa,https://www.pillalas.com/pase/1076127/,https://www.cinesrenoir.com/pelicula/el-dia-de-la-revelacion/,https://media.pillalas.com/imagenes/726afb526abffa8309e287b6a9937a9056794979929b0d994d7cb0244506ea87665540d6.jpg,Inglés,No recomendada para menores de 12 años,Viernes 12 Junio 2026,"Emily Blunt, Josh O Connor, Colin Firth, Eve Hewson, Colman Domingo","Si descubrieras que no estamos solos, si alguien te abriera los ojos y te lo demostrase, ¿te asustarías? En verano de 2026, la verdad será revelada a siete mil millones de personas."
LA LUZ,Fernando Franco,120,03,16:00,2026-06-26,Renoir Princesa,https://www.pillalas.com/pase/1075975/,https://www.cinesrenoir.com/pelicula/la-luz/,https://media.pillalas.com/imagenes/726afb526abffa8317677ca937a736c27e9f6bb2a52b26d33997b3aaabb603e6e12a45f0.jpg,Castellano,No recomendada para menores de 16 años,Viernes 5 Junio 2026,"Alberto San Juan, Pedro Casablanc, Miguel Rellán, María Galiana, Luis Callejo, Ramón Barea, Pablo Gómez Pando, Nacho Sánchez, Santiago Mayorga, Antonio Zafra, Itziar Aizpuru","“La Luz” es la historia de un párroco acorralado por la culpa, que deberá desafiar a la institución que lo protegió en un viaje hacia la honestidad."
LA LUZ,Fernando Franco,120,02,18:00,2026-06-26,Renoir Princesa,https://www.pillalas.com/pase/1075977/,https://www.cinesrenoir.com/pelicula/la-luz/,https://media.pillalas.com/imagenes/726afb526abffa8317677ca937a736c27e9f6bb2a52b26d33997b3aaabb603e6e12a45f0.jpg,Castellano,No recomendada para menores de 16 años,Viernes 5 Junio 2026,"Alberto San Juan, Pedro Casablanc, Miguel Rellán, María Galiana, Luis Callejo, Ramón Barea, Pablo Gómez Pando, Nacho Sánchez, Santiago Mayorga, Antonio Zafra, Itziar Aizpuru","“La Luz” es la historia de un párroco acorralado por la culpa, que deberá desafiar a la institución que lo protegió en un viaje hacia la honestidad."
LA LUZ,Fernando Franco,120,07,22:00,2026-06-26,Renoir Princesa,https://www.pillalas.com/pase/1076129/,https://www.cinesrenoir.com/pelicula/la-luz/,https://media.pillalas.com/imagenes/726afb526abffa8317677ca937a736c27e9f6bb2a52b26d33997b3aaabb603e6e12a45f0.jpg,Castellano,No recomendada para menores de 16 años,Viernes 5 Junio 2026,"Alberto San Juan, Pedro Casablanc, Miguel Rellán, María Galiana, Luis Callejo, Ramón Barea, Pablo Gómez Pando, Nacho Sánchez, Santiago Mayorga, Antonio Zafra, Itziar Aizpuru","“La Luz” es la historia de un párroco acorralado por la culpa, que deberá desafiar a la institución que lo protegió en un viaje hacia la honestidad."
LETRAS ROBADAS,John Carney,98,11,15:50,2026-06-26,Renoir Princesa,https://www.pillalas.com/pase/1076219/,https://www.cinesrenoir.com/pelicula/letras-robadas/,https://media.pillalas.com/imagenes/726afb526abffa83a0d9791d64d1078fecc35b3f6dfaaed9ab05ae74e5aba2420b650147.jpg,Inglés,No recomendada para menores de 12 años,Viernes 26 Junio 2026,"Paul Rudd, Nick Jonas, Naoimh Whelton, Havana Rose Liu, Jack Reynor, Rory Keenan, Peter Mcdonald, Keith Mcerlean, Sophie Vavasseur, Paul Reid, Juliette Crosbie, Robert Mitchell, Kelly Thornton, Marcella Plunkett, Mae Higgins","Rick (Paul Rudd) es un cantante y compositor que se gana la vida como puede actuando en bodas con su grupo. Danny (Nick Jonas), en cambio, es una súper estrella del pop en pleno auge. Tras conocerse por casualidad, Danny lanza un nuevo single que se convierte en todo un éxito mundial, pero Rick le acusa de haberle robado esa canción."
LETRAS ROBADAS,John Carney,98,06,20:10,2026-06-26,Renoir Princesa,https://www.pillalas.com/pase/1076075/,https://www.cinesrenoir.com/pelicula/letras-robadas/,https://media.pillalas.com/imagenes/726afb526abffa83a0d9791d64d1078fecc35b3f6dfaaed9ab05ae74e5aba2420b650147.jpg,Inglés,No recomendada para menores de 12 años,Viernes 26 Junio 2026,"Paul Rudd, Nick Jonas, Naoimh Whelton, Havana Rose Liu, Jack Reynor, Rory Keenan, Peter Mcdonald, Keith Mcerlean, Sophie Vavasseur, Paul Reid, Juliette Crosbie, Robert Mitchell, Kelly Thornton, Marcella Plunkett, Mae Higgins","Rick (Paul Rudd) es un cantante y compositor que se gana la vida como puede actuando en bodas con su grupo. Danny (Nick Jonas), en cambio, es una súper estrella del pop en pleno auge. Tras conocerse por casualidad, Danny lanza un nuevo single que se convierte en todo un éxito mundial, pero Rick le acusa de haberle robado esa canción."
LETRAS ROBADAS,John Carney,98,06,22:10,2026-06-26,Renoir Princesa,https://www.pillalas.com/pase/1076077/,https://www.cinesrenoir.com/pelicula/letras-robadas/,https://media.pillalas.com/imagenes/726afb526abffa83a0d9791d64d1078fecc35b3f6dfaaed9ab05ae74e5aba2420b650147.jpg,Inglés,No recomendada para menores de 12 años,Viernes 26 Junio 2026,"Paul Rudd, Nick Jonas, Naoimh Whelton, Havana Rose Liu, Jack Reynor, Rory Keenan, Peter Mcdonald, Keith Mcerlean, Sophie Vavasseur, Paul Reid, Juliette Crosbie, Robert Mitchell, Kelly Thornton, Marcella Plunkett, Mae Higgins","Rick (Paul Rudd) es un cantante y compositor que se gana la vida como puede actuando en bodas con su grupo. Danny (Nick Jonas), en cambio, es una súper estrella del pop en pleno auge. Tras conocerse por casualidad, Danny lanza un nuevo single que se convierte en todo un éxito mundial, pero Rick le acusa de haberle robado esa canción."
LOS ÚLTIMOS DÍAS DE MARIA ANTONIETA,Gianluca Jodice,101,07,16:00,2026-06-26,Renoir Princesa,https://www.pillalas.com/pase/1076117/,https://www.cinesrenoir.com/pelicula/los-ultimos-dias-de-maria-antonieta/,https://media.pillalas.com/imagenes/726afb526abffa83afd62aedf957bc47764dd9df4798120b6f3983b2c1698fb2d2196fff.jpg,Francés,No recomendada para menores de 12 años,Viernes 26 Junio 2026,"Guillaume Canet, Mélanie Laurent, Aurore Broutin, Hugo Dillon, Fabrizio Rongione, Anouk Darwin Homewood, Tom Hudson, Roxane Duran","París, 1792. La revolución del pueblo francés ha triunfado y el rey Luis XVI, junto a su esposa María Antonieta y sus hijos, son arrestados y encarcelados en la Tour du Temple, un siniestro castillo de París, a la espera de su juicio. Lejos del esplendor, los privilegios y las riquezas, la familia se encuentra aislada y vulnerable por primera vez en sus vidas. Estos serán los turbulentos últimos días de ambos monarcas antes de su histórica ejecución en la guillotina."
LOS ÚLTIMOS DÍAS DE MARIA ANTONIETA,Gianluca Jodice,101,07,18:00,2026-06-26,Renoir Princesa,https://www.pillalas.com/pase/1076121/,https://www.cinesrenoir.com/pelicula/los-ultimos-dias-de-maria-antonieta/,https://media.pillalas.com/imagenes/726afb526abffa83afd62aedf957bc47764dd9df4798120b6f3983b2c1698fb2d2196fff.jpg,Francés,No recomendada para menores de 12 años,Viernes 26 Junio 2026,"Guillaume Canet, Mélanie Laurent, Aurore Broutin, Hugo Dillon, Fabrizio Rongione, Anouk Darwin Homewood, Tom Hudson, Roxane Duran","París, 1792. La revolución del pueblo francés ha triunfado y el rey Luis XVI, junto a su esposa María Antonieta y sus hijos, son arrestados y encarcelados en la Tour du Temple, un siniestro castillo de París, a la espera de su juicio. Lejos del esplendor, los privilegios y las riquezas, la familia se encuentra aislada y vulnerable por primera vez en sus vidas. Estos serán los turbulentos últimos días de ambos monarcas antes de su histórica ejecución en la guillotina."
LOS ÚLTIMOS DÍAS DE MARIA ANTONIETA,Gianluca Jodice,101,07,20:00,2026-06-26,Renoir Princesa,https://www.pillalas.com/pase/1076125/,https://www.cinesrenoir.com/pelicula/los-ultimos-dias-de-maria-antonieta/,https://media.pillalas.com/imagenes/726afb526abffa83afd62aedf957bc47764dd9df4798120b6f3983b2c1698fb2d2196fff.jpg,Francés,No recomendada para menores de 12 años,Viernes 26 Junio 2026,"Guillaume Canet, Mélanie Laurent, Aurore Broutin, Hugo Dillon, Fabrizio Rongione, Anouk Darwin Homewood, Tom Hudson, Roxane Duran","París, 1792. La revolución del pueblo francés ha triunfado y el rey Luis XVI, junto a su esposa María Antonieta y sus hijos, son arrestados y encarcelados en la Tour du Temple, un siniestro castillo de París, a la espera de su juicio. Lejos del esplendor, los privilegios y las riquezas, la familia se encuentra aislada y vulnerable por primera vez en sus vidas. Estos serán los turbulentos últimos días de ambos monarcas antes de su histórica ejecución en la guillotina."
MORIR NO SIEMPRE SALE BIEN,Claudia Pinto Emperador,97,06,18:10,2026-06-26,Renoir Princesa,https://www.pillalas.com/pase/1076073/,https://www.cinesrenoir.com/pelicula/morir-no-siempre-sale-bien/,https://media.pillalas.com/imagenes/726afb526abffa83986c754a9abaa4b59e3f299864e39864a171194882afbcf70e409a28.jpg,Valenciano,No recomendada para menores de 12 años,Viernes 26 Junio 2026,"Tamara Casellas, Ana Wagener, Juan Carlos Vellido, Pau Durà, Carmen Arrufat, Daniel Pérez Prada, Raúl Prieto, Paula Muñoz, Jorge Motos, Roberto Hoyo","El marido y el hermano de Rosario se han quedado sin trabajo tras un despido improcedente. Para pagar sus deudas deciden secuestrar el cadáver de su jefe y pedir un rescate. Pero Inés, la adinerada mujer del muerto, y sus hijos tienen otros planes. A pesar de pertenecer a mundos totalmente distintos, ambas familias se verán obligadas a intercambiar mucho más que un cuerpo."
OBSESSION,Curry Barker,108,06,16:00,2026-06-26,Renoir Princesa,https://www.pillalas.com/pase/1076071/,https://www.cinesrenoir.com/pelicula/obsession/,https://media.pillalas.com/imagenes/726afb526abffa83ff7ee6f6d82de986b738cc661278e7a30ccd2f1e4538348bdd98f544.jpg,Inglés,No recomendada para menores de 18 años,Viernes 26 Junio 2026,"Michael Johnston, Inde Navarrette, Cooper Tomlinson, Megan Lawless, Andy Richter","Tras usar un misterioso objeto para conquistar a su amor platónico, un romántico empedernido verá cumplido su mayor anhelo... pero no tardará en descubrir el oscuro y siniestro precio de algunos deseos."
OBSESSION,Curry Barker,108,11,17:45,2026-06-26,Renoir Princesa,https://www.pillalas.com/pase/1076220/,https://www.cinesrenoir.com/pelicula/obsession/,https://media.pillalas.com/imagenes/726afb526abffa83ff7ee6f6d82de986b738cc661278e7a30ccd2f1e4538348bdd98f544.jpg,Inglés,No recomendada para menores de 18 años,Viernes 26 Junio 2026,"Michael Johnston, Inde Navarrette, Cooper Tomlinson, Megan Lawless, Andy Richter","Tras usar un misterioso objeto para conquistar a su amor platónico, un romántico empedernido verá cumplido su mayor anhelo... pero no tardará en descubrir el oscuro y siniestro precio de algunos deseos."
OBSESSION,Curry Barker,108,11,19:50,2026-06-26,Renoir Princesa,https://www.pillalas.com/pase/1076221/,https://www.cinesrenoir.com/pelicula/obsession/,https://media.pillalas.com/imagenes/726afb526abffa83ff7ee6f6d82de986b738cc661278e7a30ccd2f1e4538348bdd98f544.jpg,Inglés,No recomendada para menores de 18 años,Viernes 26 Junio 2026,"Michael Johnston, Inde Navarrette, Cooper Tomlinson, Megan Lawless, Andy Richter","Tras usar un misterioso objeto para conquistar a su amor platónico, un romántico empedernido verá cumplido su mayor anhelo... pero no tardará en descubrir el oscuro y siniestro precio de algunos deseos."
OBSESSION,Curry Barker,108,11,22:00,2026-06-26,Renoir Princesa,https://www.pillalas.com/pase/1076222/,https://www.cinesrenoir.com/pelicula/obsession/,https://media.pillalas.com/imagenes/726afb526abffa83ff7ee6f6d82de986b738cc661278e7a30ccd2f1e4538348bdd98f544.jpg,Inglés,No recomendada para menores de 18 años,Viernes 26 Junio 2026,"Michael Johnston, Inde Navarrette, Cooper Tomlinson, Megan Lawless, Andy Richter","Tras usar un misterioso objeto para conquistar a su amor platónico, un romántico empedernido verá cumplido su mayor anhelo... pero no tardará en descubrir el oscuro y siniestro precio de algunos deseos."
PIONERAS. SOLO QUERÍAN JUGAR,Marta Díaz De Lope Díaz,106,05,18:15,2026-06-26,Renoir Princesa,https://www.pillalas.com/pase/1076074/,https://www.cinesrenoir.com/pelicula/pioneras-solo-querian-jugar/,https://media.pillalas.com/imagenes/726afb526abffa83841aa9dea3bcfbd31547abab2849e44376088aef30139d6a3ea3caa9.jpg,Castellano,No recomendada para menores de 12 años y distintivo especialmente recomendada para el fomento de la igualdad de género,Viernes 12 Junio 2026,"Daniel Ibáñez, Aixa Villagrán, Sofía De Iznájar, Bruna Lucadamo, Nora Otxoteko, Leire Aguiar, Lorea Carballo, Miriam Rubio, José Troncoso, Carmen Ruiz, Alejandro Casaseca, Carmen Flores Sandoval, Pepa Aniorte, Elena Irureta, Jordi Sánchez","En la España de principios de los años 70, con el franquismo aún profundamente arraigado, un grupo de jovencísimas y ninguneadas cracks del balón y un soñador promotor deportivo unen fuerzas para romper barreras e iniciar lo que será la historia del fútbol femenino en nuestro país."
PÁLIDA LUZ EN LAS COLINAS,Kei Ishikawa,123,01,17:55,2026-06-26,Renoir Princesa,https://www.pillalas.com/pase/1075976/,https://www.cinesrenoir.com/pelicula/palida-luz-en-las-colinas/,https://media.pillalas.com/imagenes/726afb526abffa83e4357c50c96a83c50f18819346a98eb6216eec09df73d273ecaa49c3.jpg,Japonés,No recomendada para menores de 12 años,Viernes 26 Junio 2026,"Suzu Hirose, Fumi Nikaido, Yoh Yoshida, Camilla Aiko, Kohei Matsushita, Tomokazu Miura, Romain Danna, Lynette Edwards, Rie Shibata, Daichi Watanabe, Ruby Young","Inglaterra, 1982. Etsuko rememora junto a su hija Nikki su juventud en Nagasaki, evocando un pasado de relaciones y decisiones que marcaron para siempre su vida y la de sus hijas. Sin embargo, cuanto más se internan en esa memoria, más claro resulta que esos recuerdos encierran secretos capaces de alterar la vida de ambas."
PÁLIDA LUZ EN LAS COLINAS,Kei Ishikawa,123,08,20:05,2026-06-26,Renoir Princesa,https://www.pillalas.com/pase/1076126/,https://www.cinesrenoir.com/pelicula/palida-luz-en-las-colinas/,https://media.pillalas.com/imagenes/726afb526abffa83e4357c50c96a83c50f18819346a98eb6216eec09df73d273ecaa49c3.jpg,Japonés,No recomendada para menores de 12 años,Viernes 26 Junio 2026,"Suzu Hirose, Fumi Nikaido, Yoh Yoshida, Camilla Aiko, Kohei Matsushita, Tomokazu Miura, Romain Danna, Lynette Edwards, Rie Shibata, Daichi Watanabe, Ruby Young","Inglaterra, 1982. Etsuko rememora junto a su hija Nikki su juventud en Nagasaki, evocando un pasado de relaciones y decisiones que marcaron para siempre su vida y la de sus hijas. Sin embargo, cuanto más se internan en esa memoria, más claro resulta que esos recuerdos encierran secretos capaces de alterar la vida de ambas."
PÁLIDA LUZ EN LAS COLINAS,Kei Ishikawa,123,01,22:10,2026-06-26,Renoir Princesa,https://www.pillalas.com/pase/1075983/,https://www.cinesrenoir.com/pelicula/palida-luz-en-las-colinas/,https://media.pillalas.com/imagenes/726afb526abffa83e4357c50c96a83c50f18819346a98eb6216eec09df73d273ecaa49c3.jpg,Japonés,No recomendada para menores de 12 años,Viernes 26 Junio 2026,"Suzu Hirose, Fumi Nikaido, Yoh Yoshida, Camilla Aiko, Kohei Matsushita, Tomokazu Miura, Romain Danna, Lynette Edwards, Rie Shibata, Daichi Watanabe, Ruby Young","Inglaterra, 1982. Etsuko rememora junto a su hija Nikki su juventud en Nagasaki, evocando un pasado de relaciones y decisiones que marcaron para siempre su vida y la de sus hijas. Sin embargo, cuanto más se internan en esa memoria, más claro resulta que esos recuerdos encierran secretos capaces de alterar la vida de ambas."
SUPERGIRL,Craig Gillespie,108,04,16:00,2026-06-26,Renoir Princesa,https://www.pillalas.com/pase/1075973/,https://www.cinesrenoir.com/pelicula/supergirl/,https://media.pillalas.com/imagenes/726afb526abffa83ab19c53872ccbcd4477279df0be8ea4311f1bff02899269c5834219f.jpg,Inglés,Pendiente de calificación,Viernes 26 Junio 2026,"Milly Alcock, David Corenswet, Eve Ridley, Matthias Schoenaerts, Diarmaid Murtagh, Ferdinand Kingsley, Jason Momoa, Emily Piggford, Bruce Lennox, Audrey Brisson, Avye Leventis, Wil Coban, Keeley Forsyth, David Krumholtz, Paul Hunter, Charlie Rawes, Leo Bill, Craig Binning, Clara Rosager, Heather Agyepong, Alice Hewkin, Luke Rollason, Adam Young, Thalissa Teixeira, Winnie Ama","Cuando un adversario inesperado y despiadado ataca demasiado cerca, Kara Zor-El, alias Supergirl, se une a regañadientes a un improbable compañero para un viaje épico e interestelar de venganza y justicia."
SUPERGIRL,Craig Gillespie,108,04,18:05,2026-06-26,Renoir Princesa,https://www.pillalas.com/pase/1075978/,https://www.cinesrenoir.com/pelicula/supergirl/,https://media.pillalas.com/imagenes/726afb526abffa83ab19c53872ccbcd4477279df0be8ea4311f1bff02899269c5834219f.jpg,Inglés,Pendiente de calificación,Viernes 26 Junio 2026,"Milly Alcock, David Corenswet, Eve Ridley, Matthias Schoenaerts, Diarmaid Murtagh, Ferdinand Kingsley, Jason Momoa, Emily Piggford, Bruce Lennox, Audrey Brisson, Avye Leventis, Wil Coban, Keeley Forsyth, David Krumholtz, Paul Hunter, Charlie Rawes, Leo Bill, Craig Binning, Clara Rosager, Heather Agyepong, Alice Hewkin, Luke Rollason, Adam Young, Thalissa Teixeira, Winnie Ama","Cuando un adversario inesperado y despiadado ataca demasiado cerca, Kara Zor-El, alias Supergirl, se une a regañadientes a un improbable compañero para un viaje épico e interestelar de venganza y justicia."
SUPERGIRL,Craig Gillespie,108,04,20:10,2026-06-26,Renoir Princesa,https://www.pillalas.com/pase/1075980/,https://www.cinesrenoir.com/pelicula/supergirl/,https://media.pillalas.com/imagenes/726afb526abffa83ab19c53872ccbcd4477279df0be8ea4311f1bff02899269c5834219f.jpg,Inglés,Pendiente de calificación,Viernes 26 Junio 2026,"Milly Alcock, David Corenswet, Eve Ridley, Matthias Schoenaerts, Diarmaid Murtagh, Ferdinand Kingsley, Jason Momoa, Emily Piggford, Bruce Lennox, Audrey Brisson, Avye Leventis, Wil Coban, Keeley Forsyth, David Krumholtz, Paul Hunter, Charlie Rawes, Leo Bill, Craig Binning, Clara Rosager, Heather Agyepong, Alice Hewkin, Luke Rollason, Adam Young, Thalissa Teixeira, Winnie Ama","Cuando un adversario inesperado y despiadado ataca demasiado cerca, Kara Zor-El, alias Supergirl, se une a regañadientes a un improbable compañero para un viaje épico e interestelar de venganza y justicia."
SUPERGIRL,Craig Gillespie,108,04,22:15,2026-06-26,Renoir Princesa,https://www.pillalas.com/pase/1075985/,https://www.cinesrenoir.com/pelicula/supergirl/,https://media.pillalas.com/imagenes/726afb526abffa83ab19c53872ccbcd4477279df0be8ea4311f1bff02899269c5834219f.jpg,Inglés,Pendiente de calificación,Viernes 26 Junio 2026,"Milly Alcock, David Corenswet, Eve Ridley, Matthias Schoenaerts, Diarmaid Murtagh, Ferdinand Kingsley, Jason Momoa, Emily Piggford, Bruce Lennox, Audrey Brisson, Avye Leventis, Wil Coban, Keeley Forsyth, David Krumholtz, Paul Hunter, Charlie Rawes, Leo Bill, Craig Binning, Clara Rosager, Heather Agyepong, Alice Hewkin, Luke Rollason, Adam Young, Thalissa Teixeira, Winnie Ama","Cuando un adversario inesperado y despiadado ataca demasiado cerca, Kara Zor-El, alias Supergirl, se une a regañadientes a un improbable compañero para un viaje épico e interestelar de venganza y justicia."
TOY STORY 5,"Mckenna Harris, Andrew Stanton",101,02,16:00,2026-06-26,Renoir Princesa,https://www.pillalas.com/pase/1075974/,https://www.cinesrenoir.com/pelicula/toy-story-5/,https://media.pillalas.com/imagenes/726afb526abffa838a456bed6d0f9a7c9af3e476430cb99b9b7924219be4a2e77fa421a0.jpg,Inglés,Apta para todos los públicos y distintivo especialmente recomendada para la infancia,Miércoles 17 Junio 2026,Animación,"Los juguetes están de vuelta. Esta vez, Buzz Lightyear, Woody, Jessie y el resto de la pandilla se enfrentan a un nuevo reto cuando conocen a Lilypad , una nueva tablet que llega con sus propias ideas disruptivas sobre lo que es mejor para Bonnie. ¿Volverá a ser lo mismo la hora de jugar?"
TOY STORY 5,"Mckenna Harris, Andrew Stanton",101,03,18:15,2026-06-26,Renoir Princesa,https://www.pillalas.com/pase/1075979/,https://www.cinesrenoir.com/pelicula/toy-story-5/,https://media.pillalas.com/imagenes/726afb526abffa838a456bed6d0f9a7c9af3e476430cb99b9b7924219be4a2e77fa421a0.jpg,Inglés,Apta para todos los públicos y distintivo especialmente recomendada para la infancia,Miércoles 17 Junio 2026,Animación,"Los juguetes están de vuelta. Esta vez, Buzz Lightyear, Woody, Jessie y el resto de la pandilla se enfrentan a un nuevo reto cuando conocen a Lilypad , una nueva tablet que llega con sus propias ideas disruptivas sobre lo que es mejor para Bonnie. ¿Volverá a ser lo mismo la hora de jugar?"
TOY STORY 5,"Mckenna Harris, Andrew Stanton",101,03,20:15,2026-06-26,Renoir Princesa,https://www.pillalas.com/pase/1075982/,https://www.cinesrenoir.com/pelicula/toy-story-5/,https://media.pillalas.com/imagenes/726afb526abffa838a456bed6d0f9a7c9af3e476430cb99b9b7924219be4a2e77fa421a0.jpg,Inglés,Apta para todos los públicos y distintivo especialmente recomendada para la infancia,Miércoles 17 Junio 2026,Animación,"Los juguetes están de vuelta. Esta vez, Buzz Lightyear, Woody, Jessie y el resto de la pandilla se enfrentan a un nuevo reto cuando conocen a Lilypad , una nueva tablet que llega con sus propias ideas disruptivas sobre lo que es mejor para Bonnie. ¿Volverá a ser lo mismo la hora de jugar?"
UN TALENTO ÚNICO,Daniel Roher,107,03,22:15,2026-06-26,Renoir Princesa,https://www.pillalas.com/pase/1075984/,https://www.cinesrenoir.com/pelicula/un-talento-unico/,https://media.pillalas.com/imagenes/726afb526abffa8328ed8d44e9f29b219dc5c0acbef948ae809535159b834c8652582f9e.jpg,Inglés,No recomendada para menores de 16 años,Viernes 12 Junio 2026,"Leo Woodall, Dustin Hoffman, Havana Rose Liu, Lior Raz, Tovah Feldshuh, Nissan Sakira, Gil Cohen, Jean Reno, C. S. Lee","Un talentoso afinador de pianos que padece hiperacusia descubre una aptitud única para abrir cajas fuertes, que le llevará a un peligroso mundo."
AMARGA NAVIDAD,Pedro Almodóvar,111,01,15:50,2026-06-27,Renoir Princesa,https://www.pillalas.com/pase/1075959/,https://www.cinesrenoir.com/pelicula/amarga-navidad/,https://media.pillalas.com/imagenes/726afb526abffa83b60c45c3634993c0e9bd987d873c6c32a8009c3b4ee414d3a40e41c1.jpg,Castellano,No recomendada para menores de 12 años,Viernes 20 Marzo 2026,"Bárbara Lennie, Leonardo Sbaraglia, Aitana Sánchez-Gijón, Victoria Luengo, Patrick Criado, Milena Smit, Quim Gutiérrez, Rossy De Palma, Carmen Machi, Gloria Muñoz","Elsa es una directora de publicidad cuya madre muere durante un largo puente del mes de diciembre. Encuentra refugio en el trabajo, aunque es más bien una huida hacia adelante. Trabaja sin parar y, sin darse cuenta, no se concede el tiempo necesario para guardar el duelo por la ausencia materna. Hasta que una crisis de pánico la obliga a detenerse e imponerse un descanso. Su pareja, Bonifacio, es su tabla de salvación en esos momentos de crisis. Elsa decide viajar a la isla de Lanzarote acompañada por su amiga Patricia, que también necesita alejarse de Madrid, mientras que Bonifacio se queda en la ciudad. La historia de estos tres personajes, y algunos más, se narran paralelamente a la del guionista y director de cine Raúl Durán, entremezclando ficción y realidad. Porque ‘Amarga Navidad’ desarrolla cómo la vida y la ficción están unidas de un modo indisoluble, incluso doloroso en ocasiones."
BACKROOMS,Kane Parsons,110,08,16:00,2026-06-27,Renoir Princesa,https://www.pillalas.com/pase/1076132/,https://www.cinesrenoir.com/pelicula/backrooms/,https://media.pillalas.com/imagenes/726afb526abffa83186becfb5f5e9996a19758e2af6f41d33fc78627a975c1013a9e6c45.jpg,Inglés,No recomendada para menores de 16 años,Viernes 5 Junio 2026,"Chiwetel Ejiofor, Renate Reinsve, Mark Duplass, Finn Bennett, Lukita Maxwell, Avan Jogia","Cuando el paciente de una terapeuta desaparece en una dimensión más allá de la realidad, ella deberá adentrarse en lo desconocido para salvarlo..."
BACKROOMS,Kane Parsons,110,02,20:15,2026-06-27,Renoir Princesa,https://www.pillalas.com/pase/1075996/,https://www.cinesrenoir.com/pelicula/backrooms/,https://media.pillalas.com/imagenes/726afb526abffa83186becfb5f5e9996a19758e2af6f41d33fc78627a975c1013a9e6c45.jpg,Inglés,No recomendada para menores de 16 años,Viernes 5 Junio 2026,"Chiwetel Ejiofor, Renate Reinsve, Mark Duplass, Finn Bennett, Lukita Maxwell, Avan Jogia","Cuando el paciente de una terapeuta desaparece en una dimensión más allá de la realidad, ella deberá adentrarse en lo desconocido para salvarlo..."
BACKROOMS,Kane Parsons,110,02,22:20,2026-06-27,Renoir Princesa,https://www.pillalas.com/pase/1076000/,https://www.cinesrenoir.com/pelicula/backrooms/,https://media.pillalas.com/imagenes/726afb526abffa83186becfb5f5e9996a19758e2af6f41d33fc78627a975c1013a9e6c45.jpg,Inglés,No recomendada para menores de 16 años,Viernes 5 Junio 2026,"Chiwetel Ejiofor, Renate Reinsve, Mark Duplass, Finn Bennett, Lukita Maxwell, Avan Jogia","Cuando el paciente de una terapeuta desaparece en una dimensión más allá de la realidad, ella deberá adentrarse en lo desconocido para salvarlo..."
DREAMS,Michel Franco,98,08,18:10,2026-06-27,Renoir Princesa,https://www.pillalas.com/pase/1076137/,https://www.cinesrenoir.com/pelicula/dreams/,https://media.pillalas.com/imagenes/726afb526abffa83f2fcec14080faa1f92861ad737cbaef71a9e19333a81d741027ad62e.jpg,Inglés,No recomendada para menores de 16 años,Viernes 19 Junio 2026,"Jessica Chastain, Isaac Hernández, Rupert Friend, Marshall Bell","La historia sigue a Fernando (Isaac Hernández) un joven bailarín mexicano que persigue el sueño de triunfar en Estados Unidos. Convencido de que contará con el apoyo de Jennifer (Jessica Chastain), una filántropa de la alta sociedad con la que mantiene una relación, lo deja todo atrás y cruza la frontera. Pero lo que en principio parece una nueva oportunidad termina trastocando el frágil equilibrio de la vida de Jennifer, que estará dispuesta a todo para proteger lo que ha construido."
DREAMS,Michel Franco,98,01,20:15,2026-06-27,Renoir Princesa,https://www.pillalas.com/pase/1075960/,https://www.cinesrenoir.com/pelicula/dreams/,https://media.pillalas.com/imagenes/726afb526abffa83f2fcec14080faa1f92861ad737cbaef71a9e19333a81d741027ad62e.jpg,Inglés,No recomendada para menores de 16 años,Viernes 19 Junio 2026,"Jessica Chastain, Isaac Hernández, Rupert Friend, Marshall Bell","La historia sigue a Fernando (Isaac Hernández) un joven bailarín mexicano que persigue el sueño de triunfar en Estados Unidos. Convencido de que contará con el apoyo de Jennifer (Jessica Chastain), una filántropa de la alta sociedad con la que mantiene una relación, lo deja todo atrás y cruza la frontera. Pero lo que en principio parece una nueva oportunidad termina trastocando el frágil equilibrio de la vida de Jennifer, que estará dispuesta a todo para proteger lo que ha construido."
DREAMS,Michel Franco,98,08,22:25,2026-06-27,Renoir Princesa,https://www.pillalas.com/pase/1076145/,https://www.cinesrenoir.com/pelicula/dreams/,https://media.pillalas.com/imagenes/726afb526abffa83f2fcec14080faa1f92861ad737cbaef71a9e19333a81d741027ad62e.jpg,Inglés,No recomendada para menores de 16 años,Viernes 19 Junio 2026,"Jessica Chastain, Isaac Hernández, Rupert Friend, Marshall Bell","La historia sigue a Fernando (Isaac Hernández) un joven bailarín mexicano que persigue el sueño de triunfar en Estados Unidos. Convencido de que contará con el apoyo de Jennifer (Jessica Chastain), una filántropa de la alta sociedad con la que mantiene una relación, lo deja todo atrás y cruza la frontera. Pero lo que en principio parece una nueva oportunidad termina trastocando el frágil equilibrio de la vida de Jennifer, que estará dispuesta a todo para proteger lo que ha construido."
EL DIABLO VISTE DE PRADA 2,David Frankel,120,05,16:00,2026-06-27,Renoir Princesa,https://www.pillalas.com/pase/1076078/,https://www.cinesrenoir.com/pelicula/el-diablo-viste-de-prada-2/,https://media.pillalas.com/imagenes/726afb526abffa83fece47511eb70b9e1b6e404173ddb3c32d8258561fd54681cee1e0d8.jpg,Inglés,No recomendada para menores de 7 años,Jueves 30 Abril 2026,"Meryl Streep, Emily Blunt, Anne Hathaway, Stanley Tucci, Tracie Thoms, Tibor Feldman, Kenneth Branagh, Simone Ashley, Justin Theroux, Lucy Liu, Patrick Brammall, Caleb Hearon, Helen J. Shen, Pauline Chalamet, B.J. Novak, Conrad Ricamora","Casi 20 años después de interpretar a los icónicos personajes de Miranda, Andy, Emily y Nigel, Meryl Streep, Anne Hathaway, Emily Blunt y Stanley Tucci regresan a las calles de Nueva York y a las oficinas de la revista Runway en la esperada secuela del fenómeno de 2006."
EL DRAMA,Kristoffer Borgli,106,10,15:50,2026-06-27,Renoir Princesa,https://www.pillalas.com/pase/1076131/,https://www.cinesrenoir.com/pelicula/el-drama/,https://media.pillalas.com/imagenes/726afb526abffa833c26769a2d0f648f239a18f56e93a09c45c7c77c2bf1a8ee48c54930.jpg,Inglés,No recomendada para menores de 16 años,Viernes 29 Mayo 2026,"Zendaya, Robert Pattinson, Alana Haim, Mamoudou Athie, Yaya Gosselin, Michael Abbott Jr.","Irónica, afilada y emocionalmente incómoda, El drama confirma a Kristoffer Borgli como una de las voces más singulares del cine contemporáneo. A partir de una relación de pareja llevada al límite, la película explora con humor incómodo y lucidez las dinámicas afectivas, la percepción pública y la construcción del relato personal. Con Robert Pattinson y Zendaya al frente, Borgli construye una historia tan contemporánea como inquietante, donde lo íntimo y lo performativo se entrelazan constantemente. Una mirada provocadora y muy actual sobre el amor en tiempos de exposición permanente. “Una mirada incisiva sobre las relaciones contemporáneas.” — El País “Borgli confirma su voz única.” — Fotogramas “Incómoda, inteligente y muy actual.” — Cinemanía “Provocadora y sorprendente.” — The Guardian “Pattinson y Zendaya brillan con intensidad.” — Variety"
EL DRAMA,Kristoffer Borgli,106,10,17:55,2026-06-27,Renoir Princesa,https://www.pillalas.com/pase/1076135/,https://www.cinesrenoir.com/pelicula/el-drama/,https://media.pillalas.com/imagenes/726afb526abffa833c26769a2d0f648f239a18f56e93a09c45c7c77c2bf1a8ee48c54930.jpg,Inglés,No recomendada para menores de 16 años,Viernes 29 Mayo 2026,"Zendaya, Robert Pattinson, Alana Haim, Mamoudou Athie, Yaya Gosselin, Michael Abbott Jr.","Irónica, afilada y emocionalmente incómoda, El drama confirma a Kristoffer Borgli como una de las voces más singulares del cine contemporáneo. A partir de una relación de pareja llevada al límite, la película explora con humor incómodo y lucidez las dinámicas afectivas, la percepción pública y la construcción del relato personal. Con Robert Pattinson y Zendaya al frente, Borgli construye una historia tan contemporánea como inquietante, donde lo íntimo y lo performativo se entrelazan constantemente. Una mirada provocadora y muy actual sobre el amor en tiempos de exposición permanente. “Una mirada incisiva sobre las relaciones contemporáneas.” — El País “Borgli confirma su voz única.” — Fotogramas “Incómoda, inteligente y muy actual.” — Cinemanía “Provocadora y sorprendente.” — The Guardian “Pattinson y Zendaya brillan con intensidad.” — Variety"
EL DRAMA,Kristoffer Borgli,106,10,20:00,2026-06-27,Renoir Princesa,https://www.pillalas.com/pase/1076139/,https://www.cinesrenoir.com/pelicula/el-drama/,https://media.pillalas.com/imagenes/726afb526abffa833c26769a2d0f648f239a18f56e93a09c45c7c77c2bf1a8ee48c54930.jpg,Inglés,No recomendada para menores de 16 años,Viernes 29 Mayo 2026,"Zendaya, Robert Pattinson, Alana Haim, Mamoudou Athie, Yaya Gosselin, Michael Abbott Jr.","Irónica, afilada y emocionalmente incómoda, El drama confirma a Kristoffer Borgli como una de las voces más singulares del cine contemporáneo. A partir de una relación de pareja llevada al límite, la película explora con humor incómodo y lucidez las dinámicas afectivas, la percepción pública y la construcción del relato personal. Con Robert Pattinson y Zendaya al frente, Borgli construye una historia tan contemporánea como inquietante, donde lo íntimo y lo performativo se entrelazan constantemente. Una mirada provocadora y muy actual sobre el amor en tiempos de exposición permanente. “Una mirada incisiva sobre las relaciones contemporáneas.” — El País “Borgli confirma su voz única.” — Fotogramas “Incómoda, inteligente y muy actual.” — Cinemanía “Provocadora y sorprendente.” — The Guardian “Pattinson y Zendaya brillan con intensidad.” — Variety"
EL DRAMA,Kristoffer Borgli,106,10,22:00,2026-06-27,Renoir Princesa,https://www.pillalas.com/pase/1076143/,https://www.cinesrenoir.com/pelicula/el-drama/,https://media.pillalas.com/imagenes/726afb526abffa833c26769a2d0f648f239a18f56e93a09c45c7c77c2bf1a8ee48c54930.jpg,Inglés,No recomendada para menores de 16 años,Viernes 29 Mayo 2026,"Zendaya, Robert Pattinson, Alana Haim, Mamoudou Athie, Yaya Gosselin, Michael Abbott Jr.","Irónica, afilada y emocionalmente incómoda, El drama confirma a Kristoffer Borgli como una de las voces más singulares del cine contemporáneo. A partir de una relación de pareja llevada al límite, la película explora con humor incómodo y lucidez las dinámicas afectivas, la percepción pública y la construcción del relato personal. Con Robert Pattinson y Zendaya al frente, Borgli construye una historia tan contemporánea como inquietante, donde lo íntimo y lo performativo se entrelazan constantemente. Una mirada provocadora y muy actual sobre el amor en tiempos de exposición permanente. “Una mirada incisiva sobre las relaciones contemporáneas.” — El País “Borgli confirma su voz única.” — Fotogramas “Incómoda, inteligente y muy actual.” — Cinemanía “Provocadora y sorprendente.” — The Guardian “Pattinson y Zendaya brillan con intensidad.” — Variety"
EL DÍA DE LA REVELACIÓN,Steven Spielberg,145,09,16:10,2026-06-27,Renoir Princesa,https://www.pillalas.com/pase/1076134/,https://www.cinesrenoir.com/pelicula/el-dia-de-la-revelacion/,https://media.pillalas.com/imagenes/726afb526abffa8309e287b6a9937a9056794979929b0d994d7cb0244506ea87665540d6.jpg,Inglés,No recomendada para menores de 12 años,Viernes 12 Junio 2026,"Emily Blunt, Josh O Connor, Colin Firth, Eve Hewson, Colman Domingo","Si descubrieras que no estamos solos, si alguien te abriera los ojos y te lo demostrase, ¿te asustarías? En verano de 2026, la verdad será revelada a siete mil millones de personas."
EL DÍA DE LA REVELACIÓN,Steven Spielberg,145,09,18:50,2026-06-27,Renoir Princesa,https://www.pillalas.com/pase/1076138/,https://www.cinesrenoir.com/pelicula/el-dia-de-la-revelacion/,https://media.pillalas.com/imagenes/726afb526abffa8309e287b6a9937a9056794979929b0d994d7cb0244506ea87665540d6.jpg,Inglés,No recomendada para menores de 12 años,Viernes 12 Junio 2026,"Emily Blunt, Josh O Connor, Colin Firth, Eve Hewson, Colman Domingo","Si descubrieras que no estamos solos, si alguien te abriera los ojos y te lo demostrase, ¿te asustarías? En verano de 2026, la verdad será revelada a siete mil millones de personas."
EL DÍA DE LA REVELACIÓN,Steven Spielberg,145,05,20:20,2026-06-27,Renoir Princesa,https://www.pillalas.com/pase/1076083/,https://www.cinesrenoir.com/pelicula/el-dia-de-la-revelacion/,https://media.pillalas.com/imagenes/726afb526abffa8309e287b6a9937a9056794979929b0d994d7cb0244506ea87665540d6.jpg,Inglés,No recomendada para menores de 12 años,Viernes 12 Junio 2026,"Emily Blunt, Josh O Connor, Colin Firth, Eve Hewson, Colman Domingo","Si descubrieras que no estamos solos, si alguien te abriera los ojos y te lo demostrase, ¿te asustarías? En verano de 2026, la verdad será revelada a siete mil millones de personas."
EL DÍA DE LA REVELACIÓN,Steven Spielberg,145,09,21:40,2026-06-27,Renoir Princesa,https://www.pillalas.com/pase/1076142/,https://www.cinesrenoir.com/pelicula/el-dia-de-la-revelacion/,https://media.pillalas.com/imagenes/726afb526abffa8309e287b6a9937a9056794979929b0d994d7cb0244506ea87665540d6.jpg,Inglés,No recomendada para menores de 12 años,Viernes 12 Junio 2026,"Emily Blunt, Josh O Connor, Colin Firth, Eve Hewson, Colman Domingo","Si descubrieras que no estamos solos, si alguien te abriera los ojos y te lo demostrase, ¿te asustarías? En verano de 2026, la verdad será revelada a siete mil millones de personas."
LA LUZ,Fernando Franco,120,03,16:00,2026-06-27,Renoir Princesa,https://www.pillalas.com/pase/1075987/,https://www.cinesrenoir.com/pelicula/la-luz/,https://media.pillalas.com/imagenes/726afb526abffa8317677ca937a736c27e9f6bb2a52b26d33997b3aaabb603e6e12a45f0.jpg,Castellano,No recomendada para menores de 16 años,Viernes 5 Junio 2026,"Alberto San Juan, Pedro Casablanc, Miguel Rellán, María Galiana, Luis Callejo, Ramón Barea, Pablo Gómez Pando, Nacho Sánchez, Santiago Mayorga, Antonio Zafra, Itziar Aizpuru","“La Luz” es la historia de un párroco acorralado por la culpa, que deberá desafiar a la institución que lo protegió en un viaje hacia la honestidad."
LA LUZ,Fernando Franco,120,02,18:00,2026-06-27,Renoir Princesa,https://www.pillalas.com/pase/1075991/,https://www.cinesrenoir.com/pelicula/la-luz/,https://media.pillalas.com/imagenes/726afb526abffa8317677ca937a736c27e9f6bb2a52b26d33997b3aaabb603e6e12a45f0.jpg,Castellano,No recomendada para menores de 16 años,Viernes 5 Junio 2026,"Alberto San Juan, Pedro Casablanc, Miguel Rellán, María Galiana, Luis Callejo, Ramón Barea, Pablo Gómez Pando, Nacho Sánchez, Santiago Mayorga, Antonio Zafra, Itziar Aizpuru","“La Luz” es la historia de un párroco acorralado por la culpa, que deberá desafiar a la institución que lo protegió en un viaje hacia la honestidad."
LA LUZ,Fernando Franco,120,07,22:00,2026-06-27,Renoir Princesa,https://www.pillalas.com/pase/1076144/,https://www.cinesrenoir.com/pelicula/la-luz/,https://media.pillalas.com/imagenes/726afb526abffa8317677ca937a736c27e9f6bb2a52b26d33997b3aaabb603e6e12a45f0.jpg,Castellano,No recomendada para menores de 16 años,Viernes 5 Junio 2026,"Alberto San Juan, Pedro Casablanc, Miguel Rellán, María Galiana, Luis Callejo, Ramón Barea, Pablo Gómez Pando, Nacho Sánchez, Santiago Mayorga, Antonio Zafra, Itziar Aizpuru","“La Luz” es la historia de un párroco acorralado por la culpa, que deberá desafiar a la institución que lo protegió en un viaje hacia la honestidad."
LETRAS ROBADAS,John Carney,98,11,15:50,2026-06-27,Renoir Princesa,https://www.pillalas.com/pase/1076223/,https://www.cinesrenoir.com/pelicula/letras-robadas/,https://media.pillalas.com/imagenes/726afb526abffa83a0d9791d64d1078fecc35b3f6dfaaed9ab05ae74e5aba2420b650147.jpg,Inglés,No recomendada para menores de 12 años,Viernes 26 Junio 2026,"Paul Rudd, Nick Jonas, Naoimh Whelton, Havana Rose Liu, Jack Reynor, Rory Keenan, Peter Mcdonald, Keith Mcerlean, Sophie Vavasseur, Paul Reid, Juliette Crosbie, Robert Mitchell, Kelly Thornton, Marcella Plunkett, Mae Higgins","Rick (Paul Rudd) es un cantante y compositor que se gana la vida como puede actuando en bodas con su grupo. Danny (Nick Jonas), en cambio, es una súper estrella del pop en pleno auge. Tras conocerse por casualidad, Danny lanza un nuevo single que se convierte en todo un éxito mundial, pero Rick le acusa de haberle robado esa canción."
LETRAS ROBADAS,John Carney,98,06,20:10,2026-06-27,Renoir Princesa,https://www.pillalas.com/pase/1076082/,https://www.cinesrenoir.com/pelicula/letras-robadas/,https://media.pillalas.com/imagenes/726afb526abffa83a0d9791d64d1078fecc35b3f6dfaaed9ab05ae74e5aba2420b650147.jpg,Inglés,No recomendada para menores de 12 años,Viernes 26 Junio 2026,"Paul Rudd, Nick Jonas, Naoimh Whelton, Havana Rose Liu, Jack Reynor, Rory Keenan, Peter Mcdonald, Keith Mcerlean, Sophie Vavasseur, Paul Reid, Juliette Crosbie, Robert Mitchell, Kelly Thornton, Marcella Plunkett, Mae Higgins","Rick (Paul Rudd) es un cantante y compositor que se gana la vida como puede actuando en bodas con su grupo. Danny (Nick Jonas), en cambio, es una súper estrella del pop en pleno auge. Tras conocerse por casualidad, Danny lanza un nuevo single que se convierte en todo un éxito mundial, pero Rick le acusa de haberle robado esa canción."
LETRAS ROBADAS,John Carney,98,06,22:10,2026-06-27,Renoir Princesa,https://www.pillalas.com/pase/1076084/,https://www.cinesrenoir.com/pelicula/letras-robadas/,https://media.pillalas.com/imagenes/726afb526abffa83a0d9791d64d1078fecc35b3f6dfaaed9ab05ae74e5aba2420b650147.jpg,Inglés,No recomendada para menores de 12 años,Viernes 26 Junio 2026,"Paul Rudd, Nick Jonas, Naoimh Whelton, Havana Rose Liu, Jack Reynor, Rory Keenan, Peter Mcdonald, Keith Mcerlean, Sophie Vavasseur, Paul Reid, Juliette Crosbie, Robert Mitchell, Kelly Thornton, Marcella Plunkett, Mae Higgins","Rick (Paul Rudd) es un cantante y compositor que se gana la vida como puede actuando en bodas con su grupo. Danny (Nick Jonas), en cambio, es una súper estrella del pop en pleno auge. Tras conocerse por casualidad, Danny lanza un nuevo single que se convierte en todo un éxito mundial, pero Rick le acusa de haberle robado esa canción."
LOS ÚLTIMOS DÍAS DE MARIA ANTONIETA,Gianluca Jodice,101,07,16:00,2026-06-27,Renoir Princesa,https://www.pillalas.com/pase/1076133/,https://www.cinesrenoir.com/pelicula/los-ultimos-dias-de-maria-antonieta/,https://media.pillalas.com/imagenes/726afb526abffa83afd62aedf957bc47764dd9df4798120b6f3983b2c1698fb2d2196fff.jpg,Francés,No recomendada para menores de 12 años,Viernes 26 Junio 2026,"Guillaume Canet, Mélanie Laurent, Aurore Broutin, Hugo Dillon, Fabrizio Rongione, Anouk Darwin Homewood, Tom Hudson, Roxane Duran","París, 1792. La revolución del pueblo francés ha triunfado y el rey Luis XVI, junto a su esposa María Antonieta y sus hijos, son arrestados y encarcelados en la Tour du Temple, un siniestro castillo de París, a la espera de su juicio. Lejos del esplendor, los privilegios y las riquezas, la familia se encuentra aislada y vulnerable por primera vez en sus vidas. Estos serán los turbulentos últimos días de ambos monarcas antes de su histórica ejecución en la guillotina."
LOS ÚLTIMOS DÍAS DE MARIA ANTONIETA,Gianluca Jodice,101,07,18:00,2026-06-27,Renoir Princesa,https://www.pillalas.com/pase/1076136/,https://www.cinesrenoir.com/pelicula/los-ultimos-dias-de-maria-antonieta/,https://media.pillalas.com/imagenes/726afb526abffa83afd62aedf957bc47764dd9df4798120b6f3983b2c1698fb2d2196fff.jpg,Francés,No recomendada para menores de 12 años,Viernes 26 Junio 2026,"Guillaume Canet, Mélanie Laurent, Aurore Broutin, Hugo Dillon, Fabrizio Rongione, Anouk Darwin Homewood, Tom Hudson, Roxane Duran","París, 1792. La revolución del pueblo francés ha triunfado y el rey Luis XVI, junto a su esposa María Antonieta y sus hijos, son arrestados y encarcelados en la Tour du Temple, un siniestro castillo de París, a la espera de su juicio. Lejos del esplendor, los privilegios y las riquezas, la familia se encuentra aislada y vulnerable por primera vez en sus vidas. Estos serán los turbulentos últimos días de ambos monarcas antes de su histórica ejecución en la guillotina."
LOS ÚLTIMOS DÍAS DE MARIA ANTONIETA,Gianluca Jodice,101,07,20:00,2026-06-27,Renoir Princesa,https://www.pillalas.com/pase/1076140/,https://www.cinesrenoir.com/pelicula/los-ultimos-dias-de-maria-antonieta/,https://media.pillalas.com/imagenes/726afb526abffa83afd62aedf957bc47764dd9df4798120b6f3983b2c1698fb2d2196fff.jpg,Francés,No recomendada para menores de 12 años,Viernes 26 Junio 2026,"Guillaume Canet, Mélanie Laurent, Aurore Broutin, Hugo Dillon, Fabrizio Rongione, Anouk Darwin Homewood, Tom Hudson, Roxane Duran","París, 1792. La revolución del pueblo francés ha triunfado y el rey Luis XVI, junto a su esposa María Antonieta y sus hijos, son arrestados y encarcelados en la Tour du Temple, un siniestro castillo de París, a la espera de su juicio. Lejos del esplendor, los privilegios y las riquezas, la familia se encuentra aislada y vulnerable por primera vez en sus vidas. Estos serán los turbulentos últimos días de ambos monarcas antes de su histórica ejecución en la guillotina."
MORIR NO SIEMPRE SALE BIEN,Claudia Pinto Emperador,97,06,18:10,2026-06-27,Renoir Princesa,https://www.pillalas.com/pase/1076080/,https://www.cinesrenoir.com/pelicula/morir-no-siempre-sale-bien/,https://media.pillalas.com/imagenes/726afb526abffa83986c754a9abaa4b59e3f299864e39864a171194882afbcf70e409a28.jpg,Valenciano,No recomendada para menores de 12 años,Viernes 26 Junio 2026,"Tamara Casellas, Ana Wagener, Juan Carlos Vellido, Pau Durà, Carmen Arrufat, Daniel Pérez Prada, Raúl Prieto, Paula Muñoz, Jorge Motos, Roberto Hoyo","El marido y el hermano de Rosario se han quedado sin trabajo tras un despido improcedente. Para pagar sus deudas deciden secuestrar el cadáver de su jefe y pedir un rescate. Pero Inés, la adinerada mujer del muerto, y sus hijos tienen otros planes. A pesar de pertenecer a mundos totalmente distintos, ambas familias se verán obligadas a intercambiar mucho más que un cuerpo."
OBSESSION,Curry Barker,108,06,16:00,2026-06-27,Renoir Princesa,https://www.pillalas.com/pase/1076079/,https://www.cinesrenoir.com/pelicula/obsession/,https://media.pillalas.com/imagenes/726afb526abffa83ff7ee6f6d82de986b738cc661278e7a30ccd2f1e4538348bdd98f544.jpg,Inglés,No recomendada para menores de 18 años,Viernes 26 Junio 2026,"Michael Johnston, Inde Navarrette, Cooper Tomlinson, Megan Lawless, Andy Richter","Tras usar un misterioso objeto para conquistar a su amor platónico, un romántico empedernido verá cumplido su mayor anhelo... pero no tardará en descubrir el oscuro y siniestro precio de algunos deseos."
OBSESSION,Curry Barker,108,11,17:45,2026-06-27,Renoir Princesa,https://www.pillalas.com/pase/1076224/,https://www.cinesrenoir.com/pelicula/obsession/,https://media.pillalas.com/imagenes/726afb526abffa83ff7ee6f6d82de986b738cc661278e7a30ccd2f1e4538348bdd98f544.jpg,Inglés,No recomendada para menores de 18 años,Viernes 26 Junio 2026,"Michael Johnston, Inde Navarrette, Cooper Tomlinson, Megan Lawless, Andy Richter","Tras usar un misterioso objeto para conquistar a su amor platónico, un romántico empedernido verá cumplido su mayor anhelo... pero no tardará en descubrir el oscuro y siniestro precio de algunos deseos."
OBSESSION,Curry Barker,108,11,19:50,2026-06-27,Renoir Princesa,https://www.pillalas.com/pase/1076225/,https://www.cinesrenoir.com/pelicula/obsession/,https://media.pillalas.com/imagenes/726afb526abffa83ff7ee6f6d82de986b738cc661278e7a30ccd2f1e4538348bdd98f544.jpg,Inglés,No recomendada para menores de 18 años,Viernes 26 Junio 2026,"Michael Johnston, Inde Navarrette, Cooper Tomlinson, Megan Lawless, Andy Richter","Tras usar un misterioso objeto para conquistar a su amor platónico, un romántico empedernido verá cumplido su mayor anhelo... pero no tardará en descubrir el oscuro y siniestro precio de algunos deseos."
OBSESSION,Curry Barker,108,11,22:00,2026-06-27,Renoir Princesa,https://www.pillalas.com/pase/1076226/,https://www.cinesrenoir.com/pelicula/obsession/,https://media.pillalas.com/imagenes/726afb526abffa83ff7ee6f6d82de986b738cc661278e7a30ccd2f1e4538348bdd98f544.jpg,Inglés,No recomendada para menores de 18 años,Viernes 26 Junio 2026,"Michael Johnston, Inde Navarrette, Cooper Tomlinson, Megan Lawless, Andy Richter","Tras usar un misterioso objeto para conquistar a su amor platónico, un romántico empedernido verá cumplido su mayor anhelo... pero no tardará en descubrir el oscuro y siniestro precio de algunos deseos."
PIONERAS. SOLO QUERÍAN JUGAR,Marta Díaz De Lope Díaz,106,05,18:15,2026-06-27,Renoir Princesa,https://www.pillalas.com/pase/1076081/,https://www.cinesrenoir.com/pelicula/pioneras-solo-querian-jugar/,https://media.pillalas.com/imagenes/726afb526abffa83841aa9dea3bcfbd31547abab2849e44376088aef30139d6a3ea3caa9.jpg,Castellano,No recomendada para menores de 12 años y distintivo especialmente recomendada para el fomento de la igualdad de género,Viernes 12 Junio 2026,"Daniel Ibáñez, Aixa Villagrán, Sofía De Iznájar, Bruna Lucadamo, Nora Otxoteko, Leire Aguiar, Lorea Carballo, Miriam Rubio, José Troncoso, Carmen Ruiz, Alejandro Casaseca, Carmen Flores Sandoval, Pepa Aniorte, Elena Irureta, Jordi Sánchez","En la España de principios de los años 70, con el franquismo aún profundamente arraigado, un grupo de jovencísimas y ninguneadas cracks del balón y un soñador promotor deportivo unen fuerzas para romper barreras e iniciar lo que será la historia del fútbol femenino en nuestro país."
PÁLIDA LUZ EN LAS COLINAS,Kei Ishikawa,123,01,17:55,2026-06-27,Renoir Princesa,https://www.pillalas.com/pase/1075990/,https://www.cinesrenoir.com/pelicula/palida-luz-en-las-colinas/,https://media.pillalas.com/imagenes/726afb526abffa83e4357c50c96a83c50f18819346a98eb6216eec09df73d273ecaa49c3.jpg,Japonés,No recomendada para menores de 12 años,Viernes 26 Junio 2026,"Suzu Hirose, Fumi Nikaido, Yoh Yoshida, Camilla Aiko, Kohei Matsushita, Tomokazu Miura, Romain Danna, Lynette Edwards, Rie Shibata, Daichi Watanabe, Ruby Young","Inglaterra, 1982. Etsuko rememora junto a su hija Nikki su juventud en Nagasaki, evocando un pasado de relaciones y decisiones que marcaron para siempre su vida y la de sus hijas. Sin embargo, cuanto más se internan en esa memoria, más claro resulta que esos recuerdos encierran secretos capaces de alterar la vida de ambas."
PÁLIDA LUZ EN LAS COLINAS,Kei Ishikawa,123,08,20:05,2026-06-27,Renoir Princesa,https://www.pillalas.com/pase/1076141/,https://www.cinesrenoir.com/pelicula/palida-luz-en-las-colinas/,https://media.pillalas.com/imagenes/726afb526abffa83e4357c50c96a83c50f18819346a98eb6216eec09df73d273ecaa49c3.jpg,Japonés,No recomendada para menores de 12 años,Viernes 26 Junio 2026,"Suzu Hirose, Fumi Nikaido, Yoh Yoshida, Camilla Aiko, Kohei Matsushita, Tomokazu Miura, Romain Danna, Lynette Edwards, Rie Shibata, Daichi Watanabe, Ruby Young","Inglaterra, 1982. Etsuko rememora junto a su hija Nikki su juventud en Nagasaki, evocando un pasado de relaciones y decisiones que marcaron para siempre su vida y la de sus hijas. Sin embargo, cuanto más se internan en esa memoria, más claro resulta que esos recuerdos encierran secretos capaces de alterar la vida de ambas."
PÁLIDA LUZ EN LAS COLINAS,Kei Ishikawa,123,01,22:10,2026-06-27,Renoir Princesa,https://www.pillalas.com/pase/1075997/,https://www.cinesrenoir.com/pelicula/palida-luz-en-las-colinas/,https://media.pillalas.com/imagenes/726afb526abffa83e4357c50c96a83c50f18819346a98eb6216eec09df73d273ecaa49c3.jpg,Japonés,No recomendada para menores de 12 años,Viernes 26 Junio 2026,"Suzu Hirose, Fumi Nikaido, Yoh Yoshida, Camilla Aiko, Kohei Matsushita, Tomokazu Miura, Romain Danna, Lynette Edwards, Rie Shibata, Daichi Watanabe, Ruby Young","Inglaterra, 1982. Etsuko rememora junto a su hija Nikki su juventud en Nagasaki, evocando un pasado de relaciones y decisiones que marcaron para siempre su vida y la de sus hijas. Sin embargo, cuanto más se internan en esa memoria, más claro resulta que esos recuerdos encierran secretos capaces de alterar la vida de ambas."
SUPERGIRL,Craig Gillespie,108,04,16:00,2026-06-27,Renoir Princesa,https://www.pillalas.com/pase/1075988/,https://www.cinesrenoir.com/pelicula/supergirl/,https://media.pillalas.com/imagenes/726afb526abffa83ab19c53872ccbcd4477279df0be8ea4311f1bff02899269c5834219f.jpg,Inglés,Pendiente de calificación,Viernes 26 Junio 2026,"Milly Alcock, David Corenswet, Eve Ridley, Matthias Schoenaerts, Diarmaid Murtagh, Ferdinand Kingsley, Jason Momoa, Emily Piggford, Bruce Lennox, Audrey Brisson, Avye Leventis, Wil Coban, Keeley Forsyth, David Krumholtz, Paul Hunter, Charlie Rawes, Leo Bill, Craig Binning, Clara Rosager, Heather Agyepong, Alice Hewkin, Luke Rollason, Adam Young, Thalissa Teixeira, Winnie Ama","Cuando un adversario inesperado y despiadado ataca demasiado cerca, Kara Zor-El, alias Supergirl, se une a regañadientes a un improbable compañero para un viaje épico e interestelar de venganza y justicia."
SUPERGIRL,Craig Gillespie,108,04,18:05,2026-06-27,Renoir Princesa,https://www.pillalas.com/pase/1075992/,https://www.cinesrenoir.com/pelicula/supergirl/,https://media.pillalas.com/imagenes/726afb526abffa83ab19c53872ccbcd4477279df0be8ea4311f1bff02899269c5834219f.jpg,Inglés,Pendiente de calificación,Viernes 26 Junio 2026,"Milly Alcock, David Corenswet, Eve Ridley, Matthias Schoenaerts, Diarmaid Murtagh, Ferdinand Kingsley, Jason Momoa, Emily Piggford, Bruce Lennox, Audrey Brisson, Avye Leventis, Wil Coban, Keeley Forsyth, David Krumholtz, Paul Hunter, Charlie Rawes, Leo Bill, Craig Binning, Clara Rosager, Heather Agyepong, Alice Hewkin, Luke Rollason, Adam Young, Thalissa Teixeira, Winnie Ama","Cuando un adversario inesperado y despiadado ataca demasiado cerca, Kara Zor-El, alias Supergirl, se une a regañadientes a un improbable compañero para un viaje épico e interestelar de venganza y justicia."
SUPERGIRL,Craig Gillespie,108,04,20:10,2026-06-27,Renoir Princesa,https://www.pillalas.com/pase/1075994/,https://www.cinesrenoir.com/pelicula/supergirl/,https://media.pillalas.com/imagenes/726afb526abffa83ab19c53872ccbcd4477279df0be8ea4311f1bff02899269c5834219f.jpg,Inglés,Pendiente de calificación,Viernes 26 Junio 2026,"Milly Alcock, David Corenswet, Eve Ridley, Matthias Schoenaerts, Diarmaid Murtagh, Ferdinand Kingsley, Jason Momoa, Emily Piggford, Bruce Lennox, Audrey Brisson, Avye Leventis, Wil Coban, Keeley Forsyth, David Krumholtz, Paul Hunter, Charlie Rawes, Leo Bill, Craig Binning, Clara Rosager, Heather Agyepong, Alice Hewkin, Luke Rollason, Adam Young, Thalissa Teixeira, Winnie Ama","Cuando un adversario inesperado y despiadado ataca demasiado cerca, Kara Zor-El, alias Supergirl, se une a regañadientes a un improbable compañero para un viaje épico e interestelar de venganza y justicia."
SUPERGIRL,Craig Gillespie,108,04,22:15,2026-06-27,Renoir Princesa,https://www.pillalas.com/pase/1075999/,https://www.cinesrenoir.com/pelicula/supergirl/,https://media.pillalas.com/imagenes/726afb526abffa83ab19c53872ccbcd4477279df0be8ea4311f1bff02899269c5834219f.jpg,Inglés,Pendiente de calificación,Viernes 26 Junio 2026,"Milly Alcock, David Corenswet, Eve Ridley, Matthias Schoenaerts, Diarmaid Murtagh, Ferdinand Kingsley, Jason Momoa, Emily Piggford, Bruce Lennox, Audrey Brisson, Avye Leventis, Wil Coban, Keeley Forsyth, David Krumholtz, Paul Hunter, Charlie Rawes, Leo Bill, Craig Binning, Clara Rosager, Heather Agyepong, Alice Hewkin, Luke Rollason, Adam Young, Thalissa Teixeira, Winnie Ama","Cuando un adversario inesperado y despiadado ataca demasiado cerca, Kara Zor-El, alias Supergirl, se une a regañadientes a un improbable compañero para un viaje épico e interestelar de venganza y justicia."
TOY STORY 5,"Mckenna Harris, Andrew Stanton",101,02,16:00,2026-06-27,Renoir Princesa,https://www.pillalas.com/pase/1075989/,https://www.cinesrenoir.com/pelicula/toy-story-5/,https://media.pillalas.com/imagenes/726afb526abffa838a456bed6d0f9a7c9af3e476430cb99b9b7924219be4a2e77fa421a0.jpg,Inglés,Apta para todos los públicos y distintivo especialmente recomendada para la infancia,Miércoles 17 Junio 2026,Animación,"Los juguetes están de vuelta. Esta vez, Buzz Lightyear, Woody, Jessie y el resto de la pandilla se enfrentan a un nuevo reto cuando conocen a Lilypad , una nueva tablet que llega con sus propias ideas disruptivas sobre lo que es mejor para Bonnie. ¿Volverá a ser lo mismo la hora de jugar?"
TOY STORY 5,"Mckenna Harris, Andrew Stanton",101,03,18:15,2026-06-27,Renoir Princesa,https://www.pillalas.com/pase/1075993/,https://www.cinesrenoir.com/pelicula/toy-story-5/,https://media.pillalas.com/imagenes/726afb526abffa838a456bed6d0f9a7c9af3e476430cb99b9b7924219be4a2e77fa421a0.jpg,Inglés,Apta para todos los públicos y distintivo especialmente recomendada para la infancia,Miércoles 17 Junio 2026,Animación,"Los juguetes están de vuelta. Esta vez, Buzz Lightyear, Woody, Jessie y el resto de la pandilla se enfrentan a un nuevo reto cuando conocen a Lilypad , una nueva tablet que llega con sus propias ideas disruptivas sobre lo que es mejor para Bonnie. ¿Volverá a ser lo mismo la hora de jugar?"
TOY STORY 5,"Mckenna Harris, Andrew Stanton",101,03,20:15,2026-06-27,Renoir Princesa,https://www.pillalas.com/pase/1075995/,https://www.cinesrenoir.com/pelicula/toy-story-5/,https://media.pillalas.com/imagenes/726afb526abffa838a456bed6d0f9a7c9af3e476430cb99b9b7924219be4a2e77fa421a0.jpg,Inglés,Apta para todos los públicos y distintivo especialmente recomendada para la infancia,Miércoles 17 Junio 2026,Animación,"Los juguetes están de vuelta. Esta vez, Buzz Lightyear, Woody, Jessie y el resto de la pandilla se enfrentan a un nuevo reto cuando conocen a Lilypad , una nueva tablet que llega con sus propias ideas disruptivas sobre lo que es mejor para Bonnie. ¿Volverá a ser lo mismo la hora de jugar?"
UN TALENTO ÚNICO,Daniel Roher,107,03,22:15,2026-06-27,Renoir Princesa,https://www.pillalas.com/pase/1075998/,https://www.cinesrenoir.com/pelicula/un-talento-unico/,https://media.pillalas.com/imagenes/726afb526abffa8328ed8d44e9f29b219dc5c0acbef948ae809535159b834c8652582f9e.jpg,Inglés,No recomendada para menores de 16 años,Viernes 12 Junio 2026,"Leo Woodall, Dustin Hoffman, Havana Rose Liu, Lior Raz, Tovah Feldshuh, Nissan Sakira, Gil Cohen, Jean Reno, C. S. Lee","Un talentoso afinador de pianos que padece hiperacusia descubre una aptitud única para abrir cajas fuertes, que le llevará a un peligroso mundo."
AMARGA NAVIDAD,Pedro Almodóvar,111,01,15:50,2026-06-28,Renoir Princesa,https://www.pillalas.com/pase/1075961/,https://www.cinesrenoir.com/pelicula/amarga-navidad/,https://media.pillalas.com/imagenes/726afb526abffa83b60c45c3634993c0e9bd987d873c6c32a8009c3b4ee414d3a40e41c1.jpg,Castellano,No recomendada para menores de 12 años,Viernes 20 Marzo 2026,"Bárbara Lennie, Leonardo Sbaraglia, Aitana Sánchez-Gijón, Victoria Luengo, Patrick Criado, Milena Smit, Quim Gutiérrez, Rossy De Palma, Carmen Machi, Gloria Muñoz","Elsa es una directora de publicidad cuya madre muere durante un largo puente del mes de diciembre. Encuentra refugio en el trabajo, aunque es más bien una huida hacia adelante. Trabaja sin parar y, sin darse cuenta, no se concede el tiempo necesario para guardar el duelo por la ausencia materna. Hasta que una crisis de pánico la obliga a detenerse e imponerse un descanso. Su pareja, Bonifacio, es su tabla de salvación en esos momentos de crisis. Elsa decide viajar a la isla de Lanzarote acompañada por su amiga Patricia, que también necesita alejarse de Madrid, mientras que Bonifacio se queda en la ciudad. La historia de estos tres personajes, y algunos más, se narran paralelamente a la del guionista y director de cine Raúl Durán, entremezclando ficción y realidad. Porque ‘Amarga Navidad’ desarrolla cómo la vida y la ficción están unidas de un modo indisoluble, incluso doloroso en ocasiones."
BACKROOMS,Kane Parsons,110,08,16:00,2026-06-28,Renoir Princesa,https://www.pillalas.com/pase/1076147/,https://www.cinesrenoir.com/pelicula/backrooms/,https://media.pillalas.com/imagenes/726afb526abffa83186becfb5f5e9996a19758e2af6f41d33fc78627a975c1013a9e6c45.jpg,Inglés,No recomendada para menores de 16 años,Viernes 5 Junio 2026,"Chiwetel Ejiofor, Renate Reinsve, Mark Duplass, Finn Bennett, Lukita Maxwell, Avan Jogia","Cuando el paciente de una terapeuta desaparece en una dimensión más allá de la realidad, ella deberá adentrarse en lo desconocido para salvarlo..."
BACKROOMS,Kane Parsons,110,02,20:15,2026-06-28,Renoir Princesa,https://www.pillalas.com/pase/1076009/,https://www.cinesrenoir.com/pelicula/backrooms/,https://media.pillalas.com/imagenes/726afb526abffa83186becfb5f5e9996a19758e2af6f41d33fc78627a975c1013a9e6c45.jpg,Inglés,No recomendada para menores de 16 años,Viernes 5 Junio 2026,"Chiwetel Ejiofor, Renate Reinsve, Mark Duplass, Finn Bennett, Lukita Maxwell, Avan Jogia","Cuando el paciente de una terapeuta desaparece en una dimensión más allá de la realidad, ella deberá adentrarse en lo desconocido para salvarlo..."
BACKROOMS,Kane Parsons,110,02,22:20,2026-06-28,Renoir Princesa,https://www.pillalas.com/pase/1076014/,https://www.cinesrenoir.com/pelicula/backrooms/,https://media.pillalas.com/imagenes/726afb526abffa83186becfb5f5e9996a19758e2af6f41d33fc78627a975c1013a9e6c45.jpg,Inglés,No recomendada para menores de 16 años,Viernes 5 Junio 2026,"Chiwetel Ejiofor, Renate Reinsve, Mark Duplass, Finn Bennett, Lukita Maxwell, Avan Jogia","Cuando el paciente de una terapeuta desaparece en una dimensión más allá de la realidad, ella deberá adentrarse en lo desconocido para salvarlo..."
DREAMS,Michel Franco,98,08,18:10,2026-06-28,Renoir Princesa,https://www.pillalas.com/pase/1076152/,https://www.cinesrenoir.com/pelicula/dreams/,https://media.pillalas.com/imagenes/726afb526abffa83f2fcec14080faa1f92861ad737cbaef71a9e19333a81d741027ad62e.jpg,Inglés,No recomendada para menores de 16 años,Viernes 19 Junio 2026,"Jessica Chastain, Isaac Hernández, Rupert Friend, Marshall Bell","La historia sigue a Fernando (Isaac Hernández) un joven bailarín mexicano que persigue el sueño de triunfar en Estados Unidos. Convencido de que contará con el apoyo de Jennifer (Jessica Chastain), una filántropa de la alta sociedad con la que mantiene una relación, lo deja todo atrás y cruza la frontera. Pero lo que en principio parece una nueva oportunidad termina trastocando el frágil equilibrio de la vida de Jennifer, que estará dispuesta a todo para proteger lo que ha construido."
DREAMS,Michel Franco,98,01,20:15,2026-06-28,Renoir Princesa,https://www.pillalas.com/pase/1075962/,https://www.cinesrenoir.com/pelicula/dreams/,https://media.pillalas.com/imagenes/726afb526abffa83f2fcec14080faa1f92861ad737cbaef71a9e19333a81d741027ad62e.jpg,Inglés,No recomendada para menores de 16 años,Viernes 19 Junio 2026,"Jessica Chastain, Isaac Hernández, Rupert Friend, Marshall Bell","La historia sigue a Fernando (Isaac Hernández) un joven bailarín mexicano que persigue el sueño de triunfar en Estados Unidos. Convencido de que contará con el apoyo de Jennifer (Jessica Chastain), una filántropa de la alta sociedad con la que mantiene una relación, lo deja todo atrás y cruza la frontera. Pero lo que en principio parece una nueva oportunidad termina trastocando el frágil equilibrio de la vida de Jennifer, que estará dispuesta a todo para proteger lo que ha construido."
DREAMS,Michel Franco,98,08,22:25,2026-06-28,Renoir Princesa,https://www.pillalas.com/pase/1076160/,https://www.cinesrenoir.com/pelicula/dreams/,https://media.pillalas.com/imagenes/726afb526abffa83f2fcec14080faa1f92861ad737cbaef71a9e19333a81d741027ad62e.jpg,Inglés,No recomendada para menores de 16 años,Viernes 19 Junio 2026,"Jessica Chastain, Isaac Hernández, Rupert Friend, Marshall Bell","La historia sigue a Fernando (Isaac Hernández) un joven bailarín mexicano que persigue el sueño de triunfar en Estados Unidos. Convencido de que contará con el apoyo de Jennifer (Jessica Chastain), una filántropa de la alta sociedad con la que mantiene una relación, lo deja todo atrás y cruza la frontera. Pero lo que en principio parece una nueva oportunidad termina trastocando el frágil equilibrio de la vida de Jennifer, que estará dispuesta a todo para proteger lo que ha construido."
EL DIABLO VISTE DE PRADA 2,David Frankel,120,05,16:00,2026-06-28,Renoir Princesa,https://www.pillalas.com/pase/1076086/,https://www.cinesrenoir.com/pelicula/el-diablo-viste-de-prada-2/,https://media.pillalas.com/imagenes/726afb526abffa83fece47511eb70b9e1b6e404173ddb3c32d8258561fd54681cee1e0d8.jpg,Inglés,No recomendada para menores de 7 años,Jueves 30 Abril 2026,"Meryl Streep, Emily Blunt, Anne Hathaway, Stanley Tucci, Tracie Thoms, Tibor Feldman, Kenneth Branagh, Simone Ashley, Justin Theroux, Lucy Liu, Patrick Brammall, Caleb Hearon, Helen J. Shen, Pauline Chalamet, B.J. Novak, Conrad Ricamora","Casi 20 años después de interpretar a los icónicos personajes de Miranda, Andy, Emily y Nigel, Meryl Streep, Anne Hathaway, Emily Blunt y Stanley Tucci regresan a las calles de Nueva York y a las oficinas de la revista Runway en la esperada secuela del fenómeno de 2006."
EL DRAMA,Kristoffer Borgli,106,10,15:50,2026-06-28,Renoir Princesa,https://www.pillalas.com/pase/1076146/,https://www.cinesrenoir.com/pelicula/el-drama/,https://media.pillalas.com/imagenes/726afb526abffa833c26769a2d0f648f239a18f56e93a09c45c7c77c2bf1a8ee48c54930.jpg,Inglés,No recomendada para menores de 16 años,Viernes 29 Mayo 2026,"Zendaya, Robert Pattinson, Alana Haim, Mamoudou Athie, Yaya Gosselin, Michael Abbott Jr.","Irónica, afilada y emocionalmente incómoda, El drama confirma a Kristoffer Borgli como una de las voces más singulares del cine contemporáneo. A partir de una relación de pareja llevada al límite, la película explora con humor incómodo y lucidez las dinámicas afectivas, la percepción pública y la construcción del relato personal. Con Robert Pattinson y Zendaya al frente, Borgli construye una historia tan contemporánea como inquietante, donde lo íntimo y lo performativo se entrelazan constantemente. Una mirada provocadora y muy actual sobre el amor en tiempos de exposición permanente. “Una mirada incisiva sobre las relaciones contemporáneas.” — El País “Borgli confirma su voz única.” — Fotogramas “Incómoda, inteligente y muy actual.” — Cinemanía “Provocadora y sorprendente.” — The Guardian “Pattinson y Zendaya brillan con intensidad.” — Variety"
EL DRAMA,Kristoffer Borgli,106,10,17:55,2026-06-28,Renoir Princesa,https://www.pillalas.com/pase/1076150/,https://www.cinesrenoir.com/pelicula/el-drama/,https://media.pillalas.com/imagenes/726afb526abffa833c26769a2d0f648f239a18f56e93a09c45c7c77c2bf1a8ee48c54930.jpg,Inglés,No recomendada para menores de 16 años,Viernes 29 Mayo 2026,"Zendaya, Robert Pattinson, Alana Haim, Mamoudou Athie, Yaya Gosselin, Michael Abbott Jr.","Irónica, afilada y emocionalmente incómoda, El drama confirma a Kristoffer Borgli como una de las voces más singulares del cine contemporáneo. A partir de una relación de pareja llevada al límite, la película explora con humor incómodo y lucidez las dinámicas afectivas, la percepción pública y la construcción del relato personal. Con Robert Pattinson y Zendaya al frente, Borgli construye una historia tan contemporánea como inquietante, donde lo íntimo y lo performativo se entrelazan constantemente. Una mirada provocadora y muy actual sobre el amor en tiempos de exposición permanente. “Una mirada incisiva sobre las relaciones contemporáneas.” — El País “Borgli confirma su voz única.” — Fotogramas “Incómoda, inteligente y muy actual.” — Cinemanía “Provocadora y sorprendente.” — The Guardian “Pattinson y Zendaya brillan con intensidad.” — Variety"
EL DRAMA,Kristoffer Borgli,106,10,20:00,2026-06-28,Renoir Princesa,https://www.pillalas.com/pase/1076154/,https://www.cinesrenoir.com/pelicula/el-drama/,https://media.pillalas.com/imagenes/726afb526abffa833c26769a2d0f648f239a18f56e93a09c45c7c77c2bf1a8ee48c54930.jpg,Inglés,No recomendada para menores de 16 años,Viernes 29 Mayo 2026,"Zendaya, Robert Pattinson, Alana Haim, Mamoudou Athie, Yaya Gosselin, Michael Abbott Jr.","Irónica, afilada y emocionalmente incómoda, El drama confirma a Kristoffer Borgli como una de las voces más singulares del cine contemporáneo. A partir de una relación de pareja llevada al límite, la película explora con humor incómodo y lucidez las dinámicas afectivas, la percepción pública y la construcción del relato personal. Con Robert Pattinson y Zendaya al frente, Borgli construye una historia tan contemporánea como inquietante, donde lo íntimo y lo performativo se entrelazan constantemente. Una mirada provocadora y muy actual sobre el amor en tiempos de exposición permanente. “Una mirada incisiva sobre las relaciones contemporáneas.” — El País “Borgli confirma su voz única.” — Fotogramas “Incómoda, inteligente y muy actual.” — Cinemanía “Provocadora y sorprendente.” — The Guardian “Pattinson y Zendaya brillan con intensidad.” — Variety"
EL DRAMA,Kristoffer Borgli,106,10,22:00,2026-06-28,Renoir Princesa,https://www.pillalas.com/pase/1076158/,https://www.cinesrenoir.com/pelicula/el-drama/,https://media.pillalas.com/imagenes/726afb526abffa833c26769a2d0f648f239a18f56e93a09c45c7c77c2bf1a8ee48c54930.jpg,Inglés,No recomendada para menores de 16 años,Viernes 29 Mayo 2026,"Zendaya, Robert Pattinson, Alana Haim, Mamoudou Athie, Yaya Gosselin, Michael Abbott Jr.","Irónica, afilada y emocionalmente incómoda, El drama confirma a Kristoffer Borgli como una de las voces más singulares del cine contemporáneo. A partir de una relación de pareja llevada al límite, la película explora con humor incómodo y lucidez las dinámicas afectivas, la percepción pública y la construcción del relato personal. Con Robert Pattinson y Zendaya al frente, Borgli construye una historia tan contemporánea como inquietante, donde lo íntimo y lo performativo se entrelazan constantemente. Una mirada provocadora y muy actual sobre el amor en tiempos de exposición permanente. “Una mirada incisiva sobre las relaciones contemporáneas.” — El País “Borgli confirma su voz única.” — Fotogramas “Incómoda, inteligente y muy actual.” — Cinemanía “Provocadora y sorprendente.” — The Guardian “Pattinson y Zendaya brillan con intensidad.” — Variety"
EL DÍA DE LA REVELACIÓN,Steven Spielberg,145,09,16:10,2026-06-28,Renoir Princesa,https://www.pillalas.com/pase/1076149/,https://www.cinesrenoir.com/pelicula/el-dia-de-la-revelacion/,https://media.pillalas.com/imagenes/726afb526abffa8309e287b6a9937a9056794979929b0d994d7cb0244506ea87665540d6.jpg,Inglés,No recomendada para menores de 12 años,Viernes 12 Junio 2026,"Emily Blunt, Josh O Connor, Colin Firth, Eve Hewson, Colman Domingo","Si descubrieras que no estamos solos, si alguien te abriera los ojos y te lo demostrase, ¿te asustarías? En verano de 2026, la verdad será revelada a siete mil millones de personas."
EL DÍA DE LA REVELACIÓN,Steven Spielberg,145,09,18:50,2026-06-28,Renoir Princesa,https://www.pillalas.com/pase/1076153/,https://www.cinesrenoir.com/pelicula/el-dia-de-la-revelacion/,https://media.pillalas.com/imagenes/726afb526abffa8309e287b6a9937a9056794979929b0d994d7cb0244506ea87665540d6.jpg,Inglés,No recomendada para menores de 12 años,Viernes 12 Junio 2026,"Emily Blunt, Josh O Connor, Colin Firth, Eve Hewson, Colman Domingo","Si descubrieras que no estamos solos, si alguien te abriera los ojos y te lo demostrase, ¿te asustarías? En verano de 2026, la verdad será revelada a siete mil millones de personas."
EL DÍA DE LA REVELACIÓN,Steven Spielberg,145,05,20:20,2026-06-28,Renoir Princesa,https://www.pillalas.com/pase/1076090/,https://www.cinesrenoir.com/pelicula/el-dia-de-la-revelacion/,https://media.pillalas.com/imagenes/726afb526abffa8309e287b6a9937a9056794979929b0d994d7cb0244506ea87665540d6.jpg,Inglés,No recomendada para menores de 12 años,Viernes 12 Junio 2026,"Emily Blunt, Josh O Connor, Colin Firth, Eve Hewson, Colman Domingo","Si descubrieras que no estamos solos, si alguien te abriera los ojos y te lo demostrase, ¿te asustarías? En verano de 2026, la verdad será revelada a siete mil millones de personas."
EL DÍA DE LA REVELACIÓN,Steven Spielberg,145,09,21:40,2026-06-28,Renoir Princesa,https://www.pillalas.com/pase/1076157/,https://www.cinesrenoir.com/pelicula/el-dia-de-la-revelacion/,https://media.pillalas.com/imagenes/726afb526abffa8309e287b6a9937a9056794979929b0d994d7cb0244506ea87665540d6.jpg,Inglés,No recomendada para menores de 12 años,Viernes 12 Junio 2026,"Emily Blunt, Josh O Connor, Colin Firth, Eve Hewson, Colman Domingo","Si descubrieras que no estamos solos, si alguien te abriera los ojos y te lo demostrase, ¿te asustarías? En verano de 2026, la verdad será revelada a siete mil millones de personas."
LA LUZ,Fernando Franco,120,03,16:00,2026-06-28,Renoir Princesa,https://www.pillalas.com/pase/1076002/,https://www.cinesrenoir.com/pelicula/la-luz/,https://media.pillalas.com/imagenes/726afb526abffa8317677ca937a736c27e9f6bb2a52b26d33997b3aaabb603e6e12a45f0.jpg,Castellano,No recomendada para menores de 16 años,Viernes 5 Junio 2026,"Alberto San Juan, Pedro Casablanc, Miguel Rellán, María Galiana, Luis Callejo, Ramón Barea, Pablo Gómez Pando, Nacho Sánchez, Santiago Mayorga, Antonio Zafra, Itziar Aizpuru","“La Luz” es la historia de un párroco acorralado por la culpa, que deberá desafiar a la institución que lo protegió en un viaje hacia la honestidad."
LA LUZ,Fernando Franco,120,02,18:00,2026-06-28,Renoir Princesa,https://www.pillalas.com/pase/1076005/,https://www.cinesrenoir.com/pelicula/la-luz/,https://media.pillalas.com/imagenes/726afb526abffa8317677ca937a736c27e9f6bb2a52b26d33997b3aaabb603e6e12a45f0.jpg,Castellano,No recomendada para menores de 16 años,Viernes 5 Junio 2026,"Alberto San Juan, Pedro Casablanc, Miguel Rellán, María Galiana, Luis Callejo, Ramón Barea, Pablo Gómez Pando, Nacho Sánchez, Santiago Mayorga, Antonio Zafra, Itziar Aizpuru","“La Luz” es la historia de un párroco acorralado por la culpa, que deberá desafiar a la institución que lo protegió en un viaje hacia la honestidad."
LA LUZ,Fernando Franco,120,07,22:00,2026-06-28,Renoir Princesa,https://www.pillalas.com/pase/1076159/,https://www.cinesrenoir.com/pelicula/la-luz/,https://media.pillalas.com/imagenes/726afb526abffa8317677ca937a736c27e9f6bb2a52b26d33997b3aaabb603e6e12a45f0.jpg,Castellano,No recomendada para menores de 16 años,Viernes 5 Junio 2026,"Alberto San Juan, Pedro Casablanc, Miguel Rellán, María Galiana, Luis Callejo, Ramón Barea, Pablo Gómez Pando, Nacho Sánchez, Santiago Mayorga, Antonio Zafra, Itziar Aizpuru","“La Luz” es la historia de un párroco acorralado por la culpa, que deberá desafiar a la institución que lo protegió en un viaje hacia la honestidad."
LETRAS ROBADAS,John Carney,98,11,15:50,2026-06-28,Renoir Princesa,https://www.pillalas.com/pase/1076227/,https://www.cinesrenoir.com/pelicula/letras-robadas/,https://media.pillalas.com/imagenes/726afb526abffa83a0d9791d64d1078fecc35b3f6dfaaed9ab05ae74e5aba2420b650147.jpg,Inglés,No recomendada para menores de 12 años,Viernes 26 Junio 2026,"Paul Rudd, Nick Jonas, Naoimh Whelton, Havana Rose Liu, Jack Reynor, Rory Keenan, Peter Mcdonald, Keith Mcerlean, Sophie Vavasseur, Paul Reid, Juliette Crosbie, Robert Mitchell, Kelly Thornton, Marcella Plunkett, Mae Higgins","Rick (Paul Rudd) es un cantante y compositor que se gana la vida como puede actuando en bodas con su grupo. Danny (Nick Jonas), en cambio, es una súper estrella del pop en pleno auge. Tras conocerse por casualidad, Danny lanza un nuevo single que se convierte en todo un éxito mundial, pero Rick le acusa de haberle robado esa canción."
LETRAS ROBADAS,John Carney,98,06,20:10,2026-06-28,Renoir Princesa,https://www.pillalas.com/pase/1076089/,https://www.cinesrenoir.com/pelicula/letras-robadas/,https://media.pillalas.com/imagenes/726afb526abffa83a0d9791d64d1078fecc35b3f6dfaaed9ab05ae74e5aba2420b650147.jpg,Inglés,No recomendada para menores de 12 años,Viernes 26 Junio 2026,"Paul Rudd, Nick Jonas, Naoimh Whelton, Havana Rose Liu, Jack Reynor, Rory Keenan, Peter Mcdonald, Keith Mcerlean, Sophie Vavasseur, Paul Reid, Juliette Crosbie, Robert Mitchell, Kelly Thornton, Marcella Plunkett, Mae Higgins","Rick (Paul Rudd) es un cantante y compositor que se gana la vida como puede actuando en bodas con su grupo. Danny (Nick Jonas), en cambio, es una súper estrella del pop en pleno auge. Tras conocerse por casualidad, Danny lanza un nuevo single que se convierte en todo un éxito mundial, pero Rick le acusa de haberle robado esa canción."
LETRAS ROBADAS,John Carney,98,06,22:10,2026-06-28,Renoir Princesa,https://www.pillalas.com/pase/1076091/,https://www.cinesrenoir.com/pelicula/letras-robadas/,https://media.pillalas.com/imagenes/726afb526abffa83a0d9791d64d1078fecc35b3f6dfaaed9ab05ae74e5aba2420b650147.jpg,Inglés,No recomendada para menores de 12 años,Viernes 26 Junio 2026,"Paul Rudd, Nick Jonas, Naoimh Whelton, Havana Rose Liu, Jack Reynor, Rory Keenan, Peter Mcdonald, Keith Mcerlean, Sophie Vavasseur, Paul Reid, Juliette Crosbie, Robert Mitchell, Kelly Thornton, Marcella Plunkett, Mae Higgins","Rick (Paul Rudd) es un cantante y compositor que se gana la vida como puede actuando en bodas con su grupo. Danny (Nick Jonas), en cambio, es una súper estrella del pop en pleno auge. Tras conocerse por casualidad, Danny lanza un nuevo single que se convierte en todo un éxito mundial, pero Rick le acusa de haberle robado esa canción."
LOS ÚLTIMOS DÍAS DE MARIA ANTONIETA,Gianluca Jodice,101,07,16:00,2026-06-28,Renoir Princesa,https://www.pillalas.com/pase/1076148/,https://www.cinesrenoir.com/pelicula/los-ultimos-dias-de-maria-antonieta/,https://media.pillalas.com/imagenes/726afb526abffa83afd62aedf957bc47764dd9df4798120b6f3983b2c1698fb2d2196fff.jpg,Francés,No recomendada para menores de 12 años,Viernes 26 Junio 2026,"Guillaume Canet, Mélanie Laurent, Aurore Broutin, Hugo Dillon, Fabrizio Rongione, Anouk Darwin Homewood, Tom Hudson, Roxane Duran","París, 1792. La revolución del pueblo francés ha triunfado y el rey Luis XVI, junto a su esposa María Antonieta y sus hijos, son arrestados y encarcelados en la Tour du Temple, un siniestro castillo de París, a la espera de su juicio. Lejos del esplendor, los privilegios y las riquezas, la familia se encuentra aislada y vulnerable por primera vez en sus vidas. Estos serán los turbulentos últimos días de ambos monarcas antes de su histórica ejecución en la guillotina."
LOS ÚLTIMOS DÍAS DE MARIA ANTONIETA,Gianluca Jodice,101,07,18:00,2026-06-28,Renoir Princesa,https://www.pillalas.com/pase/1076151/,https://www.cinesrenoir.com/pelicula/los-ultimos-dias-de-maria-antonieta/,https://media.pillalas.com/imagenes/726afb526abffa83afd62aedf957bc47764dd9df4798120b6f3983b2c1698fb2d2196fff.jpg,Francés,No recomendada para menores de 12 años,Viernes 26 Junio 2026,"Guillaume Canet, Mélanie Laurent, Aurore Broutin, Hugo Dillon, Fabrizio Rongione, Anouk Darwin Homewood, Tom Hudson, Roxane Duran","París, 1792. La revolución del pueblo francés ha triunfado y el rey Luis XVI, junto a su esposa María Antonieta y sus hijos, son arrestados y encarcelados en la Tour du Temple, un siniestro castillo de París, a la espera de su juicio. Lejos del esplendor, los privilegios y las riquezas, la familia se encuentra aislada y vulnerable por primera vez en sus vidas. Estos serán los turbulentos últimos días de ambos monarcas antes de su histórica ejecución en la guillotina."
LOS ÚLTIMOS DÍAS DE MARIA ANTONIETA,Gianluca Jodice,101,07,20:00,2026-06-28,Renoir Princesa,https://www.pillalas.com/pase/1076155/,https://www.cinesrenoir.com/pelicula/los-ultimos-dias-de-maria-antonieta/,https://media.pillalas.com/imagenes/726afb526abffa83afd62aedf957bc47764dd9df4798120b6f3983b2c1698fb2d2196fff.jpg,Francés,No recomendada para menores de 12 años,Viernes 26 Junio 2026,"Guillaume Canet, Mélanie Laurent, Aurore Broutin, Hugo Dillon, Fabrizio Rongione, Anouk Darwin Homewood, Tom Hudson, Roxane Duran","París, 1792. La revolución del pueblo francés ha triunfado y el rey Luis XVI, junto a su esposa María Antonieta y sus hijos, son arrestados y encarcelados en la Tour du Temple, un siniestro castillo de París, a la espera de su juicio. Lejos del esplendor, los privilegios y las riquezas, la familia se encuentra aislada y vulnerable por primera vez en sus vidas. Estos serán los turbulentos últimos días de ambos monarcas antes de su histórica ejecución en la guillotina."
MORIR NO SIEMPRE SALE BIEN,Claudia Pinto Emperador,97,06,18:10,2026-06-28,Renoir Princesa,https://www.pillalas.com/pase/1076087/,https://www.cinesrenoir.com/pelicula/morir-no-siempre-sale-bien/,https://media.pillalas.com/imagenes/726afb526abffa83986c754a9abaa4b59e3f299864e39864a171194882afbcf70e409a28.jpg,Valenciano,No recomendada para menores de 12 años,Viernes 26 Junio 2026,"Tamara Casellas, Ana Wagener, Juan Carlos Vellido, Pau Durà, Carmen Arrufat, Daniel Pérez Prada, Raúl Prieto, Paula Muñoz, Jorge Motos, Roberto Hoyo","El marido y el hermano de Rosario se han quedado sin trabajo tras un despido improcedente. Para pagar sus deudas deciden secuestrar el cadáver de su jefe y pedir un rescate. Pero Inés, la adinerada mujer del muerto, y sus hijos tienen otros planes. A pesar de pertenecer a mundos totalmente distintos, ambas familias se verán obligadas a intercambiar mucho más que un cuerpo."
OBSESSION,Curry Barker,108,06,16:00,2026-06-28,Renoir Princesa,https://www.pillalas.com/pase/1076085/,https://www.cinesrenoir.com/pelicula/obsession/,https://media.pillalas.com/imagenes/726afb526abffa83ff7ee6f6d82de986b738cc661278e7a30ccd2f1e4538348bdd98f544.jpg,Inglés,No recomendada para menores de 18 años,Viernes 26 Junio 2026,"Michael Johnston, Inde Navarrette, Cooper Tomlinson, Megan Lawless, Andy Richter","Tras usar un misterioso objeto para conquistar a su amor platónico, un romántico empedernido verá cumplido su mayor anhelo... pero no tardará en descubrir el oscuro y siniestro precio de algunos deseos."
OBSESSION,Curry Barker,108,11,17:45,2026-06-28,Renoir Princesa,https://www.pillalas.com/pase/1076228/,https://www.cinesrenoir.com/pelicula/obsession/,https://media.pillalas.com/imagenes/726afb526abffa83ff7ee6f6d82de986b738cc661278e7a30ccd2f1e4538348bdd98f544.jpg,Inglés,No recomendada para menores de 18 años,Viernes 26 Junio 2026,"Michael Johnston, Inde Navarrette, Cooper Tomlinson, Megan Lawless, Andy Richter","Tras usar un misterioso objeto para conquistar a su amor platónico, un romántico empedernido verá cumplido su mayor anhelo... pero no tardará en descubrir el oscuro y siniestro precio de algunos deseos."
OBSESSION,Curry Barker,108,11,19:50,2026-06-28,Renoir Princesa,https://www.pillalas.com/pase/1076229/,https://www.cinesrenoir.com/pelicula/obsession/,https://media.pillalas.com/imagenes/726afb526abffa83ff7ee6f6d82de986b738cc661278e7a30ccd2f1e4538348bdd98f544.jpg,Inglés,No recomendada para menores de 18 años,Viernes 26 Junio 2026,"Michael Johnston, Inde Navarrette, Cooper Tomlinson, Megan Lawless, Andy Richter","Tras usar un misterioso objeto para conquistar a su amor platónico, un romántico empedernido verá cumplido su mayor anhelo... pero no tardará en descubrir el oscuro y siniestro precio de algunos deseos."
OBSESSION,Curry Barker,108,11,22:00,2026-06-28,Renoir Princesa,https://www.pillalas.com/pase/1076230/,https://www.cinesrenoir.com/pelicula/obsession/,https://media.pillalas.com/imagenes/726afb526abffa83ff7ee6f6d82de986b738cc661278e7a30ccd2f1e4538348bdd98f544.jpg,Inglés,No recomendada para menores de 18 años,Viernes 26 Junio 2026,"Michael Johnston, Inde Navarrette, Cooper Tomlinson, Megan Lawless, Andy Richter","Tras usar un misterioso objeto para conquistar a su amor platónico, un romántico empedernido verá cumplido su mayor anhelo... pero no tardará en descubrir el oscuro y siniestro precio de algunos deseos."
PIONERAS. SOLO QUERÍAN JUGAR,Marta Díaz De Lope Díaz,106,05,18:15,2026-06-28,Renoir Princesa,https://www.pillalas.com/pase/1076088/,https://www.cinesrenoir.com/pelicula/pioneras-solo-querian-jugar/,https://media.pillalas.com/imagenes/726afb526abffa83841aa9dea3bcfbd31547abab2849e44376088aef30139d6a3ea3caa9.jpg,Castellano,No recomendada para menores de 12 años y distintivo especialmente recomendada para el fomento de la igualdad de género,Viernes 12 Junio 2026,"Daniel Ibáñez, Aixa Villagrán, Sofía De Iznájar, Bruna Lucadamo, Nora Otxoteko, Leire Aguiar, Lorea Carballo, Miriam Rubio, José Troncoso, Carmen Ruiz, Alejandro Casaseca, Carmen Flores Sandoval, Pepa Aniorte, Elena Irureta, Jordi Sánchez","En la España de principios de los años 70, con el franquismo aún profundamente arraigado, un grupo de jovencísimas y ninguneadas cracks del balón y un soñador promotor deportivo unen fuerzas para romper barreras e iniciar lo que será la historia del fútbol femenino en nuestro país."
PÁLIDA LUZ EN LAS COLINAS,Kei Ishikawa,123,01,17:55,2026-06-28,Renoir Princesa,https://www.pillalas.com/pase/1076004/,https://www.cinesrenoir.com/pelicula/palida-luz-en-las-colinas/,https://media.pillalas.com/imagenes/726afb526abffa83e4357c50c96a83c50f18819346a98eb6216eec09df73d273ecaa49c3.jpg,Japonés,No recomendada para menores de 12 años,Viernes 26 Junio 2026,"Suzu Hirose, Fumi Nikaido, Yoh Yoshida, Camilla Aiko, Kohei Matsushita, Tomokazu Miura, Romain Danna, Lynette Edwards, Rie Shibata, Daichi Watanabe, Ruby Young","Inglaterra, 1982. Etsuko rememora junto a su hija Nikki su juventud en Nagasaki, evocando un pasado de relaciones y decisiones que marcaron para siempre su vida y la de sus hijas. Sin embargo, cuanto más se internan en esa memoria, más claro resulta que esos recuerdos encierran secretos capaces de alterar la vida de ambas."
PÁLIDA LUZ EN LAS COLINAS,Kei Ishikawa,123,08,20:05,2026-06-28,Renoir Princesa,https://www.pillalas.com/pase/1076156/,https://www.cinesrenoir.com/pelicula/palida-luz-en-las-colinas/,https://media.pillalas.com/imagenes/726afb526abffa83e4357c50c96a83c50f18819346a98eb6216eec09df73d273ecaa49c3.jpg,Japonés,No recomendada para menores de 12 años,Viernes 26 Junio 2026,"Suzu Hirose, Fumi Nikaido, Yoh Yoshida, Camilla Aiko, Kohei Matsushita, Tomokazu Miura, Romain Danna, Lynette Edwards, Rie Shibata, Daichi Watanabe, Ruby Young","Inglaterra, 1982. Etsuko rememora junto a su hija Nikki su juventud en Nagasaki, evocando un pasado de relaciones y decisiones que marcaron para siempre su vida y la de sus hijas. Sin embargo, cuanto más se internan en esa memoria, más claro resulta que esos recuerdos encierran secretos capaces de alterar la vida de ambas."
PÁLIDA LUZ EN LAS COLINAS,Kei Ishikawa,123,01,22:10,2026-06-28,Renoir Princesa,https://www.pillalas.com/pase/1076011/,https://www.cinesrenoir.com/pelicula/palida-luz-en-las-colinas/,https://media.pillalas.com/imagenes/726afb526abffa83e4357c50c96a83c50f18819346a98eb6216eec09df73d273ecaa49c3.jpg,Japonés,No recomendada para menores de 12 años,Viernes 26 Junio 2026,"Suzu Hirose, Fumi Nikaido, Yoh Yoshida, Camilla Aiko, Kohei Matsushita, Tomokazu Miura, Romain Danna, Lynette Edwards, Rie Shibata, Daichi Watanabe, Ruby Young","Inglaterra, 1982. Etsuko rememora junto a su hija Nikki su juventud en Nagasaki, evocando un pasado de relaciones y decisiones que marcaron para siempre su vida y la de sus hijas. Sin embargo, cuanto más se internan en esa memoria, más claro resulta que esos recuerdos encierran secretos capaces de alterar la vida de ambas."
SUPERGIRL,Craig Gillespie,108,04,16:00,2026-06-28,Renoir Princesa,https://www.pillalas.com/pase/1076001/,https://www.cinesrenoir.com/pelicula/supergirl/,https://media.pillalas.com/imagenes/726afb526abffa83ab19c53872ccbcd4477279df0be8ea4311f1bff02899269c5834219f.jpg,Inglés,Pendiente de calificación,Viernes 26 Junio 2026,"Milly Alcock, David Corenswet, Eve Ridley, Matthias Schoenaerts, Diarmaid Murtagh, Ferdinand Kingsley, Jason Momoa, Emily Piggford, Bruce Lennox, Audrey Brisson, Avye Leventis, Wil Coban, Keeley Forsyth, David Krumholtz, Paul Hunter, Charlie Rawes, Leo Bill, Craig Binning, Clara Rosager, Heather Agyepong, Alice Hewkin, Luke Rollason, Adam Young, Thalissa Teixeira, Winnie Ama","Cuando un adversario inesperado y despiadado ataca demasiado cerca, Kara Zor-El, alias Supergirl, se une a regañadientes a un improbable compañero para un viaje épico e interestelar de venganza y justicia."
SUPERGIRL,Craig Gillespie,108,04,18:05,2026-06-28,Renoir Princesa,https://www.pillalas.com/pase/1076006/,https://www.cinesrenoir.com/pelicula/supergirl/,https://media.pillalas.com/imagenes/726afb526abffa83ab19c53872ccbcd4477279df0be8ea4311f1bff02899269c5834219f.jpg,Inglés,Pendiente de calificación,Viernes 26 Junio 2026,"Milly Alcock, David Corenswet, Eve Ridley, Matthias Schoenaerts, Diarmaid Murtagh, Ferdinand Kingsley, Jason Momoa, Emily Piggford, Bruce Lennox, Audrey Brisson, Avye Leventis, Wil Coban, Keeley Forsyth, David Krumholtz, Paul Hunter, Charlie Rawes, Leo Bill, Craig Binning, Clara Rosager, Heather Agyepong, Alice Hewkin, Luke Rollason, Adam Young, Thalissa Teixeira, Winnie Ama","Cuando un adversario inesperado y despiadado ataca demasiado cerca, Kara Zor-El, alias Supergirl, se une a regañadientes a un improbable compañero para un viaje épico e interestelar de venganza y justicia."
SUPERGIRL,Craig Gillespie,108,04,20:10,2026-06-28,Renoir Princesa,https://www.pillalas.com/pase/1076008/,https://www.cinesrenoir.com/pelicula/supergirl/,https://media.pillalas.com/imagenes/726afb526abffa83ab19c53872ccbcd4477279df0be8ea4311f1bff02899269c5834219f.jpg,Inglés,Pendiente de calificación,Viernes 26 Junio 2026,"Milly Alcock, David Corenswet, Eve Ridley, Matthias Schoenaerts, Diarmaid Murtagh, Ferdinand Kingsley, Jason Momoa, Emily Piggford, Bruce Lennox, Audrey Brisson, Avye Leventis, Wil Coban, Keeley Forsyth, David Krumholtz, Paul Hunter, Charlie Rawes, Leo Bill, Craig Binning, Clara Rosager, Heather Agyepong, Alice Hewkin, Luke Rollason, Adam Young, Thalissa Teixeira, Winnie Ama","Cuando un adversario inesperado y despiadado ataca demasiado cerca, Kara Zor-El, alias Supergirl, se une a regañadientes a un improbable compañero para un viaje épico e interestelar de venganza y justicia."
SUPERGIRL,Craig Gillespie,108,04,22:15,2026-06-28,Renoir Princesa,https://www.pillalas.com/pase/1076013/,https://www.cinesrenoir.com/pelicula/supergirl/,https://media.pillalas.com/imagenes/726afb526abffa83ab19c53872ccbcd4477279df0be8ea4311f1bff02899269c5834219f.jpg,Inglés,Pendiente de calificación,Viernes 26 Junio 2026,"Milly Alcock, David Corenswet, Eve Ridley, Matthias Schoenaerts, Diarmaid Murtagh, Ferdinand Kingsley, Jason Momoa, Emily Piggford, Bruce Lennox, Audrey Brisson, Avye Leventis, Wil Coban, Keeley Forsyth, David Krumholtz, Paul Hunter, Charlie Rawes, Leo Bill, Craig Binning, Clara Rosager, Heather Agyepong, Alice Hewkin, Luke Rollason, Adam Young, Thalissa Teixeira, Winnie Ama","Cuando un adversario inesperado y despiadado ataca demasiado cerca, Kara Zor-El, alias Supergirl, se une a regañadientes a un improbable compañero para un viaje épico e interestelar de venganza y justicia."
TOY STORY 5,"Mckenna Harris, Andrew Stanton",101,02,16:00,2026-06-28,Renoir Princesa,https://www.pillalas.com/pase/1076003/,https://www.cinesrenoir.com/pelicula/toy-story-5/,https://media.pillalas.com/imagenes/726afb526abffa838a456bed6d0f9a7c9af3e476430cb99b9b7924219be4a2e77fa421a0.jpg,Inglés,Apta para todos los públicos y distintivo especialmente recomendada para la infancia,Miércoles 17 Junio 2026,Animación,"Los juguetes están de vuelta. Esta vez, Buzz Lightyear, Woody, Jessie y el resto de la pandilla se enfrentan a un nuevo reto cuando conocen a Lilypad , una nueva tablet que llega con sus propias ideas disruptivas sobre lo que es mejor para Bonnie. ¿Volverá a ser lo mismo la hora de jugar?"
TOY STORY 5,"Mckenna Harris, Andrew Stanton",101,03,18:15,2026-06-28,Renoir Princesa,https://www.pillalas.com/pase/1076007/,https://www.cinesrenoir.com/pelicula/toy-story-5/,https://media.pillalas.com/imagenes/726afb526abffa838a456bed6d0f9a7c9af3e476430cb99b9b7924219be4a2e77fa421a0.jpg,Inglés,Apta para todos los públicos y distintivo especialmente recomendada para la infancia,Miércoles 17 Junio 2026,Animación,"Los juguetes están de vuelta. Esta vez, Buzz Lightyear, Woody, Jessie y el resto de la pandilla se enfrentan a un nuevo reto cuando conocen a Lilypad , una nueva tablet que llega con sus propias ideas disruptivas sobre lo que es mejor para Bonnie. ¿Volverá a ser lo mismo la hora de jugar?"
TOY STORY 5,"Mckenna Harris, Andrew Stanton",101,03,20:15,2026-06-28,Renoir Princesa,https://www.pillalas.com/pase/1076010/,https://www.cinesrenoir.com/pelicula/toy-story-5/,https://media.pillalas.com/imagenes/726afb526abffa838a456bed6d0f9a7c9af3e476430cb99b9b7924219be4a2e77fa421a0.jpg,Inglés,Apta para todos los públicos y distintivo especialmente recomendada para la infancia,Miércoles 17 Junio 2026,Animación,"Los juguetes están de vuelta. Esta vez, Buzz Lightyear, Woody, Jessie y el resto de la pandilla se enfrentan a un nuevo reto cuando conocen a Lilypad , una nueva tablet que llega con sus propias ideas disruptivas sobre lo que es mejor para Bonnie. ¿Volverá a ser lo mismo la hora de jugar?"
UN TALENTO ÚNICO,Daniel Roher,107,03,22:15,2026-06-28,Renoir Princesa,https://www.pillalas.com/pase/1076012/,https://www.cinesrenoir.com/pelicula/un-talento-unico/,https://media.pillalas.com/imagenes/726afb526abffa8328ed8d44e9f29b219dc5c0acbef948ae809535159b834c8652582f9e.jpg,Inglés,No recomendada para menores de 16 años,Viernes 12 Junio 2026,"Leo Woodall, Dustin Hoffman, Havana Rose Liu, Lior Raz, Tovah Feldshuh, Nissan Sakira, Gil Cohen, Jean Reno, C. S. Lee","Un talentoso afinador de pianos que padece hiperacusia descubre una aptitud única para abrir cajas fuertes, que le llevará a un peligroso mundo."
AMARGA NAVIDAD,Pedro Almodóvar,111,01,15:50,2026-06-29,Renoir Princesa,https://www.pillalas.com/pase/1075963/,https://www.cinesrenoir.com/pelicula/amarga-navidad/,https://media.pillalas.com/imagenes/726afb526abffa83b60c45c3634993c0e9bd987d873c6c32a8009c3b4ee414d3a40e41c1.jpg,Castellano,No recomendada para menores de 12 años,Viernes 20 Marzo 2026,"Bárbara Lennie, Leonardo Sbaraglia, Aitana Sánchez-Gijón, Victoria Luengo, Patrick Criado, Milena Smit, Quim Gutiérrez, Rossy De Palma, Carmen Machi, Gloria Muñoz","Elsa es una directora de publicidad cuya madre muere durante un largo puente del mes de diciembre. Encuentra refugio en el trabajo, aunque es más bien una huida hacia adelante. Trabaja sin parar y, sin darse cuenta, no se concede el tiempo necesario para guardar el duelo por la ausencia materna. Hasta que una crisis de pánico la obliga a detenerse e imponerse un descanso. Su pareja, Bonifacio, es su tabla de salvación en esos momentos de crisis. Elsa decide viajar a la isla de Lanzarote acompañada por su amiga Patricia, que también necesita alejarse de Madrid, mientras que Bonifacio se queda en la ciudad. La historia de estos tres personajes, y algunos más, se narran paralelamente a la del guionista y director de cine Raúl Durán, entremezclando ficción y realidad. Porque ‘Amarga Navidad’ desarrolla cómo la vida y la ficción están unidas de un modo indisoluble, incluso doloroso en ocasiones."
BACKROOMS,Kane Parsons,110,08,16:00,2026-06-29,Renoir Princesa,https://www.pillalas.com/pase/1076162/,https://www.cinesrenoir.com/pelicula/backrooms/,https://media.pillalas.com/imagenes/726afb526abffa83186becfb5f5e9996a19758e2af6f41d33fc78627a975c1013a9e6c45.jpg,Inglés,No recomendada para menores de 16 años,Viernes 5 Junio 2026,"Chiwetel Ejiofor, Renate Reinsve, Mark Duplass, Finn Bennett, Lukita Maxwell, Avan Jogia","Cuando el paciente de una terapeuta desaparece en una dimensión más allá de la realidad, ella deberá adentrarse en lo desconocido para salvarlo..."
BACKROOMS,Kane Parsons,110,02,20:15,2026-06-29,Renoir Princesa,https://www.pillalas.com/pase/1076023/,https://www.cinesrenoir.com/pelicula/backrooms/,https://media.pillalas.com/imagenes/726afb526abffa83186becfb5f5e9996a19758e2af6f41d33fc78627a975c1013a9e6c45.jpg,Inglés,No recomendada para menores de 16 años,Viernes 5 Junio 2026,"Chiwetel Ejiofor, Renate Reinsve, Mark Duplass, Finn Bennett, Lukita Maxwell, Avan Jogia","Cuando el paciente de una terapeuta desaparece en una dimensión más allá de la realidad, ella deberá adentrarse en lo desconocido para salvarlo..."
BACKROOMS,Kane Parsons,110,02,22:20,2026-06-29,Renoir Princesa,https://www.pillalas.com/pase/1076028/,https://www.cinesrenoir.com/pelicula/backrooms/,https://media.pillalas.com/imagenes/726afb526abffa83186becfb5f5e9996a19758e2af6f41d33fc78627a975c1013a9e6c45.jpg,Inglés,No recomendada para menores de 16 años,Viernes 5 Junio 2026,"Chiwetel Ejiofor, Renate Reinsve, Mark Duplass, Finn Bennett, Lukita Maxwell, Avan Jogia","Cuando el paciente de una terapeuta desaparece en una dimensión más allá de la realidad, ella deberá adentrarse en lo desconocido para salvarlo..."
DREAMS,Michel Franco,98,08,18:10,2026-06-29,Renoir Princesa,https://www.pillalas.com/pase/1076167/,https://www.cinesrenoir.com/pelicula/dreams/,https://media.pillalas.com/imagenes/726afb526abffa83f2fcec14080faa1f92861ad737cbaef71a9e19333a81d741027ad62e.jpg,Inglés,No recomendada para menores de 16 años,Viernes 19 Junio 2026,"Jessica Chastain, Isaac Hernández, Rupert Friend, Marshall Bell","La historia sigue a Fernando (Isaac Hernández) un joven bailarín mexicano que persigue el sueño de triunfar en Estados Unidos. Convencido de que contará con el apoyo de Jennifer (Jessica Chastain), una filántropa de la alta sociedad con la que mantiene una relación, lo deja todo atrás y cruza la frontera. Pero lo que en principio parece una nueva oportunidad termina trastocando el frágil equilibrio de la vida de Jennifer, que estará dispuesta a todo para proteger lo que ha construido."
DREAMS,Michel Franco,98,01,20:15,2026-06-29,Renoir Princesa,https://www.pillalas.com/pase/1075964/,https://www.cinesrenoir.com/pelicula/dreams/,https://media.pillalas.com/imagenes/726afb526abffa83f2fcec14080faa1f92861ad737cbaef71a9e19333a81d741027ad62e.jpg,Inglés,No recomendada para menores de 16 años,Viernes 19 Junio 2026,"Jessica Chastain, Isaac Hernández, Rupert Friend, Marshall Bell","La historia sigue a Fernando (Isaac Hernández) un joven bailarín mexicano que persigue el sueño de triunfar en Estados Unidos. Convencido de que contará con el apoyo de Jennifer (Jessica Chastain), una filántropa de la alta sociedad con la que mantiene una relación, lo deja todo atrás y cruza la frontera. Pero lo que en principio parece una nueva oportunidad termina trastocando el frágil equilibrio de la vida de Jennifer, que estará dispuesta a todo para proteger lo que ha construido."
DREAMS,Michel Franco,98,08,22:25,2026-06-29,Renoir Princesa,https://www.pillalas.com/pase/1076175/,https://www.cinesrenoir.com/pelicula/dreams/,https://media.pillalas.com/imagenes/726afb526abffa83f2fcec14080faa1f92861ad737cbaef71a9e19333a81d741027ad62e.jpg,Inglés,No recomendada para menores de 16 años,Viernes 19 Junio 2026,"Jessica Chastain, Isaac Hernández, Rupert Friend, Marshall Bell","La historia sigue a Fernando (Isaac Hernández) un joven bailarín mexicano que persigue el sueño de triunfar en Estados Unidos. Convencido de que contará con el apoyo de Jennifer (Jessica Chastain), una filántropa de la alta sociedad con la que mantiene una relación, lo deja todo atrás y cruza la frontera. Pero lo que en principio parece una nueva oportunidad termina trastocando el frágil equilibrio de la vida de Jennifer, que estará dispuesta a todo para proteger lo que ha construido."
EL DIABLO VISTE DE PRADA 2,David Frankel,120,05,16:00,2026-06-29,Renoir Princesa,https://www.pillalas.com/pase/1076093/,https://www.cinesrenoir.com/pelicula/el-diablo-viste-de-prada-2/,https://media.pillalas.com/imagenes/726afb526abffa83fece47511eb70b9e1b6e404173ddb3c32d8258561fd54681cee1e0d8.jpg,Inglés,No recomendada para menores de 7 años,Jueves 30 Abril 2026,"Meryl Streep, Emily Blunt, Anne Hathaway, Stanley Tucci, Tracie Thoms, Tibor Feldman, Kenneth Branagh, Simone Ashley, Justin Theroux, Lucy Liu, Patrick Brammall, Caleb Hearon, Helen J. Shen, Pauline Chalamet, B.J. Novak, Conrad Ricamora","Casi 20 años después de interpretar a los icónicos personajes de Miranda, Andy, Emily y Nigel, Meryl Streep, Anne Hathaway, Emily Blunt y Stanley Tucci regresan a las calles de Nueva York y a las oficinas de la revista Runway en la esperada secuela del fenómeno de 2006."
EL DRAMA,Kristoffer Borgli,106,10,15:50,2026-06-29,Renoir Princesa,https://www.pillalas.com/pase/1076161/,https://www.cinesrenoir.com/pelicula/el-drama/,https://media.pillalas.com/imagenes/726afb526abffa833c26769a2d0f648f239a18f56e93a09c45c7c77c2bf1a8ee48c54930.jpg,Inglés,No recomendada para menores de 16 años,Viernes 29 Mayo 2026,"Zendaya, Robert Pattinson, Alana Haim, Mamoudou Athie, Yaya Gosselin, Michael Abbott Jr.","Irónica, afilada y emocionalmente incómoda, El drama confirma a Kristoffer Borgli como una de las voces más singulares del cine contemporáneo. A partir de una relación de pareja llevada al límite, la película explora con humor incómodo y lucidez las dinámicas afectivas, la percepción pública y la construcción del relato personal. Con Robert Pattinson y Zendaya al frente, Borgli construye una historia tan contemporánea como inquietante, donde lo íntimo y lo performativo se entrelazan constantemente. Una mirada provocadora y muy actual sobre el amor en tiempos de exposición permanente. “Una mirada incisiva sobre las relaciones contemporáneas.” — El País “Borgli confirma su voz única.” — Fotogramas “Incómoda, inteligente y muy actual.” — Cinemanía “Provocadora y sorprendente.” — The Guardian “Pattinson y Zendaya brillan con intensidad.” — Variety"
EL DRAMA,Kristoffer Borgli,106,10,17:55,2026-06-29,Renoir Princesa,https://www.pillalas.com/pase/1076165/,https://www.cinesrenoir.com/pelicula/el-drama/,https://media.pillalas.com/imagenes/726afb526abffa833c26769a2d0f648f239a18f56e93a09c45c7c77c2bf1a8ee48c54930.jpg,Inglés,No recomendada para menores de 16 años,Viernes 29 Mayo 2026,"Zendaya, Robert Pattinson, Alana Haim, Mamoudou Athie, Yaya Gosselin, Michael Abbott Jr.","Irónica, afilada y emocionalmente incómoda, El drama confirma a Kristoffer Borgli como una de las voces más singulares del cine contemporáneo. A partir de una relación de pareja llevada al límite, la película explora con humor incómodo y lucidez las dinámicas afectivas, la percepción pública y la construcción del relato personal. Con Robert Pattinson y Zendaya al frente, Borgli construye una historia tan contemporánea como inquietante, donde lo íntimo y lo performativo se entrelazan constantemente. Una mirada provocadora y muy actual sobre el amor en tiempos de exposición permanente. “Una mirada incisiva sobre las relaciones contemporáneas.” — El País “Borgli confirma su voz única.” — Fotogramas “Incómoda, inteligente y muy actual.” — Cinemanía “Provocadora y sorprendente.” — The Guardian “Pattinson y Zendaya brillan con intensidad.” — Variety"
EL DRAMA,Kristoffer Borgli,106,10,20:00,2026-06-29,Renoir Princesa,https://www.pillalas.com/pase/1076169/,https://www.cinesrenoir.com/pelicula/el-drama/,https://media.pillalas.com/imagenes/726afb526abffa833c26769a2d0f648f239a18f56e93a09c45c7c77c2bf1a8ee48c54930.jpg,Inglés,No recomendada para menores de 16 años,Viernes 29 Mayo 2026,"Zendaya, Robert Pattinson, Alana Haim, Mamoudou Athie, Yaya Gosselin, Michael Abbott Jr.","Irónica, afilada y emocionalmente incómoda, El drama confirma a Kristoffer Borgli como una de las voces más singulares del cine contemporáneo. A partir de una relación de pareja llevada al límite, la película explora con humor incómodo y lucidez las dinámicas afectivas, la percepción pública y la construcción del relato personal. Con Robert Pattinson y Zendaya al frente, Borgli construye una historia tan contemporánea como inquietante, donde lo íntimo y lo performativo se entrelazan constantemente. Una mirada provocadora y muy actual sobre el amor en tiempos de exposición permanente. “Una mirada incisiva sobre las relaciones contemporáneas.” — El País “Borgli confirma su voz única.” — Fotogramas “Incómoda, inteligente y muy actual.” — Cinemanía “Provocadora y sorprendente.” — The Guardian “Pattinson y Zendaya brillan con intensidad.” — Variety"
EL DRAMA,Kristoffer Borgli,106,10,22:00,2026-06-29,Renoir Princesa,https://www.pillalas.com/pase/1076174/,https://www.cinesrenoir.com/pelicula/el-drama/,https://media.pillalas.com/imagenes/726afb526abffa833c26769a2d0f648f239a18f56e93a09c45c7c77c2bf1a8ee48c54930.jpg,Inglés,No recomendada para menores de 16 años,Viernes 29 Mayo 2026,"Zendaya, Robert Pattinson, Alana Haim, Mamoudou Athie, Yaya Gosselin, Michael Abbott Jr.","Irónica, afilada y emocionalmente incómoda, El drama confirma a Kristoffer Borgli como una de las voces más singulares del cine contemporáneo. A partir de una relación de pareja llevada al límite, la película explora con humor incómodo y lucidez las dinámicas afectivas, la percepción pública y la construcción del relato personal. Con Robert Pattinson y Zendaya al frente, Borgli construye una historia tan contemporánea como inquietante, donde lo íntimo y lo performativo se entrelazan constantemente. Una mirada provocadora y muy actual sobre el amor en tiempos de exposición permanente. “Una mirada incisiva sobre las relaciones contemporáneas.” — El País “Borgli confirma su voz única.” — Fotogramas “Incómoda, inteligente y muy actual.” — Cinemanía “Provocadora y sorprendente.” — The Guardian “Pattinson y Zendaya brillan con intensidad.” — Variety"
EL DÍA DE LA REVELACIÓN,Steven Spielberg,145,09,16:10,2026-06-29,Renoir Princesa,https://www.pillalas.com/pase/1076164/,https://www.cinesrenoir.com/pelicula/el-dia-de-la-revelacion/,https://media.pillalas.com/imagenes/726afb526abffa8309e287b6a9937a9056794979929b0d994d7cb0244506ea87665540d6.jpg,Inglés,No recomendada para menores de 12 años,Viernes 12 Junio 2026,"Emily Blunt, Josh O Connor, Colin Firth, Eve Hewson, Colman Domingo","Si descubrieras que no estamos solos, si alguien te abriera los ojos y te lo demostrase, ¿te asustarías? En verano de 2026, la verdad será revelada a siete mil millones de personas."
EL DÍA DE LA REVELACIÓN,Steven Spielberg,145,05,20:20,2026-06-29,Renoir Princesa,https://www.pillalas.com/pase/1076097/,https://www.cinesrenoir.com/pelicula/el-dia-de-la-revelacion/,https://media.pillalas.com/imagenes/726afb526abffa8309e287b6a9937a9056794979929b0d994d7cb0244506ea87665540d6.jpg,Inglés,No recomendada para menores de 12 años,Viernes 12 Junio 2026,"Emily Blunt, Josh O Connor, Colin Firth, Eve Hewson, Colman Domingo","Si descubrieras que no estamos solos, si alguien te abriera los ojos y te lo demostrase, ¿te asustarías? En verano de 2026, la verdad será revelada a siete mil millones de personas."
LA LUZ,Fernando Franco,120,03,16:00,2026-06-29,Renoir Princesa,https://www.pillalas.com/pase/1076016/,https://www.cinesrenoir.com/pelicula/la-luz/,https://media.pillalas.com/imagenes/726afb526abffa8317677ca937a736c27e9f6bb2a52b26d33997b3aaabb603e6e12a45f0.jpg,Castellano,No recomendada para menores de 16 años,Viernes 5 Junio 2026,"Alberto San Juan, Pedro Casablanc, Miguel Rellán, María Galiana, Luis Callejo, Ramón Barea, Pablo Gómez Pando, Nacho Sánchez, Santiago Mayorga, Antonio Zafra, Itziar Aizpuru","“La Luz” es la historia de un párroco acorralado por la culpa, que deberá desafiar a la institución que lo protegió en un viaje hacia la honestidad."
LA LUZ,Fernando Franco,120,02,18:00,2026-06-29,Renoir Princesa,https://www.pillalas.com/pase/1076019/,https://www.cinesrenoir.com/pelicula/la-luz/,https://media.pillalas.com/imagenes/726afb526abffa8317677ca937a736c27e9f6bb2a52b26d33997b3aaabb603e6e12a45f0.jpg,Castellano,No recomendada para menores de 16 años,Viernes 5 Junio 2026,"Alberto San Juan, Pedro Casablanc, Miguel Rellán, María Galiana, Luis Callejo, Ramón Barea, Pablo Gómez Pando, Nacho Sánchez, Santiago Mayorga, Antonio Zafra, Itziar Aizpuru","“La Luz” es la historia de un párroco acorralado por la culpa, que deberá desafiar a la institución que lo protegió en un viaje hacia la honestidad."
LA LUZ,Fernando Franco,120,07,22:00,2026-06-29,Renoir Princesa,https://www.pillalas.com/pase/1076173/,https://www.cinesrenoir.com/pelicula/la-luz/,https://media.pillalas.com/imagenes/726afb526abffa8317677ca937a736c27e9f6bb2a52b26d33997b3aaabb603e6e12a45f0.jpg,Castellano,No recomendada para menores de 16 años,Viernes 5 Junio 2026,"Alberto San Juan, Pedro Casablanc, Miguel Rellán, María Galiana, Luis Callejo, Ramón Barea, Pablo Gómez Pando, Nacho Sánchez, Santiago Mayorga, Antonio Zafra, Itziar Aizpuru","“La Luz” es la historia de un párroco acorralado por la culpa, que deberá desafiar a la institución que lo protegió en un viaje hacia la honestidad."
LETRAS ROBADAS,John Carney,98,11,15:50,2026-06-29,Renoir Princesa,https://www.pillalas.com/pase/1076231/,https://www.cinesrenoir.com/pelicula/letras-robadas/,https://media.pillalas.com/imagenes/726afb526abffa83a0d9791d64d1078fecc35b3f6dfaaed9ab05ae74e5aba2420b650147.jpg,Inglés,No recomendada para menores de 12 años,Viernes 26 Junio 2026,"Paul Rudd, Nick Jonas, Naoimh Whelton, Havana Rose Liu, Jack Reynor, Rory Keenan, Peter Mcdonald, Keith Mcerlean, Sophie Vavasseur, Paul Reid, Juliette Crosbie, Robert Mitchell, Kelly Thornton, Marcella Plunkett, Mae Higgins","Rick (Paul Rudd) es un cantante y compositor que se gana la vida como puede actuando en bodas con su grupo. Danny (Nick Jonas), en cambio, es una súper estrella del pop en pleno auge. Tras conocerse por casualidad, Danny lanza un nuevo single que se convierte en todo un éxito mundial, pero Rick le acusa de haberle robado esa canción."
LETRAS ROBADAS,John Carney,98,06,20:10,2026-06-29,Renoir Princesa,https://www.pillalas.com/pase/1076096/,https://www.cinesrenoir.com/pelicula/letras-robadas/,https://media.pillalas.com/imagenes/726afb526abffa83a0d9791d64d1078fecc35b3f6dfaaed9ab05ae74e5aba2420b650147.jpg,Inglés,No recomendada para menores de 12 años,Viernes 26 Junio 2026,"Paul Rudd, Nick Jonas, Naoimh Whelton, Havana Rose Liu, Jack Reynor, Rory Keenan, Peter Mcdonald, Keith Mcerlean, Sophie Vavasseur, Paul Reid, Juliette Crosbie, Robert Mitchell, Kelly Thornton, Marcella Plunkett, Mae Higgins","Rick (Paul Rudd) es un cantante y compositor que se gana la vida como puede actuando en bodas con su grupo. Danny (Nick Jonas), en cambio, es una súper estrella del pop en pleno auge. Tras conocerse por casualidad, Danny lanza un nuevo single que se convierte en todo un éxito mundial, pero Rick le acusa de haberle robado esa canción."
LETRAS ROBADAS,John Carney,98,06,22:10,2026-06-29,Renoir Princesa,https://www.pillalas.com/pase/1076098/,https://www.cinesrenoir.com/pelicula/letras-robadas/,https://media.pillalas.com/imagenes/726afb526abffa83a0d9791d64d1078fecc35b3f6dfaaed9ab05ae74e5aba2420b650147.jpg,Inglés,No recomendada para menores de 12 años,Viernes 26 Junio 2026,"Paul Rudd, Nick Jonas, Naoimh Whelton, Havana Rose Liu, Jack Reynor, Rory Keenan, Peter Mcdonald, Keith Mcerlean, Sophie Vavasseur, Paul Reid, Juliette Crosbie, Robert Mitchell, Kelly Thornton, Marcella Plunkett, Mae Higgins","Rick (Paul Rudd) es un cantante y compositor que se gana la vida como puede actuando en bodas con su grupo. Danny (Nick Jonas), en cambio, es una súper estrella del pop en pleno auge. Tras conocerse por casualidad, Danny lanza un nuevo single que se convierte en todo un éxito mundial, pero Rick le acusa de haberle robado esa canción."
LOS ÚLTIMOS DÍAS DE MARIA ANTONIETA,Gianluca Jodice,101,07,16:00,2026-06-29,Renoir Princesa,https://www.pillalas.com/pase/1076163/,https://www.cinesrenoir.com/pelicula/los-ultimos-dias-de-maria-antonieta/,https://media.pillalas.com/imagenes/726afb526abffa83afd62aedf957bc47764dd9df4798120b6f3983b2c1698fb2d2196fff.jpg,Francés,No recomendada para menores de 12 años,Viernes 26 Junio 2026,"Guillaume Canet, Mélanie Laurent, Aurore Broutin, Hugo Dillon, Fabrizio Rongione, Anouk Darwin Homewood, Tom Hudson, Roxane Duran","París, 1792. La revolución del pueblo francés ha triunfado y el rey Luis XVI, junto a su esposa María Antonieta y sus hijos, son arrestados y encarcelados en la Tour du Temple, un siniestro castillo de París, a la espera de su juicio. Lejos del esplendor, los privilegios y las riquezas, la familia se encuentra aislada y vulnerable por primera vez en sus vidas. Estos serán los turbulentos últimos días de ambos monarcas antes de su histórica ejecución en la guillotina."
LOS ÚLTIMOS DÍAS DE MARIA ANTONIETA,Gianluca Jodice,101,07,18:00,2026-06-29,Renoir Princesa,https://www.pillalas.com/pase/1076166/,https://www.cinesrenoir.com/pelicula/los-ultimos-dias-de-maria-antonieta/,https://media.pillalas.com/imagenes/726afb526abffa83afd62aedf957bc47764dd9df4798120b6f3983b2c1698fb2d2196fff.jpg,Francés,No recomendada para menores de 12 años,Viernes 26 Junio 2026,"Guillaume Canet, Mélanie Laurent, Aurore Broutin, Hugo Dillon, Fabrizio Rongione, Anouk Darwin Homewood, Tom Hudson, Roxane Duran","París, 1792. La revolución del pueblo francés ha triunfado y el rey Luis XVI, junto a su esposa María Antonieta y sus hijos, son arrestados y encarcelados en la Tour du Temple, un siniestro castillo de París, a la espera de su juicio. Lejos del esplendor, los privilegios y las riquezas, la familia se encuentra aislada y vulnerable por primera vez en sus vidas. Estos serán los turbulentos últimos días de ambos monarcas antes de su histórica ejecución en la guillotina."
LOS ÚLTIMOS DÍAS DE MARIA ANTONIETA,Gianluca Jodice,101,07,20:00,2026-06-29,Renoir Princesa,https://www.pillalas.com/pase/1076170/,https://www.cinesrenoir.com/pelicula/los-ultimos-dias-de-maria-antonieta/,https://media.pillalas.com/imagenes/726afb526abffa83afd62aedf957bc47764dd9df4798120b6f3983b2c1698fb2d2196fff.jpg,Francés,No recomendada para menores de 12 años,Viernes 26 Junio 2026,"Guillaume Canet, Mélanie Laurent, Aurore Broutin, Hugo Dillon, Fabrizio Rongione, Anouk Darwin Homewood, Tom Hudson, Roxane Duran","París, 1792. La revolución del pueblo francés ha triunfado y el rey Luis XVI, junto a su esposa María Antonieta y sus hijos, son arrestados y encarcelados en la Tour du Temple, un siniestro castillo de París, a la espera de su juicio. Lejos del esplendor, los privilegios y las riquezas, la familia se encuentra aislada y vulnerable por primera vez en sus vidas. Estos serán los turbulentos últimos días de ambos monarcas antes de su histórica ejecución en la guillotina."
MORIR NO SIEMPRE SALE BIEN,Claudia Pinto Emperador,97,06,18:10,2026-06-29,Renoir Princesa,https://www.pillalas.com/pase/1076094/,https://www.cinesrenoir.com/pelicula/morir-no-siempre-sale-bien/,https://media.pillalas.com/imagenes/726afb526abffa83986c754a9abaa4b59e3f299864e39864a171194882afbcf70e409a28.jpg,Valenciano,No recomendada para menores de 12 años,Viernes 26 Junio 2026,"Tamara Casellas, Ana Wagener, Juan Carlos Vellido, Pau Durà, Carmen Arrufat, Daniel Pérez Prada, Raúl Prieto, Paula Muñoz, Jorge Motos, Roberto Hoyo","El marido y el hermano de Rosario se han quedado sin trabajo tras un despido improcedente. Para pagar sus deudas deciden secuestrar el cadáver de su jefe y pedir un rescate. Pero Inés, la adinerada mujer del muerto, y sus hijos tienen otros planes. A pesar de pertenecer a mundos totalmente distintos, ambas familias se verán obligadas a intercambiar mucho más que un cuerpo."
OBSESSION,Curry Barker,108,06,16:00,2026-06-29,Renoir Princesa,https://www.pillalas.com/pase/1076092/,https://www.cinesrenoir.com/pelicula/obsession/,https://media.pillalas.com/imagenes/726afb526abffa83ff7ee6f6d82de986b738cc661278e7a30ccd2f1e4538348bdd98f544.jpg,Inglés,No recomendada para menores de 18 años,Viernes 26 Junio 2026,"Michael Johnston, Inde Navarrette, Cooper Tomlinson, Megan Lawless, Andy Richter","Tras usar un misterioso objeto para conquistar a su amor platónico, un romántico empedernido verá cumplido su mayor anhelo... pero no tardará en descubrir el oscuro y siniestro precio de algunos deseos."
OBSESSION,Curry Barker,108,11,17:45,2026-06-29,Renoir Princesa,https://www.pillalas.com/pase/1076232/,https://www.cinesrenoir.com/pelicula/obsession/,https://media.pillalas.com/imagenes/726afb526abffa83ff7ee6f6d82de986b738cc661278e7a30ccd2f1e4538348bdd98f544.jpg,Inglés,No recomendada para menores de 18 años,Viernes 26 Junio 2026,"Michael Johnston, Inde Navarrette, Cooper Tomlinson, Megan Lawless, Andy Richter","Tras usar un misterioso objeto para conquistar a su amor platónico, un romántico empedernido verá cumplido su mayor anhelo... pero no tardará en descubrir el oscuro y siniestro precio de algunos deseos."
OBSESSION,Curry Barker,108,11,19:50,2026-06-29,Renoir Princesa,https://www.pillalas.com/pase/1076233/,https://www.cinesrenoir.com/pelicula/obsession/,https://media.pillalas.com/imagenes/726afb526abffa83ff7ee6f6d82de986b738cc661278e7a30ccd2f1e4538348bdd98f544.jpg,Inglés,No recomendada para menores de 18 años,Viernes 26 Junio 2026,"Michael Johnston, Inde Navarrette, Cooper Tomlinson, Megan Lawless, Andy Richter","Tras usar un misterioso objeto para conquistar a su amor platónico, un romántico empedernido verá cumplido su mayor anhelo... pero no tardará en descubrir el oscuro y siniestro precio de algunos deseos."
OBSESSION,Curry Barker,108,11,22:00,2026-06-29,Renoir Princesa,https://www.pillalas.com/pase/1076234/,https://www.cinesrenoir.com/pelicula/obsession/,https://media.pillalas.com/imagenes/726afb526abffa83ff7ee6f6d82de986b738cc661278e7a30ccd2f1e4538348bdd98f544.jpg,Inglés,No recomendada para menores de 18 años,Viernes 26 Junio 2026,"Michael Johnston, Inde Navarrette, Cooper Tomlinson, Megan Lawless, Andy Richter","Tras usar un misterioso objeto para conquistar a su amor platónico, un romántico empedernido verá cumplido su mayor anhelo... pero no tardará en descubrir el oscuro y siniestro precio de algunos deseos."
PIONERAS. SOLO QUERÍAN JUGAR,Marta Díaz De Lope Díaz,106,05,18:15,2026-06-29,Renoir Princesa,https://www.pillalas.com/pase/1076095/,https://www.cinesrenoir.com/pelicula/pioneras-solo-querian-jugar/,https://media.pillalas.com/imagenes/726afb526abffa83841aa9dea3bcfbd31547abab2849e44376088aef30139d6a3ea3caa9.jpg,Castellano,No recomendada para menores de 12 años y distintivo especialmente recomendada para el fomento de la igualdad de género,Viernes 12 Junio 2026,"Daniel Ibáñez, Aixa Villagrán, Sofía De Iznájar, Bruna Lucadamo, Nora Otxoteko, Leire Aguiar, Lorea Carballo, Miriam Rubio, José Troncoso, Carmen Ruiz, Alejandro Casaseca, Carmen Flores Sandoval, Pepa Aniorte, Elena Irureta, Jordi Sánchez","En la España de principios de los años 70, con el franquismo aún profundamente arraigado, un grupo de jovencísimas y ninguneadas cracks del balón y un soñador promotor deportivo unen fuerzas para romper barreras e iniciar lo que será la historia del fútbol femenino en nuestro país."
PÁLIDA LUZ EN LAS COLINAS,Kei Ishikawa,123,01,17:55,2026-06-29,Renoir Princesa,https://www.pillalas.com/pase/1076018/,https://www.cinesrenoir.com/pelicula/palida-luz-en-las-colinas/,https://media.pillalas.com/imagenes/726afb526abffa83e4357c50c96a83c50f18819346a98eb6216eec09df73d273ecaa49c3.jpg,Japonés,No recomendada para menores de 12 años,Viernes 26 Junio 2026,"Suzu Hirose, Fumi Nikaido, Yoh Yoshida, Camilla Aiko, Kohei Matsushita, Tomokazu Miura, Romain Danna, Lynette Edwards, Rie Shibata, Daichi Watanabe, Ruby Young","Inglaterra, 1982. Etsuko rememora junto a su hija Nikki su juventud en Nagasaki, evocando un pasado de relaciones y decisiones que marcaron para siempre su vida y la de sus hijas. Sin embargo, cuanto más se internan en esa memoria, más claro resulta que esos recuerdos encierran secretos capaces de alterar la vida de ambas."
PÁLIDA LUZ EN LAS COLINAS,Kei Ishikawa,123,08,20:05,2026-06-29,Renoir Princesa,https://www.pillalas.com/pase/1076171/,https://www.cinesrenoir.com/pelicula/palida-luz-en-las-colinas/,https://media.pillalas.com/imagenes/726afb526abffa83e4357c50c96a83c50f18819346a98eb6216eec09df73d273ecaa49c3.jpg,Japonés,No recomendada para menores de 12 años,Viernes 26 Junio 2026,"Suzu Hirose, Fumi Nikaido, Yoh Yoshida, Camilla Aiko, Kohei Matsushita, Tomokazu Miura, Romain Danna, Lynette Edwards, Rie Shibata, Daichi Watanabe, Ruby Young","Inglaterra, 1982. Etsuko rememora junto a su hija Nikki su juventud en Nagasaki, evocando un pasado de relaciones y decisiones que marcaron para siempre su vida y la de sus hijas. Sin embargo, cuanto más se internan en esa memoria, más claro resulta que esos recuerdos encierran secretos capaces de alterar la vida de ambas."
PÁLIDA LUZ EN LAS COLINAS,Kei Ishikawa,123,01,22:10,2026-06-29,Renoir Princesa,https://www.pillalas.com/pase/1076025/,https://www.cinesrenoir.com/pelicula/palida-luz-en-las-colinas/,https://media.pillalas.com/imagenes/726afb526abffa83e4357c50c96a83c50f18819346a98eb6216eec09df73d273ecaa49c3.jpg,Japonés,No recomendada para menores de 12 años,Viernes 26 Junio 2026,"Suzu Hirose, Fumi Nikaido, Yoh Yoshida, Camilla Aiko, Kohei Matsushita, Tomokazu Miura, Romain Danna, Lynette Edwards, Rie Shibata, Daichi Watanabe, Ruby Young","Inglaterra, 1982. Etsuko rememora junto a su hija Nikki su juventud en Nagasaki, evocando un pasado de relaciones y decisiones que marcaron para siempre su vida y la de sus hijas. Sin embargo, cuanto más se internan en esa memoria, más claro resulta que esos recuerdos encierran secretos capaces de alterar la vida de ambas."
SUPERGIRL,Craig Gillespie,108,04,16:00,2026-06-29,Renoir Princesa,https://www.pillalas.com/pase/1076017/,https://www.cinesrenoir.com/pelicula/supergirl/,https://media.pillalas.com/imagenes/726afb526abffa83ab19c53872ccbcd4477279df0be8ea4311f1bff02899269c5834219f.jpg,Inglés,Pendiente de calificación,Viernes 26 Junio 2026,"Milly Alcock, David Corenswet, Eve Ridley, Matthias Schoenaerts, Diarmaid Murtagh, Ferdinand Kingsley, Jason Momoa, Emily Piggford, Bruce Lennox, Audrey Brisson, Avye Leventis, Wil Coban, Keeley Forsyth, David Krumholtz, Paul Hunter, Charlie Rawes, Leo Bill, Craig Binning, Clara Rosager, Heather Agyepong, Alice Hewkin, Luke Rollason, Adam Young, Thalissa Teixeira, Winnie Ama","Cuando un adversario inesperado y despiadado ataca demasiado cerca, Kara Zor-El, alias Supergirl, se une a regañadientes a un improbable compañero para un viaje épico e interestelar de venganza y justicia."
SUPERGIRL,Craig Gillespie,108,04,18:05,2026-06-29,Renoir Princesa,https://www.pillalas.com/pase/1076020/,https://www.cinesrenoir.com/pelicula/supergirl/,https://media.pillalas.com/imagenes/726afb526abffa83ab19c53872ccbcd4477279df0be8ea4311f1bff02899269c5834219f.jpg,Inglés,Pendiente de calificación,Viernes 26 Junio 2026,"Milly Alcock, David Corenswet, Eve Ridley, Matthias Schoenaerts, Diarmaid Murtagh, Ferdinand Kingsley, Jason Momoa, Emily Piggford, Bruce Lennox, Audrey Brisson, Avye Leventis, Wil Coban, Keeley Forsyth, David Krumholtz, Paul Hunter, Charlie Rawes, Leo Bill, Craig Binning, Clara Rosager, Heather Agyepong, Alice Hewkin, Luke Rollason, Adam Young, Thalissa Teixeira, Winnie Ama","Cuando un adversario inesperado y despiadado ataca demasiado cerca, Kara Zor-El, alias Supergirl, se une a regañadientes a un improbable compañero para un viaje épico e interestelar de venganza y justicia."
SUPERGIRL,Craig Gillespie,108,04,20:10,2026-06-29,Renoir Princesa,https://www.pillalas.com/pase/1076022/,https://www.cinesrenoir.com/pelicula/supergirl/,https://media.pillalas.com/imagenes/726afb526abffa83ab19c53872ccbcd4477279df0be8ea4311f1bff02899269c5834219f.jpg,Inglés,Pendiente de calificación,Viernes 26 Junio 2026,"Milly Alcock, David Corenswet, Eve Ridley, Matthias Schoenaerts, Diarmaid Murtagh, Ferdinand Kingsley, Jason Momoa, Emily Piggford, Bruce Lennox, Audrey Brisson, Avye Leventis, Wil Coban, Keeley Forsyth, David Krumholtz, Paul Hunter, Charlie Rawes, Leo Bill, Craig Binning, Clara Rosager, Heather Agyepong, Alice Hewkin, Luke Rollason, Adam Young, Thalissa Teixeira, Winnie Ama","Cuando un adversario inesperado y despiadado ataca demasiado cerca, Kara Zor-El, alias Supergirl, se une a regañadientes a un improbable compañero para un viaje épico e interestelar de venganza y justicia."
SUPERGIRL,Craig Gillespie,108,04,22:15,2026-06-29,Renoir Princesa,https://www.pillalas.com/pase/1076027/,https://www.cinesrenoir.com/pelicula/supergirl/,https://media.pillalas.com/imagenes/726afb526abffa83ab19c53872ccbcd4477279df0be8ea4311f1bff02899269c5834219f.jpg,Inglés,Pendiente de calificación,Viernes 26 Junio 2026,"Milly Alcock, David Corenswet, Eve Ridley, Matthias Schoenaerts, Diarmaid Murtagh, Ferdinand Kingsley, Jason Momoa, Emily Piggford, Bruce Lennox, Audrey Brisson, Avye Leventis, Wil Coban, Keeley Forsyth, David Krumholtz, Paul Hunter, Charlie Rawes, Leo Bill, Craig Binning, Clara Rosager, Heather Agyepong, Alice Hewkin, Luke Rollason, Adam Young, Thalissa Teixeira, Winnie Ama","Cuando un adversario inesperado y despiadado ataca demasiado cerca, Kara Zor-El, alias Supergirl, se une a regañadientes a un improbable compañero para un viaje épico e interestelar de venganza y justicia."
TOY STORY 5,"Mckenna Harris, Andrew Stanton",101,02,16:00,2026-06-29,Renoir Princesa,https://www.pillalas.com/pase/1076015/,https://www.cinesrenoir.com/pelicula/toy-story-5/,https://media.pillalas.com/imagenes/726afb526abffa838a456bed6d0f9a7c9af3e476430cb99b9b7924219be4a2e77fa421a0.jpg,Inglés,Apta para todos los públicos y distintivo especialmente recomendada para la infancia,Miércoles 17 Junio 2026,Animación,"Los juguetes están de vuelta. Esta vez, Buzz Lightyear, Woody, Jessie y el resto de la pandilla se enfrentan a un nuevo reto cuando conocen a Lilypad , una nueva tablet que llega con sus propias ideas disruptivas sobre lo que es mejor para Bonnie. ¿Volverá a ser lo mismo la hora de jugar?"
TOY STORY 5,"Mckenna Harris, Andrew Stanton",101,03,18:15,2026-06-29,Renoir Princesa,https://www.pillalas.com/pase/1076021/,https://www.cinesrenoir.com/pelicula/toy-story-5/,https://media.pillalas.com/imagenes/726afb526abffa838a456bed6d0f9a7c9af3e476430cb99b9b7924219be4a2e77fa421a0.jpg,Inglés,Apta para todos los públicos y distintivo especialmente recomendada para la infancia,Miércoles 17 Junio 2026,Animación,"Los juguetes están de vuelta. Esta vez, Buzz Lightyear, Woody, Jessie y el resto de la pandilla se enfrentan a un nuevo reto cuando conocen a Lilypad , una nueva tablet que llega con sus propias ideas disruptivas sobre lo que es mejor para Bonnie. ¿Volverá a ser lo mismo la hora de jugar?"
TOY STORY 5,"Mckenna Harris, Andrew Stanton",101,03,20:15,2026-06-29,Renoir Princesa,https://www.pillalas.com/pase/1076024/,https://www.cinesrenoir.com/pelicula/toy-story-5/,https://media.pillalas.com/imagenes/726afb526abffa838a456bed6d0f9a7c9af3e476430cb99b9b7924219be4a2e77fa421a0.jpg,Inglés,Apta para todos los públicos y distintivo especialmente recomendada para la infancia,Miércoles 17 Junio 2026,Animación,"Los juguetes están de vuelta. Esta vez, Buzz Lightyear, Woody, Jessie y el resto de la pandilla se enfrentan a un nuevo reto cuando conocen a Lilypad , una nueva tablet que llega con sus propias ideas disruptivas sobre lo que es mejor para Bonnie. ¿Volverá a ser lo mismo la hora de jugar?"
UN TALENTO ÚNICO,Daniel Roher,107,03,22:15,2026-06-29,Renoir Princesa,https://www.pillalas.com/pase/1076026/,https://www.cinesrenoir.com/pelicula/un-talento-unico/,https://media.pillalas.com/imagenes/726afb526abffa8328ed8d44e9f29b219dc5c0acbef948ae809535159b834c8652582f9e.jpg,Inglés,No recomendada para menores de 16 años,Viernes 12 Junio 2026,"Leo Woodall, Dustin Hoffman, Havana Rose Liu, Lior Raz, Tovah Feldshuh, Nissan Sakira, Gil Cohen, Jean Reno, C. S. Lee","Un talentoso afinador de pianos que padece hiperacusia descubre una aptitud única para abrir cajas fuertes, que le llevará a un peligroso mundo."
AMARGA NAVIDAD,Pedro Almodóvar,111,01,15:50,2026-06-30,Renoir Princesa,https://www.pillalas.com/pase/1075965/,https://www.cinesrenoir.com/pelicula/amarga-navidad/,https://media.pillalas.com/imagenes/726afb526abffa83b60c45c3634993c0e9bd987d873c6c32a8009c3b4ee414d3a40e41c1.jpg,Castellano,No recomendada para menores de 12 años,Viernes 20 Marzo 2026,"Bárbara Lennie, Leonardo Sbaraglia, Aitana Sánchez-Gijón, Victoria Luengo, Patrick Criado, Milena Smit, Quim Gutiérrez, Rossy De Palma, Carmen Machi, Gloria Muñoz","Elsa es una directora de publicidad cuya madre muere durante un largo puente del mes de diciembre. Encuentra refugio en el trabajo, aunque es más bien una huida hacia adelante. Trabaja sin parar y, sin darse cuenta, no se concede el tiempo necesario para guardar el duelo por la ausencia materna. Hasta que una crisis de pánico la obliga a detenerse e imponerse un descanso. Su pareja, Bonifacio, es su tabla de salvación en esos momentos de crisis. Elsa decide viajar a la isla de Lanzarote acompañada por su amiga Patricia, que también necesita alejarse de Madrid, mientras que Bonifacio se queda en la ciudad. La historia de estos tres personajes, y algunos más, se narran paralelamente a la del guionista y director de cine Raúl Durán, entremezclando ficción y realidad. Porque ‘Amarga Navidad’ desarrolla cómo la vida y la ficción están unidas de un modo indisoluble, incluso doloroso en ocasiones."
BACKROOMS,Kane Parsons,110,08,16:00,2026-06-30,Renoir Princesa,https://www.pillalas.com/pase/1076178/,https://www.cinesrenoir.com/pelicula/backrooms/,https://media.pillalas.com/imagenes/726afb526abffa83186becfb5f5e9996a19758e2af6f41d33fc78627a975c1013a9e6c45.jpg,Inglés,No recomendada para menores de 16 años,Viernes 5 Junio 2026,"Chiwetel Ejiofor, Renate Reinsve, Mark Duplass, Finn Bennett, Lukita Maxwell, Avan Jogia","Cuando el paciente de una terapeuta desaparece en una dimensión más allá de la realidad, ella deberá adentrarse en lo desconocido para salvarlo..."
BACKROOMS,Kane Parsons,110,02,20:15,2026-06-30,Renoir Princesa,https://www.pillalas.com/pase/1076037/,https://www.cinesrenoir.com/pelicula/backrooms/,https://media.pillalas.com/imagenes/726afb526abffa83186becfb5f5e9996a19758e2af6f41d33fc78627a975c1013a9e6c45.jpg,Inglés,No recomendada para menores de 16 años,Viernes 5 Junio 2026,"Chiwetel Ejiofor, Renate Reinsve, Mark Duplass, Finn Bennett, Lukita Maxwell, Avan Jogia","Cuando el paciente de una terapeuta desaparece en una dimensión más allá de la realidad, ella deberá adentrarse en lo desconocido para salvarlo..."
BACKROOMS,Kane Parsons,110,02,22:20,2026-06-30,Renoir Princesa,https://www.pillalas.com/pase/1076042/,https://www.cinesrenoir.com/pelicula/backrooms/,https://media.pillalas.com/imagenes/726afb526abffa83186becfb5f5e9996a19758e2af6f41d33fc78627a975c1013a9e6c45.jpg,Inglés,No recomendada para menores de 16 años,Viernes 5 Junio 2026,"Chiwetel Ejiofor, Renate Reinsve, Mark Duplass, Finn Bennett, Lukita Maxwell, Avan Jogia","Cuando el paciente de una terapeuta desaparece en una dimensión más allá de la realidad, ella deberá adentrarse en lo desconocido para salvarlo..."
DREAMS,Michel Franco,98,08,18:10,2026-06-30,Renoir Princesa,https://www.pillalas.com/pase/1076182/,https://www.cinesrenoir.com/pelicula/dreams/,https://media.pillalas.com/imagenes/726afb526abffa83f2fcec14080faa1f92861ad737cbaef71a9e19333a81d741027ad62e.jpg,Inglés,No recomendada para menores de 16 años,Viernes 19 Junio 2026,"Jessica Chastain, Isaac Hernández, Rupert Friend, Marshall Bell","La historia sigue a Fernando (Isaac Hernández) un joven bailarín mexicano que persigue el sueño de triunfar en Estados Unidos. Convencido de que contará con el apoyo de Jennifer (Jessica Chastain), una filántropa de la alta sociedad con la que mantiene una relación, lo deja todo atrás y cruza la frontera. Pero lo que en principio parece una nueva oportunidad termina trastocando el frágil equilibrio de la vida de Jennifer, que estará dispuesta a todo para proteger lo que ha construido."
DREAMS,Michel Franco,98,01,20:15,2026-06-30,Renoir Princesa,https://www.pillalas.com/pase/1075966/,https://www.cinesrenoir.com/pelicula/dreams/,https://media.pillalas.com/imagenes/726afb526abffa83f2fcec14080faa1f92861ad737cbaef71a9e19333a81d741027ad62e.jpg,Inglés,No recomendada para menores de 16 años,Viernes 19 Junio 2026,"Jessica Chastain, Isaac Hernández, Rupert Friend, Marshall Bell","La historia sigue a Fernando (Isaac Hernández) un joven bailarín mexicano que persigue el sueño de triunfar en Estados Unidos. Convencido de que contará con el apoyo de Jennifer (Jessica Chastain), una filántropa de la alta sociedad con la que mantiene una relación, lo deja todo atrás y cruza la frontera. Pero lo que en principio parece una nueva oportunidad termina trastocando el frágil equilibrio de la vida de Jennifer, que estará dispuesta a todo para proteger lo que ha construido."
DREAMS,Michel Franco,98,08,22:25,2026-06-30,Renoir Princesa,https://www.pillalas.com/pase/1076188/,https://www.cinesrenoir.com/pelicula/dreams/,https://media.pillalas.com/imagenes/726afb526abffa83f2fcec14080faa1f92861ad737cbaef71a9e19333a81d741027ad62e.jpg,Inglés,No recomendada para menores de 16 años,Viernes 19 Junio 2026,"Jessica Chastain, Isaac Hernández, Rupert Friend, Marshall Bell","La historia sigue a Fernando (Isaac Hernández) un joven bailarín mexicano que persigue el sueño de triunfar en Estados Unidos. Convencido de que contará con el apoyo de Jennifer (Jessica Chastain), una filántropa de la alta sociedad con la que mantiene una relación, lo deja todo atrás y cruza la frontera. Pero lo que en principio parece una nueva oportunidad termina trastocando el frágil equilibrio de la vida de Jennifer, que estará dispuesta a todo para proteger lo que ha construido."
EL DIABLO VISTE DE PRADA 2,David Frankel,120,05,16:00,2026-06-30,Renoir Princesa,https://www.pillalas.com/pase/1076099/,https://www.cinesrenoir.com/pelicula/el-diablo-viste-de-prada-2/,https://media.pillalas.com/imagenes/726afb526abffa83fece47511eb70b9e1b6e404173ddb3c32d8258561fd54681cee1e0d8.jpg,Inglés,No recomendada para menores de 7 años,Jueves 30 Abril 2026,"Meryl Streep, Emily Blunt, Anne Hathaway, Stanley Tucci, Tracie Thoms, Tibor Feldman, Kenneth Branagh, Simone Ashley, Justin Theroux, Lucy Liu, Patrick Brammall, Caleb Hearon, Helen J. Shen, Pauline Chalamet, B.J. Novak, Conrad Ricamora","Casi 20 años después de interpretar a los icónicos personajes de Miranda, Andy, Emily y Nigel, Meryl Streep, Anne Hathaway, Emily Blunt y Stanley Tucci regresan a las calles de Nueva York y a las oficinas de la revista Runway en la esperada secuela del fenómeno de 2006."
EL DRAMA,Kristoffer Borgli,106,10,15:50,2026-06-30,Renoir Princesa,https://www.pillalas.com/pase/1076176/,https://www.cinesrenoir.com/pelicula/el-drama/,https://media.pillalas.com/imagenes/726afb526abffa833c26769a2d0f648f239a18f56e93a09c45c7c77c2bf1a8ee48c54930.jpg,Inglés,No recomendada para menores de 16 años,Viernes 29 Mayo 2026,"Zendaya, Robert Pattinson, Alana Haim, Mamoudou Athie, Yaya Gosselin, Michael Abbott Jr.","Irónica, afilada y emocionalmente incómoda, El drama confirma a Kristoffer Borgli como una de las voces más singulares del cine contemporáneo. A partir de una relación de pareja llevada al límite, la película explora con humor incómodo y lucidez las dinámicas afectivas, la percepción pública y la construcción del relato personal. Con Robert Pattinson y Zendaya al frente, Borgli construye una historia tan contemporánea como inquietante, donde lo íntimo y lo performativo se entrelazan constantemente. Una mirada provocadora y muy actual sobre el amor en tiempos de exposición permanente. “Una mirada incisiva sobre las relaciones contemporáneas.” — El País “Borgli confirma su voz única.” — Fotogramas “Incómoda, inteligente y muy actual.” — Cinemanía “Provocadora y sorprendente.” — The Guardian “Pattinson y Zendaya brillan con intensidad.” — Variety"
EL DRAMA,Kristoffer Borgli,106,10,17:55,2026-06-30,Renoir Princesa,https://www.pillalas.com/pase/1076180/,https://www.cinesrenoir.com/pelicula/el-drama/,https://media.pillalas.com/imagenes/726afb526abffa833c26769a2d0f648f239a18f56e93a09c45c7c77c2bf1a8ee48c54930.jpg,Inglés,No recomendada para menores de 16 años,Viernes 29 Mayo 2026,"Zendaya, Robert Pattinson, Alana Haim, Mamoudou Athie, Yaya Gosselin, Michael Abbott Jr.","Irónica, afilada y emocionalmente incómoda, El drama confirma a Kristoffer Borgli como una de las voces más singulares del cine contemporáneo. A partir de una relación de pareja llevada al límite, la película explora con humor incómodo y lucidez las dinámicas afectivas, la percepción pública y la construcción del relato personal. Con Robert Pattinson y Zendaya al frente, Borgli construye una historia tan contemporánea como inquietante, donde lo íntimo y lo performativo se entrelazan constantemente. Una mirada provocadora y muy actual sobre el amor en tiempos de exposición permanente. “Una mirada incisiva sobre las relaciones contemporáneas.” — El País “Borgli confirma su voz única.” — Fotogramas “Incómoda, inteligente y muy actual.” — Cinemanía “Provocadora y sorprendente.” — The Guardian “Pattinson y Zendaya brillan con intensidad.” — Variety"
EL DÍA DE LA REVELACIÓN,Steven Spielberg,145,09,16:10,2026-06-30,Renoir Princesa,https://www.pillalas.com/pase/1076179/,https://www.cinesrenoir.com/pelicula/el-dia-de-la-revelacion/,https://media.pillalas.com/imagenes/726afb526abffa8309e287b6a9937a9056794979929b0d994d7cb0244506ea87665540d6.jpg,Inglés,No recomendada para menores de 12 años,Viernes 12 Junio 2026,"Emily Blunt, Josh O Connor, Colin Firth, Eve Hewson, Colman Domingo","Si descubrieras que no estamos solos, si alguien te abriera los ojos y te lo demostrase, ¿te asustarías? En verano de 2026, la verdad será revelada a siete mil millones de personas."
EL DÍA DE LA REVELACIÓN,Steven Spielberg,145,09,18:50,2026-06-30,Renoir Princesa,https://www.pillalas.com/pase/1076183/,https://www.cinesrenoir.com/pelicula/el-dia-de-la-revelacion/,https://media.pillalas.com/imagenes/726afb526abffa8309e287b6a9937a9056794979929b0d994d7cb0244506ea87665540d6.jpg,Inglés,No recomendada para menores de 12 años,Viernes 12 Junio 2026,"Emily Blunt, Josh O Connor, Colin Firth, Eve Hewson, Colman Domingo","Si descubrieras que no estamos solos, si alguien te abriera los ojos y te lo demostrase, ¿te asustarías? En verano de 2026, la verdad será revelada a siete mil millones de personas."
EL DÍA DE LA REVELACIÓN,Steven Spielberg,145,05,20:20,2026-06-30,Renoir Princesa,https://www.pillalas.com/pase/1076103/,https://www.cinesrenoir.com/pelicula/el-dia-de-la-revelacion/,https://media.pillalas.com/imagenes/726afb526abffa8309e287b6a9937a9056794979929b0d994d7cb0244506ea87665540d6.jpg,Inglés,No recomendada para menores de 12 años,Viernes 12 Junio 2026,"Emily Blunt, Josh O Connor, Colin Firth, Eve Hewson, Colman Domingo","Si descubrieras que no estamos solos, si alguien te abriera los ojos y te lo demostrase, ¿te asustarías? En verano de 2026, la verdad será revelada a siete mil millones de personas."
EL DÍA DE LA REVELACIÓN,Steven Spielberg,145,09,21:40,2026-06-30,Renoir Princesa,https://www.pillalas.com/pase/1076186/,https://www.cinesrenoir.com/pelicula/el-dia-de-la-revelacion/,https://media.pillalas.com/imagenes/726afb526abffa8309e287b6a9937a9056794979929b0d994d7cb0244506ea87665540d6.jpg,Inglés,No recomendada para menores de 12 años,Viernes 12 Junio 2026,"Emily Blunt, Josh O Connor, Colin Firth, Eve Hewson, Colman Domingo","Si descubrieras que no estamos solos, si alguien te abriera los ojos y te lo demostrase, ¿te asustarías? En verano de 2026, la verdad será revelada a siete mil millones de personas."
ENCUENTROS EN LA TERCERA FASE [WILDER CINEMA],Steven Spielberg,135,06,20:00,2026-06-30,Renoir Princesa,https://www.pillalas.com/pase/1075422/,https://www.cinesrenoir.com/pelicula/encuentros-en-la-tercera-fase-wilder-cinema/,https://www.cinesrenoir.com/media/Peliculas/Cartel/Encuentros_en_la_tercera_fase_cartel_Sensacine.jpg,Inglés,Apta para todos los públicos,Martes 30 Junio 2026,"Richard Dreyfuss, Teri Garr, Melinda Dillon, François Truffaut, Cary Guffey, Bob Balaban","Fascinada por lo desconocido y cargada de asombro, Encuentros en la tercera fase es una de las películas más personales de Steven Spielberg. Más allá de la ciencia ficción, la película habla de obsesión, comunicación y del deseo humano de descubrir algo más allá de nuestra comprensión. Visualmente revolucionaria y emocionalmente sincera, sigue siendo una de las grandes experiencias del cine fantástico moderno. Oscar a la Mejor Fotografía “Spielberg convirtió la ciencia ficción en emoción pura.” — El País “Un clásico absoluto del cine fantástico.” — Fotogramas “Asombro cinematográfico en estado puro.” — Cinemanía “Visionaria y profundamente emocionante.” — The Guardian “Una experiencia inolvidable.” — The New York Times"
LA LUZ,Fernando Franco,120,03,16:00,2026-06-30,Renoir Princesa,https://www.pillalas.com/pase/1076031/,https://www.cinesrenoir.com/pelicula/la-luz/,https://media.pillalas.com/imagenes/726afb526abffa8317677ca937a736c27e9f6bb2a52b26d33997b3aaabb603e6e12a45f0.jpg,Castellano,No recomendada para menores de 16 años,Viernes 5 Junio 2026,"Alberto San Juan, Pedro Casablanc, Miguel Rellán, María Galiana, Luis Callejo, Ramón Barea, Pablo Gómez Pando, Nacho Sánchez, Santiago Mayorga, Antonio Zafra, Itziar Aizpuru","“La Luz” es la historia de un párroco acorralado por la culpa, que deberá desafiar a la institución que lo protegió en un viaje hacia la honestidad."
LA LUZ,Fernando Franco,120,02,18:00,2026-06-30,Renoir Princesa,https://www.pillalas.com/pase/1076033/,https://www.cinesrenoir.com/pelicula/la-luz/,https://media.pillalas.com/imagenes/726afb526abffa8317677ca937a736c27e9f6bb2a52b26d33997b3aaabb603e6e12a45f0.jpg,Castellano,No recomendada para menores de 16 años,Viernes 5 Junio 2026,"Alberto San Juan, Pedro Casablanc, Miguel Rellán, María Galiana, Luis Callejo, Ramón Barea, Pablo Gómez Pando, Nacho Sánchez, Santiago Mayorga, Antonio Zafra, Itziar Aizpuru","“La Luz” es la historia de un párroco acorralado por la culpa, que deberá desafiar a la institución que lo protegió en un viaje hacia la honestidad."
LA LUZ,Fernando Franco,120,07,22:00,2026-06-30,Renoir Princesa,https://www.pillalas.com/pase/1076187/,https://www.cinesrenoir.com/pelicula/la-luz/,https://media.pillalas.com/imagenes/726afb526abffa8317677ca937a736c27e9f6bb2a52b26d33997b3aaabb603e6e12a45f0.jpg,Castellano,No recomendada para menores de 16 años,Viernes 5 Junio 2026,"Alberto San Juan, Pedro Casablanc, Miguel Rellán, María Galiana, Luis Callejo, Ramón Barea, Pablo Gómez Pando, Nacho Sánchez, Santiago Mayorga, Antonio Zafra, Itziar Aizpuru","“La Luz” es la historia de un párroco acorralado por la culpa, que deberá desafiar a la institución que lo protegió en un viaje hacia la honestidad."
LA NOCHE MÁS CORTA 2026 [RENOIR],Beatriz Martínez & José Luis Palacios,85,10,20:30,2026-06-30,Renoir Princesa,https://www.pillalas.com/pase/1074677/,https://www.cinesrenoir.com/pelicula/la-noche-mas-corta-2026-renoir/,https://media.pillalas.com/imagenes/726afb526abffa83c971ce134540b5ff91fcf24e2f633262f0d00944196a8f64e9f5f177.png,Castellano,Pendiente de calificación,Martes 30 Junio 2026,Beatriz Martínez & José Luis Palacios,"Los CINES RENOIR se suman al apoyo del cine español y al impulso del ámbito del cortometraje. Apostamos por el cortometraje como género propio y de su exhibición en salas de cine con coloquio posterior, de la mano de José Luis Palacios y Beatriz Martínez, comisarios cinematográficos y miembros de la Coordinadora del Cortometraje Español. En esta ocasión, podremos disfrutar el martes 30 de junio de una sesión especial con una selección de cortometrajes para celebrar la noche más corta en el solsticio de verano con diversas historias, temáticas y puntos de vista. Al finalizar tendremos un coloquio y análisis con el público y los directores/equipos. La sesión consta de CINCO obras de cine de corta duración: BLAVA TERRA de Marine Auclair March (19 minutos) CUANDO LLEGA EL FRÍO de María Salgado Gispert (18 minutos) CÓLERA de Jose Luís Lázaro (9 minutos) PIPIOLAS de Daniel Sánchez Arévalo (24 minutos) LA REINA DEL POP de David Goñi (14 minutos) Duración: 85 minutos + presentación y coloquio Organiza y presenta: Beatriz Martínez & José Luis Palacios"
LETRAS ROBADAS,John Carney,98,11,15:50,2026-06-30,Renoir Princesa,https://www.pillalas.com/pase/1076235/,https://www.cinesrenoir.com/pelicula/letras-robadas/,https://media.pillalas.com/imagenes/726afb526abffa83a0d9791d64d1078fecc35b3f6dfaaed9ab05ae74e5aba2420b650147.jpg,Inglés,No recomendada para menores de 12 años,Viernes 26 Junio 2026,"Paul Rudd, Nick Jonas, Naoimh Whelton, Havana Rose Liu, Jack Reynor, Rory Keenan, Peter Mcdonald, Keith Mcerlean, Sophie Vavasseur, Paul Reid, Juliette Crosbie, Robert Mitchell, Kelly Thornton, Marcella Plunkett, Mae Higgins","Rick (Paul Rudd) es un cantante y compositor que se gana la vida como puede actuando en bodas con su grupo. Danny (Nick Jonas), en cambio, es una súper estrella del pop en pleno auge. Tras conocerse por casualidad, Danny lanza un nuevo single que se convierte en todo un éxito mundial, pero Rick le acusa de haberle robado esa canción."
LOS ÚLTIMOS DÍAS DE MARIA ANTONIETA,Gianluca Jodice,101,07,16:00,2026-06-30,Renoir Princesa,https://www.pillalas.com/pase/1076177/,https://www.cinesrenoir.com/pelicula/los-ultimos-dias-de-maria-antonieta/,https://media.pillalas.com/imagenes/726afb526abffa83afd62aedf957bc47764dd9df4798120b6f3983b2c1698fb2d2196fff.jpg,Francés,No recomendada para menores de 12 años,Viernes 26 Junio 2026,"Guillaume Canet, Mélanie Laurent, Aurore Broutin, Hugo Dillon, Fabrizio Rongione, Anouk Darwin Homewood, Tom Hudson, Roxane Duran","París, 1792. La revolución del pueblo francés ha triunfado y el rey Luis XVI, junto a su esposa María Antonieta y sus hijos, son arrestados y encarcelados en la Tour du Temple, un siniestro castillo de París, a la espera de su juicio. Lejos del esplendor, los privilegios y las riquezas, la familia se encuentra aislada y vulnerable por primera vez en sus vidas. Estos serán los turbulentos últimos días de ambos monarcas antes de su histórica ejecución en la guillotina."
LOS ÚLTIMOS DÍAS DE MARIA ANTONIETA,Gianluca Jodice,101,07,18:00,2026-06-30,Renoir Princesa,https://www.pillalas.com/pase/1076181/,https://www.cinesrenoir.com/pelicula/los-ultimos-dias-de-maria-antonieta/,https://media.pillalas.com/imagenes/726afb526abffa83afd62aedf957bc47764dd9df4798120b6f3983b2c1698fb2d2196fff.jpg,Francés,No recomendada para menores de 12 años,Viernes 26 Junio 2026,"Guillaume Canet, Mélanie Laurent, Aurore Broutin, Hugo Dillon, Fabrizio Rongione, Anouk Darwin Homewood, Tom Hudson, Roxane Duran","París, 1792. La revolución del pueblo francés ha triunfado y el rey Luis XVI, junto a su esposa María Antonieta y sus hijos, son arrestados y encarcelados en la Tour du Temple, un siniestro castillo de París, a la espera de su juicio. Lejos del esplendor, los privilegios y las riquezas, la familia se encuentra aislada y vulnerable por primera vez en sus vidas. Estos serán los turbulentos últimos días de ambos monarcas antes de su histórica ejecución en la guillotina."
LOS ÚLTIMOS DÍAS DE MARIA ANTONIETA,Gianluca Jodice,101,07,20:00,2026-06-30,Renoir Princesa,https://www.pillalas.com/pase/1076184/,https://www.cinesrenoir.com/pelicula/los-ultimos-dias-de-maria-antonieta/,https://media.pillalas.com/imagenes/726afb526abffa83afd62aedf957bc47764dd9df4798120b6f3983b2c1698fb2d2196fff.jpg,Francés,No recomendada para menores de 12 años,Viernes 26 Junio 2026,"Guillaume Canet, Mélanie Laurent, Aurore Broutin, Hugo Dillon, Fabrizio Rongione, Anouk Darwin Homewood, Tom Hudson, Roxane Duran","París, 1792. La revolución del pueblo francés ha triunfado y el rey Luis XVI, junto a su esposa María Antonieta y sus hijos, son arrestados y encarcelados en la Tour du Temple, un siniestro castillo de París, a la espera de su juicio. Lejos del esplendor, los privilegios y las riquezas, la familia se encuentra aislada y vulnerable por primera vez en sus vidas. Estos serán los turbulentos últimos días de ambos monarcas antes de su histórica ejecución en la guillotina."
MORIR NO SIEMPRE SALE BIEN,Claudia Pinto Emperador,97,06,18:10,2026-06-30,Renoir Princesa,https://www.pillalas.com/pase/1076101/,https://www.cinesrenoir.com/pelicula/morir-no-siempre-sale-bien/,https://media.pillalas.com/imagenes/726afb526abffa83986c754a9abaa4b59e3f299864e39864a171194882afbcf70e409a28.jpg,Valenciano,No recomendada para menores de 12 años,Viernes 26 Junio 2026,"Tamara Casellas, Ana Wagener, Juan Carlos Vellido, Pau Durà, Carmen Arrufat, Daniel Pérez Prada, Raúl Prieto, Paula Muñoz, Jorge Motos, Roberto Hoyo","El marido y el hermano de Rosario se han quedado sin trabajo tras un despido improcedente. Para pagar sus deudas deciden secuestrar el cadáver de su jefe y pedir un rescate. Pero Inés, la adinerada mujer del muerto, y sus hijos tienen otros planes. A pesar de pertenecer a mundos totalmente distintos, ambas familias se verán obligadas a intercambiar mucho más que un cuerpo."
OBSESSION,Curry Barker,108,06,16:00,2026-06-30,Renoir Princesa,https://www.pillalas.com/pase/1076100/,https://www.cinesrenoir.com/pelicula/obsession/,https://media.pillalas.com/imagenes/726afb526abffa83ff7ee6f6d82de986b738cc661278e7a30ccd2f1e4538348bdd98f544.jpg,Inglés,No recomendada para menores de 18 años,Viernes 26 Junio 2026,"Michael Johnston, Inde Navarrette, Cooper Tomlinson, Megan Lawless, Andy Richter","Tras usar un misterioso objeto para conquistar a su amor platónico, un romántico empedernido verá cumplido su mayor anhelo... pero no tardará en descubrir el oscuro y siniestro precio de algunos deseos."
OBSESSION,Curry Barker,108,11,17:45,2026-06-30,Renoir Princesa,https://www.pillalas.com/pase/1076236/,https://www.cinesrenoir.com/pelicula/obsession/,https://media.pillalas.com/imagenes/726afb526abffa83ff7ee6f6d82de986b738cc661278e7a30ccd2f1e4538348bdd98f544.jpg,Inglés,No recomendada para menores de 18 años,Viernes 26 Junio 2026,"Michael Johnston, Inde Navarrette, Cooper Tomlinson, Megan Lawless, Andy Richter","Tras usar un misterioso objeto para conquistar a su amor platónico, un romántico empedernido verá cumplido su mayor anhelo... pero no tardará en descubrir el oscuro y siniestro precio de algunos deseos."
OBSESSION,Curry Barker,108,11,19:50,2026-06-30,Renoir Princesa,https://www.pillalas.com/pase/1076237/,https://www.cinesrenoir.com/pelicula/obsession/,https://media.pillalas.com/imagenes/726afb526abffa83ff7ee6f6d82de986b738cc661278e7a30ccd2f1e4538348bdd98f544.jpg,Inglés,No recomendada para menores de 18 años,Viernes 26 Junio 2026,"Michael Johnston, Inde Navarrette, Cooper Tomlinson, Megan Lawless, Andy Richter","Tras usar un misterioso objeto para conquistar a su amor platónico, un romántico empedernido verá cumplido su mayor anhelo... pero no tardará en descubrir el oscuro y siniestro precio de algunos deseos."
OBSESSION,Curry Barker,108,11,22:00,2026-06-30,Renoir Princesa,https://www.pillalas.com/pase/1076238/,https://www.cinesrenoir.com/pelicula/obsession/,https://media.pillalas.com/imagenes/726afb526abffa83ff7ee6f6d82de986b738cc661278e7a30ccd2f1e4538348bdd98f544.jpg,Inglés,No recomendada para menores de 18 años,Viernes 26 Junio 2026,"Michael Johnston, Inde Navarrette, Cooper Tomlinson, Megan Lawless, Andy Richter","Tras usar un misterioso objeto para conquistar a su amor platónico, un romántico empedernido verá cumplido su mayor anhelo... pero no tardará en descubrir el oscuro y siniestro precio de algunos deseos."
PIONERAS. SOLO QUERÍAN JUGAR,Marta Díaz De Lope Díaz,106,05,18:15,2026-06-30,Renoir Princesa,https://www.pillalas.com/pase/1076102/,https://www.cinesrenoir.com/pelicula/pioneras-solo-querian-jugar/,https://media.pillalas.com/imagenes/726afb526abffa83841aa9dea3bcfbd31547abab2849e44376088aef30139d6a3ea3caa9.jpg,Castellano,No recomendada para menores de 12 años y distintivo especialmente recomendada para el fomento de la igualdad de género,Viernes 12 Junio 2026,"Daniel Ibáñez, Aixa Villagrán, Sofía De Iznájar, Bruna Lucadamo, Nora Otxoteko, Leire Aguiar, Lorea Carballo, Miriam Rubio, José Troncoso, Carmen Ruiz, Alejandro Casaseca, Carmen Flores Sandoval, Pepa Aniorte, Elena Irureta, Jordi Sánchez","En la España de principios de los años 70, con el franquismo aún profundamente arraigado, un grupo de jovencísimas y ninguneadas cracks del balón y un soñador promotor deportivo unen fuerzas para romper barreras e iniciar lo que será la historia del fútbol femenino en nuestro país."
PÁLIDA LUZ EN LAS COLINAS,Kei Ishikawa,123,01,17:55,2026-06-30,Renoir Princesa,https://www.pillalas.com/pase/1076032/,https://www.cinesrenoir.com/pelicula/palida-luz-en-las-colinas/,https://media.pillalas.com/imagenes/726afb526abffa83e4357c50c96a83c50f18819346a98eb6216eec09df73d273ecaa49c3.jpg,Japonés,No recomendada para menores de 12 años,Viernes 26 Junio 2026,"Suzu Hirose, Fumi Nikaido, Yoh Yoshida, Camilla Aiko, Kohei Matsushita, Tomokazu Miura, Romain Danna, Lynette Edwards, Rie Shibata, Daichi Watanabe, Ruby Young","Inglaterra, 1982. Etsuko rememora junto a su hija Nikki su juventud en Nagasaki, evocando un pasado de relaciones y decisiones que marcaron para siempre su vida y la de sus hijas. Sin embargo, cuanto más se internan en esa memoria, más claro resulta que esos recuerdos encierran secretos capaces de alterar la vida de ambas."
PÁLIDA LUZ EN LAS COLINAS,Kei Ishikawa,123,08,20:05,2026-06-30,Renoir Princesa,https://www.pillalas.com/pase/1076185/,https://www.cinesrenoir.com/pelicula/palida-luz-en-las-colinas/,https://media.pillalas.com/imagenes/726afb526abffa83e4357c50c96a83c50f18819346a98eb6216eec09df73d273ecaa49c3.jpg,Japonés,No recomendada para menores de 12 años,Viernes 26 Junio 2026,"Suzu Hirose, Fumi Nikaido, Yoh Yoshida, Camilla Aiko, Kohei Matsushita, Tomokazu Miura, Romain Danna, Lynette Edwards, Rie Shibata, Daichi Watanabe, Ruby Young","Inglaterra, 1982. Etsuko rememora junto a su hija Nikki su juventud en Nagasaki, evocando un pasado de relaciones y decisiones que marcaron para siempre su vida y la de sus hijas. Sin embargo, cuanto más se internan en esa memoria, más claro resulta que esos recuerdos encierran secretos capaces de alterar la vida de ambas."
PÁLIDA LUZ EN LAS COLINAS,Kei Ishikawa,123,01,22:10,2026-06-30,Renoir Princesa,https://www.pillalas.com/pase/1076039/,https://www.cinesrenoir.com/pelicula/palida-luz-en-las-colinas/,https://media.pillalas.com/imagenes/726afb526abffa83e4357c50c96a83c50f18819346a98eb6216eec09df73d273ecaa49c3.jpg,Japonés,No recomendada para menores de 12 años,Viernes 26 Junio 2026,"Suzu Hirose, Fumi Nikaido, Yoh Yoshida, Camilla Aiko, Kohei Matsushita, Tomokazu Miura, Romain Danna, Lynette Edwards, Rie Shibata, Daichi Watanabe, Ruby Young","Inglaterra, 1982. Etsuko rememora junto a su hija Nikki su juventud en Nagasaki, evocando un pasado de relaciones y decisiones que marcaron para siempre su vida y la de sus hijas. Sin embargo, cuanto más se internan en esa memoria, más claro resulta que esos recuerdos encierran secretos capaces de alterar la vida de ambas."
SUPERGIRL,Craig Gillespie,108,04,16:00,2026-06-30,Renoir Princesa,https://www.pillalas.com/pase/1076030/,https://www.cinesrenoir.com/pelicula/supergirl/,https://media.pillalas.com/imagenes/726afb526abffa83ab19c53872ccbcd4477279df0be8ea4311f1bff02899269c5834219f.jpg,Inglés,Pendiente de calificación,Viernes 26 Junio 2026,"Milly Alcock, David Corenswet, Eve Ridley, Matthias Schoenaerts, Diarmaid Murtagh, Ferdinand Kingsley, Jason Momoa, Emily Piggford, Bruce Lennox, Audrey Brisson, Avye Leventis, Wil Coban, Keeley Forsyth, David Krumholtz, Paul Hunter, Charlie Rawes, Leo Bill, Craig Binning, Clara Rosager, Heather Agyepong, Alice Hewkin, Luke Rollason, Adam Young, Thalissa Teixeira, Winnie Ama","Cuando un adversario inesperado y despiadado ataca demasiado cerca, Kara Zor-El, alias Supergirl, se une a regañadientes a un improbable compañero para un viaje épico e interestelar de venganza y justicia."
SUPERGIRL,Craig Gillespie,108,04,18:05,2026-06-30,Renoir Princesa,https://www.pillalas.com/pase/1076034/,https://www.cinesrenoir.com/pelicula/supergirl/,https://media.pillalas.com/imagenes/726afb526abffa83ab19c53872ccbcd4477279df0be8ea4311f1bff02899269c5834219f.jpg,Inglés,Pendiente de calificación,Viernes 26 Junio 2026,"Milly Alcock, David Corenswet, Eve Ridley, Matthias Schoenaerts, Diarmaid Murtagh, Ferdinand Kingsley, Jason Momoa, Emily Piggford, Bruce Lennox, Audrey Brisson, Avye Leventis, Wil Coban, Keeley Forsyth, David Krumholtz, Paul Hunter, Charlie Rawes, Leo Bill, Craig Binning, Clara Rosager, Heather Agyepong, Alice Hewkin, Luke Rollason, Adam Young, Thalissa Teixeira, Winnie Ama","Cuando un adversario inesperado y despiadado ataca demasiado cerca, Kara Zor-El, alias Supergirl, se une a regañadientes a un improbable compañero para un viaje épico e interestelar de venganza y justicia."
SUPERGIRL,Craig Gillespie,108,04,20:10,2026-06-30,Renoir Princesa,https://www.pillalas.com/pase/1076036/,https://www.cinesrenoir.com/pelicula/supergirl/,https://media.pillalas.com/imagenes/726afb526abffa83ab19c53872ccbcd4477279df0be8ea4311f1bff02899269c5834219f.jpg,Inglés,Pendiente de calificación,Viernes 26 Junio 2026,"Milly Alcock, David Corenswet, Eve Ridley, Matthias Schoenaerts, Diarmaid Murtagh, Ferdinand Kingsley, Jason Momoa, Emily Piggford, Bruce Lennox, Audrey Brisson, Avye Leventis, Wil Coban, Keeley Forsyth, David Krumholtz, Paul Hunter, Charlie Rawes, Leo Bill, Craig Binning, Clara Rosager, Heather Agyepong, Alice Hewkin, Luke Rollason, Adam Young, Thalissa Teixeira, Winnie Ama","Cuando un adversario inesperado y despiadado ataca demasiado cerca, Kara Zor-El, alias Supergirl, se une a regañadientes a un improbable compañero para un viaje épico e interestelar de venganza y justicia."
SUPERGIRL,Craig Gillespie,108,04,22:15,2026-06-30,Renoir Princesa,https://www.pillalas.com/pase/1076040/,https://www.cinesrenoir.com/pelicula/supergirl/,https://media.pillalas.com/imagenes/726afb526abffa83ab19c53872ccbcd4477279df0be8ea4311f1bff02899269c5834219f.jpg,Inglés,Pendiente de calificación,Viernes 26 Junio 2026,"Milly Alcock, David Corenswet, Eve Ridley, Matthias Schoenaerts, Diarmaid Murtagh, Ferdinand Kingsley, Jason Momoa, Emily Piggford, Bruce Lennox, Audrey Brisson, Avye Leventis, Wil Coban, Keeley Forsyth, David Krumholtz, Paul Hunter, Charlie Rawes, Leo Bill, Craig Binning, Clara Rosager, Heather Agyepong, Alice Hewkin, Luke Rollason, Adam Young, Thalissa Teixeira, Winnie Ama","Cuando un adversario inesperado y despiadado ataca demasiado cerca, Kara Zor-El, alias Supergirl, se une a regañadientes a un improbable compañero para un viaje épico e interestelar de venganza y justicia."
TOY STORY 5,"Mckenna Harris, Andrew Stanton",101,02,16:00,2026-06-30,Renoir Princesa,https://www.pillalas.com/pase/1076029/,https://www.cinesrenoir.com/pelicula/toy-story-5/,https://media.pillalas.com/imagenes/726afb526abffa838a456bed6d0f9a7c9af3e476430cb99b9b7924219be4a2e77fa421a0.jpg,Inglés,Apta para todos los públicos y distintivo especialmente recomendada para la infancia,Miércoles 17 Junio 2026,Animación,"Los juguetes están de vuelta. Esta vez, Buzz Lightyear, Woody, Jessie y el resto de la pandilla se enfrentan a un nuevo reto cuando conocen a Lilypad , una nueva tablet que llega con sus propias ideas disruptivas sobre lo que es mejor para Bonnie. ¿Volverá a ser lo mismo la hora de jugar?"
TOY STORY 5,"Mckenna Harris, Andrew Stanton",101,03,18:15,2026-06-30,Renoir Princesa,https://www.pillalas.com/pase/1076035/,https://www.cinesrenoir.com/pelicula/toy-story-5/,https://media.pillalas.com/imagenes/726afb526abffa838a456bed6d0f9a7c9af3e476430cb99b9b7924219be4a2e77fa421a0.jpg,Inglés,Apta para todos los públicos y distintivo especialmente recomendada para la infancia,Miércoles 17 Junio 2026,Animación,"Los juguetes están de vuelta. Esta vez, Buzz Lightyear, Woody, Jessie y el resto de la pandilla se enfrentan a un nuevo reto cuando conocen a Lilypad , una nueva tablet que llega con sus propias ideas disruptivas sobre lo que es mejor para Bonnie. ¿Volverá a ser lo mismo la hora de jugar?"
TOY STORY 5,"Mckenna Harris, Andrew Stanton",101,03,20:15,2026-06-30,Renoir Princesa,https://www.pillalas.com/pase/1076038/,https://www.cinesrenoir.com/pelicula/toy-story-5/,https://media.pillalas.com/imagenes/726afb526abffa838a456bed6d0f9a7c9af3e476430cb99b9b7924219be4a2e77fa421a0.jpg,Inglés,Apta para todos los públicos y distintivo especialmente recomendada para la infancia,Miércoles 17 Junio 2026,Animación,"Los juguetes están de vuelta. Esta vez, Buzz Lightyear, Woody, Jessie y el resto de la pandilla se enfrentan a un nuevo reto cuando conocen a Lilypad , una nueva tablet que llega con sus propias ideas disruptivas sobre lo que es mejor para Bonnie. ¿Volverá a ser lo mismo la hora de jugar?"
UN TALENTO ÚNICO,Daniel Roher,107,03,22:15,2026-06-30,Renoir Princesa,https://www.pillalas.com/pase/1076041/,https://www.cinesrenoir.com/pelicula/un-talento-unico/,https://media.pillalas.com/imagenes/726afb526abffa8328ed8d44e9f29b219dc5c0acbef948ae809535159b834c8652582f9e.jpg,Inglés,No recomendada para menores de 16 años,Viernes 12 Junio 2026,"Leo Woodall, Dustin Hoffman, Havana Rose Liu, Lior Raz, Tovah Feldshuh, Nissan Sakira, Gil Cohen, Jean Reno, C. S. Lee","Un talentoso afinador de pianos que padece hiperacusia descubre una aptitud única para abrir cajas fuertes, que le llevará a un peligroso mundo."
AMARGA NAVIDAD,Pedro Almodóvar,111,01,15:50,2026-07-01,Renoir Princesa,https://www.pillalas.com/pase/1075967/,https://www.cinesrenoir.com/pelicula/amarga-navidad/,https://media.pillalas.com/imagenes/726afb526abffa83b60c45c3634993c0e9bd987d873c6c32a8009c3b4ee414d3a40e41c1.jpg,Castellano,No recomendada para menores de 12 años,Viernes 20 Marzo 2026,"Bárbara Lennie, Leonardo Sbaraglia, Aitana Sánchez-Gijón, Victoria Luengo, Patrick Criado, Milena Smit, Quim Gutiérrez, Rossy De Palma, Carmen Machi, Gloria Muñoz","Elsa es una directora de publicidad cuya madre muere durante un largo puente del mes de diciembre. Encuentra refugio en el trabajo, aunque es más bien una huida hacia adelante. Trabaja sin parar y, sin darse cuenta, no se concede el tiempo necesario para guardar el duelo por la ausencia materna. Hasta que una crisis de pánico la obliga a detenerse e imponerse un descanso. Su pareja, Bonifacio, es su tabla de salvación en esos momentos de crisis. Elsa decide viajar a la isla de Lanzarote acompañada por su amiga Patricia, que también necesita alejarse de Madrid, mientras que Bonifacio se queda en la ciudad. La historia de estos tres personajes, y algunos más, se narran paralelamente a la del guionista y director de cine Raúl Durán, entremezclando ficción y realidad. Porque ‘Amarga Navidad’ desarrolla cómo la vida y la ficción están unidas de un modo indisoluble, incluso doloroso en ocasiones."
BACKROOMS,Kane Parsons,110,08,16:00,2026-07-01,Renoir Princesa,https://www.pillalas.com/pase/1076190/,https://www.cinesrenoir.com/pelicula/backrooms/,https://media.pillalas.com/imagenes/726afb526abffa83186becfb5f5e9996a19758e2af6f41d33fc78627a975c1013a9e6c45.jpg,Inglés,No recomendada para menores de 16 años,Viernes 5 Junio 2026,"Chiwetel Ejiofor, Renate Reinsve, Mark Duplass, Finn Bennett, Lukita Maxwell, Avan Jogia","Cuando el paciente de una terapeuta desaparece en una dimensión más allá de la realidad, ella deberá adentrarse en lo desconocido para salvarlo..."
BACKROOMS,Kane Parsons,110,02,20:15,2026-07-01,Renoir Princesa,https://www.pillalas.com/pase/1076051/,https://www.cinesrenoir.com/pelicula/backrooms/,https://media.pillalas.com/imagenes/726afb526abffa83186becfb5f5e9996a19758e2af6f41d33fc78627a975c1013a9e6c45.jpg,Inglés,No recomendada para menores de 16 años,Viernes 5 Junio 2026,"Chiwetel Ejiofor, Renate Reinsve, Mark Duplass, Finn Bennett, Lukita Maxwell, Avan Jogia","Cuando el paciente de una terapeuta desaparece en una dimensión más allá de la realidad, ella deberá adentrarse en lo desconocido para salvarlo..."
BACKROOMS,Kane Parsons,110,02,22:20,2026-07-01,Renoir Princesa,https://www.pillalas.com/pase/1076056/,https://www.cinesrenoir.com/pelicula/backrooms/,https://media.pillalas.com/imagenes/726afb526abffa83186becfb5f5e9996a19758e2af6f41d33fc78627a975c1013a9e6c45.jpg,Inglés,No recomendada para menores de 16 años,Viernes 5 Junio 2026,"Chiwetel Ejiofor, Renate Reinsve, Mark Duplass, Finn Bennett, Lukita Maxwell, Avan Jogia","Cuando el paciente de una terapeuta desaparece en una dimensión más allá de la realidad, ella deberá adentrarse en lo desconocido para salvarlo..."
DREAMS,Michel Franco,98,08,18:10,2026-07-01,Renoir Princesa,https://www.pillalas.com/pase/1076195/,https://www.cinesrenoir.com/pelicula/dreams/,https://media.pillalas.com/imagenes/726afb526abffa83f2fcec14080faa1f92861ad737cbaef71a9e19333a81d741027ad62e.jpg,Inglés,No recomendada para menores de 16 años,Viernes 19 Junio 2026,"Jessica Chastain, Isaac Hernández, Rupert Friend, Marshall Bell","La historia sigue a Fernando (Isaac Hernández) un joven bailarín mexicano que persigue el sueño de triunfar en Estados Unidos. Convencido de que contará con el apoyo de Jennifer (Jessica Chastain), una filántropa de la alta sociedad con la que mantiene una relación, lo deja todo atrás y cruza la frontera. Pero lo que en principio parece una nueva oportunidad termina trastocando el frágil equilibrio de la vida de Jennifer, que estará dispuesta a todo para proteger lo que ha construido."
DREAMS,Michel Franco,98,01,20:15,2026-07-01,Renoir Princesa,https://www.pillalas.com/pase/1075968/,https://www.cinesrenoir.com/pelicula/dreams/,https://media.pillalas.com/imagenes/726afb526abffa83f2fcec14080faa1f92861ad737cbaef71a9e19333a81d741027ad62e.jpg,Inglés,No recomendada para menores de 16 años,Viernes 19 Junio 2026,"Jessica Chastain, Isaac Hernández, Rupert Friend, Marshall Bell","La historia sigue a Fernando (Isaac Hernández) un joven bailarín mexicano que persigue el sueño de triunfar en Estados Unidos. Convencido de que contará con el apoyo de Jennifer (Jessica Chastain), una filántropa de la alta sociedad con la que mantiene una relación, lo deja todo atrás y cruza la frontera. Pero lo que en principio parece una nueva oportunidad termina trastocando el frágil equilibrio de la vida de Jennifer, que estará dispuesta a todo para proteger lo que ha construido."
DREAMS,Michel Franco,98,08,22:25,2026-07-01,Renoir Princesa,https://www.pillalas.com/pase/1076203/,https://www.cinesrenoir.com/pelicula/dreams/,https://media.pillalas.com/imagenes/726afb526abffa83f2fcec14080faa1f92861ad737cbaef71a9e19333a81d741027ad62e.jpg,Inglés,No recomendada para menores de 16 años,Viernes 19 Junio 2026,"Jessica Chastain, Isaac Hernández, Rupert Friend, Marshall Bell","La historia sigue a Fernando (Isaac Hernández) un joven bailarín mexicano que persigue el sueño de triunfar en Estados Unidos. Convencido de que contará con el apoyo de Jennifer (Jessica Chastain), una filántropa de la alta sociedad con la que mantiene una relación, lo deja todo atrás y cruza la frontera. Pero lo que en principio parece una nueva oportunidad termina trastocando el frágil equilibrio de la vida de Jennifer, que estará dispuesta a todo para proteger lo que ha construido."
EL DIABLO VISTE DE PRADA 2,David Frankel,120,05,16:00,2026-07-01,Renoir Princesa,https://www.pillalas.com/pase/1076105/,https://www.cinesrenoir.com/pelicula/el-diablo-viste-de-prada-2/,https://media.pillalas.com/imagenes/726afb526abffa83fece47511eb70b9e1b6e404173ddb3c32d8258561fd54681cee1e0d8.jpg,Inglés,No recomendada para menores de 7 años,Jueves 30 Abril 2026,"Meryl Streep, Emily Blunt, Anne Hathaway, Stanley Tucci, Tracie Thoms, Tibor Feldman, Kenneth Branagh, Simone Ashley, Justin Theroux, Lucy Liu, Patrick Brammall, Caleb Hearon, Helen J. Shen, Pauline Chalamet, B.J. Novak, Conrad Ricamora","Casi 20 años después de interpretar a los icónicos personajes de Miranda, Andy, Emily y Nigel, Meryl Streep, Anne Hathaway, Emily Blunt y Stanley Tucci regresan a las calles de Nueva York y a las oficinas de la revista Runway en la esperada secuela del fenómeno de 2006."
EL DRAMA,Kristoffer Borgli,106,10,15:50,2026-07-01,Renoir Princesa,https://www.pillalas.com/pase/1076189/,https://www.cinesrenoir.com/pelicula/el-drama/,https://media.pillalas.com/imagenes/726afb526abffa833c26769a2d0f648f239a18f56e93a09c45c7c77c2bf1a8ee48c54930.jpg,Inglés,No recomendada para menores de 16 años,Viernes 29 Mayo 2026,"Zendaya, Robert Pattinson, Alana Haim, Mamoudou Athie, Yaya Gosselin, Michael Abbott Jr.","Irónica, afilada y emocionalmente incómoda, El drama confirma a Kristoffer Borgli como una de las voces más singulares del cine contemporáneo. A partir de una relación de pareja llevada al límite, la película explora con humor incómodo y lucidez las dinámicas afectivas, la percepción pública y la construcción del relato personal. Con Robert Pattinson y Zendaya al frente, Borgli construye una historia tan contemporánea como inquietante, donde lo íntimo y lo performativo se entrelazan constantemente. Una mirada provocadora y muy actual sobre el amor en tiempos de exposición permanente. “Una mirada incisiva sobre las relaciones contemporáneas.” — El País “Borgli confirma su voz única.” — Fotogramas “Incómoda, inteligente y muy actual.” — Cinemanía “Provocadora y sorprendente.” — The Guardian “Pattinson y Zendaya brillan con intensidad.” — Variety"
EL DRAMA,Kristoffer Borgli,106,10,17:55,2026-07-01,Renoir Princesa,https://www.pillalas.com/pase/1076193/,https://www.cinesrenoir.com/pelicula/el-drama/,https://media.pillalas.com/imagenes/726afb526abffa833c26769a2d0f648f239a18f56e93a09c45c7c77c2bf1a8ee48c54930.jpg,Inglés,No recomendada para menores de 16 años,Viernes 29 Mayo 2026,"Zendaya, Robert Pattinson, Alana Haim, Mamoudou Athie, Yaya Gosselin, Michael Abbott Jr.","Irónica, afilada y emocionalmente incómoda, El drama confirma a Kristoffer Borgli como una de las voces más singulares del cine contemporáneo. A partir de una relación de pareja llevada al límite, la película explora con humor incómodo y lucidez las dinámicas afectivas, la percepción pública y la construcción del relato personal. Con Robert Pattinson y Zendaya al frente, Borgli construye una historia tan contemporánea como inquietante, donde lo íntimo y lo performativo se entrelazan constantemente. Una mirada provocadora y muy actual sobre el amor en tiempos de exposición permanente. “Una mirada incisiva sobre las relaciones contemporáneas.” — El País “Borgli confirma su voz única.” — Fotogramas “Incómoda, inteligente y muy actual.” — Cinemanía “Provocadora y sorprendente.” — The Guardian “Pattinson y Zendaya brillan con intensidad.” — Variety"
EL DRAMA,Kristoffer Borgli,106,10,20:00,2026-07-01,Renoir Princesa,https://www.pillalas.com/pase/1076197/,https://www.cinesrenoir.com/pelicula/el-drama/,https://media.pillalas.com/imagenes/726afb526abffa833c26769a2d0f648f239a18f56e93a09c45c7c77c2bf1a8ee48c54930.jpg,Inglés,No recomendada para menores de 16 años,Viernes 29 Mayo 2026,"Zendaya, Robert Pattinson, Alana Haim, Mamoudou Athie, Yaya Gosselin, Michael Abbott Jr.","Irónica, afilada y emocionalmente incómoda, El drama confirma a Kristoffer Borgli como una de las voces más singulares del cine contemporáneo. A partir de una relación de pareja llevada al límite, la película explora con humor incómodo y lucidez las dinámicas afectivas, la percepción pública y la construcción del relato personal. Con Robert Pattinson y Zendaya al frente, Borgli construye una historia tan contemporánea como inquietante, donde lo íntimo y lo performativo se entrelazan constantemente. Una mirada provocadora y muy actual sobre el amor en tiempos de exposición permanente. “Una mirada incisiva sobre las relaciones contemporáneas.” — El País “Borgli confirma su voz única.” — Fotogramas “Incómoda, inteligente y muy actual.” — Cinemanía “Provocadora y sorprendente.” — The Guardian “Pattinson y Zendaya brillan con intensidad.” — Variety"
EL DRAMA,Kristoffer Borgli,106,10,22:00,2026-07-01,Renoir Princesa,https://www.pillalas.com/pase/1076201/,https://www.cinesrenoir.com/pelicula/el-drama/,https://media.pillalas.com/imagenes/726afb526abffa833c26769a2d0f648f239a18f56e93a09c45c7c77c2bf1a8ee48c54930.jpg,Inglés,No recomendada para menores de 16 años,Viernes 29 Mayo 2026,"Zendaya, Robert Pattinson, Alana Haim, Mamoudou Athie, Yaya Gosselin, Michael Abbott Jr.","Irónica, afilada y emocionalmente incómoda, El drama confirma a Kristoffer Borgli como una de las voces más singulares del cine contemporáneo. A partir de una relación de pareja llevada al límite, la película explora con humor incómodo y lucidez las dinámicas afectivas, la percepción pública y la construcción del relato personal. Con Robert Pattinson y Zendaya al frente, Borgli construye una historia tan contemporánea como inquietante, donde lo íntimo y lo performativo se entrelazan constantemente. Una mirada provocadora y muy actual sobre el amor en tiempos de exposición permanente. “Una mirada incisiva sobre las relaciones contemporáneas.” — El País “Borgli confirma su voz única.” — Fotogramas “Incómoda, inteligente y muy actual.” — Cinemanía “Provocadora y sorprendente.” — The Guardian “Pattinson y Zendaya brillan con intensidad.” — Variety"
EL DÍA DE LA REVELACIÓN,Steven Spielberg,145,09,16:10,2026-07-01,Renoir Princesa,https://www.pillalas.com/pase/1076192/,https://www.cinesrenoir.com/pelicula/el-dia-de-la-revelacion/,https://media.pillalas.com/imagenes/726afb526abffa8309e287b6a9937a9056794979929b0d994d7cb0244506ea87665540d6.jpg,Inglés,No recomendada para menores de 12 años,Viernes 12 Junio 2026,"Emily Blunt, Josh O Connor, Colin Firth, Eve Hewson, Colman Domingo","Si descubrieras que no estamos solos, si alguien te abriera los ojos y te lo demostrase, ¿te asustarías? En verano de 2026, la verdad será revelada a siete mil millones de personas."
EL DÍA DE LA REVELACIÓN,Steven Spielberg,145,09,18:50,2026-07-01,Renoir Princesa,https://www.pillalas.com/pase/1076196/,https://www.cinesrenoir.com/pelicula/el-dia-de-la-revelacion/,https://media.pillalas.com/imagenes/726afb526abffa8309e287b6a9937a9056794979929b0d994d7cb0244506ea87665540d6.jpg,Inglés,No recomendada para menores de 12 años,Viernes 12 Junio 2026,"Emily Blunt, Josh O Connor, Colin Firth, Eve Hewson, Colman Domingo","Si descubrieras que no estamos solos, si alguien te abriera los ojos y te lo demostrase, ¿te asustarías? En verano de 2026, la verdad será revelada a siete mil millones de personas."
EL DÍA DE LA REVELACIÓN,Steven Spielberg,145,05,20:20,2026-07-01,Renoir Princesa,https://www.pillalas.com/pase/1076109/,https://www.cinesrenoir.com/pelicula/el-dia-de-la-revelacion/,https://media.pillalas.com/imagenes/726afb526abffa8309e287b6a9937a9056794979929b0d994d7cb0244506ea87665540d6.jpg,Inglés,No recomendada para menores de 12 años,Viernes 12 Junio 2026,"Emily Blunt, Josh O Connor, Colin Firth, Eve Hewson, Colman Domingo","Si descubrieras que no estamos solos, si alguien te abriera los ojos y te lo demostrase, ¿te asustarías? En verano de 2026, la verdad será revelada a siete mil millones de personas."
EL DÍA DE LA REVELACIÓN,Steven Spielberg,145,09,21:40,2026-07-01,Renoir Princesa,https://www.pillalas.com/pase/1076200/,https://www.cinesrenoir.com/pelicula/el-dia-de-la-revelacion/,https://media.pillalas.com/imagenes/726afb526abffa8309e287b6a9937a9056794979929b0d994d7cb0244506ea87665540d6.jpg,Inglés,No recomendada para menores de 12 años,Viernes 12 Junio 2026,"Emily Blunt, Josh O Connor, Colin Firth, Eve Hewson, Colman Domingo","Si descubrieras que no estamos solos, si alguien te abriera los ojos y te lo demostrase, ¿te asustarías? En verano de 2026, la verdad será revelada a siete mil millones de personas."
LA LUZ,Fernando Franco,120,03,16:00,2026-07-01,Renoir Princesa,https://www.pillalas.com/pase/1076043/,https://www.cinesrenoir.com/pelicula/la-luz/,https://media.pillalas.com/imagenes/726afb526abffa8317677ca937a736c27e9f6bb2a52b26d33997b3aaabb603e6e12a45f0.jpg,Castellano,No recomendada para menores de 16 años,Viernes 5 Junio 2026,"Alberto San Juan, Pedro Casablanc, Miguel Rellán, María Galiana, Luis Callejo, Ramón Barea, Pablo Gómez Pando, Nacho Sánchez, Santiago Mayorga, Antonio Zafra, Itziar Aizpuru","“La Luz” es la historia de un párroco acorralado por la culpa, que deberá desafiar a la institución que lo protegió en un viaje hacia la honestidad."
LA LUZ,Fernando Franco,120,02,18:00,2026-07-01,Renoir Princesa,https://www.pillalas.com/pase/1076047/,https://www.cinesrenoir.com/pelicula/la-luz/,https://media.pillalas.com/imagenes/726afb526abffa8317677ca937a736c27e9f6bb2a52b26d33997b3aaabb603e6e12a45f0.jpg,Castellano,No recomendada para menores de 16 años,Viernes 5 Junio 2026,"Alberto San Juan, Pedro Casablanc, Miguel Rellán, María Galiana, Luis Callejo, Ramón Barea, Pablo Gómez Pando, Nacho Sánchez, Santiago Mayorga, Antonio Zafra, Itziar Aizpuru","“La Luz” es la historia de un párroco acorralado por la culpa, que deberá desafiar a la institución que lo protegió en un viaje hacia la honestidad."
LA LUZ,Fernando Franco,120,07,22:00,2026-07-01,Renoir Princesa,https://www.pillalas.com/pase/1076202/,https://www.cinesrenoir.com/pelicula/la-luz/,https://media.pillalas.com/imagenes/726afb526abffa8317677ca937a736c27e9f6bb2a52b26d33997b3aaabb603e6e12a45f0.jpg,Castellano,No recomendada para menores de 16 años,Viernes 5 Junio 2026,"Alberto San Juan, Pedro Casablanc, Miguel Rellán, María Galiana, Luis Callejo, Ramón Barea, Pablo Gómez Pando, Nacho Sánchez, Santiago Mayorga, Antonio Zafra, Itziar Aizpuru","“La Luz” es la historia de un párroco acorralado por la culpa, que deberá desafiar a la institución que lo protegió en un viaje hacia la honestidad."
LETRAS ROBADAS,John Carney,98,11,15:50,2026-07-01,Renoir Princesa,https://www.pillalas.com/pase/1076239/,https://www.cinesrenoir.com/pelicula/letras-robadas/,https://media.pillalas.com/imagenes/726afb526abffa83a0d9791d64d1078fecc35b3f6dfaaed9ab05ae74e5aba2420b650147.jpg,Inglés,No recomendada para menores de 12 años,Viernes 26 Junio 2026,"Paul Rudd, Nick Jonas, Naoimh Whelton, Havana Rose Liu, Jack Reynor, Rory Keenan, Peter Mcdonald, Keith Mcerlean, Sophie Vavasseur, Paul Reid, Juliette Crosbie, Robert Mitchell, Kelly Thornton, Marcella Plunkett, Mae Higgins","Rick (Paul Rudd) es un cantante y compositor que se gana la vida como puede actuando en bodas con su grupo. Danny (Nick Jonas), en cambio, es una súper estrella del pop en pleno auge. Tras conocerse por casualidad, Danny lanza un nuevo single que se convierte en todo un éxito mundial, pero Rick le acusa de haberle robado esa canción."
LETRAS ROBADAS,John Carney,98,06,20:10,2026-07-01,Renoir Princesa,https://www.pillalas.com/pase/1076108/,https://www.cinesrenoir.com/pelicula/letras-robadas/,https://media.pillalas.com/imagenes/726afb526abffa83a0d9791d64d1078fecc35b3f6dfaaed9ab05ae74e5aba2420b650147.jpg,Inglés,No recomendada para menores de 12 años,Viernes 26 Junio 2026,"Paul Rudd, Nick Jonas, Naoimh Whelton, Havana Rose Liu, Jack Reynor, Rory Keenan, Peter Mcdonald, Keith Mcerlean, Sophie Vavasseur, Paul Reid, Juliette Crosbie, Robert Mitchell, Kelly Thornton, Marcella Plunkett, Mae Higgins","Rick (Paul Rudd) es un cantante y compositor que se gana la vida como puede actuando en bodas con su grupo. Danny (Nick Jonas), en cambio, es una súper estrella del pop en pleno auge. Tras conocerse por casualidad, Danny lanza un nuevo single que se convierte en todo un éxito mundial, pero Rick le acusa de haberle robado esa canción."
LETRAS ROBADAS,John Carney,98,06,22:10,2026-07-01,Renoir Princesa,https://www.pillalas.com/pase/1076110/,https://www.cinesrenoir.com/pelicula/letras-robadas/,https://media.pillalas.com/imagenes/726afb526abffa83a0d9791d64d1078fecc35b3f6dfaaed9ab05ae74e5aba2420b650147.jpg,Inglés,No recomendada para menores de 12 años,Viernes 26 Junio 2026,"Paul Rudd, Nick Jonas, Naoimh Whelton, Havana Rose Liu, Jack Reynor, Rory Keenan, Peter Mcdonald, Keith Mcerlean, Sophie Vavasseur, Paul Reid, Juliette Crosbie, Robert Mitchell, Kelly Thornton, Marcella Plunkett, Mae Higgins","Rick (Paul Rudd) es un cantante y compositor que se gana la vida como puede actuando en bodas con su grupo. Danny (Nick Jonas), en cambio, es una súper estrella del pop en pleno auge. Tras conocerse por casualidad, Danny lanza un nuevo single que se convierte en todo un éxito mundial, pero Rick le acusa de haberle robado esa canción."
LOS ÚLTIMOS DÍAS DE MARIA ANTONIETA,Gianluca Jodice,101,07,16:00,2026-07-01,Renoir Princesa,https://www.pillalas.com/pase/1076191/,https://www.cinesrenoir.com/pelicula/los-ultimos-dias-de-maria-antonieta/,https://media.pillalas.com/imagenes/726afb526abffa83afd62aedf957bc47764dd9df4798120b6f3983b2c1698fb2d2196fff.jpg,Francés,No recomendada para menores de 12 años,Viernes 26 Junio 2026,"Guillaume Canet, Mélanie Laurent, Aurore Broutin, Hugo Dillon, Fabrizio Rongione, Anouk Darwin Homewood, Tom Hudson, Roxane Duran","París, 1792. La revolución del pueblo francés ha triunfado y el rey Luis XVI, junto a su esposa María Antonieta y sus hijos, son arrestados y encarcelados en la Tour du Temple, un siniestro castillo de París, a la espera de su juicio. Lejos del esplendor, los privilegios y las riquezas, la familia se encuentra aislada y vulnerable por primera vez en sus vidas. Estos serán los turbulentos últimos días de ambos monarcas antes de su histórica ejecución en la guillotina."
LOS ÚLTIMOS DÍAS DE MARIA ANTONIETA,Gianluca Jodice,101,07,18:00,2026-07-01,Renoir Princesa,https://www.pillalas.com/pase/1076194/,https://www.cinesrenoir.com/pelicula/los-ultimos-dias-de-maria-antonieta/,https://media.pillalas.com/imagenes/726afb526abffa83afd62aedf957bc47764dd9df4798120b6f3983b2c1698fb2d2196fff.jpg,Francés,No recomendada para menores de 12 años,Viernes 26 Junio 2026,"Guillaume Canet, Mélanie Laurent, Aurore Broutin, Hugo Dillon, Fabrizio Rongione, Anouk Darwin Homewood, Tom Hudson, Roxane Duran","París, 1792. La revolución del pueblo francés ha triunfado y el rey Luis XVI, junto a su esposa María Antonieta y sus hijos, son arrestados y encarcelados en la Tour du Temple, un siniestro castillo de París, a la espera de su juicio. Lejos del esplendor, los privilegios y las riquezas, la familia se encuentra aislada y vulnerable por primera vez en sus vidas. Estos serán los turbulentos últimos días de ambos monarcas antes de su histórica ejecución en la guillotina."
LOS ÚLTIMOS DÍAS DE MARIA ANTONIETA,Gianluca Jodice,101,07,20:00,2026-07-01,Renoir Princesa,https://www.pillalas.com/pase/1076198/,https://www.cinesrenoir.com/pelicula/los-ultimos-dias-de-maria-antonieta/,https://media.pillalas.com/imagenes/726afb526abffa83afd62aedf957bc47764dd9df4798120b6f3983b2c1698fb2d2196fff.jpg,Francés,No recomendada para menores de 12 años,Viernes 26 Junio 2026,"Guillaume Canet, Mélanie Laurent, Aurore Broutin, Hugo Dillon, Fabrizio Rongione, Anouk Darwin Homewood, Tom Hudson, Roxane Duran","París, 1792. La revolución del pueblo francés ha triunfado y el rey Luis XVI, junto a su esposa María Antonieta y sus hijos, son arrestados y encarcelados en la Tour du Temple, un siniestro castillo de París, a la espera de su juicio. Lejos del esplendor, los privilegios y las riquezas, la familia se encuentra aislada y vulnerable por primera vez en sus vidas. Estos serán los turbulentos últimos días de ambos monarcas antes de su histórica ejecución en la guillotina."
MORIR NO SIEMPRE SALE BIEN,Claudia Pinto Emperador,97,06,18:10,2026-07-01,Renoir Princesa,https://www.pillalas.com/pase/1076106/,https://www.cinesrenoir.com/pelicula/morir-no-siempre-sale-bien/,https://media.pillalas.com/imagenes/726afb526abffa83986c754a9abaa4b59e3f299864e39864a171194882afbcf70e409a28.jpg,Valenciano,No recomendada para menores de 12 años,Viernes 26 Junio 2026,"Tamara Casellas, Ana Wagener, Juan Carlos Vellido, Pau Durà, Carmen Arrufat, Daniel Pérez Prada, Raúl Prieto, Paula Muñoz, Jorge Motos, Roberto Hoyo","El marido y el hermano de Rosario se han quedado sin trabajo tras un despido improcedente. Para pagar sus deudas deciden secuestrar el cadáver de su jefe y pedir un rescate. Pero Inés, la adinerada mujer del muerto, y sus hijos tienen otros planes. A pesar de pertenecer a mundos totalmente distintos, ambas familias se verán obligadas a intercambiar mucho más que un cuerpo."
OBSESSION,Curry Barker,108,06,16:00,2026-07-01,Renoir Princesa,https://www.pillalas.com/pase/1076104/,https://www.cinesrenoir.com/pelicula/obsession/,https://media.pillalas.com/imagenes/726afb526abffa83ff7ee6f6d82de986b738cc661278e7a30ccd2f1e4538348bdd98f544.jpg,Inglés,No recomendada para menores de 18 años,Viernes 26 Junio 2026,"Michael Johnston, Inde Navarrette, Cooper Tomlinson, Megan Lawless, Andy Richter","Tras usar un misterioso objeto para conquistar a su amor platónico, un romántico empedernido verá cumplido su mayor anhelo... pero no tardará en descubrir el oscuro y siniestro precio de algunos deseos."
OBSESSION,Curry Barker,108,11,17:45,2026-07-01,Renoir Princesa,https://www.pillalas.com/pase/1076240/,https://www.cinesrenoir.com/pelicula/obsession/,https://media.pillalas.com/imagenes/726afb526abffa83ff7ee6f6d82de986b738cc661278e7a30ccd2f1e4538348bdd98f544.jpg,Inglés,No recomendada para menores de 18 años,Viernes 26 Junio 2026,"Michael Johnston, Inde Navarrette, Cooper Tomlinson, Megan Lawless, Andy Richter","Tras usar un misterioso objeto para conquistar a su amor platónico, un romántico empedernido verá cumplido su mayor anhelo... pero no tardará en descubrir el oscuro y siniestro precio de algunos deseos."
OBSESSION,Curry Barker,108,11,19:50,2026-07-01,Renoir Princesa,https://www.pillalas.com/pase/1076241/,https://www.cinesrenoir.com/pelicula/obsession/,https://media.pillalas.com/imagenes/726afb526abffa83ff7ee6f6d82de986b738cc661278e7a30ccd2f1e4538348bdd98f544.jpg,Inglés,No recomendada para menores de 18 años,Viernes 26 Junio 2026,"Michael Johnston, Inde Navarrette, Cooper Tomlinson, Megan Lawless, Andy Richter","Tras usar un misterioso objeto para conquistar a su amor platónico, un romántico empedernido verá cumplido su mayor anhelo... pero no tardará en descubrir el oscuro y siniestro precio de algunos deseos."
OBSESSION,Curry Barker,108,11,22:00,2026-07-01,Renoir Princesa,https://www.pillalas.com/pase/1076242/,https://www.cinesrenoir.com/pelicula/obsession/,https://media.pillalas.com/imagenes/726afb526abffa83ff7ee6f6d82de986b738cc661278e7a30ccd2f1e4538348bdd98f544.jpg,Inglés,No recomendada para menores de 18 años,Viernes 26 Junio 2026,"Michael Johnston, Inde Navarrette, Cooper Tomlinson, Megan Lawless, Andy Richter","Tras usar un misterioso objeto para conquistar a su amor platónico, un romántico empedernido verá cumplido su mayor anhelo... pero no tardará en descubrir el oscuro y siniestro precio de algunos deseos."
PIONERAS. SOLO QUERÍAN JUGAR,Marta Díaz De Lope Díaz,106,05,18:15,2026-07-01,Renoir Princesa,https://www.pillalas.com/pase/1076107/,https://www.cinesrenoir.com/pelicula/pioneras-solo-querian-jugar/,https://media.pillalas.com/imagenes/726afb526abffa83841aa9dea3bcfbd31547abab2849e44376088aef30139d6a3ea3caa9.jpg,Castellano,No recomendada para menores de 12 años y distintivo especialmente recomendada para el fomento de la igualdad de género,Viernes 12 Junio 2026,"Daniel Ibáñez, Aixa Villagrán, Sofía De Iznájar, Bruna Lucadamo, Nora Otxoteko, Leire Aguiar, Lorea Carballo, Miriam Rubio, José Troncoso, Carmen Ruiz, Alejandro Casaseca, Carmen Flores Sandoval, Pepa Aniorte, Elena Irureta, Jordi Sánchez","En la España de principios de los años 70, con el franquismo aún profundamente arraigado, un grupo de jovencísimas y ninguneadas cracks del balón y un soñador promotor deportivo unen fuerzas para romper barreras e iniciar lo que será la historia del fútbol femenino en nuestro país."
PÁLIDA LUZ EN LAS COLINAS,Kei Ishikawa,123,01,17:55,2026-07-01,Renoir Princesa,https://www.pillalas.com/pase/1076046/,https://www.cinesrenoir.com/pelicula/palida-luz-en-las-colinas/,https://media.pillalas.com/imagenes/726afb526abffa83e4357c50c96a83c50f18819346a98eb6216eec09df73d273ecaa49c3.jpg,Japonés,No recomendada para menores de 12 años,Viernes 26 Junio 2026,"Suzu Hirose, Fumi Nikaido, Yoh Yoshida, Camilla Aiko, Kohei Matsushita, Tomokazu Miura, Romain Danna, Lynette Edwards, Rie Shibata, Daichi Watanabe, Ruby Young","Inglaterra, 1982. Etsuko rememora junto a su hija Nikki su juventud en Nagasaki, evocando un pasado de relaciones y decisiones que marcaron para siempre su vida y la de sus hijas. Sin embargo, cuanto más se internan en esa memoria, más claro resulta que esos recuerdos encierran secretos capaces de alterar la vida de ambas."
PÁLIDA LUZ EN LAS COLINAS,Kei Ishikawa,123,08,20:05,2026-07-01,Renoir Princesa,https://www.pillalas.com/pase/1076199/,https://www.cinesrenoir.com/pelicula/palida-luz-en-las-colinas/,https://media.pillalas.com/imagenes/726afb526abffa83e4357c50c96a83c50f18819346a98eb6216eec09df73d273ecaa49c3.jpg,Japonés,No recomendada para menores de 12 años,Viernes 26 Junio 2026,"Suzu Hirose, Fumi Nikaido, Yoh Yoshida, Camilla Aiko, Kohei Matsushita, Tomokazu Miura, Romain Danna, Lynette Edwards, Rie Shibata, Daichi Watanabe, Ruby Young","Inglaterra, 1982. Etsuko rememora junto a su hija Nikki su juventud en Nagasaki, evocando un pasado de relaciones y decisiones que marcaron para siempre su vida y la de sus hijas. Sin embargo, cuanto más se internan en esa memoria, más claro resulta que esos recuerdos encierran secretos capaces de alterar la vida de ambas."
PÁLIDA LUZ EN LAS COLINAS,Kei Ishikawa,123,01,22:10,2026-07-01,Renoir Princesa,https://www.pillalas.com/pase/1076053/,https://www.cinesrenoir.com/pelicula/palida-luz-en-las-colinas/,https://media.pillalas.com/imagenes/726afb526abffa83e4357c50c96a83c50f18819346a98eb6216eec09df73d273ecaa49c3.jpg,Japonés,No recomendada para menores de 12 años,Viernes 26 Junio 2026,"Suzu Hirose, Fumi Nikaido, Yoh Yoshida, Camilla Aiko, Kohei Matsushita, Tomokazu Miura, Romain Danna, Lynette Edwards, Rie Shibata, Daichi Watanabe, Ruby Young","Inglaterra, 1982. Etsuko rememora junto a su hija Nikki su juventud en Nagasaki, evocando un pasado de relaciones y decisiones que marcaron para siempre su vida y la de sus hijas. Sin embargo, cuanto más se internan en esa memoria, más claro resulta que esos recuerdos encierran secretos capaces de alterar la vida de ambas."
SUPERGIRL,Craig Gillespie,108,04,16:00,2026-07-01,Renoir Princesa,https://www.pillalas.com/pase/1076045/,https://www.cinesrenoir.com/pelicula/supergirl/,https://media.pillalas.com/imagenes/726afb526abffa83ab19c53872ccbcd4477279df0be8ea4311f1bff02899269c5834219f.jpg,Inglés,Pendiente de calificación,Viernes 26 Junio 2026,"Milly Alcock, David Corenswet, Eve Ridley, Matthias Schoenaerts, Diarmaid Murtagh, Ferdinand Kingsley, Jason Momoa, Emily Piggford, Bruce Lennox, Audrey Brisson, Avye Leventis, Wil Coban, Keeley Forsyth, David Krumholtz, Paul Hunter, Charlie Rawes, Leo Bill, Craig Binning, Clara Rosager, Heather Agyepong, Alice Hewkin, Luke Rollason, Adam Young, Thalissa Teixeira, Winnie Ama","Cuando un adversario inesperado y despiadado ataca demasiado cerca, Kara Zor-El, alias Supergirl, se une a regañadientes a un improbable compañero para un viaje épico e interestelar de venganza y justicia."
SUPERGIRL,Craig Gillespie,108,04,18:05,2026-07-01,Renoir Princesa,https://www.pillalas.com/pase/1076048/,https://www.cinesrenoir.com/pelicula/supergirl/,https://media.pillalas.com/imagenes/726afb526abffa83ab19c53872ccbcd4477279df0be8ea4311f1bff02899269c5834219f.jpg,Inglés,Pendiente de calificación,Viernes 26 Junio 2026,"Milly Alcock, David Corenswet, Eve Ridley, Matthias Schoenaerts, Diarmaid Murtagh, Ferdinand Kingsley, Jason Momoa, Emily Piggford, Bruce Lennox, Audrey Brisson, Avye Leventis, Wil Coban, Keeley Forsyth, David Krumholtz, Paul Hunter, Charlie Rawes, Leo Bill, Craig Binning, Clara Rosager, Heather Agyepong, Alice Hewkin, Luke Rollason, Adam Young, Thalissa Teixeira, Winnie Ama","Cuando un adversario inesperado y despiadado ataca demasiado cerca, Kara Zor-El, alias Supergirl, se une a regañadientes a un improbable compañero para un viaje épico e interestelar de venganza y justicia."
SUPERGIRL,Craig Gillespie,108,04,20:10,2026-07-01,Renoir Princesa,https://www.pillalas.com/pase/1076050/,https://www.cinesrenoir.com/pelicula/supergirl/,https://media.pillalas.com/imagenes/726afb526abffa83ab19c53872ccbcd4477279df0be8ea4311f1bff02899269c5834219f.jpg,Inglés,Pendiente de calificación,Viernes 26 Junio 2026,"Milly Alcock, David Corenswet, Eve Ridley, Matthias Schoenaerts, Diarmaid Murtagh, Ferdinand Kingsley, Jason Momoa, Emily Piggford, Bruce Lennox, Audrey Brisson, Avye Leventis, Wil Coban, Keeley Forsyth, David Krumholtz, Paul Hunter, Charlie Rawes, Leo Bill, Craig Binning, Clara Rosager, Heather Agyepong, Alice Hewkin, Luke Rollason, Adam Young, Thalissa Teixeira, Winnie Ama","Cuando un adversario inesperado y despiadado ataca demasiado cerca, Kara Zor-El, alias Supergirl, se une a regañadientes a un improbable compañero para un viaje épico e interestelar de venganza y justicia."
SUPERGIRL,Craig Gillespie,108,04,22:15,2026-07-01,Renoir Princesa,https://www.pillalas.com/pase/1076054/,https://www.cinesrenoir.com/pelicula/supergirl/,https://media.pillalas.com/imagenes/726afb526abffa83ab19c53872ccbcd4477279df0be8ea4311f1bff02899269c5834219f.jpg,Inglés,Pendiente de calificación,Viernes 26 Junio 2026,"Milly Alcock, David Corenswet, Eve Ridley, Matthias Schoenaerts, Diarmaid Murtagh, Ferdinand Kingsley, Jason Momoa, Emily Piggford, Bruce Lennox, Audrey Brisson, Avye Leventis, Wil Coban, Keeley Forsyth, David Krumholtz, Paul Hunter, Charlie Rawes, Leo Bill, Craig Binning, Clara Rosager, Heather Agyepong, Alice Hewkin, Luke Rollason, Adam Young, Thalissa Teixeira, Winnie Ama","Cuando un adversario inesperado y despiadado ataca demasiado cerca, Kara Zor-El, alias Supergirl, se une a regañadientes a un improbable compañero para un viaje épico e interestelar de venganza y justicia."
TOY STORY 5,"Mckenna Harris, Andrew Stanton",101,02,16:00,2026-07-01,Renoir Princesa,https://www.pillalas.com/pase/1076044/,https://www.cinesrenoir.com/pelicula/toy-story-5/,https://media.pillalas.com/imagenes/726afb526abffa838a456bed6d0f9a7c9af3e476430cb99b9b7924219be4a2e77fa421a0.jpg,Inglés,Apta para todos los públicos y distintivo especialmente recomendada para la infancia,Miércoles 17 Junio 2026,Animación,"Los juguetes están de vuelta. Esta vez, Buzz Lightyear, Woody, Jessie y el resto de la pandilla se enfrentan a un nuevo reto cuando conocen a Lilypad , una nueva tablet que llega con sus propias ideas disruptivas sobre lo que es mejor para Bonnie. ¿Volverá a ser lo mismo la hora de jugar?"
TOY STORY 5,"Mckenna Harris, Andrew Stanton",101,03,18:15,2026-07-01,Renoir Princesa,https://www.pillalas.com/pase/1076049/,https://www.cinesrenoir.com/pelicula/toy-story-5/,https://media.pillalas.com/imagenes/726afb526abffa838a456bed6d0f9a7c9af3e476430cb99b9b7924219be4a2e77fa421a0.jpg,Inglés,Apta para todos los públicos y distintivo especialmente recomendada para la infancia,Miércoles 17 Junio 2026,Animación,"Los juguetes están de vuelta. Esta vez, Buzz Lightyear, Woody, Jessie y el resto de la pandilla se enfrentan a un nuevo reto cuando conocen a Lilypad , una nueva tablet que llega con sus propias ideas disruptivas sobre lo que es mejor para Bonnie. ¿Volverá a ser lo mismo la hora de jugar?"
TOY STORY 5,"Mckenna Harris, Andrew Stanton",101,03,20:15,2026-07-01,Renoir Princesa,https://www.pillalas.com/pase/1076052/,https://www.cinesrenoir.com/pelicula/toy-story-5/,https://media.pillalas.com/imagenes/726afb526abffa838a456bed6d0f9a7c9af3e476430cb99b9b7924219be4a2e77fa421a0.jpg,Inglés,Apta para todos los públicos y distintivo especialmente recomendada para la infancia,Miércoles 17 Junio 2026,Animación,"Los juguetes están de vuelta. Esta vez, Buzz Lightyear, Woody, Jessie y el resto de la pandilla se enfrentan a un nuevo reto cuando conocen a Lilypad , una nueva tablet que llega con sus propias ideas disruptivas sobre lo que es mejor para Bonnie. ¿Volverá a ser lo mismo la hora de jugar?"
UN TALENTO ÚNICO,Daniel Roher,107,03,22:15,2026-07-01,Renoir Princesa,https://www.pillalas.com/pase/1076055/,https://www.cinesrenoir.com/pelicula/un-talento-unico/,https://media.pillalas.com/imagenes/726afb526abffa8328ed8d44e9f29b219dc5c0acbef948ae809535159b834c8652582f9e.jpg,Inglés,No recomendada para menores de 16 años,Viernes 12 Junio 2026,"Leo Woodall, Dustin Hoffman, Havana Rose Liu, Lior Raz, Tovah Feldshuh, Nissan Sakira, Gil Cohen, Jean Reno, C. S. Lee","Un talentoso afinador de pianos que padece hiperacusia descubre una aptitud única para abrir cajas fuertes, que le llevará a un peligroso mundo."
AMARGA NAVIDAD,Pedro Almodóvar,111,01,15:50,2026-07-02,Renoir Princesa,https://www.pillalas.com/pase/1075969/,https://www.cinesrenoir.com/pelicula/amarga-navidad/,https://media.pillalas.com/imagenes/726afb526abffa83b60c45c3634993c0e9bd987d873c6c32a8009c3b4ee414d3a40e41c1.jpg,Castellano,No recomendada para menores de 12 años,Viernes 20 Marzo 2026,"Bárbara Lennie, Leonardo Sbaraglia, Aitana Sánchez-Gijón, Victoria Luengo, Patrick Criado, Milena Smit, Quim Gutiérrez, Rossy De Palma, Carmen Machi, Gloria Muñoz","Elsa es una directora de publicidad cuya madre muere durante un largo puente del mes de diciembre. Encuentra refugio en el trabajo, aunque es más bien una huida hacia adelante. Trabaja sin parar y, sin darse cuenta, no se concede el tiempo necesario para guardar el duelo por la ausencia materna. Hasta que una crisis de pánico la obliga a detenerse e imponerse un descanso. Su pareja, Bonifacio, es su tabla de salvación en esos momentos de crisis. Elsa decide viajar a la isla de Lanzarote acompañada por su amiga Patricia, que también necesita alejarse de Madrid, mientras que Bonifacio se queda en la ciudad. La historia de estos tres personajes, y algunos más, se narran paralelamente a la del guionista y director de cine Raúl Durán, entremezclando ficción y realidad. Porque ‘Amarga Navidad’ desarrolla cómo la vida y la ficción están unidas de un modo indisoluble, incluso doloroso en ocasiones."
BACKROOMS,Kane Parsons,110,08,16:00,2026-07-02,Renoir Princesa,https://www.pillalas.com/pase/1076206/,https://www.cinesrenoir.com/pelicula/backrooms/,https://media.pillalas.com/imagenes/726afb526abffa83186becfb5f5e9996a19758e2af6f41d33fc78627a975c1013a9e6c45.jpg,Inglés,No recomendada para menores de 16 años,Viernes 5 Junio 2026,"Chiwetel Ejiofor, Renate Reinsve, Mark Duplass, Finn Bennett, Lukita Maxwell, Avan Jogia","Cuando el paciente de una terapeuta desaparece en una dimensión más allá de la realidad, ella deberá adentrarse en lo desconocido para salvarlo..."
BACKROOMS,Kane Parsons,110,02,20:15,2026-07-02,Renoir Princesa,https://www.pillalas.com/pase/1076065/,https://www.cinesrenoir.com/pelicula/backrooms/,https://media.pillalas.com/imagenes/726afb526abffa83186becfb5f5e9996a19758e2af6f41d33fc78627a975c1013a9e6c45.jpg,Inglés,No recomendada para menores de 16 años,Viernes 5 Junio 2026,"Chiwetel Ejiofor, Renate Reinsve, Mark Duplass, Finn Bennett, Lukita Maxwell, Avan Jogia","Cuando el paciente de una terapeuta desaparece en una dimensión más allá de la realidad, ella deberá adentrarse en lo desconocido para salvarlo..."
BACKROOMS,Kane Parsons,110,02,22:20,2026-07-02,Renoir Princesa,https://www.pillalas.com/pase/1076070/,https://www.cinesrenoir.com/pelicula/backrooms/,https://media.pillalas.com/imagenes/726afb526abffa83186becfb5f5e9996a19758e2af6f41d33fc78627a975c1013a9e6c45.jpg,Inglés,No recomendada para menores de 16 años,Viernes 5 Junio 2026,"Chiwetel Ejiofor, Renate Reinsve, Mark Duplass, Finn Bennett, Lukita Maxwell, Avan Jogia","Cuando el paciente de una terapeuta desaparece en una dimensión más allá de la realidad, ella deberá adentrarse en lo desconocido para salvarlo..."
CALL ME BY YOUR NAME [WILDER CINEMA],Luca Guadagnino,131,06,20:00,2026-07-02,Renoir Princesa,https://www.pillalas.com/pase/1075795/,https://www.cinesrenoir.com/pelicula/call-me-by-your-name-wilder-cinema/,https://media.pillalas.com/imagenes/726afb526abffa83247a5e23644b096d6938319afea80944932deadee59c5d30df705f97.jpg,Inglés,No recomendada para menores de 12 años,Jueves 2 Julio 2026,"Armie Hammer, Timothee Chalamet, Michael Stuhlbarg, Amira Casar, Esther Garrel, Victoire Du Bois, Vanda Capriolo, Antonio Rimoldi, Elena Bucci, Marco Sgrosso, Andre Aciman, Peter Spears","Luminosa, sensual y profundamente emotiva, Call Me by Your Name captura la intensidad irrepetible del primer amor con una delicadeza extraordinaria. Ambientada en el norte de Italia durante un verano que parece suspendido en el tiempo, la película convierte cada mirada, cada conversación y cada paisaje en una experiencia emocional. Luca Guadagnino firma un relato sobre el deseo, el descubrimiento y la memoria que ha marcado a toda una generación de espectadores. 4 nominaciones a los Premios Oscar “Una de las historias de amor más bellas del cine reciente.” — El País “Pura emoción cinematográfica.” — Fotogramas “Delicada, sensual y profundamente humana.” — Cinemanía “Una obra maestra contemporánea.” — The Guardian “Inolvidable.” — The New York Times"
DREAMS,Michel Franco,98,08,18:10,2026-07-02,Renoir Princesa,https://www.pillalas.com/pase/1076210/,https://www.cinesrenoir.com/pelicula/dreams/,https://media.pillalas.com/imagenes/726afb526abffa83f2fcec14080faa1f92861ad737cbaef71a9e19333a81d741027ad62e.jpg,Inglés,No recomendada para menores de 16 años,Viernes 19 Junio 2026,"Jessica Chastain, Isaac Hernández, Rupert Friend, Marshall Bell","La historia sigue a Fernando (Isaac Hernández) un joven bailarín mexicano que persigue el sueño de triunfar en Estados Unidos. Convencido de que contará con el apoyo de Jennifer (Jessica Chastain), una filántropa de la alta sociedad con la que mantiene una relación, lo deja todo atrás y cruza la frontera. Pero lo que en principio parece una nueva oportunidad termina trastocando el frágil equilibrio de la vida de Jennifer, que estará dispuesta a todo para proteger lo que ha construido."
DREAMS,Michel Franco,98,01,20:15,2026-07-02,Renoir Princesa,https://www.pillalas.com/pase/1075970/,https://www.cinesrenoir.com/pelicula/dreams/,https://media.pillalas.com/imagenes/726afb526abffa83f2fcec14080faa1f92861ad737cbaef71a9e19333a81d741027ad62e.jpg,Inglés,No recomendada para menores de 16 años,Viernes 19 Junio 2026,"Jessica Chastain, Isaac Hernández, Rupert Friend, Marshall Bell","La historia sigue a Fernando (Isaac Hernández) un joven bailarín mexicano que persigue el sueño de triunfar en Estados Unidos. Convencido de que contará con el apoyo de Jennifer (Jessica Chastain), una filántropa de la alta sociedad con la que mantiene una relación, lo deja todo atrás y cruza la frontera. Pero lo que en principio parece una nueva oportunidad termina trastocando el frágil equilibrio de la vida de Jennifer, que estará dispuesta a todo para proteger lo que ha construido."
DREAMS,Michel Franco,98,08,22:25,2026-07-02,Renoir Princesa,https://www.pillalas.com/pase/1076218/,https://www.cinesrenoir.com/pelicula/dreams/,https://media.pillalas.com/imagenes/726afb526abffa83f2fcec14080faa1f92861ad737cbaef71a9e19333a81d741027ad62e.jpg,Inglés,No recomendada para menores de 16 años,Viernes 19 Junio 2026,"Jessica Chastain, Isaac Hernández, Rupert Friend, Marshall Bell","La historia sigue a Fernando (Isaac Hernández) un joven bailarín mexicano que persigue el sueño de triunfar en Estados Unidos. Convencido de que contará con el apoyo de Jennifer (Jessica Chastain), una filántropa de la alta sociedad con la que mantiene una relación, lo deja todo atrás y cruza la frontera. Pero lo que en principio parece una nueva oportunidad termina trastocando el frágil equilibrio de la vida de Jennifer, que estará dispuesta a todo para proteger lo que ha construido."
EL DIABLO VISTE DE PRADA 2,David Frankel,120,05,16:00,2026-07-02,Renoir Princesa,https://www.pillalas.com/pase/1076111/,https://www.cinesrenoir.com/pelicula/el-diablo-viste-de-prada-2/,https://media.pillalas.com/imagenes/726afb526abffa83fece47511eb70b9e1b6e404173ddb3c32d8258561fd54681cee1e0d8.jpg,Inglés,No recomendada para menores de 7 años,Jueves 30 Abril 2026,"Meryl Streep, Emily Blunt, Anne Hathaway, Stanley Tucci, Tracie Thoms, Tibor Feldman, Kenneth Branagh, Simone Ashley, Justin Theroux, Lucy Liu, Patrick Brammall, Caleb Hearon, Helen J. Shen, Pauline Chalamet, B.J. Novak, Conrad Ricamora","Casi 20 años después de interpretar a los icónicos personajes de Miranda, Andy, Emily y Nigel, Meryl Streep, Anne Hathaway, Emily Blunt y Stanley Tucci regresan a las calles de Nueva York y a las oficinas de la revista Runway en la esperada secuela del fenómeno de 2006."
EL DRAMA,Kristoffer Borgli,106,10,15:50,2026-07-02,Renoir Princesa,https://www.pillalas.com/pase/1076204/,https://www.cinesrenoir.com/pelicula/el-drama/,https://media.pillalas.com/imagenes/726afb526abffa833c26769a2d0f648f239a18f56e93a09c45c7c77c2bf1a8ee48c54930.jpg,Inglés,No recomendada para menores de 16 años,Viernes 29 Mayo 2026,"Zendaya, Robert Pattinson, Alana Haim, Mamoudou Athie, Yaya Gosselin, Michael Abbott Jr.","Irónica, afilada y emocionalmente incómoda, El drama confirma a Kristoffer Borgli como una de las voces más singulares del cine contemporáneo. A partir de una relación de pareja llevada al límite, la película explora con humor incómodo y lucidez las dinámicas afectivas, la percepción pública y la construcción del relato personal. Con Robert Pattinson y Zendaya al frente, Borgli construye una historia tan contemporánea como inquietante, donde lo íntimo y lo performativo se entrelazan constantemente. Una mirada provocadora y muy actual sobre el amor en tiempos de exposición permanente. “Una mirada incisiva sobre las relaciones contemporáneas.” — El País “Borgli confirma su voz única.” — Fotogramas “Incómoda, inteligente y muy actual.” — Cinemanía “Provocadora y sorprendente.” — The Guardian “Pattinson y Zendaya brillan con intensidad.” — Variety"
EL DRAMA,Kristoffer Borgli,106,10,17:55,2026-07-02,Renoir Princesa,https://www.pillalas.com/pase/1076208/,https://www.cinesrenoir.com/pelicula/el-drama/,https://media.pillalas.com/imagenes/726afb526abffa833c26769a2d0f648f239a18f56e93a09c45c7c77c2bf1a8ee48c54930.jpg,Inglés,No recomendada para menores de 16 años,Viernes 29 Mayo 2026,"Zendaya, Robert Pattinson, Alana Haim, Mamoudou Athie, Yaya Gosselin, Michael Abbott Jr.","Irónica, afilada y emocionalmente incómoda, El drama confirma a Kristoffer Borgli como una de las voces más singulares del cine contemporáneo. A partir de una relación de pareja llevada al límite, la película explora con humor incómodo y lucidez las dinámicas afectivas, la percepción pública y la construcción del relato personal. Con Robert Pattinson y Zendaya al frente, Borgli construye una historia tan contemporánea como inquietante, donde lo íntimo y lo performativo se entrelazan constantemente. Una mirada provocadora y muy actual sobre el amor en tiempos de exposición permanente. “Una mirada incisiva sobre las relaciones contemporáneas.” — El País “Borgli confirma su voz única.” — Fotogramas “Incómoda, inteligente y muy actual.” — Cinemanía “Provocadora y sorprendente.” — The Guardian “Pattinson y Zendaya brillan con intensidad.” — Variety"
EL DRAMA,Kristoffer Borgli,106,10,20:00,2026-07-02,Renoir Princesa,https://www.pillalas.com/pase/1076212/,https://www.cinesrenoir.com/pelicula/el-drama/,https://media.pillalas.com/imagenes/726afb526abffa833c26769a2d0f648f239a18f56e93a09c45c7c77c2bf1a8ee48c54930.jpg,Inglés,No recomendada para menores de 16 años,Viernes 29 Mayo 2026,"Zendaya, Robert Pattinson, Alana Haim, Mamoudou Athie, Yaya Gosselin, Michael Abbott Jr.","Irónica, afilada y emocionalmente incómoda, El drama confirma a Kristoffer Borgli como una de las voces más singulares del cine contemporáneo. A partir de una relación de pareja llevada al límite, la película explora con humor incómodo y lucidez las dinámicas afectivas, la percepción pública y la construcción del relato personal. Con Robert Pattinson y Zendaya al frente, Borgli construye una historia tan contemporánea como inquietante, donde lo íntimo y lo performativo se entrelazan constantemente. Una mirada provocadora y muy actual sobre el amor en tiempos de exposición permanente. “Una mirada incisiva sobre las relaciones contemporáneas.” — El País “Borgli confirma su voz única.” — Fotogramas “Incómoda, inteligente y muy actual.” — Cinemanía “Provocadora y sorprendente.” — The Guardian “Pattinson y Zendaya brillan con intensidad.” — Variety"
EL DRAMA,Kristoffer Borgli,106,10,22:00,2026-07-02,Renoir Princesa,https://www.pillalas.com/pase/1076216/,https://www.cinesrenoir.com/pelicula/el-drama/,https://media.pillalas.com/imagenes/726afb526abffa833c26769a2d0f648f239a18f56e93a09c45c7c77c2bf1a8ee48c54930.jpg,Inglés,No recomendada para menores de 16 años,Viernes 29 Mayo 2026,"Zendaya, Robert Pattinson, Alana Haim, Mamoudou Athie, Yaya Gosselin, Michael Abbott Jr.","Irónica, afilada y emocionalmente incómoda, El drama confirma a Kristoffer Borgli como una de las voces más singulares del cine contemporáneo. A partir de una relación de pareja llevada al límite, la película explora con humor incómodo y lucidez las dinámicas afectivas, la percepción pública y la construcción del relato personal. Con Robert Pattinson y Zendaya al frente, Borgli construye una historia tan contemporánea como inquietante, donde lo íntimo y lo performativo se entrelazan constantemente. Una mirada provocadora y muy actual sobre el amor en tiempos de exposición permanente. “Una mirada incisiva sobre las relaciones contemporáneas.” — El País “Borgli confirma su voz única.” — Fotogramas “Incómoda, inteligente y muy actual.” — Cinemanía “Provocadora y sorprendente.” — The Guardian “Pattinson y Zendaya brillan con intensidad.” — Variety"
EL DÍA DE LA REVELACIÓN,Steven Spielberg,145,09,16:10,2026-07-02,Renoir Princesa,https://www.pillalas.com/pase/1076207/,https://www.cinesrenoir.com/pelicula/el-dia-de-la-revelacion/,https://media.pillalas.com/imagenes/726afb526abffa8309e287b6a9937a9056794979929b0d994d7cb0244506ea87665540d6.jpg,Inglés,No recomendada para menores de 12 años,Viernes 12 Junio 2026,"Emily Blunt, Josh O Connor, Colin Firth, Eve Hewson, Colman Domingo","Si descubrieras que no estamos solos, si alguien te abriera los ojos y te lo demostrase, ¿te asustarías? En verano de 2026, la verdad será revelada a siete mil millones de personas."
EL DÍA DE LA REVELACIÓN,Steven Spielberg,145,09,18:50,2026-07-02,Renoir Princesa,https://www.pillalas.com/pase/1076211/,https://www.cinesrenoir.com/pelicula/el-dia-de-la-revelacion/,https://media.pillalas.com/imagenes/726afb526abffa8309e287b6a9937a9056794979929b0d994d7cb0244506ea87665540d6.jpg,Inglés,No recomendada para menores de 12 años,Viernes 12 Junio 2026,"Emily Blunt, Josh O Connor, Colin Firth, Eve Hewson, Colman Domingo","Si descubrieras que no estamos solos, si alguien te abriera los ojos y te lo demostrase, ¿te asustarías? En verano de 2026, la verdad será revelada a siete mil millones de personas."
EL DÍA DE LA REVELACIÓN,Steven Spielberg,145,05,20:20,2026-07-02,Renoir Princesa,https://www.pillalas.com/pase/1076115/,https://www.cinesrenoir.com/pelicula/el-dia-de-la-revelacion/,https://media.pillalas.com/imagenes/726afb526abffa8309e287b6a9937a9056794979929b0d994d7cb0244506ea87665540d6.jpg,Inglés,No recomendada para menores de 12 años,Viernes 12 Junio 2026,"Emily Blunt, Josh O Connor, Colin Firth, Eve Hewson, Colman Domingo","Si descubrieras que no estamos solos, si alguien te abriera los ojos y te lo demostrase, ¿te asustarías? En verano de 2026, la verdad será revelada a siete mil millones de personas."
EL DÍA DE LA REVELACIÓN,Steven Spielberg,145,09,21:40,2026-07-02,Renoir Princesa,https://www.pillalas.com/pase/1076215/,https://www.cinesrenoir.com/pelicula/el-dia-de-la-revelacion/,https://media.pillalas.com/imagenes/726afb526abffa8309e287b6a9937a9056794979929b0d994d7cb0244506ea87665540d6.jpg,Inglés,No recomendada para menores de 12 años,Viernes 12 Junio 2026,"Emily Blunt, Josh O Connor, Colin Firth, Eve Hewson, Colman Domingo","Si descubrieras que no estamos solos, si alguien te abriera los ojos y te lo demostrase, ¿te asustarías? En verano de 2026, la verdad será revelada a siete mil millones de personas."
LA LUZ,Fernando Franco,120,03,16:00,2026-07-02,Renoir Princesa,https://www.pillalas.com/pase/1076058/,https://www.cinesrenoir.com/pelicula/la-luz/,https://media.pillalas.com/imagenes/726afb526abffa8317677ca937a736c27e9f6bb2a52b26d33997b3aaabb603e6e12a45f0.jpg,Castellano,No recomendada para menores de 16 años,Viernes 5 Junio 2026,"Alberto San Juan, Pedro Casablanc, Miguel Rellán, María Galiana, Luis Callejo, Ramón Barea, Pablo Gómez Pando, Nacho Sánchez, Santiago Mayorga, Antonio Zafra, Itziar Aizpuru","“La Luz” es la historia de un párroco acorralado por la culpa, que deberá desafiar a la institución que lo protegió en un viaje hacia la honestidad."
LA LUZ,Fernando Franco,120,02,18:00,2026-07-02,Renoir Princesa,https://www.pillalas.com/pase/1076061/,https://www.cinesrenoir.com/pelicula/la-luz/,https://media.pillalas.com/imagenes/726afb526abffa8317677ca937a736c27e9f6bb2a52b26d33997b3aaabb603e6e12a45f0.jpg,Castellano,No recomendada para menores de 16 años,Viernes 5 Junio 2026,"Alberto San Juan, Pedro Casablanc, Miguel Rellán, María Galiana, Luis Callejo, Ramón Barea, Pablo Gómez Pando, Nacho Sánchez, Santiago Mayorga, Antonio Zafra, Itziar Aizpuru","“La Luz” es la historia de un párroco acorralado por la culpa, que deberá desafiar a la institución que lo protegió en un viaje hacia la honestidad."
LA LUZ,Fernando Franco,120,07,22:00,2026-07-02,Renoir Princesa,https://www.pillalas.com/pase/1076217/,https://www.cinesrenoir.com/pelicula/la-luz/,https://media.pillalas.com/imagenes/726afb526abffa8317677ca937a736c27e9f6bb2a52b26d33997b3aaabb603e6e12a45f0.jpg,Castellano,No recomendada para menores de 16 años,Viernes 5 Junio 2026,"Alberto San Juan, Pedro Casablanc, Miguel Rellán, María Galiana, Luis Callejo, Ramón Barea, Pablo Gómez Pando, Nacho Sánchez, Santiago Mayorga, Antonio Zafra, Itziar Aizpuru","“La Luz” es la historia de un párroco acorralado por la culpa, que deberá desafiar a la institución que lo protegió en un viaje hacia la honestidad."
LETRAS ROBADAS,John Carney,98,11,15:50,2026-07-02,Renoir Princesa,https://www.pillalas.com/pase/1076243/,https://www.cinesrenoir.com/pelicula/letras-robadas/,https://media.pillalas.com/imagenes/726afb526abffa83a0d9791d64d1078fecc35b3f6dfaaed9ab05ae74e5aba2420b650147.jpg,Inglés,No recomendada para menores de 12 años,Viernes 26 Junio 2026,"Paul Rudd, Nick Jonas, Naoimh Whelton, Havana Rose Liu, Jack Reynor, Rory Keenan, Peter Mcdonald, Keith Mcerlean, Sophie Vavasseur, Paul Reid, Juliette Crosbie, Robert Mitchell, Kelly Thornton, Marcella Plunkett, Mae Higgins","Rick (Paul Rudd) es un cantante y compositor que se gana la vida como puede actuando en bodas con su grupo. Danny (Nick Jonas), en cambio, es una súper estrella del pop en pleno auge. Tras conocerse por casualidad, Danny lanza un nuevo single que se convierte en todo un éxito mundial, pero Rick le acusa de haberle robado esa canción."
LOS ÚLTIMOS DÍAS DE MARIA ANTONIETA,Gianluca Jodice,101,07,16:00,2026-07-02,Renoir Princesa,https://www.pillalas.com/pase/1076205/,https://www.cinesrenoir.com/pelicula/los-ultimos-dias-de-maria-antonieta/,https://media.pillalas.com/imagenes/726afb526abffa83afd62aedf957bc47764dd9df4798120b6f3983b2c1698fb2d2196fff.jpg,Francés,No recomendada para menores de 12 años,Viernes 26 Junio 2026,"Guillaume Canet, Mélanie Laurent, Aurore Broutin, Hugo Dillon, Fabrizio Rongione, Anouk Darwin Homewood, Tom Hudson, Roxane Duran","París, 1792. La revolución del pueblo francés ha triunfado y el rey Luis XVI, junto a su esposa María Antonieta y sus hijos, son arrestados y encarcelados en la Tour du Temple, un siniestro castillo de París, a la espera de su juicio. Lejos del esplendor, los privilegios y las riquezas, la familia se encuentra aislada y vulnerable por primera vez en sus vidas. Estos serán los turbulentos últimos días de ambos monarcas antes de su histórica ejecución en la guillotina."
LOS ÚLTIMOS DÍAS DE MARIA ANTONIETA,Gianluca Jodice,101,07,18:00,2026-07-02,Renoir Princesa,https://www.pillalas.com/pase/1076209/,https://www.cinesrenoir.com/pelicula/los-ultimos-dias-de-maria-antonieta/,https://media.pillalas.com/imagenes/726afb526abffa83afd62aedf957bc47764dd9df4798120b6f3983b2c1698fb2d2196fff.jpg,Francés,No recomendada para menores de 12 años,Viernes 26 Junio 2026,"Guillaume Canet, Mélanie Laurent, Aurore Broutin, Hugo Dillon, Fabrizio Rongione, Anouk Darwin Homewood, Tom Hudson, Roxane Duran","París, 1792. La revolución del pueblo francés ha triunfado y el rey Luis XVI, junto a su esposa María Antonieta y sus hijos, son arrestados y encarcelados en la Tour du Temple, un siniestro castillo de París, a la espera de su juicio. Lejos del esplendor, los privilegios y las riquezas, la familia se encuentra aislada y vulnerable por primera vez en sus vidas. Estos serán los turbulentos últimos días de ambos monarcas antes de su histórica ejecución en la guillotina."
LOS ÚLTIMOS DÍAS DE MARIA ANTONIETA,Gianluca Jodice,101,07,20:00,2026-07-02,Renoir Princesa,https://www.pillalas.com/pase/1076213/,https://www.cinesrenoir.com/pelicula/los-ultimos-dias-de-maria-antonieta/,https://media.pillalas.com/imagenes/726afb526abffa83afd62aedf957bc47764dd9df4798120b6f3983b2c1698fb2d2196fff.jpg,Francés,No recomendada para menores de 12 años,Viernes 26 Junio 2026,"Guillaume Canet, Mélanie Laurent, Aurore Broutin, Hugo Dillon, Fabrizio Rongione, Anouk Darwin Homewood, Tom Hudson, Roxane Duran","París, 1792. La revolución del pueblo francés ha triunfado y el rey Luis XVI, junto a su esposa María Antonieta y sus hijos, son arrestados y encarcelados en la Tour du Temple, un siniestro castillo de París, a la espera de su juicio. Lejos del esplendor, los privilegios y las riquezas, la familia se encuentra aislada y vulnerable por primera vez en sus vidas. Estos serán los turbulentos últimos días de ambos monarcas antes de su histórica ejecución en la guillotina."
MORIR NO SIEMPRE SALE BIEN,Claudia Pinto Emperador,97,06,18:10,2026-07-02,Renoir Princesa,https://www.pillalas.com/pase/1076113/,https://www.cinesrenoir.com/pelicula/morir-no-siempre-sale-bien/,https://media.pillalas.com/imagenes/726afb526abffa83986c754a9abaa4b59e3f299864e39864a171194882afbcf70e409a28.jpg,Valenciano,No recomendada para menores de 12 años,Viernes 26 Junio 2026,"Tamara Casellas, Ana Wagener, Juan Carlos Vellido, Pau Durà, Carmen Arrufat, Daniel Pérez Prada, Raúl Prieto, Paula Muñoz, Jorge Motos, Roberto Hoyo","El marido y el hermano de Rosario se han quedado sin trabajo tras un despido improcedente. Para pagar sus deudas deciden secuestrar el cadáver de su jefe y pedir un rescate. Pero Inés, la adinerada mujer del muerto, y sus hijos tienen otros planes. A pesar de pertenecer a mundos totalmente distintos, ambas familias se verán obligadas a intercambiar mucho más que un cuerpo."
OBSESSION,Curry Barker,108,06,16:00,2026-07-02,Renoir Princesa,https://www.pillalas.com/pase/1076112/,https://www.cinesrenoir.com/pelicula/obsession/,https://media.pillalas.com/imagenes/726afb526abffa83ff7ee6f6d82de986b738cc661278e7a30ccd2f1e4538348bdd98f544.jpg,Inglés,No recomendada para menores de 18 años,Viernes 26 Junio 2026,"Michael Johnston, Inde Navarrette, Cooper Tomlinson, Megan Lawless, Andy Richter","Tras usar un misterioso objeto para conquistar a su amor platónico, un romántico empedernido verá cumplido su mayor anhelo... pero no tardará en descubrir el oscuro y siniestro precio de algunos deseos."
OBSESSION,Curry Barker,108,11,17:45,2026-07-02,Renoir Princesa,https://www.pillalas.com/pase/1076244/,https://www.cinesrenoir.com/pelicula/obsession/,https://media.pillalas.com/imagenes/726afb526abffa83ff7ee6f6d82de986b738cc661278e7a30ccd2f1e4538348bdd98f544.jpg,Inglés,No recomendada para menores de 18 años,Viernes 26 Junio 2026,"Michael Johnston, Inde Navarrette, Cooper Tomlinson, Megan Lawless, Andy Richter","Tras usar un misterioso objeto para conquistar a su amor platónico, un romántico empedernido verá cumplido su mayor anhelo... pero no tardará en descubrir el oscuro y siniestro precio de algunos deseos."
OBSESSION,Curry Barker,108,11,19:50,2026-07-02,Renoir Princesa,https://www.pillalas.com/pase/1076245/,https://www.cinesrenoir.com/pelicula/obsession/,https://media.pillalas.com/imagenes/726afb526abffa83ff7ee6f6d82de986b738cc661278e7a30ccd2f1e4538348bdd98f544.jpg,Inglés,No recomendada para menores de 18 años,Viernes 26 Junio 2026,"Michael Johnston, Inde Navarrette, Cooper Tomlinson, Megan Lawless, Andy Richter","Tras usar un misterioso objeto para conquistar a su amor platónico, un romántico empedernido verá cumplido su mayor anhelo... pero no tardará en descubrir el oscuro y siniestro precio de algunos deseos."
OBSESSION,Curry Barker,108,11,22:00,2026-07-02,Renoir Princesa,https://www.pillalas.com/pase/1076246/,https://www.cinesrenoir.com/pelicula/obsession/,https://media.pillalas.com/imagenes/726afb526abffa83ff7ee6f6d82de986b738cc661278e7a30ccd2f1e4538348bdd98f544.jpg,Inglés,No recomendada para menores de 18 años,Viernes 26 Junio 2026,"Michael Johnston, Inde Navarrette, Cooper Tomlinson, Megan Lawless, Andy Richter","Tras usar un misterioso objeto para conquistar a su amor platónico, un romántico empedernido verá cumplido su mayor anhelo... pero no tardará en descubrir el oscuro y siniestro precio de algunos deseos."
PIONERAS. SOLO QUERÍAN JUGAR,Marta Díaz De Lope Díaz,106,05,18:15,2026-07-02,Renoir Princesa,https://www.pillalas.com/pase/1076114/,https://www.cinesrenoir.com/pelicula/pioneras-solo-querian-jugar/,https://media.pillalas.com/imagenes/726afb526abffa83841aa9dea3bcfbd31547abab2849e44376088aef30139d6a3ea3caa9.jpg,Castellano,No recomendada para menores de 12 años y distintivo especialmente recomendada para el fomento de la igualdad de género,Viernes 12 Junio 2026,"Daniel Ibáñez, Aixa Villagrán, Sofía De Iznájar, Bruna Lucadamo, Nora Otxoteko, Leire Aguiar, Lorea Carballo, Miriam Rubio, José Troncoso, Carmen Ruiz, Alejandro Casaseca, Carmen Flores Sandoval, Pepa Aniorte, Elena Irureta, Jordi Sánchez","En la España de principios de los años 70, con el franquismo aún profundamente arraigado, un grupo de jovencísimas y ninguneadas cracks del balón y un soñador promotor deportivo unen fuerzas para romper barreras e iniciar lo que será la historia del fútbol femenino en nuestro país."
PÁLIDA LUZ EN LAS COLINAS,Kei Ishikawa,123,01,17:55,2026-07-02,Renoir Princesa,https://www.pillalas.com/pase/1076060/,https://www.cinesrenoir.com/pelicula/palida-luz-en-las-colinas/,https://media.pillalas.com/imagenes/726afb526abffa83e4357c50c96a83c50f18819346a98eb6216eec09df73d273ecaa49c3.jpg,Japonés,No recomendada para menores de 12 años,Viernes 26 Junio 2026,"Suzu Hirose, Fumi Nikaido, Yoh Yoshida, Camilla Aiko, Kohei Matsushita, Tomokazu Miura, Romain Danna, Lynette Edwards, Rie Shibata, Daichi Watanabe, Ruby Young","Inglaterra, 1982. Etsuko rememora junto a su hija Nikki su juventud en Nagasaki, evocando un pasado de relaciones y decisiones que marcaron para siempre su vida y la de sus hijas. Sin embargo, cuanto más se internan en esa memoria, más claro resulta que esos recuerdos encierran secretos capaces de alterar la vida de ambas."
PÁLIDA LUZ EN LAS COLINAS,Kei Ishikawa,123,08,20:05,2026-07-02,Renoir Princesa,https://www.pillalas.com/pase/1076214/,https://www.cinesrenoir.com/pelicula/palida-luz-en-las-colinas/,https://media.pillalas.com/imagenes/726afb526abffa83e4357c50c96a83c50f18819346a98eb6216eec09df73d273ecaa49c3.jpg,Japonés,No recomendada para menores de 12 años,Viernes 26 Junio 2026,"Suzu Hirose, Fumi Nikaido, Yoh Yoshida, Camilla Aiko, Kohei Matsushita, Tomokazu Miura, Romain Danna, Lynette Edwards, Rie Shibata, Daichi Watanabe, Ruby Young","Inglaterra, 1982. Etsuko rememora junto a su hija Nikki su juventud en Nagasaki, evocando un pasado de relaciones y decisiones que marcaron para siempre su vida y la de sus hijas. Sin embargo, cuanto más se internan en esa memoria, más claro resulta que esos recuerdos encierran secretos capaces de alterar la vida de ambas."
PÁLIDA LUZ EN LAS COLINAS,Kei Ishikawa,123,01,22:10,2026-07-02,Renoir Princesa,https://www.pillalas.com/pase/1076067/,https://www.cinesrenoir.com/pelicula/palida-luz-en-las-colinas/,https://media.pillalas.com/imagenes/726afb526abffa83e4357c50c96a83c50f18819346a98eb6216eec09df73d273ecaa49c3.jpg,Japonés,No recomendada para menores de 12 años,Viernes 26 Junio 2026,"Suzu Hirose, Fumi Nikaido, Yoh Yoshida, Camilla Aiko, Kohei Matsushita, Tomokazu Miura, Romain Danna, Lynette Edwards, Rie Shibata, Daichi Watanabe, Ruby Young","Inglaterra, 1982. Etsuko rememora junto a su hija Nikki su juventud en Nagasaki, evocando un pasado de relaciones y decisiones que marcaron para siempre su vida y la de sus hijas. Sin embargo, cuanto más se internan en esa memoria, más claro resulta que esos recuerdos encierran secretos capaces de alterar la vida de ambas."
SUPERGIRL,Craig Gillespie,108,04,16:00,2026-07-02,Renoir Princesa,https://www.pillalas.com/pase/1076057/,https://www.cinesrenoir.com/pelicula/supergirl/,https://media.pillalas.com/imagenes/726afb526abffa83ab19c53872ccbcd4477279df0be8ea4311f1bff02899269c5834219f.jpg,Inglés,Pendiente de calificación,Viernes 26 Junio 2026,"Milly Alcock, David Corenswet, Eve Ridley, Matthias Schoenaerts, Diarmaid Murtagh, Ferdinand Kingsley, Jason Momoa, Emily Piggford, Bruce Lennox, Audrey Brisson, Avye Leventis, Wil Coban, Keeley Forsyth, David Krumholtz, Paul Hunter, Charlie Rawes, Leo Bill, Craig Binning, Clara Rosager, Heather Agyepong, Alice Hewkin, Luke Rollason, Adam Young, Thalissa Teixeira, Winnie Ama","Cuando un adversario inesperado y despiadado ataca demasiado cerca, Kara Zor-El, alias Supergirl, se une a regañadientes a un improbable compañero para un viaje épico e interestelar de venganza y justicia."
SUPERGIRL,Craig Gillespie,108,04,18:05,2026-07-02,Renoir Princesa,https://www.pillalas.com/pase/1076062/,https://www.cinesrenoir.com/pelicula/supergirl/,https://media.pillalas.com/imagenes/726afb526abffa83ab19c53872ccbcd4477279df0be8ea4311f1bff02899269c5834219f.jpg,Inglés,Pendiente de calificación,Viernes 26 Junio 2026,"Milly Alcock, David Corenswet, Eve Ridley, Matthias Schoenaerts, Diarmaid Murtagh, Ferdinand Kingsley, Jason Momoa, Emily Piggford, Bruce Lennox, Audrey Brisson, Avye Leventis, Wil Coban, Keeley Forsyth, David Krumholtz, Paul Hunter, Charlie Rawes, Leo Bill, Craig Binning, Clara Rosager, Heather Agyepong, Alice Hewkin, Luke Rollason, Adam Young, Thalissa Teixeira, Winnie Ama","Cuando un adversario inesperado y despiadado ataca demasiado cerca, Kara Zor-El, alias Supergirl, se une a regañadientes a un improbable compañero para un viaje épico e interestelar de venganza y justicia."
SUPERGIRL,Craig Gillespie,108,04,20:10,2026-07-02,Renoir Princesa,https://www.pillalas.com/pase/1076064/,https://www.cinesrenoir.com/pelicula/supergirl/,https://media.pillalas.com/imagenes/726afb526abffa83ab19c53872ccbcd4477279df0be8ea4311f1bff02899269c5834219f.jpg,Inglés,Pendiente de calificación,Viernes 26 Junio 2026,"Milly Alcock, David Corenswet, Eve Ridley, Matthias Schoenaerts, Diarmaid Murtagh, Ferdinand Kingsley, Jason Momoa, Emily Piggford, Bruce Lennox, Audrey Brisson, Avye Leventis, Wil Coban, Keeley Forsyth, David Krumholtz, Paul Hunter, Charlie Rawes, Leo Bill, Craig Binning, Clara Rosager, Heather Agyepong, Alice Hewkin, Luke Rollason, Adam Young, Thalissa Teixeira, Winnie Ama","Cuando un adversario inesperado y despiadado ataca demasiado cerca, Kara Zor-El, alias Supergirl, se une a regañadientes a un improbable compañero para un viaje épico e interestelar de venganza y justicia."
SUPERGIRL,Craig Gillespie,108,04,22:15,2026-07-02,Renoir Princesa,https://www.pillalas.com/pase/1076069/,https://www.cinesrenoir.com/pelicula/supergirl/,https://media.pillalas.com/imagenes/726afb526abffa83ab19c53872ccbcd4477279df0be8ea4311f1bff02899269c5834219f.jpg,Inglés,Pendiente de calificación,Viernes 26 Junio 2026,"Milly Alcock, David Corenswet, Eve Ridley, Matthias Schoenaerts, Diarmaid Murtagh, Ferdinand Kingsley, Jason Momoa, Emily Piggford, Bruce Lennox, Audrey Brisson, Avye Leventis, Wil Coban, Keeley Forsyth, David Krumholtz, Paul Hunter, Charlie Rawes, Leo Bill, Craig Binning, Clara Rosager, Heather Agyepong, Alice Hewkin, Luke Rollason, Adam Young, Thalissa Teixeira, Winnie Ama","Cuando un adversario inesperado y despiadado ataca demasiado cerca, Kara Zor-El, alias Supergirl, se une a regañadientes a un improbable compañero para un viaje épico e interestelar de venganza y justicia."
TOY STORY 5,"Mckenna Harris, Andrew Stanton",101,02,16:00,2026-07-02,Renoir Princesa,https://www.pillalas.com/pase/1076059/,https://www.cinesrenoir.com/pelicula/toy-story-5/,https://media.pillalas.com/imagenes/726afb526abffa838a456bed6d0f9a7c9af3e476430cb99b9b7924219be4a2e77fa421a0.jpg,Inglés,Apta para todos los públicos y distintivo especialmente recomendada para la infancia,Miércoles 17 Junio 2026,Animación,"Los juguetes están de vuelta. Esta vez, Buzz Lightyear, Woody, Jessie y el resto de la pandilla se enfrentan a un nuevo reto cuando conocen a Lilypad , una nueva tablet que llega con sus propias ideas disruptivas sobre lo que es mejor para Bonnie. ¿Volverá a ser lo mismo la hora de jugar?"
TOY STORY 5,"Mckenna Harris, Andrew Stanton",101,03,18:15,2026-07-02,Renoir Princesa,https://www.pillalas.com/pase/1076063/,https://www.cinesrenoir.com/pelicula/toy-story-5/,https://media.pillalas.com/imagenes/726afb526abffa838a456bed6d0f9a7c9af3e476430cb99b9b7924219be4a2e77fa421a0.jpg,Inglés,Apta para todos los públicos y distintivo especialmente recomendada para la infancia,Miércoles 17 Junio 2026,Animación,"Los juguetes están de vuelta. Esta vez, Buzz Lightyear, Woody, Jessie y el resto de la pandilla se enfrentan a un nuevo reto cuando conocen a Lilypad , una nueva tablet que llega con sus propias ideas disruptivas sobre lo que es mejor para Bonnie. ¿Volverá a ser lo mismo la hora de jugar?"
TOY STORY 5,"Mckenna Harris, Andrew Stanton",101,03,20:15,2026-07-02,Renoir Princesa,https://www.pillalas.com/pase/1076066/,https://www.cinesrenoir.com/pelicula/toy-story-5/,https://media.pillalas.com/imagenes/726afb526abffa838a456bed6d0f9a7c9af3e476430cb99b9b7924219be4a2e77fa421a0.jpg,Inglés,Apta para todos los públicos y distintivo especialmente recomendada para la infancia,Miércoles 17 Junio 2026,Animación,"Los juguetes están de vuelta. Esta vez, Buzz Lightyear, Woody, Jessie y el resto de la pandilla se enfrentan a un nuevo reto cuando conocen a Lilypad , una nueva tablet que llega con sus propias ideas disruptivas sobre lo que es mejor para Bonnie. ¿Volverá a ser lo mismo la hora de jugar?"
UN TALENTO ÚNICO,Daniel Roher,107,03,22:15,2026-07-02,Renoir Princesa,https://www.pillalas.com/pase/1076068/,https://www.cinesrenoir.com/pelicula/un-talento-unico/,https://media.pillalas.com/imagenes/726afb526abffa8328ed8d44e9f29b219dc5c0acbef948ae809535159b834c8652582f9e.jpg,Inglés,No recomendada para menores de 16 años,Viernes 12 Junio 2026,"Leo Woodall, Dustin Hoffman, Havana Rose Liu, Lior Raz, Tovah Feldshuh, Nissan Sakira, Gil Cohen, Jean Reno, C. S. Lee","Un talentoso afinador de pianos que padece hiperacusia descubre una aptitud única para abrir cajas fuertes, que le llevará a un peligroso mundo."
15 PRUEBAS DE AMOR,Alice Douard,97,05,16:00,2026-06-25,Renoir Plaza de España,https://www.pillalas.com/pase/1075156/,https://www.cinesrenoir.com/pelicula/15-pruebas-de-amor/,https://media.pillalas.com/imagenes/726afb526abffa83e391391418df6f04ce74aa21d25dce1a006ceaa76b8c3192b706f943.jpg,Francés,Pendiente de calificación,Viernes 19 Junio 2026,"Ella Rumpf, Monia Chokri, Noémie Lvovsky, Emy Juretzko, Julien Gaspar-Oliveri, Jeanne Herry, Aude Pépin, Philippe Petit, Anne Le Ny, Émilie Brisavoine, Hammou Graïa, Tom Harari, Pauline Bayle, Félix Kysyl","Céline espera su primer hijo. Pero no es ella quien está embarazada. En tres meses, su esposa Nadia dará a luz a su hija. Bajo la mirada de sus amigos, de su madre y de la ley, Céline busca su lugar y su sentido de la legitimidad, mientras lucha contra un sistema que le pone trabas para conseguir lo único que desea, ser la madre de su propia hija."
15 PRUEBAS DE AMOR,Alice Douard,97,05,18:00,2026-06-25,Renoir Plaza de España,https://www.pillalas.com/pase/1075157/,https://www.cinesrenoir.com/pelicula/15-pruebas-de-amor/,https://media.pillalas.com/imagenes/726afb526abffa83e391391418df6f04ce74aa21d25dce1a006ceaa76b8c3192b706f943.jpg,Francés,Pendiente de calificación,Viernes 19 Junio 2026,"Ella Rumpf, Monia Chokri, Noémie Lvovsky, Emy Juretzko, Julien Gaspar-Oliveri, Jeanne Herry, Aude Pépin, Philippe Petit, Anne Le Ny, Émilie Brisavoine, Hammou Graïa, Tom Harari, Pauline Bayle, Félix Kysyl","Céline espera su primer hijo. Pero no es ella quien está embarazada. En tres meses, su esposa Nadia dará a luz a su hija. Bajo la mirada de sus amigos, de su madre y de la ley, Céline busca su lugar y su sentido de la legitimidad, mientras lucha contra un sistema que le pone trabas para conseguir lo único que desea, ser la madre de su propia hija."
15 PRUEBAS DE AMOR,Alice Douard,97,05,20:00,2026-06-25,Renoir Plaza de España,https://www.pillalas.com/pase/1075159/,https://www.cinesrenoir.com/pelicula/15-pruebas-de-amor/,https://media.pillalas.com/imagenes/726afb526abffa83e391391418df6f04ce74aa21d25dce1a006ceaa76b8c3192b706f943.jpg,Francés,Pendiente de calificación,Viernes 19 Junio 2026,"Ella Rumpf, Monia Chokri, Noémie Lvovsky, Emy Juretzko, Julien Gaspar-Oliveri, Jeanne Herry, Aude Pépin, Philippe Petit, Anne Le Ny, Émilie Brisavoine, Hammou Graïa, Tom Harari, Pauline Bayle, Félix Kysyl","Céline espera su primer hijo. Pero no es ella quien está embarazada. En tres meses, su esposa Nadia dará a luz a su hija. Bajo la mirada de sus amigos, de su madre y de la ley, Céline busca su lugar y su sentido de la legitimidad, mientras lucha contra un sistema que le pone trabas para conseguir lo único que desea, ser la madre de su propia hija."
15 PRUEBAS DE AMOR,Alice Douard,97,05,22:00,2026-06-25,Renoir Plaza de España,https://www.pillalas.com/pase/1075161/,https://www.cinesrenoir.com/pelicula/15-pruebas-de-amor/,https://media.pillalas.com/imagenes/726afb526abffa83e391391418df6f04ce74aa21d25dce1a006ceaa76b8c3192b706f943.jpg,Francés,Pendiente de calificación,Viernes 19 Junio 2026,"Ella Rumpf, Monia Chokri, Noémie Lvovsky, Emy Juretzko, Julien Gaspar-Oliveri, Jeanne Herry, Aude Pépin, Philippe Petit, Anne Le Ny, Émilie Brisavoine, Hammou Graïa, Tom Harari, Pauline Bayle, Félix Kysyl","Céline espera su primer hijo. Pero no es ella quien está embarazada. En tres meses, su esposa Nadia dará a luz a su hija. Bajo la mirada de sus amigos, de su madre y de la ley, Céline busca su lugar y su sentido de la legitimidad, mientras lucha contra un sistema que le pone trabas para conseguir lo único que desea, ser la madre de su propia hija."
LA GRAZIA,Paolo Sorrentino,132,04,15:50,2026-06-25,Renoir Plaza de España,https://www.pillalas.com/pase/1075155/,https://www.cinesrenoir.com/pelicula/la-grazia/,https://media.pillalas.com/imagenes/726afb526abffa83c3be0b516c5fe20d16fbf7645320946527da276b1bc1ba4b27744cb3.jpg,Italiano,No recomendada para menores de 12 años,Miércoles 1 Abril 2026,"Toni Servillo, Anna Ferzetti, Orlando Cinque, Massimo Venturiello, Milvia Marigliano","El mandato de Mariano De Santis como presidente de Italia llega a su fin y se ve obligado a tomar desgarradoras decisiones políticas y personales. Entre dilemas morales, debe enfrentarse a su propia conciencia y buscar consejo en sus seres más cercanos, entre ellos Dorotea, su confidente e hija."
LA GRAZIA,Paolo Sorrentino,132,04,18:20,2026-06-25,Renoir Plaza de España,https://www.pillalas.com/pase/1075158/,https://www.cinesrenoir.com/pelicula/la-grazia/,https://media.pillalas.com/imagenes/726afb526abffa83c3be0b516c5fe20d16fbf7645320946527da276b1bc1ba4b27744cb3.jpg,Italiano,No recomendada para menores de 12 años,Miércoles 1 Abril 2026,"Toni Servillo, Anna Ferzetti, Orlando Cinque, Massimo Venturiello, Milvia Marigliano","El mandato de Mariano De Santis como presidente de Italia llega a su fin y se ve obligado a tomar desgarradoras decisiones políticas y personales. Entre dilemas morales, debe enfrentarse a su propia conciencia y buscar consejo en sus seres más cercanos, entre ellos Dorotea, su confidente e hija."
LA GRAZIA,Paolo Sorrentino,132,04,20:45,2026-06-25,Renoir Plaza de España,https://www.pillalas.com/pase/1075160/,https://www.cinesrenoir.com/pelicula/la-grazia/,https://media.pillalas.com/imagenes/726afb526abffa83c3be0b516c5fe20d16fbf7645320946527da276b1bc1ba4b27744cb3.jpg,Italiano,No recomendada para menores de 12 años,Miércoles 1 Abril 2026,"Toni Servillo, Anna Ferzetti, Orlando Cinque, Massimo Venturiello, Milvia Marigliano","El mandato de Mariano De Santis como presidente de Italia llega a su fin y se ve obligado a tomar desgarradoras decisiones políticas y personales. Entre dilemas morales, debe enfrentarse a su propia conciencia y buscar consejo en sus seres más cercanos, entre ellos Dorotea, su confidente e hija."
REMANDO AL VIENTO,Gonzalo Suárez,110,01,19:00,2026-06-25,Renoir Plaza de España,https://www.pillalas.com/pase/1073150/,https://www.cinesrenoir.com/pelicula/remando-al-viento/,https://media.pillalas.com/imagenes/726afb526abffa83711a3434bdb926327fec472f727c3ff3f7169b6e63b075bf224a1b88.jpg,Inglés,No recomendada para menores de 12 años,Jueves 25 Junio 2026,"Hugh Grant, Lizzy Mcinnerny, Valentine Pelka, Elizabeth Hurley, José Luis Gómez, Virginia Mataix, Bibiana Fernández (Aka Bibí Andersen), Josep María Pou, Miguel Picazo, José Carlos Rivas, Aitana Sánchez-Gijón, Miguel Picazo","Dos poetas ingleses, Mary Shelley y Lord Byron, se ven obligados a huir de Inglaterra. Durante el viaje, Mary recuerda cómo conoció en casa de su padre adoptivo al joven y apasionado poeta Shelley, cómo lo amó y cómo se fugó con él. También evoca una cita con Byron en Suiza. Pero, sobre todo, rememora una noche de noviembre de 1816 durante la cual, mientras sus amigos contaban historias de terror, ella daba a luz al legendario monstruo de Frankenstein."
UN POETA,Simon Mesa Soto,123,03,15:50,2026-06-25,Renoir Plaza de España,https://www.pillalas.com/pase/1075110/,https://www.cinesrenoir.com/pelicula/un-poeta/,https://media.pillalas.com/imagenes/726afb526abffa833fe40dc532766d4edd5f8bd99d62c174bf9a25ca7373e14deb0efcab.jpg,Castellano,No recomendada para menores de 16 años,Viernes 17 Abril 2026,Ubeimar Ríos,"La obsesión de Óscar Restrepo por la poesía no le ha reportado ninguna gloria. Envejecido y errático, ha sucumbido al tópico del poeta en la sombra. Conocer a Yurlady, una adolescente de origen humilde, y ayudarla a cultivar su talento trae algo de luz a sus días, pero arrastrarla al mundo de la poesía quizá no sea el camino."
UN POETA,Simon Mesa Soto,123,03,18:10,2026-06-25,Renoir Plaza de España,https://www.pillalas.com/pase/1075111/,https://www.cinesrenoir.com/pelicula/un-poeta/,https://media.pillalas.com/imagenes/726afb526abffa833fe40dc532766d4edd5f8bd99d62c174bf9a25ca7373e14deb0efcab.jpg,Castellano,No recomendada para menores de 16 años,Viernes 17 Abril 2026,Ubeimar Ríos,"La obsesión de Óscar Restrepo por la poesía no le ha reportado ninguna gloria. Envejecido y errático, ha sucumbido al tópico del poeta en la sombra. Conocer a Yurlady, una adolescente de origen humilde, y ayudarla a cultivar su talento trae algo de luz a sus días, pero arrastrarla al mundo de la poesía quizá no sea el camino."
UN POETA,Simon Mesa Soto,123,03,20:35,2026-06-25,Renoir Plaza de España,https://www.pillalas.com/pase/1075112/,https://www.cinesrenoir.com/pelicula/un-poeta/,https://media.pillalas.com/imagenes/726afb526abffa833fe40dc532766d4edd5f8bd99d62c174bf9a25ca7373e14deb0efcab.jpg,Castellano,No recomendada para menores de 16 años,Viernes 17 Abril 2026,Ubeimar Ríos,"La obsesión de Óscar Restrepo por la poesía no le ha reportado ninguna gloria. Envejecido y errático, ha sucumbido al tópico del poeta en la sombra. Conocer a Yurlady, una adolescente de origen humilde, y ayudarla a cultivar su talento trae algo de luz a sus días, pero arrastrarla al mundo de la poesía quizá no sea el camino."
VIAJE AL PAÍS DE LOS BLANCOS [PROYECTO VIRIDIANA],Dani Sancho,110,02,20:15,2026-06-25,Renoir Plaza de España,https://www.pillalas.com/pase/1074611/,https://www.cinesrenoir.com/pelicula/viaje-al-pais-de-los-blancos-proyecto-viridiana/,https://media.pillalas.com/imagenes/726afb526abffa83c9da11ccaef660847cb20c5cb7597b19760ea77a245298e8fc11498b.jpg,"Catalán, Inglés, Castellano, Ewe",No recomendada para menores de 12 años,Jueves 25 Junio 2026,"Ousman Umar, Emma Vilarasau, Jordi Bosch, Elisabet Assens, David Climent, Edgar Moreno, Víctor Say","Basada en la historia real de Ousman Umar, un joven ghanés que abandona su aldea atraído por la idea del “país de los blancos”, un lugar lejano que alimenta su curiosidad. Tras una travesía llena de obstáculos llega a Barcelona y descubre que la vida allí no es como él la imaginaba. Hasta que conoce a Montse, que le acoge en su familia y le ofrece, además de amor y apoyo, la posibilidad de un futuro. Ousman no solo la aprovecha, sino que la transforma en algo mucho mayor."
VIVA,Aina Clotet,113,02,15:50,2026-06-25,Renoir Plaza de España,https://www.pillalas.com/pase/1075089/,https://www.cinesrenoir.com/pelicula/viva/,https://media.pillalas.com/imagenes/726afb526abffa830acb00a3569b44f67bc3ace567977edc5e3423b3a8dfa15bf779569d.jpg,"Catalán, Castellano",No recomendada para menores de 16 años,Viernes 19 Junio 2026,"Aina Clotet, Naby Dakhli, Marc Soler, Loll Beltran, Zaira Pérez, Guillermo Toledo, Josh Zuckerman","‘Viva’ habla de Nora, una mujer de cuarenta y pocos años que acaba de superar una enfermedad y que, tras esa experiencia, siente una urgencia radical por vivir intensamente. Acostumbrada a exigirse al máximo en todos los ámbitos de su vida, Nora se encuentra dividida entre el orden y la seguridad de su relación de toda la vida con Tom y la aparición inesperada de Max, un joven que despierta en ella una nueva pulsión de deseo y libertad."
VIVA,Aina Clotet,113,02,18:00,2026-06-25,Renoir Plaza de España,https://www.pillalas.com/pase/1075090/,https://www.cinesrenoir.com/pelicula/viva/,https://media.pillalas.com/imagenes/726afb526abffa830acb00a3569b44f67bc3ace567977edc5e3423b3a8dfa15bf779569d.jpg,"Catalán, Castellano",No recomendada para menores de 16 años,Viernes 19 Junio 2026,"Aina Clotet, Naby Dakhli, Marc Soler, Loll Beltran, Zaira Pérez, Guillermo Toledo, Josh Zuckerman","‘Viva’ habla de Nora, una mujer de cuarenta y pocos años que acaba de superar una enfermedad y que, tras esa experiencia, siente una urgencia radical por vivir intensamente. Acostumbrada a exigirse al máximo en todos los ámbitos de su vida, Nora se encuentra dividida entre el orden y la seguridad de su relación de toda la vida con Tom y la aparición inesperada de Max, un joven que despierta en ella una nueva pulsión de deseo y libertad."
¡LUMIÈRE! COMIENZA LA AVENTURA,Thierry Frémaux,90,01,17:00,2026-06-25,Renoir Plaza de España,https://www.pillalas.com/pase/1074110/,https://www.cinesrenoir.com/pelicula/lumiere-comienza-la-aventura/,https://media.pillalas.com/imagenes/726afb526abffa837377eb29a4469b610c16a2bdfd98036cdf960c242d2c3c0cb33d19b8.jpg,Francés,Apta para todos los públicos,Viernes 20 Octubre 2017,"Documentary, Thierry Frémaux, Auguste Lumière, Louis Lumière, Martin Scorsese","En 1895, los hermanos Lumière inventaron el cinematógrafo y dirigieron unas de las primeras películas de la historia del cine. El documental, dirigido por Thierry Frémaux (director del Festival de Cannes desde 2001 y del director del Instituto Lumière de Lyon), ofrece una selección de 108 películas restauradas que nos muestran un viaje a los orígenes del cine. Son una mirada única sobre Francia, el séptimo arte y el mundo que inaugura el siglo XX."
15 PRUEBAS DE AMOR,Alice Douard,97,05,18:10,2026-06-26,Renoir Plaza de España,https://www.pillalas.com/pase/1075901/,https://www.cinesrenoir.com/pelicula/15-pruebas-de-amor/,https://media.pillalas.com/imagenes/726afb526abffa83e391391418df6f04ce74aa21d25dce1a006ceaa76b8c3192b706f943.jpg,Francés,Pendiente de calificación,Viernes 19 Junio 2026,"Ella Rumpf, Monia Chokri, Noémie Lvovsky, Emy Juretzko, Julien Gaspar-Oliveri, Jeanne Herry, Aude Pépin, Philippe Petit, Anne Le Ny, Émilie Brisavoine, Hammou Graïa, Tom Harari, Pauline Bayle, Félix Kysyl","Céline espera su primer hijo. Pero no es ella quien está embarazada. En tres meses, su esposa Nadia dará a luz a su hija. Bajo la mirada de sus amigos, de su madre y de la ley, Céline busca su lugar y su sentido de la legitimidad, mientras lucha contra un sistema que le pone trabas para conseguir lo único que desea, ser la madre de su propia hija."
15 PRUEBAS DE AMOR,Alice Douard,97,05,20:05,2026-06-26,Renoir Plaza de España,https://www.pillalas.com/pase/1075902/,https://www.cinesrenoir.com/pelicula/15-pruebas-de-amor/,https://media.pillalas.com/imagenes/726afb526abffa83e391391418df6f04ce74aa21d25dce1a006ceaa76b8c3192b706f943.jpg,Francés,Pendiente de calificación,Viernes 19 Junio 2026,"Ella Rumpf, Monia Chokri, Noémie Lvovsky, Emy Juretzko, Julien Gaspar-Oliveri, Jeanne Herry, Aude Pépin, Philippe Petit, Anne Le Ny, Émilie Brisavoine, Hammou Graïa, Tom Harari, Pauline Bayle, Félix Kysyl","Céline espera su primer hijo. Pero no es ella quien está embarazada. En tres meses, su esposa Nadia dará a luz a su hija. Bajo la mirada de sus amigos, de su madre y de la ley, Céline busca su lugar y su sentido de la legitimidad, mientras lucha contra un sistema que le pone trabas para conseguir lo único que desea, ser la madre de su propia hija."
"AMANECE, QUE NO ES POCO",José Luis Cuerda,95,01,16:15,2026-06-26,Renoir Plaza de España,https://www.pillalas.com/pase/1075792/,https://www.cinesrenoir.com/pelicula/amanece-que-no-es-poco/,https://media.pillalas.com/imagenes/726afb526abffa836de1185fb78a42536b02b78001ef7c7439b28a92ddbb0dfaf9fa1c16.jpg,Castellano,Pendiente de calificacion,Viernes 26 Junio 2026,"Antonio Resines, Cassen, Luis Ciges, Aurora Bautista, Enrique San Francisco, José Sazatornil, Pastora Vega, Chus Lampreave, Manuel Alexandre, María Isbert, Miguel Rellán, Guillermo Montesinos, Rafael Alonso, Antonio Gamero, Gabino Diego, Ovidi Montllor, Carmen De Lirio, Queta Claver, Fedra Lorente, Violeta Cela, Fernando Valverde (Aka Tito Valverde), Ferran Rañé, Arturo Bonín","Teodoro, un ingeniero español que es profesor en la Universidad de Oklahoma, regresa a España para disfrutar de un año sabático. Al llegar, se entera de que su padre ha matado a su madre y, para compensarlo de la pérdida, le ha comprado una moto con sidecar para viajar juntos. Así es como llegan a un remoto pueblo de montaña que parece desierto; lo que ocurre es que todos los vecinos están en la iglesia, porque la misa es un auténtico espectáculo. Padre e hijo asisten a las elecciones que se celebran cada año para designar alcalde, cura, maestro y puta. Además, al pueblo ha llegado un grupo de estudiantes de una universidad norteamericana, unos meteorólogos belgas, un grupo de disidentes de los Coros del Ejército Ruso e incluso invasores camuflados de un pueblo cercano."
"AMANECE, QUE NO ES POCO",José Luis Cuerda,95,01,19:00,2026-06-26,Renoir Plaza de España,https://www.pillalas.com/pase/1073151/,https://www.cinesrenoir.com/pelicula/amanece-que-no-es-poco/,https://media.pillalas.com/imagenes/726afb526abffa836de1185fb78a42536b02b78001ef7c7439b28a92ddbb0dfaf9fa1c16.jpg,Castellano,Pendiente de calificacion,Viernes 26 Junio 2026,"Antonio Resines, Cassen, Luis Ciges, Aurora Bautista, Enrique San Francisco, José Sazatornil, Pastora Vega, Chus Lampreave, Manuel Alexandre, María Isbert, Miguel Rellán, Guillermo Montesinos, Rafael Alonso, Antonio Gamero, Gabino Diego, Ovidi Montllor, Carmen De Lirio, Queta Claver, Fedra Lorente, Violeta Cela, Fernando Valverde (Aka Tito Valverde), Ferran Rañé, Arturo Bonín","Teodoro, un ingeniero español que es profesor en la Universidad de Oklahoma, regresa a España para disfrutar de un año sabático. Al llegar, se entera de que su padre ha matado a su madre y, para compensarlo de la pérdida, le ha comprado una moto con sidecar para viajar juntos. Así es como llegan a un remoto pueblo de montaña que parece desierto; lo que ocurre es que todos los vecinos están en la iglesia, porque la misa es un auténtico espectáculo. Padre e hijo asisten a las elecciones que se celebran cada año para designar alcalde, cura, maestro y puta. Además, al pueblo ha llegado un grupo de estudiantes de una universidad norteamericana, unos meteorólogos belgas, un grupo de disidentes de los Coros del Ejército Ruso e incluso invasores camuflados de un pueblo cercano."
"AMANECE, QUE NO ES POCO",José Luis Cuerda,95,01,21:30,2026-06-26,Renoir Plaza de España,https://www.pillalas.com/pase/1075793/,https://www.cinesrenoir.com/pelicula/amanece-que-no-es-poco/,https://media.pillalas.com/imagenes/726afb526abffa836de1185fb78a42536b02b78001ef7c7439b28a92ddbb0dfaf9fa1c16.jpg,Castellano,Pendiente de calificacion,Viernes 26 Junio 2026,"Antonio Resines, Cassen, Luis Ciges, Aurora Bautista, Enrique San Francisco, José Sazatornil, Pastora Vega, Chus Lampreave, Manuel Alexandre, María Isbert, Miguel Rellán, Guillermo Montesinos, Rafael Alonso, Antonio Gamero, Gabino Diego, Ovidi Montllor, Carmen De Lirio, Queta Claver, Fedra Lorente, Violeta Cela, Fernando Valverde (Aka Tito Valverde), Ferran Rañé, Arturo Bonín","Teodoro, un ingeniero español que es profesor en la Universidad de Oklahoma, regresa a España para disfrutar de un año sabático. Al llegar, se entera de que su padre ha matado a su madre y, para compensarlo de la pérdida, le ha comprado una moto con sidecar para viajar juntos. Así es como llegan a un remoto pueblo de montaña que parece desierto; lo que ocurre es que todos los vecinos están en la iglesia, porque la misa es un auténtico espectáculo. Padre e hijo asisten a las elecciones que se celebran cada año para designar alcalde, cura, maestro y puta. Además, al pueblo ha llegado un grupo de estudiantes de una universidad norteamericana, unos meteorólogos belgas, un grupo de disidentes de los Coros del Ejército Ruso e incluso invasores camuflados de un pueblo cercano."
LA GRAZIA,Paolo Sorrentino,132,02,19:50,2026-06-26,Renoir Plaza de España,https://www.pillalas.com/pase/1075848/,https://www.cinesrenoir.com/pelicula/la-grazia/,https://media.pillalas.com/imagenes/726afb526abffa83c3be0b516c5fe20d16fbf7645320946527da276b1bc1ba4b27744cb3.jpg,Italiano,No recomendada para menores de 12 años,Miércoles 1 Abril 2026,"Toni Servillo, Anna Ferzetti, Orlando Cinque, Massimo Venturiello, Milvia Marigliano","El mandato de Mariano De Santis como presidente de Italia llega a su fin y se ve obligado a tomar desgarradoras decisiones políticas y personales. Entre dilemas morales, debe enfrentarse a su propia conciencia y buscar consejo en sus seres más cercanos, entre ellos Dorotea, su confidente e hija."
LA GRAZIA,Paolo Sorrentino,132,03,22:05,2026-06-26,Renoir Plaza de España,https://www.pillalas.com/pase/1075850/,https://www.cinesrenoir.com/pelicula/la-grazia/,https://media.pillalas.com/imagenes/726afb526abffa83c3be0b516c5fe20d16fbf7645320946527da276b1bc1ba4b27744cb3.jpg,Italiano,No recomendada para menores de 12 años,Miércoles 1 Abril 2026,"Toni Servillo, Anna Ferzetti, Orlando Cinque, Massimo Venturiello, Milvia Marigliano","El mandato de Mariano De Santis como presidente de Italia llega a su fin y se ve obligado a tomar desgarradoras decisiones políticas y personales. Entre dilemas morales, debe enfrentarse a su propia conciencia y buscar consejo en sus seres más cercanos, entre ellos Dorotea, su confidente e hija."
LA MUJER SIN NOMBRE,Haifaa Al-Mansour,99,02,16:00,2026-06-26,Renoir Plaza de España,https://www.pillalas.com/pase/1075845/,https://www.cinesrenoir.com/pelicula/la-mujer-sin-nombre/,https://media.pillalas.com/imagenes/726afb526abffa839979913bfcd9ec0483cc758159c1169b43444aea9c8022ea0669600d.jpg,Árabe,Pendiente de calificación,Viernes 26 Junio 2026,"Abdullah Al-Qahtani, Mila Al Zahrani, Aziz Gharbawi, Shafi Al Harthi, Othoub Sharar, Adwa Alasiri","El cuerpo sin vida de una adolescente es descubierto en el desierto. Cuando nadie la reclama por miedo a la vergüenza que pueda suponer para su familia, una investigadora novata apasionada de los true-crimes llamada Nawal se involucra obsesivamente. A pesar del deseo de sus superiores de cerrar el caso y de la resistencia de una sociedad donde las mujeres han aprendido a esconderse para garantizar su seguridad, Nawal está decidida a identificar el cuerpo y descubrir la verdad."
LA MUJER SIN NOMBRE,Haifaa Al-Mansour,99,02,17:55,2026-06-26,Renoir Plaza de España,https://www.pillalas.com/pase/1075847/,https://www.cinesrenoir.com/pelicula/la-mujer-sin-nombre/,https://media.pillalas.com/imagenes/726afb526abffa839979913bfcd9ec0483cc758159c1169b43444aea9c8022ea0669600d.jpg,Árabe,Pendiente de calificación,Viernes 26 Junio 2026,"Abdullah Al-Qahtani, Mila Al Zahrani, Aziz Gharbawi, Shafi Al Harthi, Othoub Sharar, Adwa Alasiri","El cuerpo sin vida de una adolescente es descubierto en el desierto. Cuando nadie la reclama por miedo a la vergüenza que pueda suponer para su familia, una investigadora novata apasionada de los true-crimes llamada Nawal se involucra obsesivamente. A pesar del deseo de sus superiores de cerrar el caso y de la resistencia de una sociedad donde las mujeres han aprendido a esconderse para garantizar su seguridad, Nawal está decidida a identificar el cuerpo y descubrir la verdad."
LA MUJER SIN NOMBRE,Haifaa Al-Mansour,99,02,22:20,2026-06-26,Renoir Plaza de España,https://www.pillalas.com/pase/1075851/,https://www.cinesrenoir.com/pelicula/la-mujer-sin-nombre/,https://media.pillalas.com/imagenes/726afb526abffa839979913bfcd9ec0483cc758159c1169b43444aea9c8022ea0669600d.jpg,Árabe,Pendiente de calificación,Viernes 26 Junio 2026,"Abdullah Al-Qahtani, Mila Al Zahrani, Aziz Gharbawi, Shafi Al Harthi, Othoub Sharar, Adwa Alasiri","El cuerpo sin vida de una adolescente es descubierto en el desierto. Cuando nadie la reclama por miedo a la vergüenza que pueda suponer para su familia, una investigadora novata apasionada de los true-crimes llamada Nawal se involucra obsesivamente. A pesar del deseo de sus superiores de cerrar el caso y de la resistencia de una sociedad donde las mujeres han aprendido a esconderse para garantizar su seguridad, Nawal está decidida a identificar el cuerpo y descubrir la verdad."
UN POETA,Simon Mesa Soto,123,05,15:50,2026-06-26,Renoir Plaza de España,https://www.pillalas.com/pase/1075898/,https://www.cinesrenoir.com/pelicula/un-poeta/,https://media.pillalas.com/imagenes/726afb526abffa833fe40dc532766d4edd5f8bd99d62c174bf9a25ca7373e14deb0efcab.jpg,Castellano,No recomendada para menores de 16 años,Viernes 17 Abril 2026,Ubeimar Ríos,"La obsesión de Óscar Restrepo por la poesía no le ha reportado ninguna gloria. Envejecido y errático, ha sucumbido al tópico del poeta en la sombra. Conocer a Yurlady, una adolescente de origen humilde, y ayudarla a cultivar su talento trae algo de luz a sus días, pero arrastrarla al mundo de la poesía quizá no sea el camino."
UN POETA,Simon Mesa Soto,123,04,18:00,2026-06-26,Renoir Plaza de España,https://www.pillalas.com/pase/1075971/,https://www.cinesrenoir.com/pelicula/un-poeta/,https://media.pillalas.com/imagenes/726afb526abffa833fe40dc532766d4edd5f8bd99d62c174bf9a25ca7373e14deb0efcab.jpg,Castellano,No recomendada para menores de 16 años,Viernes 17 Abril 2026,Ubeimar Ríos,"La obsesión de Óscar Restrepo por la poesía no le ha reportado ninguna gloria. Envejecido y errático, ha sucumbido al tópico del poeta en la sombra. Conocer a Yurlady, una adolescente de origen humilde, y ayudarla a cultivar su talento trae algo de luz a sus días, pero arrastrarla al mundo de la poesía quizá no sea el camino."
UN POETA,Simon Mesa Soto,123,05,22:00,2026-06-26,Renoir Plaza de España,https://www.pillalas.com/pase/1075904/,https://www.cinesrenoir.com/pelicula/un-poeta/,https://media.pillalas.com/imagenes/726afb526abffa833fe40dc532766d4edd5f8bd99d62c174bf9a25ca7373e14deb0efcab.jpg,Castellano,No recomendada para menores de 16 años,Viernes 17 Abril 2026,Ubeimar Ríos,"La obsesión de Óscar Restrepo por la poesía no le ha reportado ninguna gloria. Envejecido y errático, ha sucumbido al tópico del poeta en la sombra. Conocer a Yurlady, una adolescente de origen humilde, y ayudarla a cultivar su talento trae algo de luz a sus días, pero arrastrarla al mundo de la poesía quizá no sea el camino."
VIAJE AL PAÍS DE LOS BLANCOS,Dani Sancho,110,03,15:50,2026-06-26,Renoir Plaza de España,https://www.pillalas.com/pase/1075844/,https://www.cinesrenoir.com/pelicula/viaje-al-pais-de-los-blancos/,https://media.pillalas.com/imagenes/726afb526abffa83da9af8c08848b34e2f4e2578b0fb426e15c8edd6eeb68e446c43317f.jpg,Catalán,No recomendada para menores de 12 años,Viernes 26 Junio 2026,"Ousman Umar, Emma Vilarasau, Jordi Bosch, Elisabet Assens, David Climent, Edgar Moreno, Víctor Say","Basada en la historia real de Ousman Umar, un joven ghanés que abandona su aldea atraído por la idea del “país de los blancos”, un lugar lejano que alimenta su curiosidad. Tras una travesía llena de obstáculos llega a Barcelona y descubre que la vida allí no es como él la imaginaba. Hasta que conoce a Montse, que le acoge en su familia y le ofrece, además de amor y apoyo, la posibilidad de un futuro. Ousman no solo la aprovecha, sino que la transforma en algo mucho mayor."
VIAJE AL PAÍS DE LOS BLANCOS,Dani Sancho,110,03,17:55,2026-06-26,Renoir Plaza de España,https://www.pillalas.com/pase/1075846/,https://www.cinesrenoir.com/pelicula/viaje-al-pais-de-los-blancos/,https://media.pillalas.com/imagenes/726afb526abffa83da9af8c08848b34e2f4e2578b0fb426e15c8edd6eeb68e446c43317f.jpg,Catalán,No recomendada para menores de 12 años,Viernes 26 Junio 2026,"Ousman Umar, Emma Vilarasau, Jordi Bosch, Elisabet Assens, David Climent, Edgar Moreno, Víctor Say","Basada en la historia real de Ousman Umar, un joven ghanés que abandona su aldea atraído por la idea del “país de los blancos”, un lugar lejano que alimenta su curiosidad. Tras una travesía llena de obstáculos llega a Barcelona y descubre que la vida allí no es como él la imaginaba. Hasta que conoce a Montse, que le acoge en su familia y le ofrece, además de amor y apoyo, la posibilidad de un futuro. Ousman no solo la aprovecha, sino que la transforma en algo mucho mayor."
VIAJE AL PAÍS DE LOS BLANCOS,Dani Sancho,110,03,20:00,2026-06-26,Renoir Plaza de España,https://www.pillalas.com/pase/1075849/,https://www.cinesrenoir.com/pelicula/viaje-al-pais-de-los-blancos/,https://media.pillalas.com/imagenes/726afb526abffa83da9af8c08848b34e2f4e2578b0fb426e15c8edd6eeb68e446c43317f.jpg,Catalán,No recomendada para menores de 12 años,Viernes 26 Junio 2026,"Ousman Umar, Emma Vilarasau, Jordi Bosch, Elisabet Assens, David Climent, Edgar Moreno, Víctor Say","Basada en la historia real de Ousman Umar, un joven ghanés que abandona su aldea atraído por la idea del “país de los blancos”, un lugar lejano que alimenta su curiosidad. Tras una travesía llena de obstáculos llega a Barcelona y descubre que la vida allí no es como él la imaginaba. Hasta que conoce a Montse, que le acoge en su familia y le ofrece, además de amor y apoyo, la posibilidad de un futuro. Ousman no solo la aprovecha, sino que la transforma en algo mucho mayor."
VIVA,Aina Clotet,113,04,15:50,2026-06-26,Renoir Plaza de España,https://www.pillalas.com/pase/1075899/,https://www.cinesrenoir.com/pelicula/viva/,https://media.pillalas.com/imagenes/726afb526abffa830acb00a3569b44f67bc3ace567977edc5e3423b3a8dfa15bf779569d.jpg,"Catalán, Castellano",No recomendada para menores de 16 años,Viernes 19 Junio 2026,"Aina Clotet, Naby Dakhli, Marc Soler, Loll Beltran, Zaira Pérez, Guillermo Toledo, Josh Zuckerman","‘Viva’ habla de Nora, una mujer de cuarenta y pocos años que acaba de superar una enfermedad y que, tras esa experiencia, siente una urgencia radical por vivir intensamente. Acostumbrada a exigirse al máximo en todos los ámbitos de su vida, Nora se encuentra dividida entre el orden y la seguridad de su relación de toda la vida con Tom y la aparición inesperada de Max, un joven que despierta en ella una nueva pulsión de deseo y libertad."
VIVA,Aina Clotet,113,04,20:20,2026-06-26,Renoir Plaza de España,https://www.pillalas.com/pase/1075972/,https://www.cinesrenoir.com/pelicula/viva/,https://media.pillalas.com/imagenes/726afb526abffa830acb00a3569b44f67bc3ace567977edc5e3423b3a8dfa15bf779569d.jpg,"Catalán, Castellano",No recomendada para menores de 16 años,Viernes 19 Junio 2026,"Aina Clotet, Naby Dakhli, Marc Soler, Loll Beltran, Zaira Pérez, Guillermo Toledo, Josh Zuckerman","‘Viva’ habla de Nora, una mujer de cuarenta y pocos años que acaba de superar una enfermedad y que, tras esa experiencia, siente una urgencia radical por vivir intensamente. Acostumbrada a exigirse al máximo en todos los ámbitos de su vida, Nora se encuentra dividida entre el orden y la seguridad de su relación de toda la vida con Tom y la aparición inesperada de Max, un joven que despierta en ella una nueva pulsión de deseo y libertad."
15 PRUEBAS DE AMOR,Alice Douard,97,05,18:10,2026-06-27,Renoir Plaza de España,https://www.pillalas.com/pase/1075909/,https://www.cinesrenoir.com/pelicula/15-pruebas-de-amor/,https://media.pillalas.com/imagenes/726afb526abffa83e391391418df6f04ce74aa21d25dce1a006ceaa76b8c3192b706f943.jpg,Francés,Pendiente de calificación,Viernes 19 Junio 2026,"Ella Rumpf, Monia Chokri, Noémie Lvovsky, Emy Juretzko, Julien Gaspar-Oliveri, Jeanne Herry, Aude Pépin, Philippe Petit, Anne Le Ny, Émilie Brisavoine, Hammou Graïa, Tom Harari, Pauline Bayle, Félix Kysyl","Céline espera su primer hijo. Pero no es ella quien está embarazada. En tres meses, su esposa Nadia dará a luz a su hija. Bajo la mirada de sus amigos, de su madre y de la ley, Céline busca su lugar y su sentido de la legitimidad, mientras lucha contra un sistema que le pone trabas para conseguir lo único que desea, ser la madre de su propia hija."
15 PRUEBAS DE AMOR,Alice Douard,97,05,20:05,2026-06-27,Renoir Plaza de España,https://www.pillalas.com/pase/1075910/,https://www.cinesrenoir.com/pelicula/15-pruebas-de-amor/,https://media.pillalas.com/imagenes/726afb526abffa83e391391418df6f04ce74aa21d25dce1a006ceaa76b8c3192b706f943.jpg,Francés,Pendiente de calificación,Viernes 19 Junio 2026,"Ella Rumpf, Monia Chokri, Noémie Lvovsky, Emy Juretzko, Julien Gaspar-Oliveri, Jeanne Herry, Aude Pépin, Philippe Petit, Anne Le Ny, Émilie Brisavoine, Hammou Graïa, Tom Harari, Pauline Bayle, Félix Kysyl","Céline espera su primer hijo. Pero no es ella quien está embarazada. En tres meses, su esposa Nadia dará a luz a su hija. Bajo la mirada de sus amigos, de su madre y de la ley, Céline busca su lugar y su sentido de la legitimidad, mientras lucha contra un sistema que le pone trabas para conseguir lo único que desea, ser la madre de su propia hija."
15 PRUEBAS DE AMOR,Alice Douard,97,04,22:30,2026-06-27,Renoir Plaza de España,https://www.pillalas.com/pase/1075913/,https://www.cinesrenoir.com/pelicula/15-pruebas-de-amor/,https://media.pillalas.com/imagenes/726afb526abffa83e391391418df6f04ce74aa21d25dce1a006ceaa76b8c3192b706f943.jpg,Francés,Pendiente de calificación,Viernes 19 Junio 2026,"Ella Rumpf, Monia Chokri, Noémie Lvovsky, Emy Juretzko, Julien Gaspar-Oliveri, Jeanne Herry, Aude Pépin, Philippe Petit, Anne Le Ny, Émilie Brisavoine, Hammou Graïa, Tom Harari, Pauline Bayle, Félix Kysyl","Céline espera su primer hijo. Pero no es ella quien está embarazada. En tres meses, su esposa Nadia dará a luz a su hija. Bajo la mirada de sus amigos, de su madre y de la ley, Céline busca su lugar y su sentido de la legitimidad, mientras lucha contra un sistema que le pone trabas para conseguir lo único que desea, ser la madre de su propia hija."
BAJARSE AL MORO,Bajarse Al Moro,99,01,19:00,2026-06-27,Renoir Plaza de España,https://www.pillalas.com/pase/1073152/,https://www.cinesrenoir.com/pelicula/bajarse-al-moro/,https://media.pillalas.com/imagenes/726afb526abffa830f6b26c48d6e31f35569e8e31badf07c554b4ab8dd9152788c87014d.jpg,Castellano,Pendiente de calificación,Sábado 27 Junio 2026,"Veronica Forqué, Antonio Banderas, Juan Echanove, Aitana Sánchez-Gijón, Chus Lampreave, Miguel Rellán, Francisco Merino, Amparo Valle, Manuel Huete, Ricardo Palacios, Ofelia Angélica, María Elena Flores, Vicente Díez, Juan De Pablos, Carmelo Gómez","Chusa vuelve del 'moro', de intentar subir hachís de Marruecos. Pero no ha tenido suerte en las aduanas. Sin posibilidad de hacer negocio y sin mercancía, Chusa recurrirá a sus amigos para viajar de nuevo al sur a por más “chocolate”. Pero las cosas aparentemente sencillas no lo son tanto si dependen de las complicaciones que las relaciones humanas pueden generar, como por ejemplo que una virgen no sirva para ese trabajo..."
LA GRAZIA,Paolo Sorrentino,132,01,16:00,2026-06-27,Renoir Plaza de España,https://www.pillalas.com/pase/1075832/,https://www.cinesrenoir.com/pelicula/la-grazia/,https://media.pillalas.com/imagenes/726afb526abffa83c3be0b516c5fe20d16fbf7645320946527da276b1bc1ba4b27744cb3.jpg,Italiano,No recomendada para menores de 12 años,Miércoles 1 Abril 2026,"Toni Servillo, Anna Ferzetti, Orlando Cinque, Massimo Venturiello, Milvia Marigliano","El mandato de Mariano De Santis como presidente de Italia llega a su fin y se ve obligado a tomar desgarradoras decisiones políticas y personales. Entre dilemas morales, debe enfrentarse a su propia conciencia y buscar consejo en sus seres más cercanos, entre ellos Dorotea, su confidente e hija."
LA GRAZIA,Paolo Sorrentino,132,02,19:50,2026-06-27,Renoir Plaza de España,https://www.pillalas.com/pase/1075856/,https://www.cinesrenoir.com/pelicula/la-grazia/,https://media.pillalas.com/imagenes/726afb526abffa83c3be0b516c5fe20d16fbf7645320946527da276b1bc1ba4b27744cb3.jpg,Italiano,No recomendada para menores de 12 años,Miércoles 1 Abril 2026,"Toni Servillo, Anna Ferzetti, Orlando Cinque, Massimo Venturiello, Milvia Marigliano","El mandato de Mariano De Santis como presidente de Italia llega a su fin y se ve obligado a tomar desgarradoras decisiones políticas y personales. Entre dilemas morales, debe enfrentarse a su propia conciencia y buscar consejo en sus seres más cercanos, entre ellos Dorotea, su confidente e hija."
LA GRAZIA,Paolo Sorrentino,132,03,22:05,2026-06-27,Renoir Plaza de España,https://www.pillalas.com/pase/1075858/,https://www.cinesrenoir.com/pelicula/la-grazia/,https://media.pillalas.com/imagenes/726afb526abffa83c3be0b516c5fe20d16fbf7645320946527da276b1bc1ba4b27744cb3.jpg,Italiano,No recomendada para menores de 12 años,Miércoles 1 Abril 2026,"Toni Servillo, Anna Ferzetti, Orlando Cinque, Massimo Venturiello, Milvia Marigliano","El mandato de Mariano De Santis como presidente de Italia llega a su fin y se ve obligado a tomar desgarradoras decisiones políticas y personales. Entre dilemas morales, debe enfrentarse a su propia conciencia y buscar consejo en sus seres más cercanos, entre ellos Dorotea, su confidente e hija."
LA MUJER SIN NOMBRE,Haifaa Al-Mansour,99,02,16:00,2026-06-27,Renoir Plaza de España,https://www.pillalas.com/pase/1075853/,https://www.cinesrenoir.com/pelicula/la-mujer-sin-nombre/,https://media.pillalas.com/imagenes/726afb526abffa839979913bfcd9ec0483cc758159c1169b43444aea9c8022ea0669600d.jpg,Árabe,Pendiente de calificación,Viernes 26 Junio 2026,"Abdullah Al-Qahtani, Mila Al Zahrani, Aziz Gharbawi, Shafi Al Harthi, Othoub Sharar, Adwa Alasiri","El cuerpo sin vida de una adolescente es descubierto en el desierto. Cuando nadie la reclama por miedo a la vergüenza que pueda suponer para su familia, una investigadora novata apasionada de los true-crimes llamada Nawal se involucra obsesivamente. A pesar del deseo de sus superiores de cerrar el caso y de la resistencia de una sociedad donde las mujeres han aprendido a esconderse para garantizar su seguridad, Nawal está decidida a identificar el cuerpo y descubrir la verdad."
LA MUJER SIN NOMBRE,Haifaa Al-Mansour,99,02,17:55,2026-06-27,Renoir Plaza de España,https://www.pillalas.com/pase/1075855/,https://www.cinesrenoir.com/pelicula/la-mujer-sin-nombre/,https://media.pillalas.com/imagenes/726afb526abffa839979913bfcd9ec0483cc758159c1169b43444aea9c8022ea0669600d.jpg,Árabe,Pendiente de calificación,Viernes 26 Junio 2026,"Abdullah Al-Qahtani, Mila Al Zahrani, Aziz Gharbawi, Shafi Al Harthi, Othoub Sharar, Adwa Alasiri","El cuerpo sin vida de una adolescente es descubierto en el desierto. Cuando nadie la reclama por miedo a la vergüenza que pueda suponer para su familia, una investigadora novata apasionada de los true-crimes llamada Nawal se involucra obsesivamente. A pesar del deseo de sus superiores de cerrar el caso y de la resistencia de una sociedad donde las mujeres han aprendido a esconderse para garantizar su seguridad, Nawal está decidida a identificar el cuerpo y descubrir la verdad."
LA MUJER SIN NOMBRE,Haifaa Al-Mansour,99,02,22:20,2026-06-27,Renoir Plaza de España,https://www.pillalas.com/pase/1075859/,https://www.cinesrenoir.com/pelicula/la-mujer-sin-nombre/,https://media.pillalas.com/imagenes/726afb526abffa839979913bfcd9ec0483cc758159c1169b43444aea9c8022ea0669600d.jpg,Árabe,Pendiente de calificación,Viernes 26 Junio 2026,"Abdullah Al-Qahtani, Mila Al Zahrani, Aziz Gharbawi, Shafi Al Harthi, Othoub Sharar, Adwa Alasiri","El cuerpo sin vida de una adolescente es descubierto en el desierto. Cuando nadie la reclama por miedo a la vergüenza que pueda suponer para su familia, una investigadora novata apasionada de los true-crimes llamada Nawal se involucra obsesivamente. A pesar del deseo de sus superiores de cerrar el caso y de la resistencia de una sociedad donde las mujeres han aprendido a esconderse para garantizar su seguridad, Nawal está decidida a identificar el cuerpo y descubrir la verdad."
UN POETA,Simon Mesa Soto,123,05,15:50,2026-06-27,Renoir Plaza de España,https://www.pillalas.com/pase/1075907/,https://www.cinesrenoir.com/pelicula/un-poeta/,https://media.pillalas.com/imagenes/726afb526abffa833fe40dc532766d4edd5f8bd99d62c174bf9a25ca7373e14deb0efcab.jpg,Castellano,No recomendada para menores de 16 años,Viernes 17 Abril 2026,Ubeimar Ríos,"La obsesión de Óscar Restrepo por la poesía no le ha reportado ninguna gloria. Envejecido y errático, ha sucumbido al tópico del poeta en la sombra. Conocer a Yurlady, una adolescente de origen humilde, y ayudarla a cultivar su talento trae algo de luz a sus días, pero arrastrarla al mundo de la poesía quizá no sea el camino."
UN POETA,Simon Mesa Soto,123,04,18:00,2026-06-27,Renoir Plaza de España,https://www.pillalas.com/pase/1075908/,https://www.cinesrenoir.com/pelicula/un-poeta/,https://media.pillalas.com/imagenes/726afb526abffa833fe40dc532766d4edd5f8bd99d62c174bf9a25ca7373e14deb0efcab.jpg,Castellano,No recomendada para menores de 16 años,Viernes 17 Abril 2026,Ubeimar Ríos,"La obsesión de Óscar Restrepo por la poesía no le ha reportado ninguna gloria. Envejecido y errático, ha sucumbido al tópico del poeta en la sombra. Conocer a Yurlady, una adolescente de origen humilde, y ayudarla a cultivar su talento trae algo de luz a sus días, pero arrastrarla al mundo de la poesía quizá no sea el camino."
UN POETA,Simon Mesa Soto,123,05,22:00,2026-06-27,Renoir Plaza de España,https://www.pillalas.com/pase/1075912/,https://www.cinesrenoir.com/pelicula/un-poeta/,https://media.pillalas.com/imagenes/726afb526abffa833fe40dc532766d4edd5f8bd99d62c174bf9a25ca7373e14deb0efcab.jpg,Castellano,No recomendada para menores de 16 años,Viernes 17 Abril 2026,Ubeimar Ríos,"La obsesión de Óscar Restrepo por la poesía no le ha reportado ninguna gloria. Envejecido y errático, ha sucumbido al tópico del poeta en la sombra. Conocer a Yurlady, una adolescente de origen humilde, y ayudarla a cultivar su talento trae algo de luz a sus días, pero arrastrarla al mundo de la poesía quizá no sea el camino."
VIAJE AL PAÍS DE LOS BLANCOS,Dani Sancho,110,03,15:50,2026-06-27,Renoir Plaza de España,https://www.pillalas.com/pase/1075852/,https://www.cinesrenoir.com/pelicula/viaje-al-pais-de-los-blancos/,https://media.pillalas.com/imagenes/726afb526abffa83da9af8c08848b34e2f4e2578b0fb426e15c8edd6eeb68e446c43317f.jpg,Catalán,No recomendada para menores de 12 años,Viernes 26 Junio 2026,"Ousman Umar, Emma Vilarasau, Jordi Bosch, Elisabet Assens, David Climent, Edgar Moreno, Víctor Say","Basada en la historia real de Ousman Umar, un joven ghanés que abandona su aldea atraído por la idea del “país de los blancos”, un lugar lejano que alimenta su curiosidad. Tras una travesía llena de obstáculos llega a Barcelona y descubre que la vida allí no es como él la imaginaba. Hasta que conoce a Montse, que le acoge en su familia y le ofrece, además de amor y apoyo, la posibilidad de un futuro. Ousman no solo la aprovecha, sino que la transforma en algo mucho mayor."
VIAJE AL PAÍS DE LOS BLANCOS,Dani Sancho,110,03,17:55,2026-06-27,Renoir Plaza de España,https://www.pillalas.com/pase/1075854/,https://www.cinesrenoir.com/pelicula/viaje-al-pais-de-los-blancos/,https://media.pillalas.com/imagenes/726afb526abffa83da9af8c08848b34e2f4e2578b0fb426e15c8edd6eeb68e446c43317f.jpg,Catalán,No recomendada para menores de 12 años,Viernes 26 Junio 2026,"Ousman Umar, Emma Vilarasau, Jordi Bosch, Elisabet Assens, David Climent, Edgar Moreno, Víctor Say","Basada en la historia real de Ousman Umar, un joven ghanés que abandona su aldea atraído por la idea del “país de los blancos”, un lugar lejano que alimenta su curiosidad. Tras una travesía llena de obstáculos llega a Barcelona y descubre que la vida allí no es como él la imaginaba. Hasta que conoce a Montse, que le acoge en su familia y le ofrece, además de amor y apoyo, la posibilidad de un futuro. Ousman no solo la aprovecha, sino que la transforma en algo mucho mayor."
VIAJE AL PAÍS DE LOS BLANCOS,Dani Sancho,110,03,20:00,2026-06-27,Renoir Plaza de España,https://www.pillalas.com/pase/1075857/,https://www.cinesrenoir.com/pelicula/viaje-al-pais-de-los-blancos/,https://media.pillalas.com/imagenes/726afb526abffa83da9af8c08848b34e2f4e2578b0fb426e15c8edd6eeb68e446c43317f.jpg,Catalán,No recomendada para menores de 12 años,Viernes 26 Junio 2026,"Ousman Umar, Emma Vilarasau, Jordi Bosch, Elisabet Assens, David Climent, Edgar Moreno, Víctor Say","Basada en la historia real de Ousman Umar, un joven ghanés que abandona su aldea atraído por la idea del “país de los blancos”, un lugar lejano que alimenta su curiosidad. Tras una travesía llena de obstáculos llega a Barcelona y descubre que la vida allí no es como él la imaginaba. Hasta que conoce a Montse, que le acoge en su familia y le ofrece, además de amor y apoyo, la posibilidad de un futuro. Ousman no solo la aprovecha, sino que la transforma en algo mucho mayor."
VIVA,Aina Clotet,113,04,15:50,2026-06-27,Renoir Plaza de España,https://www.pillalas.com/pase/1075906/,https://www.cinesrenoir.com/pelicula/viva/,https://media.pillalas.com/imagenes/726afb526abffa830acb00a3569b44f67bc3ace567977edc5e3423b3a8dfa15bf779569d.jpg,"Catalán, Castellano",No recomendada para menores de 16 años,Viernes 19 Junio 2026,"Aina Clotet, Naby Dakhli, Marc Soler, Loll Beltran, Zaira Pérez, Guillermo Toledo, Josh Zuckerman","‘Viva’ habla de Nora, una mujer de cuarenta y pocos años que acaba de superar una enfermedad y que, tras esa experiencia, siente una urgencia radical por vivir intensamente. Acostumbrada a exigirse al máximo en todos los ámbitos de su vida, Nora se encuentra dividida entre el orden y la seguridad de su relación de toda la vida con Tom y la aparición inesperada de Max, un joven que despierta en ella una nueva pulsión de deseo y libertad."
VIVA,Aina Clotet,113,04,20:20,2026-06-27,Renoir Plaza de España,https://www.pillalas.com/pase/1075911/,https://www.cinesrenoir.com/pelicula/viva/,https://media.pillalas.com/imagenes/726afb526abffa830acb00a3569b44f67bc3ace567977edc5e3423b3a8dfa15bf779569d.jpg,"Catalán, Castellano",No recomendada para menores de 16 años,Viernes 19 Junio 2026,"Aina Clotet, Naby Dakhli, Marc Soler, Loll Beltran, Zaira Pérez, Guillermo Toledo, Josh Zuckerman","‘Viva’ habla de Nora, una mujer de cuarenta y pocos años que acaba de superar una enfermedad y que, tras esa experiencia, siente una urgencia radical por vivir intensamente. Acostumbrada a exigirse al máximo en todos los ámbitos de su vida, Nora se encuentra dividida entre el orden y la seguridad de su relación de toda la vida con Tom y la aparición inesperada de Max, un joven que despierta en ella una nueva pulsión de deseo y libertad."
15 PRUEBAS DE AMOR,Alice Douard,97,05,18:10,2026-06-28,Renoir Plaza de España,https://www.pillalas.com/pase/1075917/,https://www.cinesrenoir.com/pelicula/15-pruebas-de-amor/,https://media.pillalas.com/imagenes/726afb526abffa83e391391418df6f04ce74aa21d25dce1a006ceaa76b8c3192b706f943.jpg,Francés,Pendiente de calificación,Viernes 19 Junio 2026,"Ella Rumpf, Monia Chokri, Noémie Lvovsky, Emy Juretzko, Julien Gaspar-Oliveri, Jeanne Herry, Aude Pépin, Philippe Petit, Anne Le Ny, Émilie Brisavoine, Hammou Graïa, Tom Harari, Pauline Bayle, Félix Kysyl","Céline espera su primer hijo. Pero no es ella quien está embarazada. En tres meses, su esposa Nadia dará a luz a su hija. Bajo la mirada de sus amigos, de su madre y de la ley, Céline busca su lugar y su sentido de la legitimidad, mientras lucha contra un sistema que le pone trabas para conseguir lo único que desea, ser la madre de su propia hija."
15 PRUEBAS DE AMOR,Alice Douard,97,05,20:05,2026-06-28,Renoir Plaza de España,https://www.pillalas.com/pase/1075918/,https://www.cinesrenoir.com/pelicula/15-pruebas-de-amor/,https://media.pillalas.com/imagenes/726afb526abffa83e391391418df6f04ce74aa21d25dce1a006ceaa76b8c3192b706f943.jpg,Francés,Pendiente de calificación,Viernes 19 Junio 2026,"Ella Rumpf, Monia Chokri, Noémie Lvovsky, Emy Juretzko, Julien Gaspar-Oliveri, Jeanne Herry, Aude Pépin, Philippe Petit, Anne Le Ny, Émilie Brisavoine, Hammou Graïa, Tom Harari, Pauline Bayle, Félix Kysyl","Céline espera su primer hijo. Pero no es ella quien está embarazada. En tres meses, su esposa Nadia dará a luz a su hija. Bajo la mirada de sus amigos, de su madre y de la ley, Céline busca su lugar y su sentido de la legitimidad, mientras lucha contra un sistema que le pone trabas para conseguir lo único que desea, ser la madre de su propia hija."
15 PRUEBAS DE AMOR,Alice Douard,97,04,22:30,2026-06-28,Renoir Plaza de España,https://www.pillalas.com/pase/1075921/,https://www.cinesrenoir.com/pelicula/15-pruebas-de-amor/,https://media.pillalas.com/imagenes/726afb526abffa83e391391418df6f04ce74aa21d25dce1a006ceaa76b8c3192b706f943.jpg,Francés,Pendiente de calificación,Viernes 19 Junio 2026,"Ella Rumpf, Monia Chokri, Noémie Lvovsky, Emy Juretzko, Julien Gaspar-Oliveri, Jeanne Herry, Aude Pépin, Philippe Petit, Anne Le Ny, Émilie Brisavoine, Hammou Graïa, Tom Harari, Pauline Bayle, Félix Kysyl","Céline espera su primer hijo. Pero no es ella quien está embarazada. En tres meses, su esposa Nadia dará a luz a su hija. Bajo la mirada de sus amigos, de su madre y de la ley, Céline busca su lugar y su sentido de la legitimidad, mientras lucha contra un sistema que le pone trabas para conseguir lo único que desea, ser la madre de su propia hija."
EL SUEÑO DEL MONO LOCO,Fernando Trueba,100,01,19:00,2026-06-28,Renoir Plaza de España,https://www.pillalas.com/pase/1073153/,https://www.cinesrenoir.com/pelicula/el-sueno-del-mono-loco/,https://media.pillalas.com/imagenes/726afb526abffa83e008388d8adddbaa1adba5ed8447ae5adbd535736194ac958c814cde.jpg,Inglés,Pendiente de calificación,Domingo 28 Junio 2026,"Jeff Goldblum, Miranda Richardson, Anemone, Liza Walker, Daniel Flet, Dexter Fletcher, Daniel Ceccaldi, Jerome Natali, Asunción Balaguer, Arielle Dombasle","Dan Gillis, un guionista americano que vive en París y que acaba de ser abandonado por su mujer, es contratado para escribir el guión de una película que dirigirá un extraño y enigmático joven."
LA GRAZIA,Paolo Sorrentino,132,01,16:00,2026-06-28,Renoir Plaza de España,https://www.pillalas.com/pase/1075833/,https://www.cinesrenoir.com/pelicula/la-grazia/,https://media.pillalas.com/imagenes/726afb526abffa83c3be0b516c5fe20d16fbf7645320946527da276b1bc1ba4b27744cb3.jpg,Italiano,No recomendada para menores de 12 años,Miércoles 1 Abril 2026,"Toni Servillo, Anna Ferzetti, Orlando Cinque, Massimo Venturiello, Milvia Marigliano","El mandato de Mariano De Santis como presidente de Italia llega a su fin y se ve obligado a tomar desgarradoras decisiones políticas y personales. Entre dilemas morales, debe enfrentarse a su propia conciencia y buscar consejo en sus seres más cercanos, entre ellos Dorotea, su confidente e hija."
LA GRAZIA,Paolo Sorrentino,132,02,19:50,2026-06-28,Renoir Plaza de España,https://www.pillalas.com/pase/1075864/,https://www.cinesrenoir.com/pelicula/la-grazia/,https://media.pillalas.com/imagenes/726afb526abffa83c3be0b516c5fe20d16fbf7645320946527da276b1bc1ba4b27744cb3.jpg,Italiano,No recomendada para menores de 12 años,Miércoles 1 Abril 2026,"Toni Servillo, Anna Ferzetti, Orlando Cinque, Massimo Venturiello, Milvia Marigliano","El mandato de Mariano De Santis como presidente de Italia llega a su fin y se ve obligado a tomar desgarradoras decisiones políticas y personales. Entre dilemas morales, debe enfrentarse a su propia conciencia y buscar consejo en sus seres más cercanos, entre ellos Dorotea, su confidente e hija."
LA GRAZIA,Paolo Sorrentino,132,03,22:05,2026-06-28,Renoir Plaza de España,https://www.pillalas.com/pase/1075866/,https://www.cinesrenoir.com/pelicula/la-grazia/,https://media.pillalas.com/imagenes/726afb526abffa83c3be0b516c5fe20d16fbf7645320946527da276b1bc1ba4b27744cb3.jpg,Italiano,No recomendada para menores de 12 años,Miércoles 1 Abril 2026,"Toni Servillo, Anna Ferzetti, Orlando Cinque, Massimo Venturiello, Milvia Marigliano","El mandato de Mariano De Santis como presidente de Italia llega a su fin y se ve obligado a tomar desgarradoras decisiones políticas y personales. Entre dilemas morales, debe enfrentarse a su propia conciencia y buscar consejo en sus seres más cercanos, entre ellos Dorotea, su confidente e hija."
LA MUJER SIN NOMBRE,Haifaa Al-Mansour,99,02,16:00,2026-06-28,Renoir Plaza de España,https://www.pillalas.com/pase/1075861/,https://www.cinesrenoir.com/pelicula/la-mujer-sin-nombre/,https://media.pillalas.com/imagenes/726afb526abffa839979913bfcd9ec0483cc758159c1169b43444aea9c8022ea0669600d.jpg,Árabe,Pendiente de calificación,Viernes 26 Junio 2026,"Abdullah Al-Qahtani, Mila Al Zahrani, Aziz Gharbawi, Shafi Al Harthi, Othoub Sharar, Adwa Alasiri","El cuerpo sin vida de una adolescente es descubierto en el desierto. Cuando nadie la reclama por miedo a la vergüenza que pueda suponer para su familia, una investigadora novata apasionada de los true-crimes llamada Nawal se involucra obsesivamente. A pesar del deseo de sus superiores de cerrar el caso y de la resistencia de una sociedad donde las mujeres han aprendido a esconderse para garantizar su seguridad, Nawal está decidida a identificar el cuerpo y descubrir la verdad."
LA MUJER SIN NOMBRE,Haifaa Al-Mansour,99,02,17:55,2026-06-28,Renoir Plaza de España,https://www.pillalas.com/pase/1075862/,https://www.cinesrenoir.com/pelicula/la-mujer-sin-nombre/,https://media.pillalas.com/imagenes/726afb526abffa839979913bfcd9ec0483cc758159c1169b43444aea9c8022ea0669600d.jpg,Árabe,Pendiente de calificación,Viernes 26 Junio 2026,"Abdullah Al-Qahtani, Mila Al Zahrani, Aziz Gharbawi, Shafi Al Harthi, Othoub Sharar, Adwa Alasiri","El cuerpo sin vida de una adolescente es descubierto en el desierto. Cuando nadie la reclama por miedo a la vergüenza que pueda suponer para su familia, una investigadora novata apasionada de los true-crimes llamada Nawal se involucra obsesivamente. A pesar del deseo de sus superiores de cerrar el caso y de la resistencia de una sociedad donde las mujeres han aprendido a esconderse para garantizar su seguridad, Nawal está decidida a identificar el cuerpo y descubrir la verdad."
LA MUJER SIN NOMBRE,Haifaa Al-Mansour,99,02,22:20,2026-06-28,Renoir Plaza de España,https://www.pillalas.com/pase/1075867/,https://www.cinesrenoir.com/pelicula/la-mujer-sin-nombre/,https://media.pillalas.com/imagenes/726afb526abffa839979913bfcd9ec0483cc758159c1169b43444aea9c8022ea0669600d.jpg,Árabe,Pendiente de calificación,Viernes 26 Junio 2026,"Abdullah Al-Qahtani, Mila Al Zahrani, Aziz Gharbawi, Shafi Al Harthi, Othoub Sharar, Adwa Alasiri","El cuerpo sin vida de una adolescente es descubierto en el desierto. Cuando nadie la reclama por miedo a la vergüenza que pueda suponer para su familia, una investigadora novata apasionada de los true-crimes llamada Nawal se involucra obsesivamente. A pesar del deseo de sus superiores de cerrar el caso y de la resistencia de una sociedad donde las mujeres han aprendido a esconderse para garantizar su seguridad, Nawal está decidida a identificar el cuerpo y descubrir la verdad."
UN POETA,Simon Mesa Soto,123,05,15:50,2026-06-28,Renoir Plaza de España,https://www.pillalas.com/pase/1075915/,https://www.cinesrenoir.com/pelicula/un-poeta/,https://media.pillalas.com/imagenes/726afb526abffa833fe40dc532766d4edd5f8bd99d62c174bf9a25ca7373e14deb0efcab.jpg,Castellano,No recomendada para menores de 16 años,Viernes 17 Abril 2026,Ubeimar Ríos,"La obsesión de Óscar Restrepo por la poesía no le ha reportado ninguna gloria. Envejecido y errático, ha sucumbido al tópico del poeta en la sombra. Conocer a Yurlady, una adolescente de origen humilde, y ayudarla a cultivar su talento trae algo de luz a sus días, pero arrastrarla al mundo de la poesía quizá no sea el camino."
UN POETA,Simon Mesa Soto,123,04,18:00,2026-06-28,Renoir Plaza de España,https://www.pillalas.com/pase/1075916/,https://www.cinesrenoir.com/pelicula/un-poeta/,https://media.pillalas.com/imagenes/726afb526abffa833fe40dc532766d4edd5f8bd99d62c174bf9a25ca7373e14deb0efcab.jpg,Castellano,No recomendada para menores de 16 años,Viernes 17 Abril 2026,Ubeimar Ríos,"La obsesión de Óscar Restrepo por la poesía no le ha reportado ninguna gloria. Envejecido y errático, ha sucumbido al tópico del poeta en la sombra. Conocer a Yurlady, una adolescente de origen humilde, y ayudarla a cultivar su talento trae algo de luz a sus días, pero arrastrarla al mundo de la poesía quizá no sea el camino."
UN POETA,Simon Mesa Soto,123,05,22:00,2026-06-28,Renoir Plaza de España,https://www.pillalas.com/pase/1075920/,https://www.cinesrenoir.com/pelicula/un-poeta/,https://media.pillalas.com/imagenes/726afb526abffa833fe40dc532766d4edd5f8bd99d62c174bf9a25ca7373e14deb0efcab.jpg,Castellano,No recomendada para menores de 16 años,Viernes 17 Abril 2026,Ubeimar Ríos,"La obsesión de Óscar Restrepo por la poesía no le ha reportado ninguna gloria. Envejecido y errático, ha sucumbido al tópico del poeta en la sombra. Conocer a Yurlady, una adolescente de origen humilde, y ayudarla a cultivar su talento trae algo de luz a sus días, pero arrastrarla al mundo de la poesía quizá no sea el camino."
VIAJE AL PAÍS DE LOS BLANCOS,Dani Sancho,110,03,15:50,2026-06-28,Renoir Plaza de España,https://www.pillalas.com/pase/1075860/,https://www.cinesrenoir.com/pelicula/viaje-al-pais-de-los-blancos/,https://media.pillalas.com/imagenes/726afb526abffa83da9af8c08848b34e2f4e2578b0fb426e15c8edd6eeb68e446c43317f.jpg,Catalán,No recomendada para menores de 12 años,Viernes 26 Junio 2026,"Ousman Umar, Emma Vilarasau, Jordi Bosch, Elisabet Assens, David Climent, Edgar Moreno, Víctor Say","Basada en la historia real de Ousman Umar, un joven ghanés que abandona su aldea atraído por la idea del “país de los blancos”, un lugar lejano que alimenta su curiosidad. Tras una travesía llena de obstáculos llega a Barcelona y descubre que la vida allí no es como él la imaginaba. Hasta que conoce a Montse, que le acoge en su familia y le ofrece, además de amor y apoyo, la posibilidad de un futuro. Ousman no solo la aprovecha, sino que la transforma en algo mucho mayor."
VIAJE AL PAÍS DE LOS BLANCOS,Dani Sancho,110,03,17:55,2026-06-28,Renoir Plaza de España,https://www.pillalas.com/pase/1075863/,https://www.cinesrenoir.com/pelicula/viaje-al-pais-de-los-blancos/,https://media.pillalas.com/imagenes/726afb526abffa83da9af8c08848b34e2f4e2578b0fb426e15c8edd6eeb68e446c43317f.jpg,Catalán,No recomendada para menores de 12 años,Viernes 26 Junio 2026,"Ousman Umar, Emma Vilarasau, Jordi Bosch, Elisabet Assens, David Climent, Edgar Moreno, Víctor Say","Basada en la historia real de Ousman Umar, un joven ghanés que abandona su aldea atraído por la idea del “país de los blancos”, un lugar lejano que alimenta su curiosidad. Tras una travesía llena de obstáculos llega a Barcelona y descubre que la vida allí no es como él la imaginaba. Hasta que conoce a Montse, que le acoge en su familia y le ofrece, además de amor y apoyo, la posibilidad de un futuro. Ousman no solo la aprovecha, sino que la transforma en algo mucho mayor."
VIAJE AL PAÍS DE LOS BLANCOS,Dani Sancho,110,03,20:00,2026-06-28,Renoir Plaza de España,https://www.pillalas.com/pase/1075865/,https://www.cinesrenoir.com/pelicula/viaje-al-pais-de-los-blancos/,https://media.pillalas.com/imagenes/726afb526abffa83da9af8c08848b34e2f4e2578b0fb426e15c8edd6eeb68e446c43317f.jpg,Catalán,No recomendada para menores de 12 años,Viernes 26 Junio 2026,"Ousman Umar, Emma Vilarasau, Jordi Bosch, Elisabet Assens, David Climent, Edgar Moreno, Víctor Say","Basada en la historia real de Ousman Umar, un joven ghanés que abandona su aldea atraído por la idea del “país de los blancos”, un lugar lejano que alimenta su curiosidad. Tras una travesía llena de obstáculos llega a Barcelona y descubre que la vida allí no es como él la imaginaba. Hasta que conoce a Montse, que le acoge en su familia y le ofrece, además de amor y apoyo, la posibilidad de un futuro. Ousman no solo la aprovecha, sino que la transforma en algo mucho mayor."
VIVA,Aina Clotet,113,04,15:50,2026-06-28,Renoir Plaza de España,https://www.pillalas.com/pase/1075914/,https://www.cinesrenoir.com/pelicula/viva/,https://media.pillalas.com/imagenes/726afb526abffa830acb00a3569b44f67bc3ace567977edc5e3423b3a8dfa15bf779569d.jpg,"Catalán, Castellano",No recomendada para menores de 16 años,Viernes 19 Junio 2026,"Aina Clotet, Naby Dakhli, Marc Soler, Loll Beltran, Zaira Pérez, Guillermo Toledo, Josh Zuckerman","‘Viva’ habla de Nora, una mujer de cuarenta y pocos años que acaba de superar una enfermedad y que, tras esa experiencia, siente una urgencia radical por vivir intensamente. Acostumbrada a exigirse al máximo en todos los ámbitos de su vida, Nora se encuentra dividida entre el orden y la seguridad de su relación de toda la vida con Tom y la aparición inesperada de Max, un joven que despierta en ella una nueva pulsión de deseo y libertad."
VIVA,Aina Clotet,113,04,20:20,2026-06-28,Renoir Plaza de España,https://www.pillalas.com/pase/1075919/,https://www.cinesrenoir.com/pelicula/viva/,https://media.pillalas.com/imagenes/726afb526abffa830acb00a3569b44f67bc3ace567977edc5e3423b3a8dfa15bf779569d.jpg,"Catalán, Castellano",No recomendada para menores de 16 años,Viernes 19 Junio 2026,"Aina Clotet, Naby Dakhli, Marc Soler, Loll Beltran, Zaira Pérez, Guillermo Toledo, Josh Zuckerman","‘Viva’ habla de Nora, una mujer de cuarenta y pocos años que acaba de superar una enfermedad y que, tras esa experiencia, siente una urgencia radical por vivir intensamente. Acostumbrada a exigirse al máximo en todos los ámbitos de su vida, Nora se encuentra dividida entre el orden y la seguridad de su relación de toda la vida con Tom y la aparición inesperada de Max, un joven que despierta en ella una nueva pulsión de deseo y libertad."
15 PRUEBAS DE AMOR,Alice Douard,97,05,18:10,2026-06-29,Renoir Plaza de España,https://www.pillalas.com/pase/1075925/,https://www.cinesrenoir.com/pelicula/15-pruebas-de-amor/,https://media.pillalas.com/imagenes/726afb526abffa83e391391418df6f04ce74aa21d25dce1a006ceaa76b8c3192b706f943.jpg,Francés,Pendiente de calificación,Viernes 19 Junio 2026,"Ella Rumpf, Monia Chokri, Noémie Lvovsky, Emy Juretzko, Julien Gaspar-Oliveri, Jeanne Herry, Aude Pépin, Philippe Petit, Anne Le Ny, Émilie Brisavoine, Hammou Graïa, Tom Harari, Pauline Bayle, Félix Kysyl","Céline espera su primer hijo. Pero no es ella quien está embarazada. En tres meses, su esposa Nadia dará a luz a su hija. Bajo la mirada de sus amigos, de su madre y de la ley, Céline busca su lugar y su sentido de la legitimidad, mientras lucha contra un sistema que le pone trabas para conseguir lo único que desea, ser la madre de su propia hija."
15 PRUEBAS DE AMOR,Alice Douard,97,05,20:05,2026-06-29,Renoir Plaza de España,https://www.pillalas.com/pase/1075926/,https://www.cinesrenoir.com/pelicula/15-pruebas-de-amor/,https://media.pillalas.com/imagenes/726afb526abffa83e391391418df6f04ce74aa21d25dce1a006ceaa76b8c3192b706f943.jpg,Francés,Pendiente de calificación,Viernes 19 Junio 2026,"Ella Rumpf, Monia Chokri, Noémie Lvovsky, Emy Juretzko, Julien Gaspar-Oliveri, Jeanne Herry, Aude Pépin, Philippe Petit, Anne Le Ny, Émilie Brisavoine, Hammou Graïa, Tom Harari, Pauline Bayle, Félix Kysyl","Céline espera su primer hijo. Pero no es ella quien está embarazada. En tres meses, su esposa Nadia dará a luz a su hija. Bajo la mirada de sus amigos, de su madre y de la ley, Céline busca su lugar y su sentido de la legitimidad, mientras lucha contra un sistema que le pone trabas para conseguir lo único que desea, ser la madre de su propia hija."
15 PRUEBAS DE AMOR,Alice Douard,97,04,22:30,2026-06-29,Renoir Plaza de España,https://www.pillalas.com/pase/1075929/,https://www.cinesrenoir.com/pelicula/15-pruebas-de-amor/,https://media.pillalas.com/imagenes/726afb526abffa83e391391418df6f04ce74aa21d25dce1a006ceaa76b8c3192b706f943.jpg,Francés,Pendiente de calificación,Viernes 19 Junio 2026,"Ella Rumpf, Monia Chokri, Noémie Lvovsky, Emy Juretzko, Julien Gaspar-Oliveri, Jeanne Herry, Aude Pépin, Philippe Petit, Anne Le Ny, Émilie Brisavoine, Hammou Graïa, Tom Harari, Pauline Bayle, Félix Kysyl","Céline espera su primer hijo. Pero no es ella quien está embarazada. En tres meses, su esposa Nadia dará a luz a su hija. Bajo la mirada de sus amigos, de su madre y de la ley, Céline busca su lugar y su sentido de la legitimidad, mientras lucha contra un sistema que le pone trabas para conseguir lo único que desea, ser la madre de su propia hija."
AMANTES,Vicente Aranda,123,01,19:00,2026-06-29,Renoir Plaza de España,https://www.pillalas.com/pase/1073154/,https://www.cinesrenoir.com/pelicula/amantes/,https://media.pillalas.com/imagenes/726afb526abffa83315911699a527d960965ea1ef62f7dd23814a843c71c5f0544b627fb.jpg,Castellano,Pendiente de calificación,Martes 30 Junio 2026,"Jorge Sanz, Victoria Abril, Maribel Verdú, Enrique Cerro, Mabel Escaño, Alicia Agut, José Cerro, Gabriel Latorre, Saturnino Garcia","Madrid, 1955. Paco, un joven que acaba de terminar el servicio militar, decide establecerse en la capital. Tiene planeado casarse con su novia Trini, pero otra mujer, una atractiva viuda llamada Luisa a la que ha alquilado una habitación, se cruza en su camino. Obsesionado con su amante, Paco se alejará cada vez más de su novia, teniendo que elegir entre ambas."
LA GRAZIA,Paolo Sorrentino,132,01,16:00,2026-06-29,Renoir Plaza de España,https://www.pillalas.com/pase/1075834/,https://www.cinesrenoir.com/pelicula/la-grazia/,https://media.pillalas.com/imagenes/726afb526abffa83c3be0b516c5fe20d16fbf7645320946527da276b1bc1ba4b27744cb3.jpg,Italiano,No recomendada para menores de 12 años,Miércoles 1 Abril 2026,"Toni Servillo, Anna Ferzetti, Orlando Cinque, Massimo Venturiello, Milvia Marigliano","El mandato de Mariano De Santis como presidente de Italia llega a su fin y se ve obligado a tomar desgarradoras decisiones políticas y personales. Entre dilemas morales, debe enfrentarse a su propia conciencia y buscar consejo en sus seres más cercanos, entre ellos Dorotea, su confidente e hija."
LA GRAZIA,Paolo Sorrentino,132,02,19:50,2026-06-29,Renoir Plaza de España,https://www.pillalas.com/pase/1075872/,https://www.cinesrenoir.com/pelicula/la-grazia/,https://media.pillalas.com/imagenes/726afb526abffa83c3be0b516c5fe20d16fbf7645320946527da276b1bc1ba4b27744cb3.jpg,Italiano,No recomendada para menores de 12 años,Miércoles 1 Abril 2026,"Toni Servillo, Anna Ferzetti, Orlando Cinque, Massimo Venturiello, Milvia Marigliano","El mandato de Mariano De Santis como presidente de Italia llega a su fin y se ve obligado a tomar desgarradoras decisiones políticas y personales. Entre dilemas morales, debe enfrentarse a su propia conciencia y buscar consejo en sus seres más cercanos, entre ellos Dorotea, su confidente e hija."
LA GRAZIA,Paolo Sorrentino,132,03,22:05,2026-06-29,Renoir Plaza de España,https://www.pillalas.com/pase/1075874/,https://www.cinesrenoir.com/pelicula/la-grazia/,https://media.pillalas.com/imagenes/726afb526abffa83c3be0b516c5fe20d16fbf7645320946527da276b1bc1ba4b27744cb3.jpg,Italiano,No recomendada para menores de 12 años,Miércoles 1 Abril 2026,"Toni Servillo, Anna Ferzetti, Orlando Cinque, Massimo Venturiello, Milvia Marigliano","El mandato de Mariano De Santis como presidente de Italia llega a su fin y se ve obligado a tomar desgarradoras decisiones políticas y personales. Entre dilemas morales, debe enfrentarse a su propia conciencia y buscar consejo en sus seres más cercanos, entre ellos Dorotea, su confidente e hija."
LA MUJER SIN NOMBRE,Haifaa Al-Mansour,99,02,16:00,2026-06-29,Renoir Plaza de España,https://www.pillalas.com/pase/1075869/,https://www.cinesrenoir.com/pelicula/la-mujer-sin-nombre/,https://media.pillalas.com/imagenes/726afb526abffa839979913bfcd9ec0483cc758159c1169b43444aea9c8022ea0669600d.jpg,Árabe,Pendiente de calificación,Viernes 26 Junio 2026,"Abdullah Al-Qahtani, Mila Al Zahrani, Aziz Gharbawi, Shafi Al Harthi, Othoub Sharar, Adwa Alasiri","El cuerpo sin vida de una adolescente es descubierto en el desierto. Cuando nadie la reclama por miedo a la vergüenza que pueda suponer para su familia, una investigadora novata apasionada de los true-crimes llamada Nawal se involucra obsesivamente. A pesar del deseo de sus superiores de cerrar el caso y de la resistencia de una sociedad donde las mujeres han aprendido a esconderse para garantizar su seguridad, Nawal está decidida a identificar el cuerpo y descubrir la verdad."
LA MUJER SIN NOMBRE,Haifaa Al-Mansour,99,02,17:55,2026-06-29,Renoir Plaza de España,https://www.pillalas.com/pase/1075870/,https://www.cinesrenoir.com/pelicula/la-mujer-sin-nombre/,https://media.pillalas.com/imagenes/726afb526abffa839979913bfcd9ec0483cc758159c1169b43444aea9c8022ea0669600d.jpg,Árabe,Pendiente de calificación,Viernes 26 Junio 2026,"Abdullah Al-Qahtani, Mila Al Zahrani, Aziz Gharbawi, Shafi Al Harthi, Othoub Sharar, Adwa Alasiri","El cuerpo sin vida de una adolescente es descubierto en el desierto. Cuando nadie la reclama por miedo a la vergüenza que pueda suponer para su familia, una investigadora novata apasionada de los true-crimes llamada Nawal se involucra obsesivamente. A pesar del deseo de sus superiores de cerrar el caso y de la resistencia de una sociedad donde las mujeres han aprendido a esconderse para garantizar su seguridad, Nawal está decidida a identificar el cuerpo y descubrir la verdad."
LA MUJER SIN NOMBRE,Haifaa Al-Mansour,99,02,22:20,2026-06-29,Renoir Plaza de España,https://www.pillalas.com/pase/1075875/,https://www.cinesrenoir.com/pelicula/la-mujer-sin-nombre/,https://media.pillalas.com/imagenes/726afb526abffa839979913bfcd9ec0483cc758159c1169b43444aea9c8022ea0669600d.jpg,Árabe,Pendiente de calificación,Viernes 26 Junio 2026,"Abdullah Al-Qahtani, Mila Al Zahrani, Aziz Gharbawi, Shafi Al Harthi, Othoub Sharar, Adwa Alasiri","El cuerpo sin vida de una adolescente es descubierto en el desierto. Cuando nadie la reclama por miedo a la vergüenza que pueda suponer para su familia, una investigadora novata apasionada de los true-crimes llamada Nawal se involucra obsesivamente. A pesar del deseo de sus superiores de cerrar el caso y de la resistencia de una sociedad donde las mujeres han aprendido a esconderse para garantizar su seguridad, Nawal está decidida a identificar el cuerpo y descubrir la verdad."
UN POETA,Simon Mesa Soto,123,05,15:50,2026-06-29,Renoir Plaza de España,https://www.pillalas.com/pase/1075923/,https://www.cinesrenoir.com/pelicula/un-poeta/,https://media.pillalas.com/imagenes/726afb526abffa833fe40dc532766d4edd5f8bd99d62c174bf9a25ca7373e14deb0efcab.jpg,Castellano,No recomendada para menores de 16 años,Viernes 17 Abril 2026,Ubeimar Ríos,"La obsesión de Óscar Restrepo por la poesía no le ha reportado ninguna gloria. Envejecido y errático, ha sucumbido al tópico del poeta en la sombra. Conocer a Yurlady, una adolescente de origen humilde, y ayudarla a cultivar su talento trae algo de luz a sus días, pero arrastrarla al mundo de la poesía quizá no sea el camino."
UN POETA,Simon Mesa Soto,123,04,18:00,2026-06-29,Renoir Plaza de España,https://www.pillalas.com/pase/1075924/,https://www.cinesrenoir.com/pelicula/un-poeta/,https://media.pillalas.com/imagenes/726afb526abffa833fe40dc532766d4edd5f8bd99d62c174bf9a25ca7373e14deb0efcab.jpg,Castellano,No recomendada para menores de 16 años,Viernes 17 Abril 2026,Ubeimar Ríos,"La obsesión de Óscar Restrepo por la poesía no le ha reportado ninguna gloria. Envejecido y errático, ha sucumbido al tópico del poeta en la sombra. Conocer a Yurlady, una adolescente de origen humilde, y ayudarla a cultivar su talento trae algo de luz a sus días, pero arrastrarla al mundo de la poesía quizá no sea el camino."
UN POETA,Simon Mesa Soto,123,05,22:00,2026-06-29,Renoir Plaza de España,https://www.pillalas.com/pase/1075928/,https://www.cinesrenoir.com/pelicula/un-poeta/,https://media.pillalas.com/imagenes/726afb526abffa833fe40dc532766d4edd5f8bd99d62c174bf9a25ca7373e14deb0efcab.jpg,Castellano,No recomendada para menores de 16 años,Viernes 17 Abril 2026,Ubeimar Ríos,"La obsesión de Óscar Restrepo por la poesía no le ha reportado ninguna gloria. Envejecido y errático, ha sucumbido al tópico del poeta en la sombra. Conocer a Yurlady, una adolescente de origen humilde, y ayudarla a cultivar su talento trae algo de luz a sus días, pero arrastrarla al mundo de la poesía quizá no sea el camino."
VIAJE AL PAÍS DE LOS BLANCOS,Dani Sancho,110,03,15:50,2026-06-29,Renoir Plaza de España,https://www.pillalas.com/pase/1075868/,https://www.cinesrenoir.com/pelicula/viaje-al-pais-de-los-blancos/,https://media.pillalas.com/imagenes/726afb526abffa83da9af8c08848b34e2f4e2578b0fb426e15c8edd6eeb68e446c43317f.jpg,Catalán,No recomendada para menores de 12 años,Viernes 26 Junio 2026,"Ousman Umar, Emma Vilarasau, Jordi Bosch, Elisabet Assens, David Climent, Edgar Moreno, Víctor Say","Basada en la historia real de Ousman Umar, un joven ghanés que abandona su aldea atraído por la idea del “país de los blancos”, un lugar lejano que alimenta su curiosidad. Tras una travesía llena de obstáculos llega a Barcelona y descubre que la vida allí no es como él la imaginaba. Hasta que conoce a Montse, que le acoge en su familia y le ofrece, además de amor y apoyo, la posibilidad de un futuro. Ousman no solo la aprovecha, sino que la transforma en algo mucho mayor."
VIAJE AL PAÍS DE LOS BLANCOS,Dani Sancho,110,03,17:55,2026-06-29,Renoir Plaza de España,https://www.pillalas.com/pase/1075871/,https://www.cinesrenoir.com/pelicula/viaje-al-pais-de-los-blancos/,https://media.pillalas.com/imagenes/726afb526abffa83da9af8c08848b34e2f4e2578b0fb426e15c8edd6eeb68e446c43317f.jpg,Catalán,No recomendada para menores de 12 años,Viernes 26 Junio 2026,"Ousman Umar, Emma Vilarasau, Jordi Bosch, Elisabet Assens, David Climent, Edgar Moreno, Víctor Say","Basada en la historia real de Ousman Umar, un joven ghanés que abandona su aldea atraído por la idea del “país de los blancos”, un lugar lejano que alimenta su curiosidad. Tras una travesía llena de obstáculos llega a Barcelona y descubre que la vida allí no es como él la imaginaba. Hasta que conoce a Montse, que le acoge en su familia y le ofrece, además de amor y apoyo, la posibilidad de un futuro. Ousman no solo la aprovecha, sino que la transforma en algo mucho mayor."
VIAJE AL PAÍS DE LOS BLANCOS,Dani Sancho,110,03,20:00,2026-06-29,Renoir Plaza de España,https://www.pillalas.com/pase/1075873/,https://www.cinesrenoir.com/pelicula/viaje-al-pais-de-los-blancos/,https://media.pillalas.com/imagenes/726afb526abffa83da9af8c08848b34e2f4e2578b0fb426e15c8edd6eeb68e446c43317f.jpg,Catalán,No recomendada para menores de 12 años,Viernes 26 Junio 2026,"Ousman Umar, Emma Vilarasau, Jordi Bosch, Elisabet Assens, David Climent, Edgar Moreno, Víctor Say","Basada en la historia real de Ousman Umar, un joven ghanés que abandona su aldea atraído por la idea del “país de los blancos”, un lugar lejano que alimenta su curiosidad. Tras una travesía llena de obstáculos llega a Barcelona y descubre que la vida allí no es como él la imaginaba. Hasta que conoce a Montse, que le acoge en su familia y le ofrece, además de amor y apoyo, la posibilidad de un futuro. Ousman no solo la aprovecha, sino que la transforma en algo mucho mayor."
VIVA,Aina Clotet,113,04,15:50,2026-06-29,Renoir Plaza de España,https://www.pillalas.com/pase/1075922/,https://www.cinesrenoir.com/pelicula/viva/,https://media.pillalas.com/imagenes/726afb526abffa830acb00a3569b44f67bc3ace567977edc5e3423b3a8dfa15bf779569d.jpg,"Catalán, Castellano",No recomendada para menores de 16 años,Viernes 19 Junio 2026,"Aina Clotet, Naby Dakhli, Marc Soler, Loll Beltran, Zaira Pérez, Guillermo Toledo, Josh Zuckerman","‘Viva’ habla de Nora, una mujer de cuarenta y pocos años que acaba de superar una enfermedad y que, tras esa experiencia, siente una urgencia radical por vivir intensamente. Acostumbrada a exigirse al máximo en todos los ámbitos de su vida, Nora se encuentra dividida entre el orden y la seguridad de su relación de toda la vida con Tom y la aparición inesperada de Max, un joven que despierta en ella una nueva pulsión de deseo y libertad."
VIVA,Aina Clotet,113,04,20:20,2026-06-29,Renoir Plaza de España,https://www.pillalas.com/pase/1075927/,https://www.cinesrenoir.com/pelicula/viva/,https://media.pillalas.com/imagenes/726afb526abffa830acb00a3569b44f67bc3ace567977edc5e3423b3a8dfa15bf779569d.jpg,"Catalán, Castellano",No recomendada para menores de 16 años,Viernes 19 Junio 2026,"Aina Clotet, Naby Dakhli, Marc Soler, Loll Beltran, Zaira Pérez, Guillermo Toledo, Josh Zuckerman","‘Viva’ habla de Nora, una mujer de cuarenta y pocos años que acaba de superar una enfermedad y que, tras esa experiencia, siente una urgencia radical por vivir intensamente. Acostumbrada a exigirse al máximo en todos los ámbitos de su vida, Nora se encuentra dividida entre el orden y la seguridad de su relación de toda la vida con Tom y la aparición inesperada de Max, un joven que despierta en ella una nueva pulsión de deseo y libertad."
15 PRUEBAS DE AMOR,Alice Douard,97,05,18:10,2026-06-30,Renoir Plaza de España,https://www.pillalas.com/pase/1075933/,https://www.cinesrenoir.com/pelicula/15-pruebas-de-amor/,https://media.pillalas.com/imagenes/726afb526abffa83e391391418df6f04ce74aa21d25dce1a006ceaa76b8c3192b706f943.jpg,Francés,Pendiente de calificación,Viernes 19 Junio 2026,"Ella Rumpf, Monia Chokri, Noémie Lvovsky, Emy Juretzko, Julien Gaspar-Oliveri, Jeanne Herry, Aude Pépin, Philippe Petit, Anne Le Ny, Émilie Brisavoine, Hammou Graïa, Tom Harari, Pauline Bayle, Félix Kysyl","Céline espera su primer hijo. Pero no es ella quien está embarazada. En tres meses, su esposa Nadia dará a luz a su hija. Bajo la mirada de sus amigos, de su madre y de la ley, Céline busca su lugar y su sentido de la legitimidad, mientras lucha contra un sistema que le pone trabas para conseguir lo único que desea, ser la madre de su propia hija."
15 PRUEBAS DE AMOR,Alice Douard,97,05,20:05,2026-06-30,Renoir Plaza de España,https://www.pillalas.com/pase/1075934/,https://www.cinesrenoir.com/pelicula/15-pruebas-de-amor/,https://media.pillalas.com/imagenes/726afb526abffa83e391391418df6f04ce74aa21d25dce1a006ceaa76b8c3192b706f943.jpg,Francés,Pendiente de calificación,Viernes 19 Junio 2026,"Ella Rumpf, Monia Chokri, Noémie Lvovsky, Emy Juretzko, Julien Gaspar-Oliveri, Jeanne Herry, Aude Pépin, Philippe Petit, Anne Le Ny, Émilie Brisavoine, Hammou Graïa, Tom Harari, Pauline Bayle, Félix Kysyl","Céline espera su primer hijo. Pero no es ella quien está embarazada. En tres meses, su esposa Nadia dará a luz a su hija. Bajo la mirada de sus amigos, de su madre y de la ley, Céline busca su lugar y su sentido de la legitimidad, mientras lucha contra un sistema que le pone trabas para conseguir lo único que desea, ser la madre de su propia hija."
15 PRUEBAS DE AMOR,Alice Douard,97,04,22:30,2026-06-30,Renoir Plaza de España,https://www.pillalas.com/pase/1075937/,https://www.cinesrenoir.com/pelicula/15-pruebas-de-amor/,https://media.pillalas.com/imagenes/726afb526abffa83e391391418df6f04ce74aa21d25dce1a006ceaa76b8c3192b706f943.jpg,Francés,Pendiente de calificación,Viernes 19 Junio 2026,"Ella Rumpf, Monia Chokri, Noémie Lvovsky, Emy Juretzko, Julien Gaspar-Oliveri, Jeanne Herry, Aude Pépin, Philippe Petit, Anne Le Ny, Émilie Brisavoine, Hammou Graïa, Tom Harari, Pauline Bayle, Félix Kysyl","Céline espera su primer hijo. Pero no es ella quien está embarazada. En tres meses, su esposa Nadia dará a luz a su hija. Bajo la mirada de sus amigos, de su madre y de la ley, Céline busca su lugar y su sentido de la legitimidad, mientras lucha contra un sistema que le pone trabas para conseguir lo único que desea, ser la madre de su propia hija."
EL ACTIVISTA [CINE CON ORGULLO RENOIR],Romas Zabarauskas,94,02,20:30,2026-06-30,Renoir Plaza de España,https://www.pillalas.com/pase/1075420/,https://www.cinesrenoir.com/pelicula/el-activista-cine-con-orgullo-renoir/,https://media.pillalas.com/imagenes/726afb526abffa83dc4988ee42f51b135c35c67ace78f1be0554c572922aaa148483dc5f.jpg,Lituano,No recomendada para menores de 16 años,Martes 30 Junio 2026,"Robertas Petraitis, Vaslov Goom, Simas Kuliesius, Teklė Baroti, Elvinas Juodkazis, Redita Dominaitytė, Lukas Malinauskas, Elzbieta Latėnaitė","Cuando Deividas, un activista LGBTQ+ que organiza el primer Pride de Kaunas, es brutalmente asesinado, su novio Andrius decide investigar por su cuenta ante la indiferencia de la policía y de la sociedad. Para descubrir al culpable, se infiltra en un grupo neonazi radical y se adentra en un entorno marcado por el odio, la violencia y la homofobia. A medida que se acerca a la verdad, la línea entre la búsqueda de justicia y el deseo de venganza comienza a desdibujarse. Un intenso thriller queer sobre el extremismo, la pérdida y la resistencia."
"JAMÓN, JAMÓN",Bigas Luna,101,01,16:15,2026-06-30,Renoir Plaza de España,https://www.pillalas.com/pase/1075809/,https://www.cinesrenoir.com/pelicula/jamon-jamon/,https://media.pillalas.com/imagenes/726afb526abffa832149f9fcdafaa200ac6536616d1e4df3c6d29d7c17f07b3e36219208.jpg,Castellano,Pendiente de calificación,Martes 30 Junio 2026,"Javier Bardem, Penelope Cruz, Stefania Sandrelli, Anna Galiena, Juan Diego, Jordi Mollà, Tomás Penco, Armando Del Río, Diana Sassen, Chema Mazo, Nazaret Callao, Marianne Hermitte, Nadia Godoy, María Reniu, Susana Koska, Miguel García, Roberto Bermejo","José Luis es el hijo de un acaudalado matrimonio que posee una fábrica de ropa interior masculina, en la que trabaja su novia Silvia. Cuando ella se queda embarazada, él promete casarse con ella a pesar de la oposición de sus padres. Con el fin de frustrar esa boda no deseada, la madre decide contratar a un joven aspirante a torero para que seduzca a la joven."
"JAMÓN, JAMÓN",Bigas Luna,101,01,19:00,2026-06-30,Renoir Plaza de España,https://www.pillalas.com/pase/1073155/,https://www.cinesrenoir.com/pelicula/jamon-jamon/,https://media.pillalas.com/imagenes/726afb526abffa832149f9fcdafaa200ac6536616d1e4df3c6d29d7c17f07b3e36219208.jpg,Castellano,Pendiente de calificación,Martes 30 Junio 2026,"Javier Bardem, Penelope Cruz, Stefania Sandrelli, Anna Galiena, Juan Diego, Jordi Mollà, Tomás Penco, Armando Del Río, Diana Sassen, Chema Mazo, Nazaret Callao, Marianne Hermitte, Nadia Godoy, María Reniu, Susana Koska, Miguel García, Roberto Bermejo","José Luis es el hijo de un acaudalado matrimonio que posee una fábrica de ropa interior masculina, en la que trabaja su novia Silvia. Cuando ella se queda embarazada, él promete casarse con ella a pesar de la oposición de sus padres. Con el fin de frustrar esa boda no deseada, la madre decide contratar a un joven aspirante a torero para que seduzca a la joven."
"JAMÓN, JAMÓN",Bigas Luna,101,01,21:30,2026-06-30,Renoir Plaza de España,https://www.pillalas.com/pase/1075810/,https://www.cinesrenoir.com/pelicula/jamon-jamon/,https://media.pillalas.com/imagenes/726afb526abffa832149f9fcdafaa200ac6536616d1e4df3c6d29d7c17f07b3e36219208.jpg,Castellano,Pendiente de calificación,Martes 30 Junio 2026,"Javier Bardem, Penelope Cruz, Stefania Sandrelli, Anna Galiena, Juan Diego, Jordi Mollà, Tomás Penco, Armando Del Río, Diana Sassen, Chema Mazo, Nazaret Callao, Marianne Hermitte, Nadia Godoy, María Reniu, Susana Koska, Miguel García, Roberto Bermejo","José Luis es el hijo de un acaudalado matrimonio que posee una fábrica de ropa interior masculina, en la que trabaja su novia Silvia. Cuando ella se queda embarazada, él promete casarse con ella a pesar de la oposición de sus padres. Con el fin de frustrar esa boda no deseada, la madre decide contratar a un joven aspirante a torero para que seduzca a la joven."
LA GRAZIA,Paolo Sorrentino,132,03,22:05,2026-06-30,Renoir Plaza de España,https://www.pillalas.com/pase/1075881/,https://www.cinesrenoir.com/pelicula/la-grazia/,https://media.pillalas.com/imagenes/726afb526abffa83c3be0b516c5fe20d16fbf7645320946527da276b1bc1ba4b27744cb3.jpg,Italiano,No recomendada para menores de 12 años,Miércoles 1 Abril 2026,"Toni Servillo, Anna Ferzetti, Orlando Cinque, Massimo Venturiello, Milvia Marigliano","El mandato de Mariano De Santis como presidente de Italia llega a su fin y se ve obligado a tomar desgarradoras decisiones políticas y personales. Entre dilemas morales, debe enfrentarse a su propia conciencia y buscar consejo en sus seres más cercanos, entre ellos Dorotea, su confidente e hija."
LA MUJER SIN NOMBRE,Haifaa Al-Mansour,99,02,16:00,2026-06-30,Renoir Plaza de España,https://www.pillalas.com/pase/1075877/,https://www.cinesrenoir.com/pelicula/la-mujer-sin-nombre/,https://media.pillalas.com/imagenes/726afb526abffa839979913bfcd9ec0483cc758159c1169b43444aea9c8022ea0669600d.jpg,Árabe,Pendiente de calificación,Viernes 26 Junio 2026,"Abdullah Al-Qahtani, Mila Al Zahrani, Aziz Gharbawi, Shafi Al Harthi, Othoub Sharar, Adwa Alasiri","El cuerpo sin vida de una adolescente es descubierto en el desierto. Cuando nadie la reclama por miedo a la vergüenza que pueda suponer para su familia, una investigadora novata apasionada de los true-crimes llamada Nawal se involucra obsesivamente. A pesar del deseo de sus superiores de cerrar el caso y de la resistencia de una sociedad donde las mujeres han aprendido a esconderse para garantizar su seguridad, Nawal está decidida a identificar el cuerpo y descubrir la verdad."
LA MUJER SIN NOMBRE,Haifaa Al-Mansour,99,02,17:55,2026-06-30,Renoir Plaza de España,https://www.pillalas.com/pase/1075878/,https://www.cinesrenoir.com/pelicula/la-mujer-sin-nombre/,https://media.pillalas.com/imagenes/726afb526abffa839979913bfcd9ec0483cc758159c1169b43444aea9c8022ea0669600d.jpg,Árabe,Pendiente de calificación,Viernes 26 Junio 2026,"Abdullah Al-Qahtani, Mila Al Zahrani, Aziz Gharbawi, Shafi Al Harthi, Othoub Sharar, Adwa Alasiri","El cuerpo sin vida de una adolescente es descubierto en el desierto. Cuando nadie la reclama por miedo a la vergüenza que pueda suponer para su familia, una investigadora novata apasionada de los true-crimes llamada Nawal se involucra obsesivamente. A pesar del deseo de sus superiores de cerrar el caso y de la resistencia de una sociedad donde las mujeres han aprendido a esconderse para garantizar su seguridad, Nawal está decidida a identificar el cuerpo y descubrir la verdad."
UN POETA,Simon Mesa Soto,123,05,15:50,2026-06-30,Renoir Plaza de España,https://www.pillalas.com/pase/1075931/,https://www.cinesrenoir.com/pelicula/un-poeta/,https://media.pillalas.com/imagenes/726afb526abffa833fe40dc532766d4edd5f8bd99d62c174bf9a25ca7373e14deb0efcab.jpg,Castellano,No recomendada para menores de 16 años,Viernes 17 Abril 2026,Ubeimar Ríos,"La obsesión de Óscar Restrepo por la poesía no le ha reportado ninguna gloria. Envejecido y errático, ha sucumbido al tópico del poeta en la sombra. Conocer a Yurlady, una adolescente de origen humilde, y ayudarla a cultivar su talento trae algo de luz a sus días, pero arrastrarla al mundo de la poesía quizá no sea el camino."
UN POETA,Simon Mesa Soto,123,04,18:00,2026-06-30,Renoir Plaza de España,https://www.pillalas.com/pase/1075932/,https://www.cinesrenoir.com/pelicula/un-poeta/,https://media.pillalas.com/imagenes/726afb526abffa833fe40dc532766d4edd5f8bd99d62c174bf9a25ca7373e14deb0efcab.jpg,Castellano,No recomendada para menores de 16 años,Viernes 17 Abril 2026,Ubeimar Ríos,"La obsesión de Óscar Restrepo por la poesía no le ha reportado ninguna gloria. Envejecido y errático, ha sucumbido al tópico del poeta en la sombra. Conocer a Yurlady, una adolescente de origen humilde, y ayudarla a cultivar su talento trae algo de luz a sus días, pero arrastrarla al mundo de la poesía quizá no sea el camino."
UN POETA,Simon Mesa Soto,123,05,22:00,2026-06-30,Renoir Plaza de España,https://www.pillalas.com/pase/1075936/,https://www.cinesrenoir.com/pelicula/un-poeta/,https://media.pillalas.com/imagenes/726afb526abffa833fe40dc532766d4edd5f8bd99d62c174bf9a25ca7373e14deb0efcab.jpg,Castellano,No recomendada para menores de 16 años,Viernes 17 Abril 2026,Ubeimar Ríos,"La obsesión de Óscar Restrepo por la poesía no le ha reportado ninguna gloria. Envejecido y errático, ha sucumbido al tópico del poeta en la sombra. Conocer a Yurlady, una adolescente de origen humilde, y ayudarla a cultivar su talento trae algo de luz a sus días, pero arrastrarla al mundo de la poesía quizá no sea el camino."
VIAJE AL PAÍS DE LOS BLANCOS,Dani Sancho,110,03,15:50,2026-06-30,Renoir Plaza de España,https://www.pillalas.com/pase/1075876/,https://www.cinesrenoir.com/pelicula/viaje-al-pais-de-los-blancos/,https://media.pillalas.com/imagenes/726afb526abffa83da9af8c08848b34e2f4e2578b0fb426e15c8edd6eeb68e446c43317f.jpg,Catalán,No recomendada para menores de 12 años,Viernes 26 Junio 2026,"Ousman Umar, Emma Vilarasau, Jordi Bosch, Elisabet Assens, David Climent, Edgar Moreno, Víctor Say","Basada en la historia real de Ousman Umar, un joven ghanés que abandona su aldea atraído por la idea del “país de los blancos”, un lugar lejano que alimenta su curiosidad. Tras una travesía llena de obstáculos llega a Barcelona y descubre que la vida allí no es como él la imaginaba. Hasta que conoce a Montse, que le acoge en su familia y le ofrece, además de amor y apoyo, la posibilidad de un futuro. Ousman no solo la aprovecha, sino que la transforma en algo mucho mayor."
VIAJE AL PAÍS DE LOS BLANCOS,Dani Sancho,110,03,17:55,2026-06-30,Renoir Plaza de España,https://www.pillalas.com/pase/1075879/,https://www.cinesrenoir.com/pelicula/viaje-al-pais-de-los-blancos/,https://media.pillalas.com/imagenes/726afb526abffa83da9af8c08848b34e2f4e2578b0fb426e15c8edd6eeb68e446c43317f.jpg,Catalán,No recomendada para menores de 12 años,Viernes 26 Junio 2026,"Ousman Umar, Emma Vilarasau, Jordi Bosch, Elisabet Assens, David Climent, Edgar Moreno, Víctor Say","Basada en la historia real de Ousman Umar, un joven ghanés que abandona su aldea atraído por la idea del “país de los blancos”, un lugar lejano que alimenta su curiosidad. Tras una travesía llena de obstáculos llega a Barcelona y descubre que la vida allí no es como él la imaginaba. Hasta que conoce a Montse, que le acoge en su familia y le ofrece, además de amor y apoyo, la posibilidad de un futuro. Ousman no solo la aprovecha, sino que la transforma en algo mucho mayor."
VIAJE AL PAÍS DE LOS BLANCOS,Dani Sancho,110,03,20:00,2026-06-30,Renoir Plaza de España,https://www.pillalas.com/pase/1075880/,https://www.cinesrenoir.com/pelicula/viaje-al-pais-de-los-blancos/,https://media.pillalas.com/imagenes/726afb526abffa83da9af8c08848b34e2f4e2578b0fb426e15c8edd6eeb68e446c43317f.jpg,Catalán,No recomendada para menores de 12 años,Viernes 26 Junio 2026,"Ousman Umar, Emma Vilarasau, Jordi Bosch, Elisabet Assens, David Climent, Edgar Moreno, Víctor Say","Basada en la historia real de Ousman Umar, un joven ghanés que abandona su aldea atraído por la idea del “país de los blancos”, un lugar lejano que alimenta su curiosidad. Tras una travesía llena de obstáculos llega a Barcelona y descubre que la vida allí no es como él la imaginaba. Hasta que conoce a Montse, que le acoge en su familia y le ofrece, además de amor y apoyo, la posibilidad de un futuro. Ousman no solo la aprovecha, sino que la transforma en algo mucho mayor."
VIVA,Aina Clotet,113,04,15:50,2026-06-30,Renoir Plaza de España,https://www.pillalas.com/pase/1075930/,https://www.cinesrenoir.com/pelicula/viva/,https://media.pillalas.com/imagenes/726afb526abffa830acb00a3569b44f67bc3ace567977edc5e3423b3a8dfa15bf779569d.jpg,"Catalán, Castellano",No recomendada para menores de 16 años,Viernes 19 Junio 2026,"Aina Clotet, Naby Dakhli, Marc Soler, Loll Beltran, Zaira Pérez, Guillermo Toledo, Josh Zuckerman","‘Viva’ habla de Nora, una mujer de cuarenta y pocos años que acaba de superar una enfermedad y que, tras esa experiencia, siente una urgencia radical por vivir intensamente. Acostumbrada a exigirse al máximo en todos los ámbitos de su vida, Nora se encuentra dividida entre el orden y la seguridad de su relación de toda la vida con Tom y la aparición inesperada de Max, un joven que despierta en ella una nueva pulsión de deseo y libertad."
VIVA,Aina Clotet,113,04,20:20,2026-06-30,Renoir Plaza de España,https://www.pillalas.com/pase/1075935/,https://www.cinesrenoir.com/pelicula/viva/,https://media.pillalas.com/imagenes/726afb526abffa830acb00a3569b44f67bc3ace567977edc5e3423b3a8dfa15bf779569d.jpg,"Catalán, Castellano",No recomendada para menores de 16 años,Viernes 19 Junio 2026,"Aina Clotet, Naby Dakhli, Marc Soler, Loll Beltran, Zaira Pérez, Guillermo Toledo, Josh Zuckerman","‘Viva’ habla de Nora, una mujer de cuarenta y pocos años que acaba de superar una enfermedad y que, tras esa experiencia, siente una urgencia radical por vivir intensamente. Acostumbrada a exigirse al máximo en todos los ámbitos de su vida, Nora se encuentra dividida entre el orden y la seguridad de su relación de toda la vida con Tom y la aparición inesperada de Max, un joven que despierta en ella una nueva pulsión de deseo y libertad."
15 PRUEBAS DE AMOR,Alice Douard,97,05,18:10,2026-07-01,Renoir Plaza de España,https://www.pillalas.com/pase/1075941/,https://www.cinesrenoir.com/pelicula/15-pruebas-de-amor/,https://media.pillalas.com/imagenes/726afb526abffa83e391391418df6f04ce74aa21d25dce1a006ceaa76b8c3192b706f943.jpg,Francés,Pendiente de calificación,Viernes 19 Junio 2026,"Ella Rumpf, Monia Chokri, Noémie Lvovsky, Emy Juretzko, Julien Gaspar-Oliveri, Jeanne Herry, Aude Pépin, Philippe Petit, Anne Le Ny, Émilie Brisavoine, Hammou Graïa, Tom Harari, Pauline Bayle, Félix Kysyl","Céline espera su primer hijo. Pero no es ella quien está embarazada. En tres meses, su esposa Nadia dará a luz a su hija. Bajo la mirada de sus amigos, de su madre y de la ley, Céline busca su lugar y su sentido de la legitimidad, mientras lucha contra un sistema que le pone trabas para conseguir lo único que desea, ser la madre de su propia hija."
15 PRUEBAS DE AMOR,Alice Douard,97,05,20:05,2026-07-01,Renoir Plaza de España,https://www.pillalas.com/pase/1075942/,https://www.cinesrenoir.com/pelicula/15-pruebas-de-amor/,https://media.pillalas.com/imagenes/726afb526abffa83e391391418df6f04ce74aa21d25dce1a006ceaa76b8c3192b706f943.jpg,Francés,Pendiente de calificación,Viernes 19 Junio 2026,"Ella Rumpf, Monia Chokri, Noémie Lvovsky, Emy Juretzko, Julien Gaspar-Oliveri, Jeanne Herry, Aude Pépin, Philippe Petit, Anne Le Ny, Émilie Brisavoine, Hammou Graïa, Tom Harari, Pauline Bayle, Félix Kysyl","Céline espera su primer hijo. Pero no es ella quien está embarazada. En tres meses, su esposa Nadia dará a luz a su hija. Bajo la mirada de sus amigos, de su madre y de la ley, Céline busca su lugar y su sentido de la legitimidad, mientras lucha contra un sistema que le pone trabas para conseguir lo único que desea, ser la madre de su propia hija."
15 PRUEBAS DE AMOR,Alice Douard,97,04,22:30,2026-07-01,Renoir Plaza de España,https://www.pillalas.com/pase/1075945/,https://www.cinesrenoir.com/pelicula/15-pruebas-de-amor/,https://media.pillalas.com/imagenes/726afb526abffa83e391391418df6f04ce74aa21d25dce1a006ceaa76b8c3192b706f943.jpg,Francés,Pendiente de calificación,Viernes 19 Junio 2026,"Ella Rumpf, Monia Chokri, Noémie Lvovsky, Emy Juretzko, Julien Gaspar-Oliveri, Jeanne Herry, Aude Pépin, Philippe Petit, Anne Le Ny, Émilie Brisavoine, Hammou Graïa, Tom Harari, Pauline Bayle, Félix Kysyl","Céline espera su primer hijo. Pero no es ella quien está embarazada. En tres meses, su esposa Nadia dará a luz a su hija. Bajo la mirada de sus amigos, de su madre y de la ley, Céline busca su lugar y su sentido de la legitimidad, mientras lucha contra un sistema que le pone trabas para conseguir lo único que desea, ser la madre de su propia hija."
LA GRAZIA,Paolo Sorrentino,132,01,16:00,2026-07-01,Renoir Plaza de España,https://www.pillalas.com/pase/1075835/,https://www.cinesrenoir.com/pelicula/la-grazia/,https://media.pillalas.com/imagenes/726afb526abffa83c3be0b516c5fe20d16fbf7645320946527da276b1bc1ba4b27744cb3.jpg,Italiano,No recomendada para menores de 12 años,Miércoles 1 Abril 2026,"Toni Servillo, Anna Ferzetti, Orlando Cinque, Massimo Venturiello, Milvia Marigliano","El mandato de Mariano De Santis como presidente de Italia llega a su fin y se ve obligado a tomar desgarradoras decisiones políticas y personales. Entre dilemas morales, debe enfrentarse a su propia conciencia y buscar consejo en sus seres más cercanos, entre ellos Dorotea, su confidente e hija."
LA GRAZIA,Paolo Sorrentino,132,02,19:50,2026-07-01,Renoir Plaza de España,https://www.pillalas.com/pase/1075886/,https://www.cinesrenoir.com/pelicula/la-grazia/,https://media.pillalas.com/imagenes/726afb526abffa83c3be0b516c5fe20d16fbf7645320946527da276b1bc1ba4b27744cb3.jpg,Italiano,No recomendada para menores de 12 años,Miércoles 1 Abril 2026,"Toni Servillo, Anna Ferzetti, Orlando Cinque, Massimo Venturiello, Milvia Marigliano","El mandato de Mariano De Santis como presidente de Italia llega a su fin y se ve obligado a tomar desgarradoras decisiones políticas y personales. Entre dilemas morales, debe enfrentarse a su propia conciencia y buscar consejo en sus seres más cercanos, entre ellos Dorotea, su confidente e hija."
LA GRAZIA,Paolo Sorrentino,132,03,22:05,2026-07-01,Renoir Plaza de España,https://www.pillalas.com/pase/1075888/,https://www.cinesrenoir.com/pelicula/la-grazia/,https://media.pillalas.com/imagenes/726afb526abffa83c3be0b516c5fe20d16fbf7645320946527da276b1bc1ba4b27744cb3.jpg,Italiano,No recomendada para menores de 12 años,Miércoles 1 Abril 2026,"Toni Servillo, Anna Ferzetti, Orlando Cinque, Massimo Venturiello, Milvia Marigliano","El mandato de Mariano De Santis como presidente de Italia llega a su fin y se ve obligado a tomar desgarradoras decisiones políticas y personales. Entre dilemas morales, debe enfrentarse a su propia conciencia y buscar consejo en sus seres más cercanos, entre ellos Dorotea, su confidente e hija."
LA MUJER SIN NOMBRE,Haifaa Al-Mansour,99,02,16:00,2026-07-01,Renoir Plaza de España,https://www.pillalas.com/pase/1075883/,https://www.cinesrenoir.com/pelicula/la-mujer-sin-nombre/,https://media.pillalas.com/imagenes/726afb526abffa839979913bfcd9ec0483cc758159c1169b43444aea9c8022ea0669600d.jpg,Árabe,Pendiente de calificación,Viernes 26 Junio 2026,"Abdullah Al-Qahtani, Mila Al Zahrani, Aziz Gharbawi, Shafi Al Harthi, Othoub Sharar, Adwa Alasiri","El cuerpo sin vida de una adolescente es descubierto en el desierto. Cuando nadie la reclama por miedo a la vergüenza que pueda suponer para su familia, una investigadora novata apasionada de los true-crimes llamada Nawal se involucra obsesivamente. A pesar del deseo de sus superiores de cerrar el caso y de la resistencia de una sociedad donde las mujeres han aprendido a esconderse para garantizar su seguridad, Nawal está decidida a identificar el cuerpo y descubrir la verdad."
LA MUJER SIN NOMBRE,Haifaa Al-Mansour,99,02,17:55,2026-07-01,Renoir Plaza de España,https://www.pillalas.com/pase/1075884/,https://www.cinesrenoir.com/pelicula/la-mujer-sin-nombre/,https://media.pillalas.com/imagenes/726afb526abffa839979913bfcd9ec0483cc758159c1169b43444aea9c8022ea0669600d.jpg,Árabe,Pendiente de calificación,Viernes 26 Junio 2026,"Abdullah Al-Qahtani, Mila Al Zahrani, Aziz Gharbawi, Shafi Al Harthi, Othoub Sharar, Adwa Alasiri","El cuerpo sin vida de una adolescente es descubierto en el desierto. Cuando nadie la reclama por miedo a la vergüenza que pueda suponer para su familia, una investigadora novata apasionada de los true-crimes llamada Nawal se involucra obsesivamente. A pesar del deseo de sus superiores de cerrar el caso y de la resistencia de una sociedad donde las mujeres han aprendido a esconderse para garantizar su seguridad, Nawal está decidida a identificar el cuerpo y descubrir la verdad."
LA MUJER SIN NOMBRE,Haifaa Al-Mansour,99,02,22:20,2026-07-01,Renoir Plaza de España,https://www.pillalas.com/pase/1075889/,https://www.cinesrenoir.com/pelicula/la-mujer-sin-nombre/,https://media.pillalas.com/imagenes/726afb526abffa839979913bfcd9ec0483cc758159c1169b43444aea9c8022ea0669600d.jpg,Árabe,Pendiente de calificación,Viernes 26 Junio 2026,"Abdullah Al-Qahtani, Mila Al Zahrani, Aziz Gharbawi, Shafi Al Harthi, Othoub Sharar, Adwa Alasiri","El cuerpo sin vida de una adolescente es descubierto en el desierto. Cuando nadie la reclama por miedo a la vergüenza que pueda suponer para su familia, una investigadora novata apasionada de los true-crimes llamada Nawal se involucra obsesivamente. A pesar del deseo de sus superiores de cerrar el caso y de la resistencia de una sociedad donde las mujeres han aprendido a esconderse para garantizar su seguridad, Nawal está decidida a identificar el cuerpo y descubrir la verdad."
MADREGILDA,Francisco Regueiro,112,01,19:00,2026-07-01,Renoir Plaza de España,https://www.pillalas.com/pase/1073156/,https://www.cinesrenoir.com/pelicula/madregilda/,https://media.pillalas.com/imagenes/726afb526abffa8392070f65901e07e951130cd9aa89760955a78a862d296dacce592048.jpg,Castellano,Pendiente de calificación,Miércoles 1 Julio 2026,"José Sacristán, Juan Echanove, Barbara Auer, Kamel Chérif, Fernando Rey, Juan Luis Galiardo, Antonio Gamero, Coque Malla, Sandra Rodríguez, Manuel Alexandre","El estreno de la mítica película ""Gilda"" anima el invierno español. En una vieja taberna de barrio, todos los primeros viernes de mes, el moro Hauma organiza al anochecer una singular y secreta partida de mus. Los jugadores, camaradas de la guerra de África, van llegando: don Francisco Franco Bahamonde, Caudillo de España; su fiel amigo Longinos, dueño de un vertedero; “Huevines”, el ""pater"" de un regimiento de regulares, y padre de una prole habida con su sobrina, y el general Miguel, manco, católico y envidioso. En la calle, el hijo de Longinos, encuentra a su madre, a la que dieron por muerta."
UN POETA,Simon Mesa Soto,123,05,15:50,2026-07-01,Renoir Plaza de España,https://www.pillalas.com/pase/1075938/,https://www.cinesrenoir.com/pelicula/un-poeta/,https://media.pillalas.com/imagenes/726afb526abffa833fe40dc532766d4edd5f8bd99d62c174bf9a25ca7373e14deb0efcab.jpg,Castellano,No recomendada para menores de 16 años,Viernes 17 Abril 2026,Ubeimar Ríos,"La obsesión de Óscar Restrepo por la poesía no le ha reportado ninguna gloria. Envejecido y errático, ha sucumbido al tópico del poeta en la sombra. Conocer a Yurlady, una adolescente de origen humilde, y ayudarla a cultivar su talento trae algo de luz a sus días, pero arrastrarla al mundo de la poesía quizá no sea el camino."
UN POETA,Simon Mesa Soto,123,04,18:00,2026-07-01,Renoir Plaza de España,https://www.pillalas.com/pase/1075940/,https://www.cinesrenoir.com/pelicula/un-poeta/,https://media.pillalas.com/imagenes/726afb526abffa833fe40dc532766d4edd5f8bd99d62c174bf9a25ca7373e14deb0efcab.jpg,Castellano,No recomendada para menores de 16 años,Viernes 17 Abril 2026,Ubeimar Ríos,"La obsesión de Óscar Restrepo por la poesía no le ha reportado ninguna gloria. Envejecido y errático, ha sucumbido al tópico del poeta en la sombra. Conocer a Yurlady, una adolescente de origen humilde, y ayudarla a cultivar su talento trae algo de luz a sus días, pero arrastrarla al mundo de la poesía quizá no sea el camino."
UN POETA,Simon Mesa Soto,123,05,22:00,2026-07-01,Renoir Plaza de España,https://www.pillalas.com/pase/1075944/,https://www.cinesrenoir.com/pelicula/un-poeta/,https://media.pillalas.com/imagenes/726afb526abffa833fe40dc532766d4edd5f8bd99d62c174bf9a25ca7373e14deb0efcab.jpg,Castellano,No recomendada para menores de 16 años,Viernes 17 Abril 2026,Ubeimar Ríos,"La obsesión de Óscar Restrepo por la poesía no le ha reportado ninguna gloria. Envejecido y errático, ha sucumbido al tópico del poeta en la sombra. Conocer a Yurlady, una adolescente de origen humilde, y ayudarla a cultivar su talento trae algo de luz a sus días, pero arrastrarla al mundo de la poesía quizá no sea el camino."
VIAJE AL PAÍS DE LOS BLANCOS,Dani Sancho,110,03,15:50,2026-07-01,Renoir Plaza de España,https://www.pillalas.com/pase/1075882/,https://www.cinesrenoir.com/pelicula/viaje-al-pais-de-los-blancos/,https://media.pillalas.com/imagenes/726afb526abffa83da9af8c08848b34e2f4e2578b0fb426e15c8edd6eeb68e446c43317f.jpg,Catalán,No recomendada para menores de 12 años,Viernes 26 Junio 2026,"Ousman Umar, Emma Vilarasau, Jordi Bosch, Elisabet Assens, David Climent, Edgar Moreno, Víctor Say","Basada en la historia real de Ousman Umar, un joven ghanés que abandona su aldea atraído por la idea del “país de los blancos”, un lugar lejano que alimenta su curiosidad. Tras una travesía llena de obstáculos llega a Barcelona y descubre que la vida allí no es como él la imaginaba. Hasta que conoce a Montse, que le acoge en su familia y le ofrece, además de amor y apoyo, la posibilidad de un futuro. Ousman no solo la aprovecha, sino que la transforma en algo mucho mayor."
VIAJE AL PAÍS DE LOS BLANCOS,Dani Sancho,110,03,17:55,2026-07-01,Renoir Plaza de España,https://www.pillalas.com/pase/1075885/,https://www.cinesrenoir.com/pelicula/viaje-al-pais-de-los-blancos/,https://media.pillalas.com/imagenes/726afb526abffa83da9af8c08848b34e2f4e2578b0fb426e15c8edd6eeb68e446c43317f.jpg,Catalán,No recomendada para menores de 12 años,Viernes 26 Junio 2026,"Ousman Umar, Emma Vilarasau, Jordi Bosch, Elisabet Assens, David Climent, Edgar Moreno, Víctor Say","Basada en la historia real de Ousman Umar, un joven ghanés que abandona su aldea atraído por la idea del “país de los blancos”, un lugar lejano que alimenta su curiosidad. Tras una travesía llena de obstáculos llega a Barcelona y descubre que la vida allí no es como él la imaginaba. Hasta que conoce a Montse, que le acoge en su familia y le ofrece, además de amor y apoyo, la posibilidad de un futuro. Ousman no solo la aprovecha, sino que la transforma en algo mucho mayor."
VIAJE AL PAÍS DE LOS BLANCOS,Dani Sancho,110,03,20:00,2026-07-01,Renoir Plaza de España,https://www.pillalas.com/pase/1075887/,https://www.cinesrenoir.com/pelicula/viaje-al-pais-de-los-blancos/,https://media.pillalas.com/imagenes/726afb526abffa83da9af8c08848b34e2f4e2578b0fb426e15c8edd6eeb68e446c43317f.jpg,Catalán,No recomendada para menores de 12 años,Viernes 26 Junio 2026,"Ousman Umar, Emma Vilarasau, Jordi Bosch, Elisabet Assens, David Climent, Edgar Moreno, Víctor Say","Basada en la historia real de Ousman Umar, un joven ghanés que abandona su aldea atraído por la idea del “país de los blancos”, un lugar lejano que alimenta su curiosidad. Tras una travesía llena de obstáculos llega a Barcelona y descubre que la vida allí no es como él la imaginaba. Hasta que conoce a Montse, que le acoge en su familia y le ofrece, además de amor y apoyo, la posibilidad de un futuro. Ousman no solo la aprovecha, sino que la transforma en algo mucho mayor."
VIVA,Aina Clotet,113,04,15:50,2026-07-01,Renoir Plaza de España,https://www.pillalas.com/pase/1075939/,https://www.cinesrenoir.com/pelicula/viva/,https://media.pillalas.com/imagenes/726afb526abffa830acb00a3569b44f67bc3ace567977edc5e3423b3a8dfa15bf779569d.jpg,"Catalán, Castellano",No recomendada para menores de 16 años,Viernes 19 Junio 2026,"Aina Clotet, Naby Dakhli, Marc Soler, Loll Beltran, Zaira Pérez, Guillermo Toledo, Josh Zuckerman","‘Viva’ habla de Nora, una mujer de cuarenta y pocos años que acaba de superar una enfermedad y que, tras esa experiencia, siente una urgencia radical por vivir intensamente. Acostumbrada a exigirse al máximo en todos los ámbitos de su vida, Nora se encuentra dividida entre el orden y la seguridad de su relación de toda la vida con Tom y la aparición inesperada de Max, un joven que despierta en ella una nueva pulsión de deseo y libertad."
VIVA,Aina Clotet,113,04,20:20,2026-07-01,Renoir Plaza de España,https://www.pillalas.com/pase/1075943/,https://www.cinesrenoir.com/pelicula/viva/,https://media.pillalas.com/imagenes/726afb526abffa830acb00a3569b44f67bc3ace567977edc5e3423b3a8dfa15bf779569d.jpg,"Catalán, Castellano",No recomendada para menores de 16 años,Viernes 19 Junio 2026,"Aina Clotet, Naby Dakhli, Marc Soler, Loll Beltran, Zaira Pérez, Guillermo Toledo, Josh Zuckerman","‘Viva’ habla de Nora, una mujer de cuarenta y pocos años que acaba de superar una enfermedad y que, tras esa experiencia, siente una urgencia radical por vivir intensamente. Acostumbrada a exigirse al máximo en todos los ámbitos de su vida, Nora se encuentra dividida entre el orden y la seguridad de su relación de toda la vida con Tom y la aparición inesperada de Max, un joven que despierta en ella una nueva pulsión de deseo y libertad."
15 PRUEBAS DE AMOR,Alice Douard,97,05,18:10,2026-07-02,Renoir Plaza de España,https://www.pillalas.com/pase/1075949/,https://www.cinesrenoir.com/pelicula/15-pruebas-de-amor/,https://media.pillalas.com/imagenes/726afb526abffa83e391391418df6f04ce74aa21d25dce1a006ceaa76b8c3192b706f943.jpg,Francés,Pendiente de calificación,Viernes 19 Junio 2026,"Ella Rumpf, Monia Chokri, Noémie Lvovsky, Emy Juretzko, Julien Gaspar-Oliveri, Jeanne Herry, Aude Pépin, Philippe Petit, Anne Le Ny, Émilie Brisavoine, Hammou Graïa, Tom Harari, Pauline Bayle, Félix Kysyl","Céline espera su primer hijo. Pero no es ella quien está embarazada. En tres meses, su esposa Nadia dará a luz a su hija. Bajo la mirada de sus amigos, de su madre y de la ley, Céline busca su lugar y su sentido de la legitimidad, mientras lucha contra un sistema que le pone trabas para conseguir lo único que desea, ser la madre de su propia hija."
15 PRUEBAS DE AMOR,Alice Douard,97,05,20:05,2026-07-02,Renoir Plaza de España,https://www.pillalas.com/pase/1075950/,https://www.cinesrenoir.com/pelicula/15-pruebas-de-amor/,https://media.pillalas.com/imagenes/726afb526abffa83e391391418df6f04ce74aa21d25dce1a006ceaa76b8c3192b706f943.jpg,Francés,Pendiente de calificación,Viernes 19 Junio 2026,"Ella Rumpf, Monia Chokri, Noémie Lvovsky, Emy Juretzko, Julien Gaspar-Oliveri, Jeanne Herry, Aude Pépin, Philippe Petit, Anne Le Ny, Émilie Brisavoine, Hammou Graïa, Tom Harari, Pauline Bayle, Félix Kysyl","Céline espera su primer hijo. Pero no es ella quien está embarazada. En tres meses, su esposa Nadia dará a luz a su hija. Bajo la mirada de sus amigos, de su madre y de la ley, Céline busca su lugar y su sentido de la legitimidad, mientras lucha contra un sistema que le pone trabas para conseguir lo único que desea, ser la madre de su propia hija."
15 PRUEBAS DE AMOR,Alice Douard,97,04,22:30,2026-07-02,Renoir Plaza de España,https://www.pillalas.com/pase/1075953/,https://www.cinesrenoir.com/pelicula/15-pruebas-de-amor/,https://media.pillalas.com/imagenes/726afb526abffa83e391391418df6f04ce74aa21d25dce1a006ceaa76b8c3192b706f943.jpg,Francés,Pendiente de calificación,Viernes 19 Junio 2026,"Ella Rumpf, Monia Chokri, Noémie Lvovsky, Emy Juretzko, Julien Gaspar-Oliveri, Jeanne Herry, Aude Pépin, Philippe Petit, Anne Le Ny, Émilie Brisavoine, Hammou Graïa, Tom Harari, Pauline Bayle, Félix Kysyl","Céline espera su primer hijo. Pero no es ella quien está embarazada. En tres meses, su esposa Nadia dará a luz a su hija. Bajo la mirada de sus amigos, de su madre y de la ley, Céline busca su lugar y su sentido de la legitimidad, mientras lucha contra un sistema que le pone trabas para conseguir lo único que desea, ser la madre de su propia hija."
DÍAS CONTADOS,Imanol Uribe,97,01,19:00,2026-07-02,Renoir Plaza de España,https://www.pillalas.com/pase/1073157/,https://www.cinesrenoir.com/pelicula/dias-contados/,https://media.pillalas.com/imagenes/726afb526abffa837fffec4fc886bc841df36f480355e280f98810f6f18f107b81190ce6.jpg,Castellano,Pendiente de calificación,Jueves 2 Julio 2026,"Carmelo Gómez, Candela Peña, Pedro Casablanc, Karra Elejalde","Antonio, un pistolero de la banda terrorista ETA, días antes de cometer un atentado, conoce a Charo, una drogadicta de dieciocho años que, a pesar del ambiente sórdido en el que ha crecido, conserva todavía la ingenuidad. Él ha dedicado su vida a una causa en la que ya no cree y su malestar crece al sentirse atrapado en un callejón sin salida donde todo es destrucción y muerte."
LA GRAZIA,Paolo Sorrentino,132,01,16:00,2026-07-02,Renoir Plaza de España,https://www.pillalas.com/pase/1075836/,https://www.cinesrenoir.com/pelicula/la-grazia/,https://media.pillalas.com/imagenes/726afb526abffa83c3be0b516c5fe20d16fbf7645320946527da276b1bc1ba4b27744cb3.jpg,Italiano,No recomendada para menores de 12 años,Miércoles 1 Abril 2026,"Toni Servillo, Anna Ferzetti, Orlando Cinque, Massimo Venturiello, Milvia Marigliano","El mandato de Mariano De Santis como presidente de Italia llega a su fin y se ve obligado a tomar desgarradoras decisiones políticas y personales. Entre dilemas morales, debe enfrentarse a su propia conciencia y buscar consejo en sus seres más cercanos, entre ellos Dorotea, su confidente e hija."
LA GRAZIA,Paolo Sorrentino,132,02,19:50,2026-07-02,Renoir Plaza de España,https://www.pillalas.com/pase/1075894/,https://www.cinesrenoir.com/pelicula/la-grazia/,https://media.pillalas.com/imagenes/726afb526abffa83c3be0b516c5fe20d16fbf7645320946527da276b1bc1ba4b27744cb3.jpg,Italiano,No recomendada para menores de 12 años,Miércoles 1 Abril 2026,"Toni Servillo, Anna Ferzetti, Orlando Cinque, Massimo Venturiello, Milvia Marigliano","El mandato de Mariano De Santis como presidente de Italia llega a su fin y se ve obligado a tomar desgarradoras decisiones políticas y personales. Entre dilemas morales, debe enfrentarse a su propia conciencia y buscar consejo en sus seres más cercanos, entre ellos Dorotea, su confidente e hija."
LA GRAZIA,Paolo Sorrentino,132,03,22:05,2026-07-02,Renoir Plaza de España,https://www.pillalas.com/pase/1075896/,https://www.cinesrenoir.com/pelicula/la-grazia/,https://media.pillalas.com/imagenes/726afb526abffa83c3be0b516c5fe20d16fbf7645320946527da276b1bc1ba4b27744cb3.jpg,Italiano,No recomendada para menores de 12 años,Miércoles 1 Abril 2026,"Toni Servillo, Anna Ferzetti, Orlando Cinque, Massimo Venturiello, Milvia Marigliano","El mandato de Mariano De Santis como presidente de Italia llega a su fin y se ve obligado a tomar desgarradoras decisiones políticas y personales. Entre dilemas morales, debe enfrentarse a su propia conciencia y buscar consejo en sus seres más cercanos, entre ellos Dorotea, su confidente e hija."
LA MUJER SIN NOMBRE,Haifaa Al-Mansour,99,02,16:00,2026-07-02,Renoir Plaza de España,https://www.pillalas.com/pase/1075891/,https://www.cinesrenoir.com/pelicula/la-mujer-sin-nombre/,https://media.pillalas.com/imagenes/726afb526abffa839979913bfcd9ec0483cc758159c1169b43444aea9c8022ea0669600d.jpg,Árabe,Pendiente de calificación,Viernes 26 Junio 2026,"Abdullah Al-Qahtani, Mila Al Zahrani, Aziz Gharbawi, Shafi Al Harthi, Othoub Sharar, Adwa Alasiri","El cuerpo sin vida de una adolescente es descubierto en el desierto. Cuando nadie la reclama por miedo a la vergüenza que pueda suponer para su familia, una investigadora novata apasionada de los true-crimes llamada Nawal se involucra obsesivamente. A pesar del deseo de sus superiores de cerrar el caso y de la resistencia de una sociedad donde las mujeres han aprendido a esconderse para garantizar su seguridad, Nawal está decidida a identificar el cuerpo y descubrir la verdad."
LA MUJER SIN NOMBRE,Haifaa Al-Mansour,99,02,17:55,2026-07-02,Renoir Plaza de España,https://www.pillalas.com/pase/1075892/,https://www.cinesrenoir.com/pelicula/la-mujer-sin-nombre/,https://media.pillalas.com/imagenes/726afb526abffa839979913bfcd9ec0483cc758159c1169b43444aea9c8022ea0669600d.jpg,Árabe,Pendiente de calificación,Viernes 26 Junio 2026,"Abdullah Al-Qahtani, Mila Al Zahrani, Aziz Gharbawi, Shafi Al Harthi, Othoub Sharar, Adwa Alasiri","El cuerpo sin vida de una adolescente es descubierto en el desierto. Cuando nadie la reclama por miedo a la vergüenza que pueda suponer para su familia, una investigadora novata apasionada de los true-crimes llamada Nawal se involucra obsesivamente. A pesar del deseo de sus superiores de cerrar el caso y de la resistencia de una sociedad donde las mujeres han aprendido a esconderse para garantizar su seguridad, Nawal está decidida a identificar el cuerpo y descubrir la verdad."
LA MUJER SIN NOMBRE,Haifaa Al-Mansour,99,02,22:20,2026-07-02,Renoir Plaza de España,https://www.pillalas.com/pase/1075897/,https://www.cinesrenoir.com/pelicula/la-mujer-sin-nombre/,https://media.pillalas.com/imagenes/726afb526abffa839979913bfcd9ec0483cc758159c1169b43444aea9c8022ea0669600d.jpg,Árabe,Pendiente de calificación,Viernes 26 Junio 2026,"Abdullah Al-Qahtani, Mila Al Zahrani, Aziz Gharbawi, Shafi Al Harthi, Othoub Sharar, Adwa Alasiri","El cuerpo sin vida de una adolescente es descubierto en el desierto. Cuando nadie la reclama por miedo a la vergüenza que pueda suponer para su familia, una investigadora novata apasionada de los true-crimes llamada Nawal se involucra obsesivamente. A pesar del deseo de sus superiores de cerrar el caso y de la resistencia de una sociedad donde las mujeres han aprendido a esconderse para garantizar su seguridad, Nawal está decidida a identificar el cuerpo y descubrir la verdad."
UN POETA,Simon Mesa Soto,123,05,15:50,2026-07-02,Renoir Plaza de España,https://www.pillalas.com/pase/1075947/,https://www.cinesrenoir.com/pelicula/un-poeta/,https://media.pillalas.com/imagenes/726afb526abffa833fe40dc532766d4edd5f8bd99d62c174bf9a25ca7373e14deb0efcab.jpg,Castellano,No recomendada para menores de 16 años,Viernes 17 Abril 2026,Ubeimar Ríos,"La obsesión de Óscar Restrepo por la poesía no le ha reportado ninguna gloria. Envejecido y errático, ha sucumbido al tópico del poeta en la sombra. Conocer a Yurlady, una adolescente de origen humilde, y ayudarla a cultivar su talento trae algo de luz a sus días, pero arrastrarla al mundo de la poesía quizá no sea el camino."
UN POETA,Simon Mesa Soto,123,04,18:00,2026-07-02,Renoir Plaza de España,https://www.pillalas.com/pase/1075948/,https://www.cinesrenoir.com/pelicula/un-poeta/,https://media.pillalas.com/imagenes/726afb526abffa833fe40dc532766d4edd5f8bd99d62c174bf9a25ca7373e14deb0efcab.jpg,Castellano,No recomendada para menores de 16 años,Viernes 17 Abril 2026,Ubeimar Ríos,"La obsesión de Óscar Restrepo por la poesía no le ha reportado ninguna gloria. Envejecido y errático, ha sucumbido al tópico del poeta en la sombra. Conocer a Yurlady, una adolescente de origen humilde, y ayudarla a cultivar su talento trae algo de luz a sus días, pero arrastrarla al mundo de la poesía quizá no sea el camino."
UN POETA,Simon Mesa Soto,123,05,22:00,2026-07-02,Renoir Plaza de España,https://www.pillalas.com/pase/1075952/,https://www.cinesrenoir.com/pelicula/un-poeta/,https://media.pillalas.com/imagenes/726afb526abffa833fe40dc532766d4edd5f8bd99d62c174bf9a25ca7373e14deb0efcab.jpg,Castellano,No recomendada para menores de 16 años,Viernes 17 Abril 2026,Ubeimar Ríos,"La obsesión de Óscar Restrepo por la poesía no le ha reportado ninguna gloria. Envejecido y errático, ha sucumbido al tópico del poeta en la sombra. Conocer a Yurlady, una adolescente de origen humilde, y ayudarla a cultivar su talento trae algo de luz a sus días, pero arrastrarla al mundo de la poesía quizá no sea el camino."
VIAJE AL PAÍS DE LOS BLANCOS,Dani Sancho,110,03,15:50,2026-07-02,Renoir Plaza de España,https://www.pillalas.com/pase/1075890/,https://www.cinesrenoir.com/pelicula/viaje-al-pais-de-los-blancos/,https://media.pillalas.com/imagenes/726afb526abffa83da9af8c08848b34e2f4e2578b0fb426e15c8edd6eeb68e446c43317f.jpg,Catalán,No recomendada para menores de 12 años,Viernes 26 Junio 2026,"Ousman Umar, Emma Vilarasau, Jordi Bosch, Elisabet Assens, David Climent, Edgar Moreno, Víctor Say","Basada en la historia real de Ousman Umar, un joven ghanés que abandona su aldea atraído por la idea del “país de los blancos”, un lugar lejano que alimenta su curiosidad. Tras una travesía llena de obstáculos llega a Barcelona y descubre que la vida allí no es como él la imaginaba. Hasta que conoce a Montse, que le acoge en su familia y le ofrece, además de amor y apoyo, la posibilidad de un futuro. Ousman no solo la aprovecha, sino que la transforma en algo mucho mayor."
VIAJE AL PAÍS DE LOS BLANCOS,Dani Sancho,110,03,17:55,2026-07-02,Renoir Plaza de España,https://www.pillalas.com/pase/1075893/,https://www.cinesrenoir.com/pelicula/viaje-al-pais-de-los-blancos/,https://media.pillalas.com/imagenes/726afb526abffa83da9af8c08848b34e2f4e2578b0fb426e15c8edd6eeb68e446c43317f.jpg,Catalán,No recomendada para menores de 12 años,Viernes 26 Junio 2026,"Ousman Umar, Emma Vilarasau, Jordi Bosch, Elisabet Assens, David Climent, Edgar Moreno, Víctor Say","Basada en la historia real de Ousman Umar, un joven ghanés que abandona su aldea atraído por la idea del “país de los blancos”, un lugar lejano que alimenta su curiosidad. Tras una travesía llena de obstáculos llega a Barcelona y descubre que la vida allí no es como él la imaginaba. Hasta que conoce a Montse, que le acoge en su familia y le ofrece, además de amor y apoyo, la posibilidad de un futuro. Ousman no solo la aprovecha, sino que la transforma en algo mucho mayor."
VIAJE AL PAÍS DE LOS BLANCOS,Dani Sancho,110,03,20:00,2026-07-02,Renoir Plaza de España,https://www.pillalas.com/pase/1075895/,https://www.cinesrenoir.com/pelicula/viaje-al-pais-de-los-blancos/,https://media.pillalas.com/imagenes/726afb526abffa83da9af8c08848b34e2f4e2578b0fb426e15c8edd6eeb68e446c43317f.jpg,Catalán,No recomendada para menores de 12 años,Viernes 26 Junio 2026,"Ousman Umar, Emma Vilarasau, Jordi Bosch, Elisabet Assens, David Climent, Edgar Moreno, Víctor Say","Basada en la historia real de Ousman Umar, un joven ghanés que abandona su aldea atraído por la idea del “país de los blancos”, un lugar lejano que alimenta su curiosidad. Tras una travesía llena de obstáculos llega a Barcelona y descubre que la vida allí no es como él la imaginaba. Hasta que conoce a Montse, que le acoge en su familia y le ofrece, además de amor y apoyo, la posibilidad de un futuro. Ousman no solo la aprovecha, sino que la transforma en algo mucho mayor."
VIVA,Aina Clotet,113,04,15:50,2026-07-02,Renoir Plaza de España,https://www.pillalas.com/pase/1075946/,https://www.cinesrenoir.com/pelicula/viva/,https://media.pillalas.com/imagenes/726afb526abffa830acb00a3569b44f67bc3ace567977edc5e3423b3a8dfa15bf779569d.jpg,"Catalán, Castellano",No recomendada para menores de 16 años,Viernes 19 Junio 2026,"Aina Clotet, Naby Dakhli, Marc Soler, Loll Beltran, Zaira Pérez, Guillermo Toledo, Josh Zuckerman","‘Viva’ habla de Nora, una mujer de cuarenta y pocos años que acaba de superar una enfermedad y que, tras esa experiencia, siente una urgencia radical por vivir intensamente. Acostumbrada a exigirse al máximo en todos los ámbitos de su vida, Nora se encuentra dividida entre el orden y la seguridad de su relación de toda la vida con Tom y la aparición inesperada de Max, un joven que despierta en ella una nueva pulsión de deseo y libertad."
VIVA,Aina Clotet,113,04,20:20,2026-07-02,Renoir Plaza de España,https://www.pillalas.com/pase/1075951/,https://www.cinesrenoir.com/pelicula/viva/,https://media.pillalas.com/imagenes/726afb526abffa830acb00a3569b44f67bc3ace567977edc5e3423b3a8dfa15bf779569d.jpg,"Catalán, Castellano",No recomendada para menores de 16 años,Viernes 19 Junio 2026,"Aina Clotet, Naby Dakhli, Marc Soler, Loll Beltran, Zaira Pérez, Guillermo Toledo, Josh Zuckerman","‘Viva’ habla de Nora, una mujer de cuarenta y pocos años que acaba de superar una enfermedad y que, tras esa experiencia, siente una urgencia radical por vivir intensamente. Acostumbrada a exigirse al máximo en todos los ámbitos de su vida, Nora se encuentra dividida entre el orden y la seguridad de su relación de toda la vida con Tom y la aparición inesperada de Max, un joven que despierta en ella una nueva pulsión de deseo y libertad."
NADIE HABLARÁ DE NOSOTRAS CUANDO HAYAMOS MUERTO,Agustín Díaz Yanes,96,01,19:00,2026-07-03,Renoir Plaza de España,https://www.pillalas.com/pase/1073158/,https://www.cinesrenoir.com/pelicula/nadie-hablara-de-nosotras-cuando-hayamos-muerto/,https://media.pillalas.com/imagenes/726afb526abffa83c465a9ebd4a804bb1a2d0d07c1b923f52a70fe7658d6f4f066878a73.jpg,Castellano,Pendiente de calificación,Viernes 3 Julio 2026,"Victoria Abril, Federico Luppi, Pilar Bardem, Guillermo Gil, Daniel Giménez Cacho, Ana Ofelia Murguía, Marta Aurea, Ángel Alcázar, Saturnino García, Bruno Bichir, Demian Bichir, María Asquerino, Fernando Delgado","Una española, Gloria Duque, presencia en México la muerte de dos policías a manos de dos gángsters. Uno de ellos le da antes de morir un portafolios con direcciones donde la mafia blanquea dinero en todo el mundo. Más tarde a ella la deportan a Madrid y vuelve a casa de su suegra, una mujer de gran entereza que da clases para pagar la hipoteca del piso."
EL DÍA DE LA BESTIA,Álex De La Iglesia,88,01,19:00,2026-07-04,Renoir Plaza de España,https://www.pillalas.com/pase/1073159/,https://www.cinesrenoir.com/pelicula/20260625050503-el-dia-de-la-bestia/,https://media.pillalas.com/imagenes/726afb526abffa833805be896de4a58679aea7a78e89f1b7e8c776d64bedccab3ea86f3b.jpg,Castellano,No recomendada para menores de 18 años,Sábado 4 Julio 2026,"Santiago Segura Silva, Alex Angulo León","Un sacerdote cree haber descifrado el mensaje secreto del Apocalipsis según San Juan: el Anticristo nacerá el 25 de diciembre de 1995 en Madrid. Para impedir el nacimiento del hijo de Satanás, el cura se alía con José María, un joven aficionado al death metal. Ambos intentan averiguar en qué parte de Madrid tendrá lugar el apocalíptico acontecimiento. Con la ayuda del profesor Cavan, presentador de un programa de televisión de carácter esotérico y sobrenatural, el cura y José Mari invocan al diablo en una extraña ceremonia."
FAMILIA,Fernando Leon De Aranoa,110,01,19:00,2026-07-05,Renoir Plaza de España,https://www.pillalas.com/pase/1073160/,https://www.cinesrenoir.com/pelicula/familia/,https://media.pillalas.com/imagenes/726afb526abffa83f7bc341520bedf0c2a1be35ce3e7baceb895426c4f60817429c0aab9.jpg,Castellano,Pendiente de calificación,Domingo 5 Julio 2026,"Juan Luis Galiardo, Amparo Muñoz, Ágata Lys, Elena Anaya, Chete Lera, Juan Querol, Raquel Rodrigo, Aníbal Carbonero","Santiago después de levantarse baja a la cocina, donde lo espera toda la familia para felicitarlo: es su cumpleaños. Todos le cantan el ""Feliz cumpleaños"", y él empieza a abrir los regalos; cuando le toca el turno al de su hijo pequeño, se enfada y dice que no le gusta."
