Pelicula,Director,Duración,Sala,Horario,Fecha,Cine,Tickets_URL,Film_URL,Poster_URL,Idioma_Original,Calificación,Estreno,Intérpretes,Sinopsis
APOCALYPSE NOW [WILDER CINEMA],Francis Ford Coppola,153,07,20:00,2026-02-19,Renoir Princesa,https://www.pillalas.com/pase/1054570/,https://www.cinesrenoir.com/pelicula/apocalypse-now-wilder-cinema/,https://media.pillalas.com/imagenes/726afb526abffa838c95a8200f35199c6a3eafe159a0b551a13bd8269b393bb5380c016c.jpg,Inglés,Pendiente de calificación,Jueves 19 Febrero 2026,"Martin Sheen, Marlon Brando, Dennis Hopper, Robert Duvall, Frederic Forrest, Albert Hall, Sam Bottoms, Laurence Fishburne, Harrison Ford","Mucho más que una película bélica, Apocalypse Now es una experiencia sensorial y filosófica sobre la guerra y la locura. Coppola transforma el conflicto de Vietnam en un descenso hipnótico a los límites de la condición humana, combinando imágenes icónicas, música inolvidable y una atmósfera perturbadora. Radical, ambiciosa y profundamente influyente, es una obra clave del cine del siglo XX que cobra una nueva dimensión en pantalla grande.Palma de Oro – Festival de Cannes2 Premios Oscar (Fotografía y Sonido)“Una obra maestra total.” — El País“Cine llevado al límite.” — Fotogramas“Una experiencia inolvidable.” — Cinemanía“Una de las grandes películas de la historia.” — The Guardian“Deslumbrante y aterradora.” — The New York Times"
ARCO,Ugo Bienvenu,88,05,16:00,2026-02-19,Renoir Princesa,https://www.pillalas.com/pase/1054794/,https://www.cinesrenoir.com/pelicula/arco/,https://media.pillalas.com/imagenes/726afb526abffa83ddc364e355222ee7768df2fdf3b376e8597c17c1736c134c14e60f55.jpg,Francés,No recomendada para menores de 7 años,Viernes 23 Enero 2026,"Oscar Tresanini, Margot Ringard Oldra, Alma Jodorowsky, Swann Arlaud","En 2075, una niña de diez años llamada Iris es testigo de cómo un misterioso niño vestido con un traje arco iris cae del cielo. Su nombre es Arco, y viene de un idílico y lejano futuro en el que es posible viajar en el tiempo. Iris le da cobijo y hará lo que sea necesario para ayudarle a regresar a su tiempo."
AÍDA Y VUELTA,Paco León,90,03,16:00,2026-02-19,Renoir Princesa,https://www.pillalas.com/pase/1054729/,https://www.cinesrenoir.com/pelicula/aida-y-vuelta/,https://media.pillalas.com/imagenes/726afb526abffa8347d3f6e8043971b5b5a22f68100535465137cdcd8a815fa00441c58f.jpg,Castellano,No recomendada para menores de 12 años,Viernes 30 Enero 2026,"Carmen Machi, Paco León, Miren Ibarguren, Mariano Peña, Eduardo Casanova, Pepe Viyuela, Melani Olivares, Canco Rodríguez, Secun De La Rosa, David Castillo, Marisol Ayuso, Pepa Rus, Óscar Reyes, Adrián Gordillo","""Aída y vuelta"", el largometraje, aborda el rodaje de un capítulo de la serie con tramas que transcurren tanto dentro de la ficción con los personajes de ""Aída"", como fuera de ella con los propios actores y sus relaciones, yendo más allá y dando pie a reflexionar sobre temas como los límites del humor, del trabajo del cómico y la fama."
AÍDA Y VUELTA,Paco León,90,08,20:15,2026-02-19,Renoir Princesa,https://www.pillalas.com/pase/1054855/,https://www.cinesrenoir.com/pelicula/aida-y-vuelta/,https://media.pillalas.com/imagenes/726afb526abffa8347d3f6e8043971b5b5a22f68100535465137cdcd8a815fa00441c58f.jpg,Castellano,No recomendada para menores de 12 años,Viernes 30 Enero 2026,"Carmen Machi, Paco León, Miren Ibarguren, Mariano Peña, Eduardo Casanova, Pepe Viyuela, Melani Olivares, Canco Rodríguez, Secun De La Rosa, David Castillo, Marisol Ayuso, Pepa Rus, Óscar Reyes, Adrián Gordillo","""Aída y vuelta"", el largometraje, aborda el rodaje de un capítulo de la serie con tramas que transcurren tanto dentro de la ficción con los personajes de ""Aída"", como fuera de ella con los propios actores y sus relaciones, yendo más allá y dando pie a reflexionar sobre temas como los límites del humor, del trabajo del cómico y la fama."
CUMBRES BORRASCOSAS,Emerald Fennell,135,11,16:05,2026-02-19,Renoir Princesa,https://www.pillalas.com/pase/1054903/,https://www.cinesrenoir.com/pelicula/cumbres-borrascosas/,https://media.pillalas.com/imagenes/726afb526abffa83abe8577deb3c0674bd352fd2b0500497b1d5570f2dd570487210fc4e.jpg,Inglés,No recomendada para menores de 16 años,Viernes 13 Febrero 2026,"Margot Robbie, Jacob Elordi, Hong Chau, Alison Oliver, Owen Cooper, Shazad Latif, Martin Clunes, Ewan Mitchell, Amy Morgan, Jessica Knappett, Charlotte Mellington, Vy Nguyen","Adaptada a todo tipo de formatos en multitud de ocasiones, se trata de una trágica historia de pasiones encontradas en la Inglaterra rural más conservadora. Una historia de venganza y odio, de pasiones desatadas y amores desesperados que van más allá de la muerte ambientada en los brumosos y sombríos páramos de Yorkshire, al norte de Inglaterra."
CUMBRES BORRASCOSAS,Emerald Fennell,135,09,18:00,2026-02-19,Renoir Princesa,https://www.pillalas.com/pase/1054905/,https://www.cinesrenoir.com/pelicula/cumbres-borrascosas/,https://media.pillalas.com/imagenes/726afb526abffa83abe8577deb3c0674bd352fd2b0500497b1d5570f2dd570487210fc4e.jpg,Inglés,No recomendada para menores de 16 años,Viernes 13 Febrero 2026,"Margot Robbie, Jacob Elordi, Hong Chau, Alison Oliver, Owen Cooper, Shazad Latif, Martin Clunes, Ewan Mitchell, Amy Morgan, Jessica Knappett, Charlotte Mellington, Vy Nguyen","Adaptada a todo tipo de formatos en multitud de ocasiones, se trata de una trágica historia de pasiones encontradas en la Inglaterra rural más conservadora. Una historia de venganza y odio, de pasiones desatadas y amores desesperados que van más allá de la muerte ambientada en los brumosos y sombríos páramos de Yorkshire, al norte de Inglaterra."
CUMBRES BORRASCOSAS,Emerald Fennell,135,11,19:00,2026-02-19,Renoir Princesa,https://www.pillalas.com/pase/1054906/,https://www.cinesrenoir.com/pelicula/cumbres-borrascosas/,https://media.pillalas.com/imagenes/726afb526abffa83abe8577deb3c0674bd352fd2b0500497b1d5570f2dd570487210fc4e.jpg,Inglés,No recomendada para menores de 16 años,Viernes 13 Febrero 2026,"Margot Robbie, Jacob Elordi, Hong Chau, Alison Oliver, Owen Cooper, Shazad Latif, Martin Clunes, Ewan Mitchell, Amy Morgan, Jessica Knappett, Charlotte Mellington, Vy Nguyen","Adaptada a todo tipo de formatos en multitud de ocasiones, se trata de una trágica historia de pasiones encontradas en la Inglaterra rural más conservadora. Una historia de venganza y odio, de pasiones desatadas y amores desesperados que van más allá de la muerte ambientada en los brumosos y sombríos páramos de Yorkshire, al norte de Inglaterra."
CUMBRES BORRASCOSAS,Emerald Fennell,135,09,20:30,2026-02-19,Renoir Princesa,https://www.pillalas.com/pase/1054908/,https://www.cinesrenoir.com/pelicula/cumbres-borrascosas/,https://media.pillalas.com/imagenes/726afb526abffa83abe8577deb3c0674bd352fd2b0500497b1d5570f2dd570487210fc4e.jpg,Inglés,No recomendada para menores de 16 años,Viernes 13 Febrero 2026,"Margot Robbie, Jacob Elordi, Hong Chau, Alison Oliver, Owen Cooper, Shazad Latif, Martin Clunes, Ewan Mitchell, Amy Morgan, Jessica Knappett, Charlotte Mellington, Vy Nguyen","Adaptada a todo tipo de formatos en multitud de ocasiones, se trata de una trágica historia de pasiones encontradas en la Inglaterra rural más conservadora. Una historia de venganza y odio, de pasiones desatadas y amores desesperados que van más allá de la muerte ambientada en los brumosos y sombríos páramos de Yorkshire, al norte de Inglaterra."
CUMBRES BORRASCOSAS,Emerald Fennell,135,11,21:35,2026-02-19,Renoir Princesa,https://www.pillalas.com/pase/1054909/,https://www.cinesrenoir.com/pelicula/cumbres-borrascosas/,https://media.pillalas.com/imagenes/726afb526abffa83abe8577deb3c0674bd352fd2b0500497b1d5570f2dd570487210fc4e.jpg,Inglés,No recomendada para menores de 16 años,Viernes 13 Febrero 2026,"Margot Robbie, Jacob Elordi, Hong Chau, Alison Oliver, Owen Cooper, Shazad Latif, Martin Clunes, Ewan Mitchell, Amy Morgan, Jessica Knappett, Charlotte Mellington, Vy Nguyen","Adaptada a todo tipo de formatos en multitud de ocasiones, se trata de una trágica historia de pasiones encontradas en la Inglaterra rural más conservadora. Una historia de venganza y odio, de pasiones desatadas y amores desesperados que van más allá de la muerte ambientada en los brumosos y sombríos páramos de Yorkshire, al norte de Inglaterra."
HAMNET,Chloé Zhao,125,07,16:10,2026-02-19,Renoir Princesa,https://www.pillalas.com/pase/1054853/,https://www.cinesrenoir.com/pelicula/hamnet/,https://www.cinesrenoir.com/media/Peliculas/Cartel/HAMNET_Cartel_Digital_8Nominaciones_Oscar_YaEnCines_v2_2.jpg,Inglés,No recomendada para menores de 12 años,Viernes 23 Enero 2026,"Jessie Buckley, Paul Mescal, Joe Alwyn, Emily Watson","Año 1596, Stratford-upon-Avon, Inglaterra. La vida de Agnes transcurre plácidamente junto a su marido y sus tres hijos. Ella cultiva plantas medicinales mientras William trabaja en Londres. El destino, sin embargo, les reservará un duro golpe cuando su hijo Hamnet, de once años, muera repentinamente tras contraer la peste. A raíz de esta tragedia, su padre creará uno de los grandes personajes de la literatura universal, de nombre casi idéntico al de su hijo.


Pero esta película no habla de famosos sucesos sino de algo íntimo y olvidado: La vida de esta familia, y especialmente la de la mujer que la sostenía y que tuvo que cargar con una insoportable pérdida."
HAMNET,Chloé Zhao,125,05,17:45,2026-02-19,Renoir Princesa,https://www.pillalas.com/pase/1054797/,https://www.cinesrenoir.com/pelicula/hamnet/,https://www.cinesrenoir.com/media/Peliculas/Cartel/HAMNET_Cartel_Digital_8Nominaciones_Oscar_YaEnCines_v2_2.jpg,Inglés,No recomendada para menores de 12 años,Viernes 23 Enero 2026,"Jessie Buckley, Paul Mescal, Joe Alwyn, Emily Watson","Año 1596, Stratford-upon-Avon, Inglaterra. La vida de Agnes transcurre plácidamente junto a su marido y sus tres hijos. Ella cultiva plantas medicinales mientras William trabaja en Londres. El destino, sin embargo, les reservará un duro golpe cuando su hijo Hamnet, de once años, muera repentinamente tras contraer la peste. A raíz de esta tragedia, su padre creará uno de los grandes personajes de la literatura universal, de nombre casi idéntico al de su hijo.


Pero esta película no habla de famosos sucesos sino de algo íntimo y olvidado: La vida de esta familia, y especialmente la de la mujer que la sostenía y que tuvo que cargar con una insoportable pérdida."
HAMNET,Chloé Zhao,125,05,20:05,2026-02-19,Renoir Princesa,https://www.pillalas.com/pase/1054800/,https://www.cinesrenoir.com/pelicula/hamnet/,https://www.cinesrenoir.com/media/Peliculas/Cartel/HAMNET_Cartel_Digital_8Nominaciones_Oscar_YaEnCines_v2_2.jpg,Inglés,No recomendada para menores de 12 años,Viernes 23 Enero 2026,"Jessie Buckley, Paul Mescal, Joe Alwyn, Emily Watson","Año 1596, Stratford-upon-Avon, Inglaterra. La vida de Agnes transcurre plácidamente junto a su marido y sus tres hijos. Ella cultiva plantas medicinales mientras William trabaja en Londres. El destino, sin embargo, les reservará un duro golpe cuando su hijo Hamnet, de once años, muera repentinamente tras contraer la peste. A raíz de esta tragedia, su padre creará uno de los grandes personajes de la literatura universal, de nombre casi idéntico al de su hijo.


Pero esta película no habla de famosos sucesos sino de algo íntimo y olvidado: La vida de esta familia, y especialmente la de la mujer que la sostenía y que tuvo que cargar con una insoportable pérdida."
HAMNET,Chloé Zhao,125,05,22:25,2026-02-19,Renoir Princesa,https://www.pillalas.com/pase/1054803/,https://www.cinesrenoir.com/pelicula/hamnet/,https://www.cinesrenoir.com/media/Peliculas/Cartel/HAMNET_Cartel_Digital_8Nominaciones_Oscar_YaEnCines_v2_2.jpg,Inglés,No recomendada para menores de 12 años,Viernes 23 Enero 2026,"Jessie Buckley, Paul Mescal, Joe Alwyn, Emily Watson","Año 1596, Stratford-upon-Avon, Inglaterra. La vida de Agnes transcurre plácidamente junto a su marido y sus tres hijos. Ella cultiva plantas medicinales mientras William trabaja en Londres. El destino, sin embargo, les reservará un duro golpe cuando su hijo Hamnet, de once años, muera repentinamente tras contraer la peste. A raíz de esta tragedia, su padre creará uno de los grandes personajes de la literatura universal, de nombre casi idéntico al de su hijo.


Pero esta película no habla de famosos sucesos sino de algo íntimo y olvidado: La vida de esta familia, y especialmente la de la mujer que la sostenía y que tuvo que cargar con una insoportable pérdida."
LA CENA,Manolo Gómez Pereira,106,08,16:00,2026-02-19,Renoir Princesa,https://www.pillalas.com/pase/1054851/,https://www.cinesrenoir.com/pelicula/la-cena/,https://media.pillalas.com/imagenes/726afb526abffa83bd9f9bd0a673888f9a4e8309cfbd282ee88c3ecfb89c16c49bdbf298.jpg,Castellano,No recomendada para menores de 12 años,Viernes 17 Octubre 2025,"Mario Casas, Alberto San Juan, Asier Etxeandia, Nora Hernández, Óscar Lasarte, Martín Páez, Elvira Mínguez, Carlos Serrano, Carmen Balagué, Eva Ugarte, Antonio Resines","15 de abril, 1939. Dos semanas después de acabar la Guerra Civil, Franco propone celebrar la victoria con una cena en el Hotel Palace junto a todos sus generales. Lo que no saben es que la cena la prepararán unos cocineros republicanos que están ante su última oportunidad de huir del país."
LA CENA,Manolo Gómez Pereira,106,03,18:00,2026-02-19,Renoir Princesa,https://www.pillalas.com/pase/1054730/,https://www.cinesrenoir.com/pelicula/la-cena/,https://media.pillalas.com/imagenes/726afb526abffa83bd9f9bd0a673888f9a4e8309cfbd282ee88c3ecfb89c16c49bdbf298.jpg,Castellano,No recomendada para menores de 12 años,Viernes 17 Octubre 2025,"Mario Casas, Alberto San Juan, Asier Etxeandia, Nora Hernández, Óscar Lasarte, Martín Páez, Elvira Mínguez, Carlos Serrano, Carmen Balagué, Eva Ugarte, Antonio Resines","15 de abril, 1939. Dos semanas después de acabar la Guerra Civil, Franco propone celebrar la victoria con una cena en el Hotel Palace junto a todos sus generales. Lo que no saben es que la cena la prepararán unos cocineros republicanos que están ante su última oportunidad de huir del país."
LA FIERA,Salvador Calvo,113,08,18:05,2026-02-19,Renoir Princesa,https://www.pillalas.com/pase/1054854/,https://www.cinesrenoir.com/pelicula/la-fiera/,https://media.pillalas.com/imagenes/726afb526abffa8343633e6b05b980b9f611ecb2408114b64c8947a46b46933a151a5185.jpg,Castellano,No recomendada para menores de 12 años,Viernes 6 Febrero 2026,"Carlos Cuevas, Miguel Bernardeau, Miguel Ángel Silvestre, Candela González, Stéphanie Magnin, David Marcé, José Manuel Poga","Carlos, Darío y Armando, aficionados a los deportes extremos, descubren la experiencia más cercana a volar: el salto B.A.S.E. con traje de alas. “La Fiera” es la historia de estos amantes del riesgo: un relato real contado desde sus miedos y anhelos; un viaje duro y fascinante, lleno de vértigo y peligro... que también nos conecta con la camaradería y la amistad.
Un viaje épico alimentado por la lucha contra uno mismo."
LA FIERA,Salvador Calvo,113,08,22:15,2026-02-19,Renoir Princesa,https://www.pillalas.com/pase/1054856/,https://www.cinesrenoir.com/pelicula/la-fiera/,https://media.pillalas.com/imagenes/726afb526abffa8343633e6b05b980b9f611ecb2408114b64c8947a46b46933a151a5185.jpg,Castellano,No recomendada para menores de 12 años,Viernes 6 Febrero 2026,"Carlos Cuevas, Miguel Bernardeau, Miguel Ángel Silvestre, Candela González, Stéphanie Magnin, David Marcé, José Manuel Poga","Carlos, Darío y Armando, aficionados a los deportes extremos, descubren la experiencia más cercana a volar: el salto B.A.S.E. con traje de alas. “La Fiera” es la historia de estos amantes del riesgo: un relato real contado desde sus miedos y anhelos; un viaje duro y fascinante, lleno de vértigo y peligro... que también nos conecta con la camaradería y la amistad.
Un viaje épico alimentado por la lucha contra uno mismo."
LOS DOMINGOS,Alauda Ruiz De Azúa,115,01,16:00,2026-02-19,Renoir Princesa,https://www.pillalas.com/pase/1054686/,https://www.cinesrenoir.com/pelicula/los-domingos/,https://media.pillalas.com/imagenes/726afb526abffa83eb13c84b6e843cdf406388aa12cc57b934b6e5ab1c8e2d84ce9ad1f4.jpg,Castellano,No recomendada para menores de 12 años,Viernes 24 Octubre 2025,"Patricia López Arnaiz, Blanca Soroa, Miguel Garcés, Juan Minujín, Mabel Rivera, Nagore Aramburu","'Los domingos' cuenta la historia de Ainara (Soroa), una joven idealista y brillante de 17 años que ha de decidir qué carrera universitaria estudiará. O, al menos, eso espera su familia que haga. Sin embargo, la joven manifiesta que se siente cada vez más cerca de Dios y que se plantea abrazar la vida de monja de clausura. La noticia pilla por sorpresa a toda la familia provocando un abismo y una prueba de fuego para todos."
LOS DOMINGOS,Alauda Ruiz De Azúa,115,01,18:15,2026-02-19,Renoir Princesa,https://www.pillalas.com/pase/1054688/,https://www.cinesrenoir.com/pelicula/los-domingos/,https://media.pillalas.com/imagenes/726afb526abffa83eb13c84b6e843cdf406388aa12cc57b934b6e5ab1c8e2d84ce9ad1f4.jpg,Castellano,No recomendada para menores de 12 años,Viernes 24 Octubre 2025,"Patricia López Arnaiz, Blanca Soroa, Miguel Garcés, Juan Minujín, Mabel Rivera, Nagore Aramburu","'Los domingos' cuenta la historia de Ainara (Soroa), una joven idealista y brillante de 17 años que ha de decidir qué carrera universitaria estudiará. O, al menos, eso espera su familia que haga. Sin embargo, la joven manifiesta que se siente cada vez más cerca de Dios y que se plantea abrazar la vida de monja de clausura. La noticia pilla por sorpresa a toda la familia provocando un abismo y una prueba de fuego para todos."
LOS DOMINGOS,Alauda Ruiz De Azúa,115,01,20:30,2026-02-19,Renoir Princesa,https://www.pillalas.com/pase/1054689/,https://www.cinesrenoir.com/pelicula/los-domingos/,https://media.pillalas.com/imagenes/726afb526abffa83eb13c84b6e843cdf406388aa12cc57b934b6e5ab1c8e2d84ce9ad1f4.jpg,Castellano,No recomendada para menores de 12 años,Viernes 24 Octubre 2025,"Patricia López Arnaiz, Blanca Soroa, Miguel Garcés, Juan Minujín, Mabel Rivera, Nagore Aramburu","'Los domingos' cuenta la historia de Ainara (Soroa), una joven idealista y brillante de 17 años que ha de decidir qué carrera universitaria estudiará. O, al menos, eso espera su familia que haga. Sin embargo, la joven manifiesta que se siente cada vez más cerca de Dios y que se plantea abrazar la vida de monja de clausura. La noticia pilla por sorpresa a toda la familia provocando un abismo y una prueba de fuego para todos."
MARTY SUPREME,Josh Safdie,149,04,16:10,2026-02-19,Renoir Princesa,https://www.pillalas.com/pase/1054795/,https://www.cinesrenoir.com/pelicula/marty-supreme/,https://media.pillalas.com/imagenes/726afb526abffa83215ea8a89c8894fb1ac44e6c3b86faba19f84e195b42d541304dcb79.jpg,Inglés,No recomendada para menores de 16 años,Viernes 30 Enero 2026,"Timothee Chalamet, Gwyneth Paltrow, Odessa A Zion, Sandra Bernhard, Fran Drescher, Abel Ferrara, Spenser Granese, Tyler The Creator, Penn Jillette, Kevin O Leary","Marty Mauser (Timothée Chalamet), un joven con una ambición desmesurada, está dispuesto a todo para cumplir su sueño. Con ayuda, entre otros, de la estrella de cine Carol Dunne (Gwyneth Paltrow) demostrará al mundo entero su grandeza."
MARTY SUPREME,Josh Safdie,149,04,19:00,2026-02-19,Renoir Princesa,https://www.pillalas.com/pase/1054798/,https://www.cinesrenoir.com/pelicula/marty-supreme/,https://media.pillalas.com/imagenes/726afb526abffa83215ea8a89c8894fb1ac44e6c3b86faba19f84e195b42d541304dcb79.jpg,Inglés,No recomendada para menores de 16 años,Viernes 30 Enero 2026,"Timothee Chalamet, Gwyneth Paltrow, Odessa A Zion, Sandra Bernhard, Fran Drescher, Abel Ferrara, Spenser Granese, Tyler The Creator, Penn Jillette, Kevin O Leary","Marty Mauser (Timothée Chalamet), un joven con una ambición desmesurada, está dispuesto a todo para cumplir su sueño. Con ayuda, entre otros, de la estrella de cine Carol Dunne (Gwyneth Paltrow) demostrará al mundo entero su grandeza."
MARTY SUPREME,Josh Safdie,149,02,20:20,2026-02-19,Renoir Princesa,https://www.pillalas.com/pase/1054732/,https://www.cinesrenoir.com/pelicula/marty-supreme/,https://media.pillalas.com/imagenes/726afb526abffa83215ea8a89c8894fb1ac44e6c3b86faba19f84e195b42d541304dcb79.jpg,Inglés,No recomendada para menores de 16 años,Viernes 30 Enero 2026,"Timothee Chalamet, Gwyneth Paltrow, Odessa A Zion, Sandra Bernhard, Fran Drescher, Abel Ferrara, Spenser Granese, Tyler The Creator, Penn Jillette, Kevin O Leary","Marty Mauser (Timothée Chalamet), un joven con una ambición desmesurada, está dispuesto a todo para cumplir su sueño. Con ayuda, entre otros, de la estrella de cine Carol Dunne (Gwyneth Paltrow) demostrará al mundo entero su grandeza."
MARTY SUPREME,Josh Safdie,149,04,21:50,2026-02-19,Renoir Princesa,https://www.pillalas.com/pase/1054801/,https://www.cinesrenoir.com/pelicula/marty-supreme/,https://media.pillalas.com/imagenes/726afb526abffa83215ea8a89c8894fb1ac44e6c3b86faba19f84e195b42d541304dcb79.jpg,Inglés,No recomendada para menores de 16 años,Viernes 30 Enero 2026,"Timothee Chalamet, Gwyneth Paltrow, Odessa A Zion, Sandra Bernhard, Fran Drescher, Abel Ferrara, Spenser Granese, Tyler The Creator, Penn Jillette, Kevin O Leary","Marty Mauser (Timothée Chalamet), un joven con una ambición desmesurada, está dispuesto a todo para cumplir su sueño. Con ayuda, entre otros, de la estrella de cine Carol Dunne (Gwyneth Paltrow) demostrará al mundo entero su grandeza."
NOUVELLE VAGUE,Richard Linklater,106,01,22:40,2026-02-19,Renoir Princesa,https://www.pillalas.com/pase/1054690/,https://www.cinesrenoir.com/pelicula/nouvelle-vague/,https://media.pillalas.com/imagenes/726afb526abffa835c22ae68ba792559681ebb89ebbc7ddacfd5f5bdea32bb21879771be.jpg,Francés,No recomendada para menores de 12 años,Viernes 9 Enero 2026,"Guillaume Marbeck, Zoey Deutch, Aubry Dullin, Bruno Dreyfürst, Benjamin Clery, Matthieu Penchinat, Adrien Rouyard, Jodie Ruth-Forest","Esta es la historia de Godard rodando 'Al final de la escapada', contada con el estilo y el espíritu con los que Godard rodó 'Al final de la escapada'."
RENTAL FAMILY (FAMILIA DE ALQUILER),Mitsuyo Miyazaki,109,09,16:00,2026-02-19,Renoir Princesa,https://www.pillalas.com/pase/1054852/,https://www.cinesrenoir.com/pelicula/rental-family-familia-de-alquiler/,https://media.pillalas.com/imagenes/726afb526abffa8354fd8d551fddc8b6f2c37df750c002f9f65d59d1707b603c58f3211d.jpg,Inglés Y Japonés,No recomendada para menores de 12 años,Viernes 9 Enero 2026,"Brendan Fraser, Mari Yamamoto, Takehiro Hira, Akira Emoto, Shannon Gorman","Comedia dramática sobre un actor estadounidense (Brendan Fraser) que lucha por encontrar un propósito en la vida en el Tokio actual. Hasta que consigue un trabajo inusual, trabajar para una agencia japonesa de ""familias de alquiler"", interpretando papeles de suplente para desconocidos."
RENTAL FAMILY (FAMILIA DE ALQUILER),Mitsuyo Miyazaki,109,02,18:15,2026-02-19,Renoir Princesa,https://www.pillalas.com/pase/1054698/,https://www.cinesrenoir.com/pelicula/rental-family-familia-de-alquiler/,https://media.pillalas.com/imagenes/726afb526abffa8354fd8d551fddc8b6f2c37df750c002f9f65d59d1707b603c58f3211d.jpg,Inglés Y Japonés,No recomendada para menores de 12 años,Viernes 9 Enero 2026,"Brendan Fraser, Mari Yamamoto, Takehiro Hira, Akira Emoto, Shannon Gorman","Comedia dramática sobre un actor estadounidense (Brendan Fraser) que lucha por encontrar un propósito en la vida en el Tokio actual. Hasta que consigue un trabajo inusual, trabajar para una agencia japonesa de ""familias de alquiler"", interpretando papeles de suplente para desconocidos."
SIRAT,Óliver Laxe,120,03,20:05,2026-02-19,Renoir Princesa,https://www.pillalas.com/pase/1054731/,https://www.cinesrenoir.com/pelicula/sirat/,https://www.cinesrenoir.com/media/Peliculas/Cartel/SIRAT_ONLINE_GOYAOSCARS.jpg,Castellano Y Otros,No recomendada para menores de 16 años,Viernes 6 Junio 2025,"Sergi López, Bruno Núñez, Stefania Gadda, Joshua Liam Herderson, Tonin Javier, Jade Ouki, Richard Bellamyun","Un hombre (López) y su hijo (Nuñez) llegan a una rave perdida en medio de las áridas y fantasmagóricas montañas del sur de Marruecos. Buscan allí a Mar, su hija y hermana, desaparecida hace meses en una de estas fiestas sin amanecer. Reparten una y otra vez su foto rodeados de música electrónica y de un tipo de libertad que desconocen. Empujados por el destino, y con la esperanza de encontrar ahí a Mar, deciden seguir a un grupo de raveros hacia la última fiesta que se celebrará en el desierto."
TRES ADIOSES,Isabel Coixet,122,02,16:00,2026-02-19,Renoir Princesa,https://www.pillalas.com/pase/1054687/,https://www.cinesrenoir.com/pelicula/tres-adioses/,https://media.pillalas.com/imagenes/726afb526abffa832ea2a44a189894de905fc7e94534a8bf4ef6bf13e5ccdfe90922c22e.jpg,Italiano,No recomendada para menores de 12 años,Viernes 6 Febrero 2026,"Alba Rohrwacher, Elio Germano, Francesco Carril, Silvia D Amico, Galatea Bellugi, Sarita Choudhury","Tras lo que parecía una discusión sin importancia, Marta (Alba Rohrwacher) y Antonio (Elio Germano) se separan. Él, un chef prometedor, se refugia en sus fogones; ella, en su silencio, empieza a notar algo más que tristeza: ha perdido el apetito… y no solo por desamor. Cuando descubre que detrás hay un problema de salud, todo da un giro inesperado: la comida sabe mejor, la música le llega como nunca y el deseo despierta sus ganas de vivir sin miedo.
Una historia sobre el amor, la vida y esos momentos que lo cambian todo para siempre."
TRES ADIOSES,Isabel Coixet,122,06,17:30,2026-02-19,Renoir Princesa,https://www.pillalas.com/pase/1054796/,https://www.cinesrenoir.com/pelicula/tres-adioses/,https://media.pillalas.com/imagenes/726afb526abffa832ea2a44a189894de905fc7e94534a8bf4ef6bf13e5ccdfe90922c22e.jpg,Italiano,No recomendada para menores de 12 años,Viernes 6 Febrero 2026,"Alba Rohrwacher, Elio Germano, Francesco Carril, Silvia D Amico, Galatea Bellugi, Sarita Choudhury","Tras lo que parecía una discusión sin importancia, Marta (Alba Rohrwacher) y Antonio (Elio Germano) se separan. Él, un chef prometedor, se refugia en sus fogones; ella, en su silencio, empieza a notar algo más que tristeza: ha perdido el apetito… y no solo por desamor. Cuando descubre que detrás hay un problema de salud, todo da un giro inesperado: la comida sabe mejor, la música le llega como nunca y el deseo despierta sus ganas de vivir sin miedo.
Una historia sobre el amor, la vida y esos momentos que lo cambian todo para siempre."
TRES ADIOSES,Isabel Coixet,122,06,19:50,2026-02-19,Renoir Princesa,https://www.pillalas.com/pase/1054799/,https://www.cinesrenoir.com/pelicula/tres-adioses/,https://media.pillalas.com/imagenes/726afb526abffa832ea2a44a189894de905fc7e94534a8bf4ef6bf13e5ccdfe90922c22e.jpg,Italiano,No recomendada para menores de 12 años,Viernes 6 Febrero 2026,"Alba Rohrwacher, Elio Germano, Francesco Carril, Silvia D Amico, Galatea Bellugi, Sarita Choudhury","Tras lo que parecía una discusión sin importancia, Marta (Alba Rohrwacher) y Antonio (Elio Germano) se separan. Él, un chef prometedor, se refugia en sus fogones; ella, en su silencio, empieza a notar algo más que tristeza: ha perdido el apetito… y no solo por desamor. Cuando descubre que detrás hay un problema de salud, todo da un giro inesperado: la comida sabe mejor, la música le llega como nunca y el deseo despierta sus ganas de vivir sin miedo.
Una historia sobre el amor, la vida y esos momentos que lo cambian todo para siempre."
TRES ADIOSES,Isabel Coixet,122,06,22:10,2026-02-19,Renoir Princesa,https://www.pillalas.com/pase/1054802/,https://www.cinesrenoir.com/pelicula/tres-adioses/,https://media.pillalas.com/imagenes/726afb526abffa832ea2a44a189894de905fc7e94534a8bf4ef6bf13e5ccdfe90922c22e.jpg,Italiano,No recomendada para menores de 12 años,Viernes 6 Febrero 2026,"Alba Rohrwacher, Elio Germano, Francesco Carril, Silvia D Amico, Galatea Bellugi, Sarita Choudhury","Tras lo que parecía una discusión sin importancia, Marta (Alba Rohrwacher) y Antonio (Elio Germano) se separan. Él, un chef prometedor, se refugia en sus fogones; ella, en su silencio, empieza a notar algo más que tristeza: ha perdido el apetito… y no solo por desamor. Cuando descubre que detrás hay un problema de salud, todo da un giro inesperado: la comida sabe mejor, la música le llega como nunca y el deseo despierta sus ganas de vivir sin miedo.
Una historia sobre el amor, la vida y esos momentos que lo cambian todo para siempre."
VALOR SENTIMENTAL,Joachim Trier,133,10,16:10,2026-02-19,Renoir Princesa,https://www.pillalas.com/pase/1054904/,https://www.cinesrenoir.com/pelicula/valor-sentimental/,https://media.pillalas.com/imagenes/726afb526abffa83fe1b3adc6f8909539f80c9a958e909b641f78d7648edf8e1f62ca547.jpg,Noruego E Inglés,No recomendada para menores de 12 años,Viernes 5 Diciembre 2025,"Renate Reinsve, Stellan Skarsgård, Inga Ibsdotter Lilleaas, Elle Fanning, Anders Danielsen Lie, Jesper Christensen, Lena Endre, Cory Michael Smith, Catherine Cohen, Andreas Stoltenberg Granerud, Øyvind Hesjedal Loven, Lars Väringer, Ida Marianne Vassbotn Klasson, Vilde Søyland","Las hermanas Nora y Agnes se reencuentran con su padre ausente, un director de cine muy reconocido en el pasado que ha vuelto para ofrecer a Nora el papel principal de su próxima película. Aunque ella lo rechaza, Gustav decide seguir adelante y utilizar la casa familiar como escenario de su nuevo rodaje, lo que reaviva las tensiones entre ellos, especialmente tras la llegada de una joven actriz de Hollywood que acepta el papel en su lugar. El vínculo entre las hermanas se convertirá en su mayor refugio frente a las heridas del pasado."
VALOR SENTIMENTAL,Joachim Trier,133,10,19:10,2026-02-19,Renoir Princesa,https://www.pillalas.com/pase/1054907/,https://www.cinesrenoir.com/pelicula/valor-sentimental/,https://media.pillalas.com/imagenes/726afb526abffa83fe1b3adc6f8909539f80c9a958e909b641f78d7648edf8e1f62ca547.jpg,Noruego E Inglés,No recomendada para menores de 12 años,Viernes 5 Diciembre 2025,"Renate Reinsve, Stellan Skarsgård, Inga Ibsdotter Lilleaas, Elle Fanning, Anders Danielsen Lie, Jesper Christensen, Lena Endre, Cory Michael Smith, Catherine Cohen, Andreas Stoltenberg Granerud, Øyvind Hesjedal Loven, Lars Väringer, Ida Marianne Vassbotn Klasson, Vilde Søyland","Las hermanas Nora y Agnes se reencuentran con su padre ausente, un director de cine muy reconocido en el pasado que ha vuelto para ofrecer a Nora el papel principal de su próxima película. Aunque ella lo rechaza, Gustav decide seguir adelante y utilizar la casa familiar como escenario de su nuevo rodaje, lo que reaviva las tensiones entre ellos, especialmente tras la llegada de una joven actriz de Hollywood que acepta el papel en su lugar. El vínculo entre las hermanas se convertirá en su mayor refugio frente a las heridas del pasado."
VALOR SENTIMENTAL,Joachim Trier,133,10,21:45,2026-02-19,Renoir Princesa,https://www.pillalas.com/pase/1054910/,https://www.cinesrenoir.com/pelicula/valor-sentimental/,https://media.pillalas.com/imagenes/726afb526abffa83fe1b3adc6f8909539f80c9a958e909b641f78d7648edf8e1f62ca547.jpg,Noruego E Inglés,No recomendada para menores de 12 años,Viernes 5 Diciembre 2025,"Renate Reinsve, Stellan Skarsgård, Inga Ibsdotter Lilleaas, Elle Fanning, Anders Danielsen Lie, Jesper Christensen, Lena Endre, Cory Michael Smith, Catherine Cohen, Andreas Stoltenberg Granerud, Øyvind Hesjedal Loven, Lars Väringer, Ida Marianne Vassbotn Klasson, Vilde Søyland","Las hermanas Nora y Agnes se reencuentran con su padre ausente, un director de cine muy reconocido en el pasado que ha vuelto para ofrecer a Nora el papel principal de su próxima película. Aunque ella lo rechaza, Gustav decide seguir adelante y utilizar la casa familiar como escenario de su nuevo rodaje, lo que reaviva las tensiones entre ellos, especialmente tras la llegada de una joven actriz de Hollywood que acepta el papel en su lugar. El vínculo entre las hermanas se convertirá en su mayor refugio frente a las heridas del pasado."
VIDA PRIVADA,Rebecca Zlotowski,103,03,22:20,2026-02-19,Renoir Princesa,https://www.pillalas.com/pase/1054733/,https://www.cinesrenoir.com/pelicula/vida-privada/,https://media.pillalas.com/imagenes/726afb526abffa83e85d9a90d129144ec330b3d01f9d831658c34239ba5ad1f6ab7bd9ea.jpg,Francés,No recomendada para menores de 12 años,Viernes 19 Diciembre 2025,"Jodie Foster, Daniel Auteuil, Virginie Efira, Mathieu Amalric, Vincent Lacoste, Luàna Bajrami, Noam Morgensztern, Sophie Guillemin, Frederick Wiseman, Aurore Clément, Irène Jacob, Park Ji-Min, Jean Chevalier","La reputada psiquiatra Lilian Steiner emprende una investigación privada sobre la muerte de una de sus pacientes, de la que está convencida que ha sido asesinada."
AÍDA Y VUELTA,Paco León,90,07,22:45,2026-02-20,Renoir Princesa,https://www.pillalas.com/pase/1055756/,https://www.cinesrenoir.com/pelicula/aida-y-vuelta/,https://media.pillalas.com/imagenes/726afb526abffa8347d3f6e8043971b5b5a22f68100535465137cdcd8a815fa00441c58f.jpg,Castellano,No recomendada para menores de 12 años,Viernes 30 Enero 2026,"Carmen Machi, Paco León, Miren Ibarguren, Mariano Peña, Eduardo Casanova, Pepe Viyuela, Melani Olivares, Canco Rodríguez, Secun De La Rosa, David Castillo, Marisol Ayuso, Pepa Rus, Óscar Reyes, Adrián Gordillo","""Aída y vuelta"", el largometraje, aborda el rodaje de un capítulo de la serie con tramas que transcurren tanto dentro de la ficción con los personajes de ""Aída"", como fuera de ella con los propios actores y sus relaciones, yendo más allá y dando pie a reflexionar sobre temas como los límites del humor, del trabajo del cómico y la fama."
CUMBRES BORRASCOSAS,Emerald Fennell,135,11,16:10,2026-02-20,Renoir Princesa,https://www.pillalas.com/pase/1055868/,https://www.cinesrenoir.com/pelicula/cumbres-borrascosas/,https://media.pillalas.com/imagenes/726afb526abffa83abe8577deb3c0674bd352fd2b0500497b1d5570f2dd570487210fc4e.jpg,Inglés,No recomendada para menores de 16 años,Viernes 13 Febrero 2026,"Margot Robbie, Jacob Elordi, Hong Chau, Alison Oliver, Owen Cooper, Shazad Latif, Martin Clunes, Ewan Mitchell, Amy Morgan, Jessica Knappett, Charlotte Mellington, Vy Nguyen","Adaptada a todo tipo de formatos en multitud de ocasiones, se trata de una trágica historia de pasiones encontradas en la Inglaterra rural más conservadora. Una historia de venganza y odio, de pasiones desatadas y amores desesperados que van más allá de la muerte ambientada en los brumosos y sombríos páramos de Yorkshire, al norte de Inglaterra."
CUMBRES BORRASCOSAS,Emerald Fennell,135,09,18:00,2026-02-20,Renoir Princesa,https://www.pillalas.com/pase/1055869/,https://www.cinesrenoir.com/pelicula/cumbres-borrascosas/,https://media.pillalas.com/imagenes/726afb526abffa83abe8577deb3c0674bd352fd2b0500497b1d5570f2dd570487210fc4e.jpg,Inglés,No recomendada para menores de 16 años,Viernes 13 Febrero 2026,"Margot Robbie, Jacob Elordi, Hong Chau, Alison Oliver, Owen Cooper, Shazad Latif, Martin Clunes, Ewan Mitchell, Amy Morgan, Jessica Knappett, Charlotte Mellington, Vy Nguyen","Adaptada a todo tipo de formatos en multitud de ocasiones, se trata de una trágica historia de pasiones encontradas en la Inglaterra rural más conservadora. Una historia de venganza y odio, de pasiones desatadas y amores desesperados que van más allá de la muerte ambientada en los brumosos y sombríos páramos de Yorkshire, al norte de Inglaterra."
CUMBRES BORRASCOSAS,Emerald Fennell,135,11,19:00,2026-02-20,Renoir Princesa,https://www.pillalas.com/pase/1055872/,https://www.cinesrenoir.com/pelicula/cumbres-borrascosas/,https://media.pillalas.com/imagenes/726afb526abffa83abe8577deb3c0674bd352fd2b0500497b1d5570f2dd570487210fc4e.jpg,Inglés,No recomendada para menores de 16 años,Viernes 13 Febrero 2026,"Margot Robbie, Jacob Elordi, Hong Chau, Alison Oliver, Owen Cooper, Shazad Latif, Martin Clunes, Ewan Mitchell, Amy Morgan, Jessica Knappett, Charlotte Mellington, Vy Nguyen","Adaptada a todo tipo de formatos en multitud de ocasiones, se trata de una trágica historia de pasiones encontradas en la Inglaterra rural más conservadora. Una historia de venganza y odio, de pasiones desatadas y amores desesperados que van más allá de la muerte ambientada en los brumosos y sombríos páramos de Yorkshire, al norte de Inglaterra."
CUMBRES BORRASCOSAS,Emerald Fennell,135,09,20:30,2026-02-20,Renoir Princesa,https://www.pillalas.com/pase/1055874/,https://www.cinesrenoir.com/pelicula/cumbres-borrascosas/,https://media.pillalas.com/imagenes/726afb526abffa83abe8577deb3c0674bd352fd2b0500497b1d5570f2dd570487210fc4e.jpg,Inglés,No recomendada para menores de 16 años,Viernes 13 Febrero 2026,"Margot Robbie, Jacob Elordi, Hong Chau, Alison Oliver, Owen Cooper, Shazad Latif, Martin Clunes, Ewan Mitchell, Amy Morgan, Jessica Knappett, Charlotte Mellington, Vy Nguyen","Adaptada a todo tipo de formatos en multitud de ocasiones, se trata de una trágica historia de pasiones encontradas en la Inglaterra rural más conservadora. Una historia de venganza y odio, de pasiones desatadas y amores desesperados que van más allá de la muerte ambientada en los brumosos y sombríos páramos de Yorkshire, al norte de Inglaterra."
CUMBRES BORRASCOSAS,Emerald Fennell,135,11,21:45,2026-02-20,Renoir Princesa,https://www.pillalas.com/pase/1055876/,https://www.cinesrenoir.com/pelicula/cumbres-borrascosas/,https://media.pillalas.com/imagenes/726afb526abffa83abe8577deb3c0674bd352fd2b0500497b1d5570f2dd570487210fc4e.jpg,Inglés,No recomendada para menores de 16 años,Viernes 13 Febrero 2026,"Margot Robbie, Jacob Elordi, Hong Chau, Alison Oliver, Owen Cooper, Shazad Latif, Martin Clunes, Ewan Mitchell, Amy Morgan, Jessica Knappett, Charlotte Mellington, Vy Nguyen","Adaptada a todo tipo de formatos en multitud de ocasiones, se trata de una trágica historia de pasiones encontradas en la Inglaterra rural más conservadora. Una historia de venganza y odio, de pasiones desatadas y amores desesperados que van más allá de la muerte ambientada en los brumosos y sombríos páramos de Yorkshire, al norte de Inglaterra."
EL AGENTE SECRETO,Kleber Mendonça Filho,160,04,16:00,2026-02-20,Renoir Princesa,https://www.pillalas.com/pase/1055739/,https://www.cinesrenoir.com/pelicula/el-agente-secreto/,https://media.pillalas.com/imagenes/726afb526abffa83bdba0b90e98cf11293bcd8b9c8be1af817aa6c045cd8f479730f7511.jpg,Portugués,No recomendada para menores de 16 años,Viernes 20 Febrero 2026,"Wagner Moura, Gabriel Leone, Udo Kier, Maria Fernanda Cândido","1977. En un Brasil atormentado por la dictadura militar, Marcelo, un cuarentón que huye de un pasado turbulento, llega a la ciudad de Recife, donde espera construir una nueva vida y reencontrarse con su hijo. Todo se complica cuando descubre que las fuerzas gubernamentales le persiguen y las amenazas de muerte se ciernen sobre su cabeza."
EL AGENTE SECRETO,Kleber Mendonça Filho,160,06,17:15,2026-02-20,Renoir Princesa,https://www.pillalas.com/pase/1055743/,https://www.cinesrenoir.com/pelicula/el-agente-secreto/,https://media.pillalas.com/imagenes/726afb526abffa83bdba0b90e98cf11293bcd8b9c8be1af817aa6c045cd8f479730f7511.jpg,Portugués,No recomendada para menores de 16 años,Viernes 20 Febrero 2026,"Wagner Moura, Gabriel Leone, Udo Kier, Maria Fernanda Cândido","1977. En un Brasil atormentado por la dictadura militar, Marcelo, un cuarentón que huye de un pasado turbulento, llega a la ciudad de Recife, donde espera construir una nueva vida y reencontrarse con su hijo. Todo se complica cuando descubre que las fuerzas gubernamentales le persiguen y las amenazas de muerte se ciernen sobre su cabeza."
EL AGENTE SECRETO,Kleber Mendonça Filho,160,04,18:55,2026-02-20,Renoir Princesa,https://www.pillalas.com/pase/1055746/,https://www.cinesrenoir.com/pelicula/el-agente-secreto/,https://media.pillalas.com/imagenes/726afb526abffa83bdba0b90e98cf11293bcd8b9c8be1af817aa6c045cd8f479730f7511.jpg,Portugués,No recomendada para menores de 16 años,Viernes 20 Febrero 2026,"Wagner Moura, Gabriel Leone, Udo Kier, Maria Fernanda Cândido","1977. En un Brasil atormentado por la dictadura militar, Marcelo, un cuarentón que huye de un pasado turbulento, llega a la ciudad de Recife, donde espera construir una nueva vida y reencontrarse con su hijo. Todo se complica cuando descubre que las fuerzas gubernamentales le persiguen y las amenazas de muerte se ciernen sobre su cabeza."
EL AGENTE SECRETO,Kleber Mendonça Filho,160,06,20:15,2026-02-20,Renoir Princesa,https://www.pillalas.com/pase/1055750/,https://www.cinesrenoir.com/pelicula/el-agente-secreto/,https://media.pillalas.com/imagenes/726afb526abffa83bdba0b90e98cf11293bcd8b9c8be1af817aa6c045cd8f479730f7511.jpg,Portugués,No recomendada para menores de 16 años,Viernes 20 Febrero 2026,"Wagner Moura, Gabriel Leone, Udo Kier, Maria Fernanda Cândido","1977. En un Brasil atormentado por la dictadura militar, Marcelo, un cuarentón que huye de un pasado turbulento, llega a la ciudad de Recife, donde espera construir una nueva vida y reencontrarse con su hijo. Todo se complica cuando descubre que las fuerzas gubernamentales le persiguen y las amenazas de muerte se ciernen sobre su cabeza."
EL AGENTE SECRETO,Kleber Mendonça Filho,160,04,21:50,2026-02-20,Renoir Princesa,https://www.pillalas.com/pase/1055753/,https://www.cinesrenoir.com/pelicula/el-agente-secreto/,https://media.pillalas.com/imagenes/726afb526abffa83bdba0b90e98cf11293bcd8b9c8be1af817aa6c045cd8f479730f7511.jpg,Portugués,No recomendada para menores de 16 años,Viernes 20 Febrero 2026,"Wagner Moura, Gabriel Leone, Udo Kier, Maria Fernanda Cândido","1977. En un Brasil atormentado por la dictadura militar, Marcelo, un cuarentón que huye de un pasado turbulento, llega a la ciudad de Recife, donde espera construir una nueva vida y reencontrarse con su hijo. Todo se complica cuando descubre que las fuerzas gubernamentales le persiguen y las amenazas de muerte se ciernen sobre su cabeza."
HAMNET,Chloé Zhao,125,02,16:00,2026-02-20,Renoir Princesa,https://www.pillalas.com/pase/1055697/,https://www.cinesrenoir.com/pelicula/hamnet/,https://www.cinesrenoir.com/media/Peliculas/Cartel/HAMNET_Cartel_Digital_8Nominaciones_Oscar_YaEnCines_v2_2.jpg,Inglés,No recomendada para menores de 12 años,Viernes 23 Enero 2026,"Jessie Buckley, Paul Mescal, Joe Alwyn, Emily Watson","Año 1596, Stratford-upon-Avon, Inglaterra. La vida de Agnes transcurre plácidamente junto a su marido y sus tres hijos. Ella cultiva plantas medicinales mientras William trabaja en Londres. El destino, sin embargo, les reservará un duro golpe cuando su hijo Hamnet, de once años, muera repentinamente tras contraer la peste. A raíz de esta tragedia, su padre creará uno de los grandes personajes de la literatura universal, de nombre casi idéntico al de su hijo.


Pero esta película no habla de famosos sucesos sino de algo íntimo y olvidado: La vida de esta familia, y especialmente la de la mujer que la sostenía y que tuvo que cargar con una insoportable pérdida."
HAMNET,Chloé Zhao,125,05,17:40,2026-02-20,Renoir Princesa,https://www.pillalas.com/pase/1055744/,https://www.cinesrenoir.com/pelicula/hamnet/,https://www.cinesrenoir.com/media/Peliculas/Cartel/HAMNET_Cartel_Digital_8Nominaciones_Oscar_YaEnCines_v2_2.jpg,Inglés,No recomendada para menores de 12 años,Viernes 23 Enero 2026,"Jessie Buckley, Paul Mescal, Joe Alwyn, Emily Watson","Año 1596, Stratford-upon-Avon, Inglaterra. La vida de Agnes transcurre plácidamente junto a su marido y sus tres hijos. Ella cultiva plantas medicinales mientras William trabaja en Londres. El destino, sin embargo, les reservará un duro golpe cuando su hijo Hamnet, de once años, muera repentinamente tras contraer la peste. A raíz de esta tragedia, su padre creará uno de los grandes personajes de la literatura universal, de nombre casi idéntico al de su hijo.


Pero esta película no habla de famosos sucesos sino de algo íntimo y olvidado: La vida de esta familia, y especialmente la de la mujer que la sostenía y que tuvo que cargar con una insoportable pérdida."
HAMNET,Chloé Zhao,125,05,20:00,2026-02-20,Renoir Princesa,https://www.pillalas.com/pase/1055749/,https://www.cinesrenoir.com/pelicula/hamnet/,https://www.cinesrenoir.com/media/Peliculas/Cartel/HAMNET_Cartel_Digital_8Nominaciones_Oscar_YaEnCines_v2_2.jpg,Inglés,No recomendada para menores de 12 años,Viernes 23 Enero 2026,"Jessie Buckley, Paul Mescal, Joe Alwyn, Emily Watson","Año 1596, Stratford-upon-Avon, Inglaterra. La vida de Agnes transcurre plácidamente junto a su marido y sus tres hijos. Ella cultiva plantas medicinales mientras William trabaja en Londres. El destino, sin embargo, les reservará un duro golpe cuando su hijo Hamnet, de once años, muera repentinamente tras contraer la peste. A raíz de esta tragedia, su padre creará uno de los grandes personajes de la literatura universal, de nombre casi idéntico al de su hijo.


Pero esta película no habla de famosos sucesos sino de algo íntimo y olvidado: La vida de esta familia, y especialmente la de la mujer que la sostenía y que tuvo que cargar con una insoportable pérdida."
HAMNET,Chloé Zhao,125,05,22:20,2026-02-20,Renoir Princesa,https://www.pillalas.com/pase/1055754/,https://www.cinesrenoir.com/pelicula/hamnet/,https://www.cinesrenoir.com/media/Peliculas/Cartel/HAMNET_Cartel_Digital_8Nominaciones_Oscar_YaEnCines_v2_2.jpg,Inglés,No recomendada para menores de 12 años,Viernes 23 Enero 2026,"Jessie Buckley, Paul Mescal, Joe Alwyn, Emily Watson","Año 1596, Stratford-upon-Avon, Inglaterra. La vida de Agnes transcurre plácidamente junto a su marido y sus tres hijos. Ella cultiva plantas medicinales mientras William trabaja en Londres. El destino, sin embargo, les reservará un duro golpe cuando su hijo Hamnet, de once años, muera repentinamente tras contraer la peste. A raíz de esta tragedia, su padre creará uno de los grandes personajes de la literatura universal, de nombre casi idéntico al de su hijo.


Pero esta película no habla de famosos sucesos sino de algo íntimo y olvidado: La vida de esta familia, y especialmente la de la mujer que la sostenía y que tuvo que cargar con una insoportable pérdida."
LA CENA,Manolo Gómez Pereira,106,01,16:00,2026-02-20,Renoir Princesa,https://www.pillalas.com/pase/1055698/,https://www.cinesrenoir.com/pelicula/la-cena/,https://media.pillalas.com/imagenes/726afb526abffa83bd9f9bd0a673888f9a4e8309cfbd282ee88c3ecfb89c16c49bdbf298.jpg,Castellano,No recomendada para menores de 12 años,Viernes 17 Octubre 2025,"Mario Casas, Alberto San Juan, Asier Etxeandia, Nora Hernández, Óscar Lasarte, Martín Páez, Elvira Mínguez, Carlos Serrano, Carmen Balagué, Eva Ugarte, Antonio Resines","15 de abril, 1939. Dos semanas después de acabar la Guerra Civil, Franco propone celebrar la victoria con una cena en el Hotel Palace junto a todos sus generales. Lo que no saben es que la cena la prepararán unos cocineros republicanos que están ante su última oportunidad de huir del país."
LA FIERA,Salvador Calvo,113,08,20:15,2026-02-20,Renoir Princesa,https://www.pillalas.com/pase/1055873/,https://www.cinesrenoir.com/pelicula/la-fiera/,https://media.pillalas.com/imagenes/726afb526abffa8343633e6b05b980b9f611ecb2408114b64c8947a46b46933a151a5185.jpg,Castellano,No recomendada para menores de 12 años,Viernes 6 Febrero 2026,"Carlos Cuevas, Miguel Bernardeau, Miguel Ángel Silvestre, Candela González, Stéphanie Magnin, David Marcé, José Manuel Poga","Carlos, Darío y Armando, aficionados a los deportes extremos, descubren la experiencia más cercana a volar: el salto B.A.S.E. con traje de alas. “La Fiera” es la historia de estos amantes del riesgo: un relato real contado desde sus miedos y anhelos; un viaje duro y fascinante, lleno de vértigo y peligro... que también nos conecta con la camaradería y la amistad.
Un viaje épico alimentado por la lucha contra uno mismo."
LITTLE AMELIE,"Mailys Vallade, Liane-Cho Han Jin Kuang",77,05,16:00,2026-02-20,Renoir Princesa,https://www.pillalas.com/pase/1055740/,https://www.cinesrenoir.com/pelicula/little-amelie/,https://media.pillalas.com/imagenes/726afb526abffa830cf602187f6a0774a2be2cd024be305aa13f298deb2bd3128a88c8e7.jpg,Francés,Pendiente de calificación,Viernes 20 Febrero 2026,Animación,"Amélie es una niña belga nacida en Japón. Gracias a su amiga y niñera Nishio-san, su vida es una sucesión de aventuras y descubrimientos. Pero el día de su tercer cumpleaños, todo cambia."
LITTLE AMELIE,"Mailys Vallade, Liane-Cho Han Jin Kuang",77,02,18:25,2026-02-20,Renoir Princesa,https://www.pillalas.com/pase/1055700/,https://www.cinesrenoir.com/pelicula/little-amelie/,https://media.pillalas.com/imagenes/726afb526abffa830cf602187f6a0774a2be2cd024be305aa13f298deb2bd3128a88c8e7.jpg,Francés,Pendiente de calificación,Viernes 20 Febrero 2026,Animación,"Amélie es una niña belga nacida en Japón. Gracias a su amiga y niñera Nishio-san, su vida es una sucesión de aventuras y descubrimientos. Pero el día de su tercer cumpleaños, todo cambia."
LOS DOMINGOS,Alauda Ruiz De Azúa,115,08,16:00,2026-02-20,Renoir Princesa,https://www.pillalas.com/pase/1055867/,https://www.cinesrenoir.com/pelicula/los-domingos/,https://media.pillalas.com/imagenes/726afb526abffa83eb13c84b6e843cdf406388aa12cc57b934b6e5ab1c8e2d84ce9ad1f4.jpg,Castellano,No recomendada para menores de 12 años,Viernes 24 Octubre 2025,"Patricia López Arnaiz, Blanca Soroa, Miguel Garcés, Juan Minujín, Mabel Rivera, Nagore Aramburu","'Los domingos' cuenta la historia de Ainara (Soroa), una joven idealista y brillante de 17 años que ha de decidir qué carrera universitaria estudiará. O, al menos, eso espera su familia que haga. Sin embargo, la joven manifiesta que se siente cada vez más cerca de Dios y que se plantea abrazar la vida de monja de clausura. La noticia pilla por sorpresa a toda la familia provocando un abismo y una prueba de fuego para todos."
LOS DOMINGOS,Alauda Ruiz De Azúa,115,01,18:00,2026-02-20,Renoir Princesa,https://www.pillalas.com/pase/1055699/,https://www.cinesrenoir.com/pelicula/los-domingos/,https://media.pillalas.com/imagenes/726afb526abffa83eb13c84b6e843cdf406388aa12cc57b934b6e5ab1c8e2d84ce9ad1f4.jpg,Castellano,No recomendada para menores de 12 años,Viernes 24 Octubre 2025,"Patricia López Arnaiz, Blanca Soroa, Miguel Garcés, Juan Minujín, Mabel Rivera, Nagore Aramburu","'Los domingos' cuenta la historia de Ainara (Soroa), una joven idealista y brillante de 17 años que ha de decidir qué carrera universitaria estudiará. O, al menos, eso espera su familia que haga. Sin embargo, la joven manifiesta que se siente cada vez más cerca de Dios y que se plantea abrazar la vida de monja de clausura. La noticia pilla por sorpresa a toda la familia provocando un abismo y una prueba de fuego para todos."
LOS DOMINGOS,Alauda Ruiz De Azúa,115,01,20:15,2026-02-20,Renoir Princesa,https://www.pillalas.com/pase/1055701/,https://www.cinesrenoir.com/pelicula/los-domingos/,https://media.pillalas.com/imagenes/726afb526abffa83eb13c84b6e843cdf406388aa12cc57b934b6e5ab1c8e2d84ce9ad1f4.jpg,Castellano,No recomendada para menores de 12 años,Viernes 24 Octubre 2025,"Patricia López Arnaiz, Blanca Soroa, Miguel Garcés, Juan Minujín, Mabel Rivera, Nagore Aramburu","'Los domingos' cuenta la historia de Ainara (Soroa), una joven idealista y brillante de 17 años que ha de decidir qué carrera universitaria estudiará. O, al menos, eso espera su familia que haga. Sin embargo, la joven manifiesta que se siente cada vez más cerca de Dios y que se plantea abrazar la vida de monja de clausura. La noticia pilla por sorpresa a toda la familia provocando un abismo y una prueba de fuego para todos."
LOS DOMINGOS,Alauda Ruiz De Azúa,115,01,22:30,2026-02-20,Renoir Princesa,https://www.pillalas.com/pase/1055702/,https://www.cinesrenoir.com/pelicula/los-domingos/,https://media.pillalas.com/imagenes/726afb526abffa83eb13c84b6e843cdf406388aa12cc57b934b6e5ab1c8e2d84ce9ad1f4.jpg,Castellano,No recomendada para menores de 12 años,Viernes 24 Octubre 2025,"Patricia López Arnaiz, Blanca Soroa, Miguel Garcés, Juan Minujín, Mabel Rivera, Nagore Aramburu","'Los domingos' cuenta la historia de Ainara (Soroa), una joven idealista y brillante de 17 años que ha de decidir qué carrera universitaria estudiará. O, al menos, eso espera su familia que haga. Sin embargo, la joven manifiesta que se siente cada vez más cerca de Dios y que se plantea abrazar la vida de monja de clausura. La noticia pilla por sorpresa a toda la familia provocando un abismo y una prueba de fuego para todos."
MARTY SUPREME,Josh Safdie,149,10,16:00,2026-02-20,Renoir Princesa,https://www.pillalas.com/pase/1055866/,https://www.cinesrenoir.com/pelicula/marty-supreme/,https://media.pillalas.com/imagenes/726afb526abffa83215ea8a89c8894fb1ac44e6c3b86faba19f84e195b42d541304dcb79.jpg,Inglés,No recomendada para menores de 16 años,Viernes 30 Enero 2026,"Timothee Chalamet, Gwyneth Paltrow, Odessa A Zion, Sandra Bernhard, Fran Drescher, Abel Ferrara, Spenser Granese, Tyler The Creator, Penn Jillette, Kevin O Leary","Marty Mauser (Timothée Chalamet), un joven con una ambición desmesurada, está dispuesto a todo para cumplir su sueño. Con ayuda, entre otros, de la estrella de cine Carol Dunne (Gwyneth Paltrow) demostrará al mundo entero su grandeza."
MARTY SUPREME,Josh Safdie,149,10,18:50,2026-02-20,Renoir Princesa,https://www.pillalas.com/pase/1055871/,https://www.cinesrenoir.com/pelicula/marty-supreme/,https://media.pillalas.com/imagenes/726afb526abffa83215ea8a89c8894fb1ac44e6c3b86faba19f84e195b42d541304dcb79.jpg,Inglés,No recomendada para menores de 16 años,Viernes 30 Enero 2026,"Timothee Chalamet, Gwyneth Paltrow, Odessa A Zion, Sandra Bernhard, Fran Drescher, Abel Ferrara, Spenser Granese, Tyler The Creator, Penn Jillette, Kevin O Leary","Marty Mauser (Timothée Chalamet), un joven con una ambición desmesurada, está dispuesto a todo para cumplir su sueño. Con ayuda, entre otros, de la estrella de cine Carol Dunne (Gwyneth Paltrow) demostrará al mundo entero su grandeza."
MARTY SUPREME,Josh Safdie,149,10,21:35,2026-02-20,Renoir Princesa,https://www.pillalas.com/pase/1055875/,https://www.cinesrenoir.com/pelicula/marty-supreme/,https://media.pillalas.com/imagenes/726afb526abffa83215ea8a89c8894fb1ac44e6c3b86faba19f84e195b42d541304dcb79.jpg,Inglés,No recomendada para menores de 16 años,Viernes 30 Enero 2026,"Timothee Chalamet, Gwyneth Paltrow, Odessa A Zion, Sandra Bernhard, Fran Drescher, Abel Ferrara, Spenser Granese, Tyler The Creator, Penn Jillette, Kevin O Leary","Marty Mauser (Timothée Chalamet), un joven con una ambición desmesurada, está dispuesto a todo para cumplir su sueño. Con ayuda, entre otros, de la estrella de cine Carol Dunne (Gwyneth Paltrow) demostrará al mundo entero su grandeza."
RENTAL FAMILY (FAMILIA DE ALQUILER),Mitsuyo Miyazaki,109,09,16:00,2026-02-20,Renoir Princesa,https://www.pillalas.com/pase/1055865/,https://www.cinesrenoir.com/pelicula/rental-family-familia-de-alquiler/,https://media.pillalas.com/imagenes/726afb526abffa8354fd8d551fddc8b6f2c37df750c002f9f65d59d1707b603c58f3211d.jpg,Inglés Y Japonés,No recomendada para menores de 12 años,Viernes 9 Enero 2026,"Brendan Fraser, Mari Yamamoto, Takehiro Hira, Akira Emoto, Shannon Gorman","Comedia dramática sobre un actor estadounidense (Brendan Fraser) que lucha por encontrar un propósito en la vida en el Tokio actual. Hasta que consigue un trabajo inusual, trabajar para una agencia japonesa de ""familias de alquiler"", interpretando papeles de suplente para desconocidos."
RENTAL FAMILY (FAMILIA DE ALQUILER),Mitsuyo Miyazaki,109,08,18:10,2026-02-20,Renoir Princesa,https://www.pillalas.com/pase/1055870/,https://www.cinesrenoir.com/pelicula/rental-family-familia-de-alquiler/,https://media.pillalas.com/imagenes/726afb526abffa8354fd8d551fddc8b6f2c37df750c002f9f65d59d1707b603c58f3211d.jpg,Inglés Y Japonés,No recomendada para menores de 12 años,Viernes 9 Enero 2026,"Brendan Fraser, Mari Yamamoto, Takehiro Hira, Akira Emoto, Shannon Gorman","Comedia dramática sobre un actor estadounidense (Brendan Fraser) que lucha por encontrar un propósito en la vida en el Tokio actual. Hasta que consigue un trabajo inusual, trabajar para una agencia japonesa de ""familias de alquiler"", interpretando papeles de suplente para desconocidos."
SIN CONEXIÓN,Bradley Cooper Cooper,120,03,16:10,2026-02-20,Renoir Princesa,https://www.pillalas.com/pase/1055742/,https://www.cinesrenoir.com/pelicula/sin-conexion/,https://media.pillalas.com/imagenes/726afb526abffa832172609433a0fdb98ea954f3904a127b5015f2f2335b6b1b2f7219c3.jpg,Inglés,No recomendada para menores de 12 años,Viernes 20 Febrero 2026,"Will Arnett, Laura Dern, Andra Day, Bradley Cooper, Amy Sedaris, Sean Hayes, Christine Ebersole, Ciarán Hinds, Scott Icenogle","Mientras su matrimonio se desmorona silenciosamente, Alex (Will Arnett) se enfrenta a la mediana edad y a un divorcio inminente, buscando un nuevo propósito en el mundo de la comedia neoyorquina, mientras que Tess (Laura Dern) se enfrenta a los sacrificios que ha hecho por su familia, lo que les obliga a lidiar con la crianza compartida, la identidad y si el amor puede adoptar una nueva forma."
SIN CONEXIÓN,Bradley Cooper Cooper,120,03,19:00,2026-02-20,Renoir Princesa,https://www.pillalas.com/pase/1055747/,https://www.cinesrenoir.com/pelicula/sin-conexion/,https://media.pillalas.com/imagenes/726afb526abffa832172609433a0fdb98ea954f3904a127b5015f2f2335b6b1b2f7219c3.jpg,Inglés,No recomendada para menores de 12 años,Viernes 20 Febrero 2026,"Will Arnett, Laura Dern, Andra Day, Bradley Cooper, Amy Sedaris, Sean Hayes, Christine Ebersole, Ciarán Hinds, Scott Icenogle","Mientras su matrimonio se desmorona silenciosamente, Alex (Will Arnett) se enfrenta a la mediana edad y a un divorcio inminente, buscando un nuevo propósito en el mundo de la comedia neoyorquina, mientras que Tess (Laura Dern) se enfrenta a los sacrificios que ha hecho por su familia, lo que les obliga a lidiar con la crianza compartida, la identidad y si el amor puede adoptar una nueva forma."
SIN CONEXIÓN,Bradley Cooper Cooper,120,03,21:30,2026-02-20,Renoir Princesa,https://www.pillalas.com/pase/1055752/,https://www.cinesrenoir.com/pelicula/sin-conexion/,https://media.pillalas.com/imagenes/726afb526abffa832172609433a0fdb98ea954f3904a127b5015f2f2335b6b1b2f7219c3.jpg,Inglés,No recomendada para menores de 12 años,Viernes 20 Febrero 2026,"Will Arnett, Laura Dern, Andra Day, Bradley Cooper, Amy Sedaris, Sean Hayes, Christine Ebersole, Ciarán Hinds, Scott Icenogle","Mientras su matrimonio se desmorona silenciosamente, Alex (Will Arnett) se enfrenta a la mediana edad y a un divorcio inminente, buscando un nuevo propósito en el mundo de la comedia neoyorquina, mientras que Tess (Laura Dern) se enfrenta a los sacrificios que ha hecho por su familia, lo que les obliga a lidiar con la crianza compartida, la identidad y si el amor puede adoptar una nueva forma."
SIRAT,Óliver Laxe,120,02,20:00,2026-02-20,Renoir Princesa,https://www.pillalas.com/pase/1055748/,https://www.cinesrenoir.com/pelicula/sirat/,https://www.cinesrenoir.com/media/Peliculas/Cartel/SIRAT_ONLINE_GOYAOSCARS.jpg,Castellano Y Otros,No recomendada para menores de 16 años,Viernes 6 Junio 2025,"Sergi López, Bruno Núñez, Stefania Gadda, Joshua Liam Herderson, Tonin Javier, Jade Ouki, Richard Bellamyun","Un hombre (López) y su hijo (Nuñez) llegan a una rave perdida en medio de las áridas y fantasmagóricas montañas del sur de Marruecos. Buscan allí a Mar, su hija y hermana, desaparecida hace meses en una de estas fiestas sin amanecer. Reparten una y otra vez su foto rodeados de música electrónica y de un tipo de libertad que desconocen. Empujados por el destino, y con la esperanza de encontrar ahí a Mar, deciden seguir a un grupo de raveros hacia la última fiesta que se celebrará en el desierto."
SIRAT,Óliver Laxe,120,02,22:20,2026-02-20,Renoir Princesa,https://www.pillalas.com/pase/1055755/,https://www.cinesrenoir.com/pelicula/sirat/,https://www.cinesrenoir.com/media/Peliculas/Cartel/SIRAT_ONLINE_GOYAOSCARS.jpg,Castellano Y Otros,No recomendada para menores de 16 años,Viernes 6 Junio 2025,"Sergi López, Bruno Núñez, Stefania Gadda, Joshua Liam Herderson, Tonin Javier, Jade Ouki, Richard Bellamyun","Un hombre (López) y su hijo (Nuñez) llegan a una rave perdida en medio de las áridas y fantasmagóricas montañas del sur de Marruecos. Buscan allí a Mar, su hija y hermana, desaparecida hace meses en una de estas fiestas sin amanecer. Reparten una y otra vez su foto rodeados de música electrónica y de un tipo de libertad que desconocen. Empujados por el destino, y con la esperanza de encontrar ahí a Mar, deciden seguir a un grupo de raveros hacia la última fiesta que se celebrará en el desierto."
TRES ADIOSES,Isabel Coixet,122,07,16:00,2026-02-20,Renoir Princesa,https://www.pillalas.com/pase/1055741/,https://www.cinesrenoir.com/pelicula/tres-adioses/,https://media.pillalas.com/imagenes/726afb526abffa832ea2a44a189894de905fc7e94534a8bf4ef6bf13e5ccdfe90922c22e.jpg,Italiano,No recomendada para menores de 12 años,Viernes 6 Febrero 2026,"Alba Rohrwacher, Elio Germano, Francesco Carril, Silvia D Amico, Galatea Bellugi, Sarita Choudhury","Tras lo que parecía una discusión sin importancia, Marta (Alba Rohrwacher) y Antonio (Elio Germano) se separan. Él, un chef prometedor, se refugia en sus fogones; ella, en su silencio, empieza a notar algo más que tristeza: ha perdido el apetito… y no solo por desamor. Cuando descubre que detrás hay un problema de salud, todo da un giro inesperado: la comida sabe mejor, la música le llega como nunca y el deseo despierta sus ganas de vivir sin miedo.
Una historia sobre el amor, la vida y esos momentos que lo cambian todo para siempre."
TRES ADIOSES,Isabel Coixet,122,07,18:15,2026-02-20,Renoir Princesa,https://www.pillalas.com/pase/1055745/,https://www.cinesrenoir.com/pelicula/tres-adioses/,https://media.pillalas.com/imagenes/726afb526abffa832ea2a44a189894de905fc7e94534a8bf4ef6bf13e5ccdfe90922c22e.jpg,Italiano,No recomendada para menores de 12 años,Viernes 6 Febrero 2026,"Alba Rohrwacher, Elio Germano, Francesco Carril, Silvia D Amico, Galatea Bellugi, Sarita Choudhury","Tras lo que parecía una discusión sin importancia, Marta (Alba Rohrwacher) y Antonio (Elio Germano) se separan. Él, un chef prometedor, se refugia en sus fogones; ella, en su silencio, empieza a notar algo más que tristeza: ha perdido el apetito… y no solo por desamor. Cuando descubre que detrás hay un problema de salud, todo da un giro inesperado: la comida sabe mejor, la música le llega como nunca y el deseo despierta sus ganas de vivir sin miedo.
Una historia sobre el amor, la vida y esos momentos que lo cambian todo para siempre."
TRES ADIOSES,Isabel Coixet,122,07,20:30,2026-02-20,Renoir Princesa,https://www.pillalas.com/pase/1055751/,https://www.cinesrenoir.com/pelicula/tres-adioses/,https://media.pillalas.com/imagenes/726afb526abffa832ea2a44a189894de905fc7e94534a8bf4ef6bf13e5ccdfe90922c22e.jpg,Italiano,No recomendada para menores de 12 años,Viernes 6 Febrero 2026,"Alba Rohrwacher, Elio Germano, Francesco Carril, Silvia D Amico, Galatea Bellugi, Sarita Choudhury","Tras lo que parecía una discusión sin importancia, Marta (Alba Rohrwacher) y Antonio (Elio Germano) se separan. Él, un chef prometedor, se refugia en sus fogones; ella, en su silencio, empieza a notar algo más que tristeza: ha perdido el apetito… y no solo por desamor. Cuando descubre que detrás hay un problema de salud, todo da un giro inesperado: la comida sabe mejor, la música le llega como nunca y el deseo despierta sus ganas de vivir sin miedo.
Una historia sobre el amor, la vida y esos momentos que lo cambian todo para siempre."
TRES ADIOSES,Isabel Coixet,122,08,22:25,2026-02-20,Renoir Princesa,https://www.pillalas.com/pase/1055877/,https://www.cinesrenoir.com/pelicula/tres-adioses/,https://media.pillalas.com/imagenes/726afb526abffa832ea2a44a189894de905fc7e94534a8bf4ef6bf13e5ccdfe90922c22e.jpg,Italiano,No recomendada para menores de 12 años,Viernes 6 Febrero 2026,"Alba Rohrwacher, Elio Germano, Francesco Carril, Silvia D Amico, Galatea Bellugi, Sarita Choudhury","Tras lo que parecía una discusión sin importancia, Marta (Alba Rohrwacher) y Antonio (Elio Germano) se separan. Él, un chef prometedor, se refugia en sus fogones; ella, en su silencio, empieza a notar algo más que tristeza: ha perdido el apetito… y no solo por desamor. Cuando descubre que detrás hay un problema de salud, todo da un giro inesperado: la comida sabe mejor, la música le llega como nunca y el deseo despierta sus ganas de vivir sin miedo.
Una historia sobre el amor, la vida y esos momentos que lo cambian todo para siempre."
AÍDA Y VUELTA,Paco León,90,07,22:45,2026-02-21,Renoir Princesa,https://www.pillalas.com/pase/1055774/,https://www.cinesrenoir.com/pelicula/aida-y-vuelta/,https://media.pillalas.com/imagenes/726afb526abffa8347d3f6e8043971b5b5a22f68100535465137cdcd8a815fa00441c58f.jpg,Castellano,No recomendada para menores de 12 años,Viernes 30 Enero 2026,"Carmen Machi, Paco León, Miren Ibarguren, Mariano Peña, Eduardo Casanova, Pepe Viyuela, Melani Olivares, Canco Rodríguez, Secun De La Rosa, David Castillo, Marisol Ayuso, Pepa Rus, Óscar Reyes, Adrián Gordillo","""Aída y vuelta"", el largometraje, aborda el rodaje de un capítulo de la serie con tramas que transcurren tanto dentro de la ficción con los personajes de ""Aída"", como fuera de ella con los propios actores y sus relaciones, yendo más allá y dando pie a reflexionar sobre temas como los límites del humor, del trabajo del cómico y la fama."
CUMBRES BORRASCOSAS,Emerald Fennell,135,11,16:10,2026-02-21,Renoir Princesa,https://www.pillalas.com/pase/1055881/,https://www.cinesrenoir.com/pelicula/cumbres-borrascosas/,https://media.pillalas.com/imagenes/726afb526abffa83abe8577deb3c0674bd352fd2b0500497b1d5570f2dd570487210fc4e.jpg,Inglés,No recomendada para menores de 16 años,Viernes 13 Febrero 2026,"Margot Robbie, Jacob Elordi, Hong Chau, Alison Oliver, Owen Cooper, Shazad Latif, Martin Clunes, Ewan Mitchell, Amy Morgan, Jessica Knappett, Charlotte Mellington, Vy Nguyen","Adaptada a todo tipo de formatos en multitud de ocasiones, se trata de una trágica historia de pasiones encontradas en la Inglaterra rural más conservadora. Una historia de venganza y odio, de pasiones desatadas y amores desesperados que van más allá de la muerte ambientada en los brumosos y sombríos páramos de Yorkshire, al norte de Inglaterra."
CUMBRES BORRASCOSAS,Emerald Fennell,135,09,18:00,2026-02-21,Renoir Princesa,https://www.pillalas.com/pase/1055882/,https://www.cinesrenoir.com/pelicula/cumbres-borrascosas/,https://media.pillalas.com/imagenes/726afb526abffa83abe8577deb3c0674bd352fd2b0500497b1d5570f2dd570487210fc4e.jpg,Inglés,No recomendada para menores de 16 años,Viernes 13 Febrero 2026,"Margot Robbie, Jacob Elordi, Hong Chau, Alison Oliver, Owen Cooper, Shazad Latif, Martin Clunes, Ewan Mitchell, Amy Morgan, Jessica Knappett, Charlotte Mellington, Vy Nguyen","Adaptada a todo tipo de formatos en multitud de ocasiones, se trata de una trágica historia de pasiones encontradas en la Inglaterra rural más conservadora. Una historia de venganza y odio, de pasiones desatadas y amores desesperados que van más allá de la muerte ambientada en los brumosos y sombríos páramos de Yorkshire, al norte de Inglaterra."
CUMBRES BORRASCOSAS,Emerald Fennell,135,11,19:00,2026-02-21,Renoir Princesa,https://www.pillalas.com/pase/1055885/,https://www.cinesrenoir.com/pelicula/cumbres-borrascosas/,https://media.pillalas.com/imagenes/726afb526abffa83abe8577deb3c0674bd352fd2b0500497b1d5570f2dd570487210fc4e.jpg,Inglés,No recomendada para menores de 16 años,Viernes 13 Febrero 2026,"Margot Robbie, Jacob Elordi, Hong Chau, Alison Oliver, Owen Cooper, Shazad Latif, Martin Clunes, Ewan Mitchell, Amy Morgan, Jessica Knappett, Charlotte Mellington, Vy Nguyen","Adaptada a todo tipo de formatos en multitud de ocasiones, se trata de una trágica historia de pasiones encontradas en la Inglaterra rural más conservadora. Una historia de venganza y odio, de pasiones desatadas y amores desesperados que van más allá de la muerte ambientada en los brumosos y sombríos páramos de Yorkshire, al norte de Inglaterra."
CUMBRES BORRASCOSAS,Emerald Fennell,135,09,20:30,2026-02-21,Renoir Princesa,https://www.pillalas.com/pase/1055887/,https://www.cinesrenoir.com/pelicula/cumbres-borrascosas/,https://media.pillalas.com/imagenes/726afb526abffa83abe8577deb3c0674bd352fd2b0500497b1d5570f2dd570487210fc4e.jpg,Inglés,No recomendada para menores de 16 años,Viernes 13 Febrero 2026,"Margot Robbie, Jacob Elordi, Hong Chau, Alison Oliver, Owen Cooper, Shazad Latif, Martin Clunes, Ewan Mitchell, Amy Morgan, Jessica Knappett, Charlotte Mellington, Vy Nguyen","Adaptada a todo tipo de formatos en multitud de ocasiones, se trata de una trágica historia de pasiones encontradas en la Inglaterra rural más conservadora. Una historia de venganza y odio, de pasiones desatadas y amores desesperados que van más allá de la muerte ambientada en los brumosos y sombríos páramos de Yorkshire, al norte de Inglaterra."
CUMBRES BORRASCOSAS,Emerald Fennell,135,11,21:45,2026-02-21,Renoir Princesa,https://www.pillalas.com/pase/1055889/,https://www.cinesrenoir.com/pelicula/cumbres-borrascosas/,https://media.pillalas.com/imagenes/726afb526abffa83abe8577deb3c0674bd352fd2b0500497b1d5570f2dd570487210fc4e.jpg,Inglés,No recomendada para menores de 16 años,Viernes 13 Febrero 2026,"Margot Robbie, Jacob Elordi, Hong Chau, Alison Oliver, Owen Cooper, Shazad Latif, Martin Clunes, Ewan Mitchell, Amy Morgan, Jessica Knappett, Charlotte Mellington, Vy Nguyen","Adaptada a todo tipo de formatos en multitud de ocasiones, se trata de una trágica historia de pasiones encontradas en la Inglaterra rural más conservadora. Una historia de venganza y odio, de pasiones desatadas y amores desesperados que van más allá de la muerte ambientada en los brumosos y sombríos páramos de Yorkshire, al norte de Inglaterra."
EL AGENTE SECRETO,Kleber Mendonça Filho,160,04,16:00,2026-02-21,Renoir Princesa,https://www.pillalas.com/pase/1055758/,https://www.cinesrenoir.com/pelicula/el-agente-secreto/,https://media.pillalas.com/imagenes/726afb526abffa83bdba0b90e98cf11293bcd8b9c8be1af817aa6c045cd8f479730f7511.jpg,Portugués,No recomendada para menores de 16 años,Viernes 20 Febrero 2026,"Wagner Moura, Gabriel Leone, Udo Kier, Maria Fernanda Cândido","1977. En un Brasil atormentado por la dictadura militar, Marcelo, un cuarentón que huye de un pasado turbulento, llega a la ciudad de Recife, donde espera construir una nueva vida y reencontrarse con su hijo. Todo se complica cuando descubre que las fuerzas gubernamentales le persiguen y las amenazas de muerte se ciernen sobre su cabeza."
EL AGENTE SECRETO,Kleber Mendonça Filho,160,06,17:15,2026-02-21,Renoir Princesa,https://www.pillalas.com/pase/1055761/,https://www.cinesrenoir.com/pelicula/el-agente-secreto/,https://media.pillalas.com/imagenes/726afb526abffa83bdba0b90e98cf11293bcd8b9c8be1af817aa6c045cd8f479730f7511.jpg,Portugués,No recomendada para menores de 16 años,Viernes 20 Febrero 2026,"Wagner Moura, Gabriel Leone, Udo Kier, Maria Fernanda Cândido","1977. En un Brasil atormentado por la dictadura militar, Marcelo, un cuarentón que huye de un pasado turbulento, llega a la ciudad de Recife, donde espera construir una nueva vida y reencontrarse con su hijo. Todo se complica cuando descubre que las fuerzas gubernamentales le persiguen y las amenazas de muerte se ciernen sobre su cabeza."
EL AGENTE SECRETO,Kleber Mendonça Filho,160,04,18:55,2026-02-21,Renoir Princesa,https://www.pillalas.com/pase/1055764/,https://www.cinesrenoir.com/pelicula/el-agente-secreto/,https://media.pillalas.com/imagenes/726afb526abffa83bdba0b90e98cf11293bcd8b9c8be1af817aa6c045cd8f479730f7511.jpg,Portugués,No recomendada para menores de 16 años,Viernes 20 Febrero 2026,"Wagner Moura, Gabriel Leone, Udo Kier, Maria Fernanda Cândido","1977. En un Brasil atormentado por la dictadura militar, Marcelo, un cuarentón que huye de un pasado turbulento, llega a la ciudad de Recife, donde espera construir una nueva vida y reencontrarse con su hijo. Todo se complica cuando descubre que las fuerzas gubernamentales le persiguen y las amenazas de muerte se ciernen sobre su cabeza."
EL AGENTE SECRETO,Kleber Mendonça Filho,160,06,20:15,2026-02-21,Renoir Princesa,https://www.pillalas.com/pase/1055768/,https://www.cinesrenoir.com/pelicula/el-agente-secreto/,https://media.pillalas.com/imagenes/726afb526abffa83bdba0b90e98cf11293bcd8b9c8be1af817aa6c045cd8f479730f7511.jpg,Portugués,No recomendada para menores de 16 años,Viernes 20 Febrero 2026,"Wagner Moura, Gabriel Leone, Udo Kier, Maria Fernanda Cândido","1977. En un Brasil atormentado por la dictadura militar, Marcelo, un cuarentón que huye de un pasado turbulento, llega a la ciudad de Recife, donde espera construir una nueva vida y reencontrarse con su hijo. Todo se complica cuando descubre que las fuerzas gubernamentales le persiguen y las amenazas de muerte se ciernen sobre su cabeza."
EL AGENTE SECRETO,Kleber Mendonça Filho,160,04,21:50,2026-02-21,Renoir Princesa,https://www.pillalas.com/pase/1055771/,https://www.cinesrenoir.com/pelicula/el-agente-secreto/,https://media.pillalas.com/imagenes/726afb526abffa83bdba0b90e98cf11293bcd8b9c8be1af817aa6c045cd8f479730f7511.jpg,Portugués,No recomendada para menores de 16 años,Viernes 20 Febrero 2026,"Wagner Moura, Gabriel Leone, Udo Kier, Maria Fernanda Cândido","1977. En un Brasil atormentado por la dictadura militar, Marcelo, un cuarentón que huye de un pasado turbulento, llega a la ciudad de Recife, donde espera construir una nueva vida y reencontrarse con su hijo. Todo se complica cuando descubre que las fuerzas gubernamentales le persiguen y las amenazas de muerte se ciernen sobre su cabeza."
HAMNET,Chloé Zhao,125,02,16:00,2026-02-21,Renoir Princesa,https://www.pillalas.com/pase/1055704/,https://www.cinesrenoir.com/pelicula/hamnet/,https://www.cinesrenoir.com/media/Peliculas/Cartel/HAMNET_Cartel_Digital_8Nominaciones_Oscar_YaEnCines_v2_2.jpg,Inglés,No recomendada para menores de 12 años,Viernes 23 Enero 2026,"Jessie Buckley, Paul Mescal, Joe Alwyn, Emily Watson","Año 1596, Stratford-upon-Avon, Inglaterra. La vida de Agnes transcurre plácidamente junto a su marido y sus tres hijos. Ella cultiva plantas medicinales mientras William trabaja en Londres. El destino, sin embargo, les reservará un duro golpe cuando su hijo Hamnet, de once años, muera repentinamente tras contraer la peste. A raíz de esta tragedia, su padre creará uno de los grandes personajes de la literatura universal, de nombre casi idéntico al de su hijo.


Pero esta película no habla de famosos sucesos sino de algo íntimo y olvidado: La vida de esta familia, y especialmente la de la mujer que la sostenía y que tuvo que cargar con una insoportable pérdida."
HAMNET,Chloé Zhao,125,05,17:40,2026-02-21,Renoir Princesa,https://www.pillalas.com/pase/1055762/,https://www.cinesrenoir.com/pelicula/hamnet/,https://www.cinesrenoir.com/media/Peliculas/Cartel/HAMNET_Cartel_Digital_8Nominaciones_Oscar_YaEnCines_v2_2.jpg,Inglés,No recomendada para menores de 12 años,Viernes 23 Enero 2026,"Jessie Buckley, Paul Mescal, Joe Alwyn, Emily Watson","Año 1596, Stratford-upon-Avon, Inglaterra. La vida de Agnes transcurre plácidamente junto a su marido y sus tres hijos. Ella cultiva plantas medicinales mientras William trabaja en Londres. El destino, sin embargo, les reservará un duro golpe cuando su hijo Hamnet, de once años, muera repentinamente tras contraer la peste. A raíz de esta tragedia, su padre creará uno de los grandes personajes de la literatura universal, de nombre casi idéntico al de su hijo.


Pero esta película no habla de famosos sucesos sino de algo íntimo y olvidado: La vida de esta familia, y especialmente la de la mujer que la sostenía y que tuvo que cargar con una insoportable pérdida."
HAMNET,Chloé Zhao,125,05,20:00,2026-02-21,Renoir Princesa,https://www.pillalas.com/pase/1055766/,https://www.cinesrenoir.com/pelicula/hamnet/,https://www.cinesrenoir.com/media/Peliculas/Cartel/HAMNET_Cartel_Digital_8Nominaciones_Oscar_YaEnCines_v2_2.jpg,Inglés,No recomendada para menores de 12 años,Viernes 23 Enero 2026,"Jessie Buckley, Paul Mescal, Joe Alwyn, Emily Watson","Año 1596, Stratford-upon-Avon, Inglaterra. La vida de Agnes transcurre plácidamente junto a su marido y sus tres hijos. Ella cultiva plantas medicinales mientras William trabaja en Londres. El destino, sin embargo, les reservará un duro golpe cuando su hijo Hamnet, de once años, muera repentinamente tras contraer la peste. A raíz de esta tragedia, su padre creará uno de los grandes personajes de la literatura universal, de nombre casi idéntico al de su hijo.


Pero esta película no habla de famosos sucesos sino de algo íntimo y olvidado: La vida de esta familia, y especialmente la de la mujer que la sostenía y que tuvo que cargar con una insoportable pérdida."
HAMNET,Chloé Zhao,125,05,22:20,2026-02-21,Renoir Princesa,https://www.pillalas.com/pase/1055773/,https://www.cinesrenoir.com/pelicula/hamnet/,https://www.cinesrenoir.com/media/Peliculas/Cartel/HAMNET_Cartel_Digital_8Nominaciones_Oscar_YaEnCines_v2_2.jpg,Inglés,No recomendada para menores de 12 años,Viernes 23 Enero 2026,"Jessie Buckley, Paul Mescal, Joe Alwyn, Emily Watson","Año 1596, Stratford-upon-Avon, Inglaterra. La vida de Agnes transcurre plácidamente junto a su marido y sus tres hijos. Ella cultiva plantas medicinales mientras William trabaja en Londres. El destino, sin embargo, les reservará un duro golpe cuando su hijo Hamnet, de once años, muera repentinamente tras contraer la peste. A raíz de esta tragedia, su padre creará uno de los grandes personajes de la literatura universal, de nombre casi idéntico al de su hijo.


Pero esta película no habla de famosos sucesos sino de algo íntimo y olvidado: La vida de esta familia, y especialmente la de la mujer que la sostenía y que tuvo que cargar con una insoportable pérdida."
LA CENA,Manolo Gómez Pereira,106,01,16:00,2026-02-21,Renoir Princesa,https://www.pillalas.com/pase/1055703/,https://www.cinesrenoir.com/pelicula/la-cena/,https://media.pillalas.com/imagenes/726afb526abffa83bd9f9bd0a673888f9a4e8309cfbd282ee88c3ecfb89c16c49bdbf298.jpg,Castellano,No recomendada para menores de 12 años,Viernes 17 Octubre 2025,"Mario Casas, Alberto San Juan, Asier Etxeandia, Nora Hernández, Óscar Lasarte, Martín Páez, Elvira Mínguez, Carlos Serrano, Carmen Balagué, Eva Ugarte, Antonio Resines","15 de abril, 1939. Dos semanas después de acabar la Guerra Civil, Franco propone celebrar la victoria con una cena en el Hotel Palace junto a todos sus generales. Lo que no saben es que la cena la prepararán unos cocineros republicanos que están ante su última oportunidad de huir del país."
LA FIERA,Salvador Calvo,113,08,20:15,2026-02-21,Renoir Princesa,https://www.pillalas.com/pase/1055886/,https://www.cinesrenoir.com/pelicula/la-fiera/,https://media.pillalas.com/imagenes/726afb526abffa8343633e6b05b980b9f611ecb2408114b64c8947a46b46933a151a5185.jpg,Castellano,No recomendada para menores de 12 años,Viernes 6 Febrero 2026,"Carlos Cuevas, Miguel Bernardeau, Miguel Ángel Silvestre, Candela González, Stéphanie Magnin, David Marcé, José Manuel Poga","Carlos, Darío y Armando, aficionados a los deportes extremos, descubren la experiencia más cercana a volar: el salto B.A.S.E. con traje de alas. “La Fiera” es la historia de estos amantes del riesgo: un relato real contado desde sus miedos y anhelos; un viaje duro y fascinante, lleno de vértigo y peligro... que también nos conecta con la camaradería y la amistad.
Un viaje épico alimentado por la lucha contra uno mismo."
LITTLE AMELIE,"Mailys Vallade, Liane-Cho Han Jin Kuang",77,05,16:00,2026-02-21,Renoir Princesa,https://www.pillalas.com/pase/1055759/,https://www.cinesrenoir.com/pelicula/little-amelie/,https://media.pillalas.com/imagenes/726afb526abffa830cf602187f6a0774a2be2cd024be305aa13f298deb2bd3128a88c8e7.jpg,Francés,Pendiente de calificación,Viernes 20 Febrero 2026,Animación,"Amélie es una niña belga nacida en Japón. Gracias a su amiga y niñera Nishio-san, su vida es una sucesión de aventuras y descubrimientos. Pero el día de su tercer cumpleaños, todo cambia."
LITTLE AMELIE,"Mailys Vallade, Liane-Cho Han Jin Kuang",77,02,18:25,2026-02-21,Renoir Princesa,https://www.pillalas.com/pase/1055706/,https://www.cinesrenoir.com/pelicula/little-amelie/,https://media.pillalas.com/imagenes/726afb526abffa830cf602187f6a0774a2be2cd024be305aa13f298deb2bd3128a88c8e7.jpg,Francés,Pendiente de calificación,Viernes 20 Febrero 2026,Animación,"Amélie es una niña belga nacida en Japón. Gracias a su amiga y niñera Nishio-san, su vida es una sucesión de aventuras y descubrimientos. Pero el día de su tercer cumpleaños, todo cambia."
LOS DOMINGOS,Alauda Ruiz De Azúa,115,08,16:00,2026-02-21,Renoir Princesa,https://www.pillalas.com/pase/1055879/,https://www.cinesrenoir.com/pelicula/los-domingos/,https://media.pillalas.com/imagenes/726afb526abffa83eb13c84b6e843cdf406388aa12cc57b934b6e5ab1c8e2d84ce9ad1f4.jpg,Castellano,No recomendada para menores de 12 años,Viernes 24 Octubre 2025,"Patricia López Arnaiz, Blanca Soroa, Miguel Garcés, Juan Minujín, Mabel Rivera, Nagore Aramburu","'Los domingos' cuenta la historia de Ainara (Soroa), una joven idealista y brillante de 17 años que ha de decidir qué carrera universitaria estudiará. O, al menos, eso espera su familia que haga. Sin embargo, la joven manifiesta que se siente cada vez más cerca de Dios y que se plantea abrazar la vida de monja de clausura. La noticia pilla por sorpresa a toda la familia provocando un abismo y una prueba de fuego para todos."
LOS DOMINGOS,Alauda Ruiz De Azúa,115,01,18:00,2026-02-21,Renoir Princesa,https://www.pillalas.com/pase/1055705/,https://www.cinesrenoir.com/pelicula/los-domingos/,https://media.pillalas.com/imagenes/726afb526abffa83eb13c84b6e843cdf406388aa12cc57b934b6e5ab1c8e2d84ce9ad1f4.jpg,Castellano,No recomendada para menores de 12 años,Viernes 24 Octubre 2025,"Patricia López Arnaiz, Blanca Soroa, Miguel Garcés, Juan Minujín, Mabel Rivera, Nagore Aramburu","'Los domingos' cuenta la historia de Ainara (Soroa), una joven idealista y brillante de 17 años que ha de decidir qué carrera universitaria estudiará. O, al menos, eso espera su familia que haga. Sin embargo, la joven manifiesta que se siente cada vez más cerca de Dios y que se plantea abrazar la vida de monja de clausura. La noticia pilla por sorpresa a toda la familia provocando un abismo y una prueba de fuego para todos."
LOS DOMINGOS,Alauda Ruiz De Azúa,115,01,20:15,2026-02-21,Renoir Princesa,https://www.pillalas.com/pase/1055707/,https://www.cinesrenoir.com/pelicula/los-domingos/,https://media.pillalas.com/imagenes/726afb526abffa83eb13c84b6e843cdf406388aa12cc57b934b6e5ab1c8e2d84ce9ad1f4.jpg,Castellano,No recomendada para menores de 12 años,Viernes 24 Octubre 2025,"Patricia López Arnaiz, Blanca Soroa, Miguel Garcés, Juan Minujín, Mabel Rivera, Nagore Aramburu","'Los domingos' cuenta la historia de Ainara (Soroa), una joven idealista y brillante de 17 años que ha de decidir qué carrera universitaria estudiará. O, al menos, eso espera su familia que haga. Sin embargo, la joven manifiesta que se siente cada vez más cerca de Dios y que se plantea abrazar la vida de monja de clausura. La noticia pilla por sorpresa a toda la familia provocando un abismo y una prueba de fuego para todos."
LOS DOMINGOS,Alauda Ruiz De Azúa,115,01,22:30,2026-02-21,Renoir Princesa,https://www.pillalas.com/pase/1055708/,https://www.cinesrenoir.com/pelicula/los-domingos/,https://media.pillalas.com/imagenes/726afb526abffa83eb13c84b6e843cdf406388aa12cc57b934b6e5ab1c8e2d84ce9ad1f4.jpg,Castellano,No recomendada para menores de 12 años,Viernes 24 Octubre 2025,"Patricia López Arnaiz, Blanca Soroa, Miguel Garcés, Juan Minujín, Mabel Rivera, Nagore Aramburu","'Los domingos' cuenta la historia de Ainara (Soroa), una joven idealista y brillante de 17 años que ha de decidir qué carrera universitaria estudiará. O, al menos, eso espera su familia que haga. Sin embargo, la joven manifiesta que se siente cada vez más cerca de Dios y que se plantea abrazar la vida de monja de clausura. La noticia pilla por sorpresa a toda la familia provocando un abismo y una prueba de fuego para todos."
MARTY SUPREME,Josh Safdie,149,10,16:00,2026-02-21,Renoir Princesa,https://www.pillalas.com/pase/1055880/,https://www.cinesrenoir.com/pelicula/marty-supreme/,https://media.pillalas.com/imagenes/726afb526abffa83215ea8a89c8894fb1ac44e6c3b86faba19f84e195b42d541304dcb79.jpg,Inglés,No recomendada para menores de 16 años,Viernes 30 Enero 2026,"Timothee Chalamet, Gwyneth Paltrow, Odessa A Zion, Sandra Bernhard, Fran Drescher, Abel Ferrara, Spenser Granese, Tyler The Creator, Penn Jillette, Kevin O Leary","Marty Mauser (Timothée Chalamet), un joven con una ambición desmesurada, está dispuesto a todo para cumplir su sueño. Con ayuda, entre otros, de la estrella de cine Carol Dunne (Gwyneth Paltrow) demostrará al mundo entero su grandeza."
MARTY SUPREME,Josh Safdie,149,10,18:50,2026-02-21,Renoir Princesa,https://www.pillalas.com/pase/1055884/,https://www.cinesrenoir.com/pelicula/marty-supreme/,https://media.pillalas.com/imagenes/726afb526abffa83215ea8a89c8894fb1ac44e6c3b86faba19f84e195b42d541304dcb79.jpg,Inglés,No recomendada para menores de 16 años,Viernes 30 Enero 2026,"Timothee Chalamet, Gwyneth Paltrow, Odessa A Zion, Sandra Bernhard, Fran Drescher, Abel Ferrara, Spenser Granese, Tyler The Creator, Penn Jillette, Kevin O Leary","Marty Mauser (Timothée Chalamet), un joven con una ambición desmesurada, está dispuesto a todo para cumplir su sueño. Con ayuda, entre otros, de la estrella de cine Carol Dunne (Gwyneth Paltrow) demostrará al mundo entero su grandeza."
MARTY SUPREME,Josh Safdie,149,10,21:35,2026-02-21,Renoir Princesa,https://www.pillalas.com/pase/1055888/,https://www.cinesrenoir.com/pelicula/marty-supreme/,https://media.pillalas.com/imagenes/726afb526abffa83215ea8a89c8894fb1ac44e6c3b86faba19f84e195b42d541304dcb79.jpg,Inglés,No recomendada para menores de 16 años,Viernes 30 Enero 2026,"Timothee Chalamet, Gwyneth Paltrow, Odessa A Zion, Sandra Bernhard, Fran Drescher, Abel Ferrara, Spenser Granese, Tyler The Creator, Penn Jillette, Kevin O Leary","Marty Mauser (Timothée Chalamet), un joven con una ambición desmesurada, está dispuesto a todo para cumplir su sueño. Con ayuda, entre otros, de la estrella de cine Carol Dunne (Gwyneth Paltrow) demostrará al mundo entero su grandeza."
RENTAL FAMILY (FAMILIA DE ALQUILER),Mitsuyo Miyazaki,109,09,16:00,2026-02-21,Renoir Princesa,https://www.pillalas.com/pase/1055878/,https://www.cinesrenoir.com/pelicula/rental-family-familia-de-alquiler/,https://media.pillalas.com/imagenes/726afb526abffa8354fd8d551fddc8b6f2c37df750c002f9f65d59d1707b603c58f3211d.jpg,Inglés Y Japonés,No recomendada para menores de 12 años,Viernes 9 Enero 2026,"Brendan Fraser, Mari Yamamoto, Takehiro Hira, Akira Emoto, Shannon Gorman","Comedia dramática sobre un actor estadounidense (Brendan Fraser) que lucha por encontrar un propósito en la vida en el Tokio actual. Hasta que consigue un trabajo inusual, trabajar para una agencia japonesa de ""familias de alquiler"", interpretando papeles de suplente para desconocidos."
RENTAL FAMILY (FAMILIA DE ALQUILER),Mitsuyo Miyazaki,109,08,18:10,2026-02-21,Renoir Princesa,https://www.pillalas.com/pase/1055883/,https://www.cinesrenoir.com/pelicula/rental-family-familia-de-alquiler/,https://media.pillalas.com/imagenes/726afb526abffa8354fd8d551fddc8b6f2c37df750c002f9f65d59d1707b603c58f3211d.jpg,Inglés Y Japonés,No recomendada para menores de 12 años,Viernes 9 Enero 2026,"Brendan Fraser, Mari Yamamoto, Takehiro Hira, Akira Emoto, Shannon Gorman","Comedia dramática sobre un actor estadounidense (Brendan Fraser) que lucha por encontrar un propósito en la vida en el Tokio actual. Hasta que consigue un trabajo inusual, trabajar para una agencia japonesa de ""familias de alquiler"", interpretando papeles de suplente para desconocidos."
SIN CONEXIÓN,Bradley Cooper Cooper,120,03,16:10,2026-02-21,Renoir Princesa,https://www.pillalas.com/pase/1055760/,https://www.cinesrenoir.com/pelicula/sin-conexion/,https://media.pillalas.com/imagenes/726afb526abffa832172609433a0fdb98ea954f3904a127b5015f2f2335b6b1b2f7219c3.jpg,Inglés,No recomendada para menores de 12 años,Viernes 20 Febrero 2026,"Will Arnett, Laura Dern, Andra Day, Bradley Cooper, Amy Sedaris, Sean Hayes, Christine Ebersole, Ciarán Hinds, Scott Icenogle","Mientras su matrimonio se desmorona silenciosamente, Alex (Will Arnett) se enfrenta a la mediana edad y a un divorcio inminente, buscando un nuevo propósito en el mundo de la comedia neoyorquina, mientras que Tess (Laura Dern) se enfrenta a los sacrificios que ha hecho por su familia, lo que les obliga a lidiar con la crianza compartida, la identidad y si el amor puede adoptar una nueva forma."
SIN CONEXIÓN,Bradley Cooper Cooper,120,03,19:00,2026-02-21,Renoir Princesa,https://www.pillalas.com/pase/1055765/,https://www.cinesrenoir.com/pelicula/sin-conexion/,https://media.pillalas.com/imagenes/726afb526abffa832172609433a0fdb98ea954f3904a127b5015f2f2335b6b1b2f7219c3.jpg,Inglés,No recomendada para menores de 12 años,Viernes 20 Febrero 2026,"Will Arnett, Laura Dern, Andra Day, Bradley Cooper, Amy Sedaris, Sean Hayes, Christine Ebersole, Ciarán Hinds, Scott Icenogle","Mientras su matrimonio se desmorona silenciosamente, Alex (Will Arnett) se enfrenta a la mediana edad y a un divorcio inminente, buscando un nuevo propósito en el mundo de la comedia neoyorquina, mientras que Tess (Laura Dern) se enfrenta a los sacrificios que ha hecho por su familia, lo que les obliga a lidiar con la crianza compartida, la identidad y si el amor puede adoptar una nueva forma."
SIN CONEXIÓN,Bradley Cooper Cooper,120,03,21:30,2026-02-21,Renoir Princesa,https://www.pillalas.com/pase/1055770/,https://www.cinesrenoir.com/pelicula/sin-conexion/,https://media.pillalas.com/imagenes/726afb526abffa832172609433a0fdb98ea954f3904a127b5015f2f2335b6b1b2f7219c3.jpg,Inglés,No recomendada para menores de 12 años,Viernes 20 Febrero 2026,"Will Arnett, Laura Dern, Andra Day, Bradley Cooper, Amy Sedaris, Sean Hayes, Christine Ebersole, Ciarán Hinds, Scott Icenogle","Mientras su matrimonio se desmorona silenciosamente, Alex (Will Arnett) se enfrenta a la mediana edad y a un divorcio inminente, buscando un nuevo propósito en el mundo de la comedia neoyorquina, mientras que Tess (Laura Dern) se enfrenta a los sacrificios que ha hecho por su familia, lo que les obliga a lidiar con la crianza compartida, la identidad y si el amor puede adoptar una nueva forma."
SIRAT,Óliver Laxe,120,02,20:00,2026-02-21,Renoir Princesa,https://www.pillalas.com/pase/1055767/,https://www.cinesrenoir.com/pelicula/sirat/,https://www.cinesrenoir.com/media/Peliculas/Cartel/SIRAT_ONLINE_GOYAOSCARS.jpg,Castellano Y Otros,No recomendada para menores de 16 años,Viernes 6 Junio 2025,"Sergi López, Bruno Núñez, Stefania Gadda, Joshua Liam Herderson, Tonin Javier, Jade Ouki, Richard Bellamyun","Un hombre (López) y su hijo (Nuñez) llegan a una rave perdida en medio de las áridas y fantasmagóricas montañas del sur de Marruecos. Buscan allí a Mar, su hija y hermana, desaparecida hace meses en una de estas fiestas sin amanecer. Reparten una y otra vez su foto rodeados de música electrónica y de un tipo de libertad que desconocen. Empujados por el destino, y con la esperanza de encontrar ahí a Mar, deciden seguir a un grupo de raveros hacia la última fiesta que se celebrará en el desierto."
SIRAT,Óliver Laxe,120,02,22:20,2026-02-21,Renoir Princesa,https://www.pillalas.com/pase/1055772/,https://www.cinesrenoir.com/pelicula/sirat/,https://www.cinesrenoir.com/media/Peliculas/Cartel/SIRAT_ONLINE_GOYAOSCARS.jpg,Castellano Y Otros,No recomendada para menores de 16 años,Viernes 6 Junio 2025,"Sergi López, Bruno Núñez, Stefania Gadda, Joshua Liam Herderson, Tonin Javier, Jade Ouki, Richard Bellamyun","Un hombre (López) y su hijo (Nuñez) llegan a una rave perdida en medio de las áridas y fantasmagóricas montañas del sur de Marruecos. Buscan allí a Mar, su hija y hermana, desaparecida hace meses en una de estas fiestas sin amanecer. Reparten una y otra vez su foto rodeados de música electrónica y de un tipo de libertad que desconocen. Empujados por el destino, y con la esperanza de encontrar ahí a Mar, deciden seguir a un grupo de raveros hacia la última fiesta que se celebrará en el desierto."
TRES ADIOSES,Isabel Coixet,122,07,16:00,2026-02-21,Renoir Princesa,https://www.pillalas.com/pase/1055757/,https://www.cinesrenoir.com/pelicula/tres-adioses/,https://media.pillalas.com/imagenes/726afb526abffa832ea2a44a189894de905fc7e94534a8bf4ef6bf13e5ccdfe90922c22e.jpg,Italiano,No recomendada para menores de 12 años,Viernes 6 Febrero 2026,"Alba Rohrwacher, Elio Germano, Francesco Carril, Silvia D Amico, Galatea Bellugi, Sarita Choudhury","Tras lo que parecía una discusión sin importancia, Marta (Alba Rohrwacher) y Antonio (Elio Germano) se separan. Él, un chef prometedor, se refugia en sus fogones; ella, en su silencio, empieza a notar algo más que tristeza: ha perdido el apetito… y no solo por desamor. Cuando descubre que detrás hay un problema de salud, todo da un giro inesperado: la comida sabe mejor, la música le llega como nunca y el deseo despierta sus ganas de vivir sin miedo.
Una historia sobre el amor, la vida y esos momentos que lo cambian todo para siempre."
TRES ADIOSES,Isabel Coixet,122,07,18:15,2026-02-21,Renoir Princesa,https://www.pillalas.com/pase/1055763/,https://www.cinesrenoir.com/pelicula/tres-adioses/,https://media.pillalas.com/imagenes/726afb526abffa832ea2a44a189894de905fc7e94534a8bf4ef6bf13e5ccdfe90922c22e.jpg,Italiano,No recomendada para menores de 12 años,Viernes 6 Febrero 2026,"Alba Rohrwacher, Elio Germano, Francesco Carril, Silvia D Amico, Galatea Bellugi, Sarita Choudhury","Tras lo que parecía una discusión sin importancia, Marta (Alba Rohrwacher) y Antonio (Elio Germano) se separan. Él, un chef prometedor, se refugia en sus fogones; ella, en su silencio, empieza a notar algo más que tristeza: ha perdido el apetito… y no solo por desamor. Cuando descubre que detrás hay un problema de salud, todo da un giro inesperado: la comida sabe mejor, la música le llega como nunca y el deseo despierta sus ganas de vivir sin miedo.
Una historia sobre el amor, la vida y esos momentos que lo cambian todo para siempre."
TRES ADIOSES,Isabel Coixet,122,07,20:30,2026-02-21,Renoir Princesa,https://www.pillalas.com/pase/1055769/,https://www.cinesrenoir.com/pelicula/tres-adioses/,https://media.pillalas.com/imagenes/726afb526abffa832ea2a44a189894de905fc7e94534a8bf4ef6bf13e5ccdfe90922c22e.jpg,Italiano,No recomendada para menores de 12 años,Viernes 6 Febrero 2026,"Alba Rohrwacher, Elio Germano, Francesco Carril, Silvia D Amico, Galatea Bellugi, Sarita Choudhury","Tras lo que parecía una discusión sin importancia, Marta (Alba Rohrwacher) y Antonio (Elio Germano) se separan. Él, un chef prometedor, se refugia en sus fogones; ella, en su silencio, empieza a notar algo más que tristeza: ha perdido el apetito… y no solo por desamor. Cuando descubre que detrás hay un problema de salud, todo da un giro inesperado: la comida sabe mejor, la música le llega como nunca y el deseo despierta sus ganas de vivir sin miedo.
Una historia sobre el amor, la vida y esos momentos que lo cambian todo para siempre."
TRES ADIOSES,Isabel Coixet,122,08,22:25,2026-02-21,Renoir Princesa,https://www.pillalas.com/pase/1055890/,https://www.cinesrenoir.com/pelicula/tres-adioses/,https://media.pillalas.com/imagenes/726afb526abffa832ea2a44a189894de905fc7e94534a8bf4ef6bf13e5ccdfe90922c22e.jpg,Italiano,No recomendada para menores de 12 años,Viernes 6 Febrero 2026,"Alba Rohrwacher, Elio Germano, Francesco Carril, Silvia D Amico, Galatea Bellugi, Sarita Choudhury","Tras lo que parecía una discusión sin importancia, Marta (Alba Rohrwacher) y Antonio (Elio Germano) se separan. Él, un chef prometedor, se refugia en sus fogones; ella, en su silencio, empieza a notar algo más que tristeza: ha perdido el apetito… y no solo por desamor. Cuando descubre que detrás hay un problema de salud, todo da un giro inesperado: la comida sabe mejor, la música le llega como nunca y el deseo despierta sus ganas de vivir sin miedo.
Una historia sobre el amor, la vida y esos momentos que lo cambian todo para siempre."
AÍDA Y VUELTA,Paco León,90,07,22:45,2026-02-22,Renoir Princesa,https://www.pillalas.com/pase/1055792/,https://www.cinesrenoir.com/pelicula/aida-y-vuelta/,https://media.pillalas.com/imagenes/726afb526abffa8347d3f6e8043971b5b5a22f68100535465137cdcd8a815fa00441c58f.jpg,Castellano,No recomendada para menores de 12 años,Viernes 30 Enero 2026,"Carmen Machi, Paco León, Miren Ibarguren, Mariano Peña, Eduardo Casanova, Pepe Viyuela, Melani Olivares, Canco Rodríguez, Secun De La Rosa, David Castillo, Marisol Ayuso, Pepa Rus, Óscar Reyes, Adrián Gordillo","""Aída y vuelta"", el largometraje, aborda el rodaje de un capítulo de la serie con tramas que transcurren tanto dentro de la ficción con los personajes de ""Aída"", como fuera de ella con los propios actores y sus relaciones, yendo más allá y dando pie a reflexionar sobre temas como los límites del humor, del trabajo del cómico y la fama."
CUMBRES BORRASCOSAS,Emerald Fennell,135,11,16:10,2026-02-22,Renoir Princesa,https://www.pillalas.com/pase/1055894/,https://www.cinesrenoir.com/pelicula/cumbres-borrascosas/,https://media.pillalas.com/imagenes/726afb526abffa83abe8577deb3c0674bd352fd2b0500497b1d5570f2dd570487210fc4e.jpg,Inglés,No recomendada para menores de 16 años,Viernes 13 Febrero 2026,"Margot Robbie, Jacob Elordi, Hong Chau, Alison Oliver, Owen Cooper, Shazad Latif, Martin Clunes, Ewan Mitchell, Amy Morgan, Jessica Knappett, Charlotte Mellington, Vy Nguyen","Adaptada a todo tipo de formatos en multitud de ocasiones, se trata de una trágica historia de pasiones encontradas en la Inglaterra rural más conservadora. Una historia de venganza y odio, de pasiones desatadas y amores desesperados que van más allá de la muerte ambientada en los brumosos y sombríos páramos de Yorkshire, al norte de Inglaterra."
CUMBRES BORRASCOSAS,Emerald Fennell,135,09,18:00,2026-02-22,Renoir Princesa,https://www.pillalas.com/pase/1055895/,https://www.cinesrenoir.com/pelicula/cumbres-borrascosas/,https://media.pillalas.com/imagenes/726afb526abffa83abe8577deb3c0674bd352fd2b0500497b1d5570f2dd570487210fc4e.jpg,Inglés,No recomendada para menores de 16 años,Viernes 13 Febrero 2026,"Margot Robbie, Jacob Elordi, Hong Chau, Alison Oliver, Owen Cooper, Shazad Latif, Martin Clunes, Ewan Mitchell, Amy Morgan, Jessica Knappett, Charlotte Mellington, Vy Nguyen","Adaptada a todo tipo de formatos en multitud de ocasiones, se trata de una trágica historia de pasiones encontradas en la Inglaterra rural más conservadora. Una historia de venganza y odio, de pasiones desatadas y amores desesperados que van más allá de la muerte ambientada en los brumosos y sombríos páramos de Yorkshire, al norte de Inglaterra."
CUMBRES BORRASCOSAS,Emerald Fennell,135,11,19:00,2026-02-22,Renoir Princesa,https://www.pillalas.com/pase/1055898/,https://www.cinesrenoir.com/pelicula/cumbres-borrascosas/,https://media.pillalas.com/imagenes/726afb526abffa83abe8577deb3c0674bd352fd2b0500497b1d5570f2dd570487210fc4e.jpg,Inglés,No recomendada para menores de 16 años,Viernes 13 Febrero 2026,"Margot Robbie, Jacob Elordi, Hong Chau, Alison Oliver, Owen Cooper, Shazad Latif, Martin Clunes, Ewan Mitchell, Amy Morgan, Jessica Knappett, Charlotte Mellington, Vy Nguyen","Adaptada a todo tipo de formatos en multitud de ocasiones, se trata de una trágica historia de pasiones encontradas en la Inglaterra rural más conservadora. Una historia de venganza y odio, de pasiones desatadas y amores desesperados que van más allá de la muerte ambientada en los brumosos y sombríos páramos de Yorkshire, al norte de Inglaterra."
CUMBRES BORRASCOSAS,Emerald Fennell,135,09,20:30,2026-02-22,Renoir Princesa,https://www.pillalas.com/pase/1055900/,https://www.cinesrenoir.com/pelicula/cumbres-borrascosas/,https://media.pillalas.com/imagenes/726afb526abffa83abe8577deb3c0674bd352fd2b0500497b1d5570f2dd570487210fc4e.jpg,Inglés,No recomendada para menores de 16 años,Viernes 13 Febrero 2026,"Margot Robbie, Jacob Elordi, Hong Chau, Alison Oliver, Owen Cooper, Shazad Latif, Martin Clunes, Ewan Mitchell, Amy Morgan, Jessica Knappett, Charlotte Mellington, Vy Nguyen","Adaptada a todo tipo de formatos en multitud de ocasiones, se trata de una trágica historia de pasiones encontradas en la Inglaterra rural más conservadora. Una historia de venganza y odio, de pasiones desatadas y amores desesperados que van más allá de la muerte ambientada en los brumosos y sombríos páramos de Yorkshire, al norte de Inglaterra."
CUMBRES BORRASCOSAS,Emerald Fennell,135,11,21:45,2026-02-22,Renoir Princesa,https://www.pillalas.com/pase/1055902/,https://www.cinesrenoir.com/pelicula/cumbres-borrascosas/,https://media.pillalas.com/imagenes/726afb526abffa83abe8577deb3c0674bd352fd2b0500497b1d5570f2dd570487210fc4e.jpg,Inglés,No recomendada para menores de 16 años,Viernes 13 Febrero 2026,"Margot Robbie, Jacob Elordi, Hong Chau, Alison Oliver, Owen Cooper, Shazad Latif, Martin Clunes, Ewan Mitchell, Amy Morgan, Jessica Knappett, Charlotte Mellington, Vy Nguyen","Adaptada a todo tipo de formatos en multitud de ocasiones, se trata de una trágica historia de pasiones encontradas en la Inglaterra rural más conservadora. Una historia de venganza y odio, de pasiones desatadas y amores desesperados que van más allá de la muerte ambientada en los brumosos y sombríos páramos de Yorkshire, al norte de Inglaterra."
EL AGENTE SECRETO,Kleber Mendonça Filho,160,04,16:00,2026-02-22,Renoir Princesa,https://www.pillalas.com/pase/1055775/,https://www.cinesrenoir.com/pelicula/el-agente-secreto/,https://media.pillalas.com/imagenes/726afb526abffa83bdba0b90e98cf11293bcd8b9c8be1af817aa6c045cd8f479730f7511.jpg,Portugués,No recomendada para menores de 16 años,Viernes 20 Febrero 2026,"Wagner Moura, Gabriel Leone, Udo Kier, Maria Fernanda Cândido","1977. En un Brasil atormentado por la dictadura militar, Marcelo, un cuarentón que huye de un pasado turbulento, llega a la ciudad de Recife, donde espera construir una nueva vida y reencontrarse con su hijo. Todo se complica cuando descubre que las fuerzas gubernamentales le persiguen y las amenazas de muerte se ciernen sobre su cabeza."
EL AGENTE SECRETO,Kleber Mendonça Filho,160,06,17:15,2026-02-22,Renoir Princesa,https://www.pillalas.com/pase/1055779/,https://www.cinesrenoir.com/pelicula/el-agente-secreto/,https://media.pillalas.com/imagenes/726afb526abffa83bdba0b90e98cf11293bcd8b9c8be1af817aa6c045cd8f479730f7511.jpg,Portugués,No recomendada para menores de 16 años,Viernes 20 Febrero 2026,"Wagner Moura, Gabriel Leone, Udo Kier, Maria Fernanda Cândido","1977. En un Brasil atormentado por la dictadura militar, Marcelo, un cuarentón que huye de un pasado turbulento, llega a la ciudad de Recife, donde espera construir una nueva vida y reencontrarse con su hijo. Todo se complica cuando descubre que las fuerzas gubernamentales le persiguen y las amenazas de muerte se ciernen sobre su cabeza."
EL AGENTE SECRETO,Kleber Mendonça Filho,160,04,18:55,2026-02-22,Renoir Princesa,https://www.pillalas.com/pase/1055782/,https://www.cinesrenoir.com/pelicula/el-agente-secreto/,https://media.pillalas.com/imagenes/726afb526abffa83bdba0b90e98cf11293bcd8b9c8be1af817aa6c045cd8f479730f7511.jpg,Portugués,No recomendada para menores de 16 años,Viernes 20 Febrero 2026,"Wagner Moura, Gabriel Leone, Udo Kier, Maria Fernanda Cândido","1977. En un Brasil atormentado por la dictadura militar, Marcelo, un cuarentón que huye de un pasado turbulento, llega a la ciudad de Recife, donde espera construir una nueva vida y reencontrarse con su hijo. Todo se complica cuando descubre que las fuerzas gubernamentales le persiguen y las amenazas de muerte se ciernen sobre su cabeza."
EL AGENTE SECRETO,Kleber Mendonça Filho,160,06,20:15,2026-02-22,Renoir Princesa,https://www.pillalas.com/pase/1055786/,https://www.cinesrenoir.com/pelicula/el-agente-secreto/,https://media.pillalas.com/imagenes/726afb526abffa83bdba0b90e98cf11293bcd8b9c8be1af817aa6c045cd8f479730f7511.jpg,Portugués,No recomendada para menores de 16 años,Viernes 20 Febrero 2026,"Wagner Moura, Gabriel Leone, Udo Kier, Maria Fernanda Cândido","1977. En un Brasil atormentado por la dictadura militar, Marcelo, un cuarentón que huye de un pasado turbulento, llega a la ciudad de Recife, donde espera construir una nueva vida y reencontrarse con su hijo. Todo se complica cuando descubre que las fuerzas gubernamentales le persiguen y las amenazas de muerte se ciernen sobre su cabeza."
EL AGENTE SECRETO,Kleber Mendonça Filho,160,04,21:50,2026-02-22,Renoir Princesa,https://www.pillalas.com/pase/1055789/,https://www.cinesrenoir.com/pelicula/el-agente-secreto/,https://media.pillalas.com/imagenes/726afb526abffa83bdba0b90e98cf11293bcd8b9c8be1af817aa6c045cd8f479730f7511.jpg,Portugués,No recomendada para menores de 16 años,Viernes 20 Febrero 2026,"Wagner Moura, Gabriel Leone, Udo Kier, Maria Fernanda Cândido","1977. En un Brasil atormentado por la dictadura militar, Marcelo, un cuarentón que huye de un pasado turbulento, llega a la ciudad de Recife, donde espera construir una nueva vida y reencontrarse con su hijo. Todo se complica cuando descubre que las fuerzas gubernamentales le persiguen y las amenazas de muerte se ciernen sobre su cabeza."
HAMNET,Chloé Zhao,125,02,16:00,2026-02-22,Renoir Princesa,https://www.pillalas.com/pase/1055710/,https://www.cinesrenoir.com/pelicula/hamnet/,https://www.cinesrenoir.com/media/Peliculas/Cartel/HAMNET_Cartel_Digital_8Nominaciones_Oscar_YaEnCines_v2_2.jpg,Inglés,No recomendada para menores de 12 años,Viernes 23 Enero 2026,"Jessie Buckley, Paul Mescal, Joe Alwyn, Emily Watson","Año 1596, Stratford-upon-Avon, Inglaterra. La vida de Agnes transcurre plácidamente junto a su marido y sus tres hijos. Ella cultiva plantas medicinales mientras William trabaja en Londres. El destino, sin embargo, les reservará un duro golpe cuando su hijo Hamnet, de once años, muera repentinamente tras contraer la peste. A raíz de esta tragedia, su padre creará uno de los grandes personajes de la literatura universal, de nombre casi idéntico al de su hijo.


Pero esta película no habla de famosos sucesos sino de algo íntimo y olvidado: La vida de esta familia, y especialmente la de la mujer que la sostenía y que tuvo que cargar con una insoportable pérdida."
HAMNET,Chloé Zhao,125,05,17:40,2026-02-22,Renoir Princesa,https://www.pillalas.com/pase/1055780/,https://www.cinesrenoir.com/pelicula/hamnet/,https://www.cinesrenoir.com/media/Peliculas/Cartel/HAMNET_Cartel_Digital_8Nominaciones_Oscar_YaEnCines_v2_2.jpg,Inglés,No recomendada para menores de 12 años,Viernes 23 Enero 2026,"Jessie Buckley, Paul Mescal, Joe Alwyn, Emily Watson","Año 1596, Stratford-upon-Avon, Inglaterra. La vida de Agnes transcurre plácidamente junto a su marido y sus tres hijos. Ella cultiva plantas medicinales mientras William trabaja en Londres. El destino, sin embargo, les reservará un duro golpe cuando su hijo Hamnet, de once años, muera repentinamente tras contraer la peste. A raíz de esta tragedia, su padre creará uno de los grandes personajes de la literatura universal, de nombre casi idéntico al de su hijo.


Pero esta película no habla de famosos sucesos sino de algo íntimo y olvidado: La vida de esta familia, y especialmente la de la mujer que la sostenía y que tuvo que cargar con una insoportable pérdida."
HAMNET,Chloé Zhao,125,05,20:00,2026-02-22,Renoir Princesa,https://www.pillalas.com/pase/1055784/,https://www.cinesrenoir.com/pelicula/hamnet/,https://www.cinesrenoir.com/media/Peliculas/Cartel/HAMNET_Cartel_Digital_8Nominaciones_Oscar_YaEnCines_v2_2.jpg,Inglés,No recomendada para menores de 12 años,Viernes 23 Enero 2026,"Jessie Buckley, Paul Mescal, Joe Alwyn, Emily Watson","Año 1596, Stratford-upon-Avon, Inglaterra. La vida de Agnes transcurre plácidamente junto a su marido y sus tres hijos. Ella cultiva plantas medicinales mientras William trabaja en Londres. El destino, sin embargo, les reservará un duro golpe cuando su hijo Hamnet, de once años, muera repentinamente tras contraer la peste. A raíz de esta tragedia, su padre creará uno de los grandes personajes de la literatura universal, de nombre casi idéntico al de su hijo.


Pero esta película no habla de famosos sucesos sino de algo íntimo y olvidado: La vida de esta familia, y especialmente la de la mujer que la sostenía y que tuvo que cargar con una insoportable pérdida."
HAMNET,Chloé Zhao,125,05,22:20,2026-02-22,Renoir Princesa,https://www.pillalas.com/pase/1055791/,https://www.cinesrenoir.com/pelicula/hamnet/,https://www.cinesrenoir.com/media/Peliculas/Cartel/HAMNET_Cartel_Digital_8Nominaciones_Oscar_YaEnCines_v2_2.jpg,Inglés,No recomendada para menores de 12 años,Viernes 23 Enero 2026,"Jessie Buckley, Paul Mescal, Joe Alwyn, Emily Watson","Año 1596, Stratford-upon-Avon, Inglaterra. La vida de Agnes transcurre plácidamente junto a su marido y sus tres hijos. Ella cultiva plantas medicinales mientras William trabaja en Londres. El destino, sin embargo, les reservará un duro golpe cuando su hijo Hamnet, de once años, muera repentinamente tras contraer la peste. A raíz de esta tragedia, su padre creará uno de los grandes personajes de la literatura universal, de nombre casi idéntico al de su hijo.


Pero esta película no habla de famosos sucesos sino de algo íntimo y olvidado: La vida de esta familia, y especialmente la de la mujer que la sostenía y que tuvo que cargar con una insoportable pérdida."
LA CENA,Manolo Gómez Pereira,106,01,16:00,2026-02-22,Renoir Princesa,https://www.pillalas.com/pase/1055709/,https://www.cinesrenoir.com/pelicula/la-cena/,https://media.pillalas.com/imagenes/726afb526abffa83bd9f9bd0a673888f9a4e8309cfbd282ee88c3ecfb89c16c49bdbf298.jpg,Castellano,No recomendada para menores de 12 años,Viernes 17 Octubre 2025,"Mario Casas, Alberto San Juan, Asier Etxeandia, Nora Hernández, Óscar Lasarte, Martín Páez, Elvira Mínguez, Carlos Serrano, Carmen Balagué, Eva Ugarte, Antonio Resines","15 de abril, 1939. Dos semanas después de acabar la Guerra Civil, Franco propone celebrar la victoria con una cena en el Hotel Palace junto a todos sus generales. Lo que no saben es que la cena la prepararán unos cocineros republicanos que están ante su última oportunidad de huir del país."
LA FIERA,Salvador Calvo,113,08,20:15,2026-02-22,Renoir Princesa,https://www.pillalas.com/pase/1055899/,https://www.cinesrenoir.com/pelicula/la-fiera/,https://media.pillalas.com/imagenes/726afb526abffa8343633e6b05b980b9f611ecb2408114b64c8947a46b46933a151a5185.jpg,Castellano,No recomendada para menores de 12 años,Viernes 6 Febrero 2026,"Carlos Cuevas, Miguel Bernardeau, Miguel Ángel Silvestre, Candela González, Stéphanie Magnin, David Marcé, José Manuel Poga","Carlos, Darío y Armando, aficionados a los deportes extremos, descubren la experiencia más cercana a volar: el salto B.A.S.E. con traje de alas. “La Fiera” es la historia de estos amantes del riesgo: un relato real contado desde sus miedos y anhelos; un viaje duro y fascinante, lleno de vértigo y peligro... que también nos conecta con la camaradería y la amistad.
Un viaje épico alimentado por la lucha contra uno mismo."
LITTLE AMELIE,"Mailys Vallade, Liane-Cho Han Jin Kuang",77,05,16:00,2026-02-22,Renoir Princesa,https://www.pillalas.com/pase/1055777/,https://www.cinesrenoir.com/pelicula/little-amelie/,https://media.pillalas.com/imagenes/726afb526abffa830cf602187f6a0774a2be2cd024be305aa13f298deb2bd3128a88c8e7.jpg,Francés,Pendiente de calificación,Viernes 20 Febrero 2026,Animación,"Amélie es una niña belga nacida en Japón. Gracias a su amiga y niñera Nishio-san, su vida es una sucesión de aventuras y descubrimientos. Pero el día de su tercer cumpleaños, todo cambia."
LITTLE AMELIE,"Mailys Vallade, Liane-Cho Han Jin Kuang",77,02,18:25,2026-02-22,Renoir Princesa,https://www.pillalas.com/pase/1055712/,https://www.cinesrenoir.com/pelicula/little-amelie/,https://media.pillalas.com/imagenes/726afb526abffa830cf602187f6a0774a2be2cd024be305aa13f298deb2bd3128a88c8e7.jpg,Francés,Pendiente de calificación,Viernes 20 Febrero 2026,Animación,"Amélie es una niña belga nacida en Japón. Gracias a su amiga y niñera Nishio-san, su vida es una sucesión de aventuras y descubrimientos. Pero el día de su tercer cumpleaños, todo cambia."
LOS DOMINGOS,Alauda Ruiz De Azúa,115,08,16:00,2026-02-22,Renoir Princesa,https://www.pillalas.com/pase/1055891/,https://www.cinesrenoir.com/pelicula/los-domingos/,https://media.pillalas.com/imagenes/726afb526abffa83eb13c84b6e843cdf406388aa12cc57b934b6e5ab1c8e2d84ce9ad1f4.jpg,Castellano,No recomendada para menores de 12 años,Viernes 24 Octubre 2025,"Patricia López Arnaiz, Blanca Soroa, Miguel Garcés, Juan Minujín, Mabel Rivera, Nagore Aramburu","'Los domingos' cuenta la historia de Ainara (Soroa), una joven idealista y brillante de 17 años que ha de decidir qué carrera universitaria estudiará. O, al menos, eso espera su familia que haga. Sin embargo, la joven manifiesta que se siente cada vez más cerca de Dios y que se plantea abrazar la vida de monja de clausura. La noticia pilla por sorpresa a toda la familia provocando un abismo y una prueba de fuego para todos."
LOS DOMINGOS,Alauda Ruiz De Azúa,115,01,18:00,2026-02-22,Renoir Princesa,https://www.pillalas.com/pase/1055711/,https://www.cinesrenoir.com/pelicula/los-domingos/,https://media.pillalas.com/imagenes/726afb526abffa83eb13c84b6e843cdf406388aa12cc57b934b6e5ab1c8e2d84ce9ad1f4.jpg,Castellano,No recomendada para menores de 12 años,Viernes 24 Octubre 2025,"Patricia López Arnaiz, Blanca Soroa, Miguel Garcés, Juan Minujín, Mabel Rivera, Nagore Aramburu","'Los domingos' cuenta la historia de Ainara (Soroa), una joven idealista y brillante de 17 años que ha de decidir qué carrera universitaria estudiará. O, al menos, eso espera su familia que haga. Sin embargo, la joven manifiesta que se siente cada vez más cerca de Dios y que se plantea abrazar la vida de monja de clausura. La noticia pilla por sorpresa a toda la familia provocando un abismo y una prueba de fuego para todos."
LOS DOMINGOS,Alauda Ruiz De Azúa,115,01,20:15,2026-02-22,Renoir Princesa,https://www.pillalas.com/pase/1055713/,https://www.cinesrenoir.com/pelicula/los-domingos/,https://media.pillalas.com/imagenes/726afb526abffa83eb13c84b6e843cdf406388aa12cc57b934b6e5ab1c8e2d84ce9ad1f4.jpg,Castellano,No recomendada para menores de 12 años,Viernes 24 Octubre 2025,"Patricia López Arnaiz, Blanca Soroa, Miguel Garcés, Juan Minujín, Mabel Rivera, Nagore Aramburu","'Los domingos' cuenta la historia de Ainara (Soroa), una joven idealista y brillante de 17 años que ha de decidir qué carrera universitaria estudiará. O, al menos, eso espera su familia que haga. Sin embargo, la joven manifiesta que se siente cada vez más cerca de Dios y que se plantea abrazar la vida de monja de clausura. La noticia pilla por sorpresa a toda la familia provocando un abismo y una prueba de fuego para todos."
LOS DOMINGOS,Alauda Ruiz De Azúa,115,01,22:30,2026-02-22,Renoir Princesa,https://www.pillalas.com/pase/1055714/,https://www.cinesrenoir.com/pelicula/los-domingos/,https://media.pillalas.com/imagenes/726afb526abffa83eb13c84b6e843cdf406388aa12cc57b934b6e5ab1c8e2d84ce9ad1f4.jpg,Castellano,No recomendada para menores de 12 años,Viernes 24 Octubre 2025,"Patricia López Arnaiz, Blanca Soroa, Miguel Garcés, Juan Minujín, Mabel Rivera, Nagore Aramburu","'Los domingos' cuenta la historia de Ainara (Soroa), una joven idealista y brillante de 17 años que ha de decidir qué carrera universitaria estudiará. O, al menos, eso espera su familia que haga. Sin embargo, la joven manifiesta que se siente cada vez más cerca de Dios y que se plantea abrazar la vida de monja de clausura. La noticia pilla por sorpresa a toda la familia provocando un abismo y una prueba de fuego para todos."
MARTY SUPREME,Josh Safdie,149,10,16:00,2026-02-22,Renoir Princesa,https://www.pillalas.com/pase/1055892/,https://www.cinesrenoir.com/pelicula/marty-supreme/,https://media.pillalas.com/imagenes/726afb526abffa83215ea8a89c8894fb1ac44e6c3b86faba19f84e195b42d541304dcb79.jpg,Inglés,No recomendada para menores de 16 años,Viernes 30 Enero 2026,"Timothee Chalamet, Gwyneth Paltrow, Odessa A Zion, Sandra Bernhard, Fran Drescher, Abel Ferrara, Spenser Granese, Tyler The Creator, Penn Jillette, Kevin O Leary","Marty Mauser (Timothée Chalamet), un joven con una ambición desmesurada, está dispuesto a todo para cumplir su sueño. Con ayuda, entre otros, de la estrella de cine Carol Dunne (Gwyneth Paltrow) demostrará al mundo entero su grandeza."
MARTY SUPREME,Josh Safdie,149,10,18:50,2026-02-22,Renoir Princesa,https://www.pillalas.com/pase/1055897/,https://www.cinesrenoir.com/pelicula/marty-supreme/,https://media.pillalas.com/imagenes/726afb526abffa83215ea8a89c8894fb1ac44e6c3b86faba19f84e195b42d541304dcb79.jpg,Inglés,No recomendada para menores de 16 años,Viernes 30 Enero 2026,"Timothee Chalamet, Gwyneth Paltrow, Odessa A Zion, Sandra Bernhard, Fran Drescher, Abel Ferrara, Spenser Granese, Tyler The Creator, Penn Jillette, Kevin O Leary","Marty Mauser (Timothée Chalamet), un joven con una ambición desmesurada, está dispuesto a todo para cumplir su sueño. Con ayuda, entre otros, de la estrella de cine Carol Dunne (Gwyneth Paltrow) demostrará al mundo entero su grandeza."
MARTY SUPREME,Josh Safdie,149,10,21:35,2026-02-22,Renoir Princesa,https://www.pillalas.com/pase/1055901/,https://www.cinesrenoir.com/pelicula/marty-supreme/,https://media.pillalas.com/imagenes/726afb526abffa83215ea8a89c8894fb1ac44e6c3b86faba19f84e195b42d541304dcb79.jpg,Inglés,No recomendada para menores de 16 años,Viernes 30 Enero 2026,"Timothee Chalamet, Gwyneth Paltrow, Odessa A Zion, Sandra Bernhard, Fran Drescher, Abel Ferrara, Spenser Granese, Tyler The Creator, Penn Jillette, Kevin O Leary","Marty Mauser (Timothée Chalamet), un joven con una ambición desmesurada, está dispuesto a todo para cumplir su sueño. Con ayuda, entre otros, de la estrella de cine Carol Dunne (Gwyneth Paltrow) demostrará al mundo entero su grandeza."
RENTAL FAMILY (FAMILIA DE ALQUILER),Mitsuyo Miyazaki,109,09,16:00,2026-02-22,Renoir Princesa,https://www.pillalas.com/pase/1055893/,https://www.cinesrenoir.com/pelicula/rental-family-familia-de-alquiler/,https://media.pillalas.com/imagenes/726afb526abffa8354fd8d551fddc8b6f2c37df750c002f9f65d59d1707b603c58f3211d.jpg,Inglés Y Japonés,No recomendada para menores de 12 años,Viernes 9 Enero 2026,"Brendan Fraser, Mari Yamamoto, Takehiro Hira, Akira Emoto, Shannon Gorman","Comedia dramática sobre un actor estadounidense (Brendan Fraser) que lucha por encontrar un propósito en la vida en el Tokio actual. Hasta que consigue un trabajo inusual, trabajar para una agencia japonesa de ""familias de alquiler"", interpretando papeles de suplente para desconocidos."
RENTAL FAMILY (FAMILIA DE ALQUILER),Mitsuyo Miyazaki,109,08,18:10,2026-02-22,Renoir Princesa,https://www.pillalas.com/pase/1055896/,https://www.cinesrenoir.com/pelicula/rental-family-familia-de-alquiler/,https://media.pillalas.com/imagenes/726afb526abffa8354fd8d551fddc8b6f2c37df750c002f9f65d59d1707b603c58f3211d.jpg,Inglés Y Japonés,No recomendada para menores de 12 años,Viernes 9 Enero 2026,"Brendan Fraser, Mari Yamamoto, Takehiro Hira, Akira Emoto, Shannon Gorman","Comedia dramática sobre un actor estadounidense (Brendan Fraser) que lucha por encontrar un propósito en la vida en el Tokio actual. Hasta que consigue un trabajo inusual, trabajar para una agencia japonesa de ""familias de alquiler"", interpretando papeles de suplente para desconocidos."
SIN CONEXIÓN,Bradley Cooper Cooper,120,03,16:10,2026-02-22,Renoir Princesa,https://www.pillalas.com/pase/1055778/,https://www.cinesrenoir.com/pelicula/sin-conexion/,https://media.pillalas.com/imagenes/726afb526abffa832172609433a0fdb98ea954f3904a127b5015f2f2335b6b1b2f7219c3.jpg,Inglés,No recomendada para menores de 12 años,Viernes 20 Febrero 2026,"Will Arnett, Laura Dern, Andra Day, Bradley Cooper, Amy Sedaris, Sean Hayes, Christine Ebersole, Ciarán Hinds, Scott Icenogle","Mientras su matrimonio se desmorona silenciosamente, Alex (Will Arnett) se enfrenta a la mediana edad y a un divorcio inminente, buscando un nuevo propósito en el mundo de la comedia neoyorquina, mientras que Tess (Laura Dern) se enfrenta a los sacrificios que ha hecho por su familia, lo que les obliga a lidiar con la crianza compartida, la identidad y si el amor puede adoptar una nueva forma."
SIN CONEXIÓN,Bradley Cooper Cooper,120,03,19:00,2026-02-22,Renoir Princesa,https://www.pillalas.com/pase/1055783/,https://www.cinesrenoir.com/pelicula/sin-conexion/,https://media.pillalas.com/imagenes/726afb526abffa832172609433a0fdb98ea954f3904a127b5015f2f2335b6b1b2f7219c3.jpg,Inglés,No recomendada para menores de 12 años,Viernes 20 Febrero 2026,"Will Arnett, Laura Dern, Andra Day, Bradley Cooper, Amy Sedaris, Sean Hayes, Christine Ebersole, Ciarán Hinds, Scott Icenogle","Mientras su matrimonio se desmorona silenciosamente, Alex (Will Arnett) se enfrenta a la mediana edad y a un divorcio inminente, buscando un nuevo propósito en el mundo de la comedia neoyorquina, mientras que Tess (Laura Dern) se enfrenta a los sacrificios que ha hecho por su familia, lo que les obliga a lidiar con la crianza compartida, la identidad y si el amor puede adoptar una nueva forma."
SIN CONEXIÓN,Bradley Cooper Cooper,120,03,21:30,2026-02-22,Renoir Princesa,https://www.pillalas.com/pase/1055788/,https://www.cinesrenoir.com/pelicula/sin-conexion/,https://media.pillalas.com/imagenes/726afb526abffa832172609433a0fdb98ea954f3904a127b5015f2f2335b6b1b2f7219c3.jpg,Inglés,No recomendada para menores de 12 años,Viernes 20 Febrero 2026,"Will Arnett, Laura Dern, Andra Day, Bradley Cooper, Amy Sedaris, Sean Hayes, Christine Ebersole, Ciarán Hinds, Scott Icenogle","Mientras su matrimonio se desmorona silenciosamente, Alex (Will Arnett) se enfrenta a la mediana edad y a un divorcio inminente, buscando un nuevo propósito en el mundo de la comedia neoyorquina, mientras que Tess (Laura Dern) se enfrenta a los sacrificios que ha hecho por su familia, lo que les obliga a lidiar con la crianza compartida, la identidad y si el amor puede adoptar una nueva forma."
SIRAT,Óliver Laxe,120,02,20:00,2026-02-22,Renoir Princesa,https://www.pillalas.com/pase/1055785/,https://www.cinesrenoir.com/pelicula/sirat/,https://www.cinesrenoir.com/media/Peliculas/Cartel/SIRAT_ONLINE_GOYAOSCARS.jpg,Castellano Y Otros,No recomendada para menores de 16 años,Viernes 6 Junio 2025,"Sergi López, Bruno Núñez, Stefania Gadda, Joshua Liam Herderson, Tonin Javier, Jade Ouki, Richard Bellamyun","Un hombre (López) y su hijo (Nuñez) llegan a una rave perdida en medio de las áridas y fantasmagóricas montañas del sur de Marruecos. Buscan allí a Mar, su hija y hermana, desaparecida hace meses en una de estas fiestas sin amanecer. Reparten una y otra vez su foto rodeados de música electrónica y de un tipo de libertad que desconocen. Empujados por el destino, y con la esperanza de encontrar ahí a Mar, deciden seguir a un grupo de raveros hacia la última fiesta que se celebrará en el desierto."
SIRAT,Óliver Laxe,120,02,22:20,2026-02-22,Renoir Princesa,https://www.pillalas.com/pase/1055790/,https://www.cinesrenoir.com/pelicula/sirat/,https://www.cinesrenoir.com/media/Peliculas/Cartel/SIRAT_ONLINE_GOYAOSCARS.jpg,Castellano Y Otros,No recomendada para menores de 16 años,Viernes 6 Junio 2025,"Sergi López, Bruno Núñez, Stefania Gadda, Joshua Liam Herderson, Tonin Javier, Jade Ouki, Richard Bellamyun","Un hombre (López) y su hijo (Nuñez) llegan a una rave perdida en medio de las áridas y fantasmagóricas montañas del sur de Marruecos. Buscan allí a Mar, su hija y hermana, desaparecida hace meses en una de estas fiestas sin amanecer. Reparten una y otra vez su foto rodeados de música electrónica y de un tipo de libertad que desconocen. Empujados por el destino, y con la esperanza de encontrar ahí a Mar, deciden seguir a un grupo de raveros hacia la última fiesta que se celebrará en el desierto."
TRES ADIOSES,Isabel Coixet,122,07,16:00,2026-02-22,Renoir Princesa,https://www.pillalas.com/pase/1055776/,https://www.cinesrenoir.com/pelicula/tres-adioses/,https://media.pillalas.com/imagenes/726afb526abffa832ea2a44a189894de905fc7e94534a8bf4ef6bf13e5ccdfe90922c22e.jpg,Italiano,No recomendada para menores de 12 años,Viernes 6 Febrero 2026,"Alba Rohrwacher, Elio Germano, Francesco Carril, Silvia D Amico, Galatea Bellugi, Sarita Choudhury","Tras lo que parecía una discusión sin importancia, Marta (Alba Rohrwacher) y Antonio (Elio Germano) se separan. Él, un chef prometedor, se refugia en sus fogones; ella, en su silencio, empieza a notar algo más que tristeza: ha perdido el apetito… y no solo por desamor. Cuando descubre que detrás hay un problema de salud, todo da un giro inesperado: la comida sabe mejor, la música le llega como nunca y el deseo despierta sus ganas de vivir sin miedo.
Una historia sobre el amor, la vida y esos momentos que lo cambian todo para siempre."
TRES ADIOSES,Isabel Coixet,122,07,18:15,2026-02-22,Renoir Princesa,https://www.pillalas.com/pase/1055781/,https://www.cinesrenoir.com/pelicula/tres-adioses/,https://media.pillalas.com/imagenes/726afb526abffa832ea2a44a189894de905fc7e94534a8bf4ef6bf13e5ccdfe90922c22e.jpg,Italiano,No recomendada para menores de 12 años,Viernes 6 Febrero 2026,"Alba Rohrwacher, Elio Germano, Francesco Carril, Silvia D Amico, Galatea Bellugi, Sarita Choudhury","Tras lo que parecía una discusión sin importancia, Marta (Alba Rohrwacher) y Antonio (Elio Germano) se separan. Él, un chef prometedor, se refugia en sus fogones; ella, en su silencio, empieza a notar algo más que tristeza: ha perdido el apetito… y no solo por desamor. Cuando descubre que detrás hay un problema de salud, todo da un giro inesperado: la comida sabe mejor, la música le llega como nunca y el deseo despierta sus ganas de vivir sin miedo.
Una historia sobre el amor, la vida y esos momentos que lo cambian todo para siempre."
TRES ADIOSES,Isabel Coixet,122,07,20:30,2026-02-22,Renoir Princesa,https://www.pillalas.com/pase/1055787/,https://www.cinesrenoir.com/pelicula/tres-adioses/,https://media.pillalas.com/imagenes/726afb526abffa832ea2a44a189894de905fc7e94534a8bf4ef6bf13e5ccdfe90922c22e.jpg,Italiano,No recomendada para menores de 12 años,Viernes 6 Febrero 2026,"Alba Rohrwacher, Elio Germano, Francesco Carril, Silvia D Amico, Galatea Bellugi, Sarita Choudhury","Tras lo que parecía una discusión sin importancia, Marta (Alba Rohrwacher) y Antonio (Elio Germano) se separan. Él, un chef prometedor, se refugia en sus fogones; ella, en su silencio, empieza a notar algo más que tristeza: ha perdido el apetito… y no solo por desamor. Cuando descubre que detrás hay un problema de salud, todo da un giro inesperado: la comida sabe mejor, la música le llega como nunca y el deseo despierta sus ganas de vivir sin miedo.
Una historia sobre el amor, la vida y esos momentos que lo cambian todo para siempre."
TRES ADIOSES,Isabel Coixet,122,08,22:25,2026-02-22,Renoir Princesa,https://www.pillalas.com/pase/1055903/,https://www.cinesrenoir.com/pelicula/tres-adioses/,https://media.pillalas.com/imagenes/726afb526abffa832ea2a44a189894de905fc7e94534a8bf4ef6bf13e5ccdfe90922c22e.jpg,Italiano,No recomendada para menores de 12 años,Viernes 6 Febrero 2026,"Alba Rohrwacher, Elio Germano, Francesco Carril, Silvia D Amico, Galatea Bellugi, Sarita Choudhury","Tras lo que parecía una discusión sin importancia, Marta (Alba Rohrwacher) y Antonio (Elio Germano) se separan. Él, un chef prometedor, se refugia en sus fogones; ella, en su silencio, empieza a notar algo más que tristeza: ha perdido el apetito… y no solo por desamor. Cuando descubre que detrás hay un problema de salud, todo da un giro inesperado: la comida sabe mejor, la música le llega como nunca y el deseo despierta sus ganas de vivir sin miedo.
Una historia sobre el amor, la vida y esos momentos que lo cambian todo para siempre."
AÍDA Y VUELTA,Paco León,90,07,22:45,2026-02-23,Renoir Princesa,https://www.pillalas.com/pase/1055810/,https://www.cinesrenoir.com/pelicula/aida-y-vuelta/,https://media.pillalas.com/imagenes/726afb526abffa8347d3f6e8043971b5b5a22f68100535465137cdcd8a815fa00441c58f.jpg,Castellano,No recomendada para menores de 12 años,Viernes 30 Enero 2026,"Carmen Machi, Paco León, Miren Ibarguren, Mariano Peña, Eduardo Casanova, Pepe Viyuela, Melani Olivares, Canco Rodríguez, Secun De La Rosa, David Castillo, Marisol Ayuso, Pepa Rus, Óscar Reyes, Adrián Gordillo","""Aída y vuelta"", el largometraje, aborda el rodaje de un capítulo de la serie con tramas que transcurren tanto dentro de la ficción con los personajes de ""Aída"", como fuera de ella con los propios actores y sus relaciones, yendo más allá y dando pie a reflexionar sobre temas como los límites del humor, del trabajo del cómico y la fama."
CUMBRES BORRASCOSAS,Emerald Fennell,135,11,16:10,2026-02-23,Renoir Princesa,https://www.pillalas.com/pase/1055907/,https://www.cinesrenoir.com/pelicula/cumbres-borrascosas/,https://media.pillalas.com/imagenes/726afb526abffa83abe8577deb3c0674bd352fd2b0500497b1d5570f2dd570487210fc4e.jpg,Inglés,No recomendada para menores de 16 años,Viernes 13 Febrero 2026,"Margot Robbie, Jacob Elordi, Hong Chau, Alison Oliver, Owen Cooper, Shazad Latif, Martin Clunes, Ewan Mitchell, Amy Morgan, Jessica Knappett, Charlotte Mellington, Vy Nguyen","Adaptada a todo tipo de formatos en multitud de ocasiones, se trata de una trágica historia de pasiones encontradas en la Inglaterra rural más conservadora. Una historia de venganza y odio, de pasiones desatadas y amores desesperados que van más allá de la muerte ambientada en los brumosos y sombríos páramos de Yorkshire, al norte de Inglaterra."
CUMBRES BORRASCOSAS,Emerald Fennell,135,09,18:00,2026-02-23,Renoir Princesa,https://www.pillalas.com/pase/1055908/,https://www.cinesrenoir.com/pelicula/cumbres-borrascosas/,https://media.pillalas.com/imagenes/726afb526abffa83abe8577deb3c0674bd352fd2b0500497b1d5570f2dd570487210fc4e.jpg,Inglés,No recomendada para menores de 16 años,Viernes 13 Febrero 2026,"Margot Robbie, Jacob Elordi, Hong Chau, Alison Oliver, Owen Cooper, Shazad Latif, Martin Clunes, Ewan Mitchell, Amy Morgan, Jessica Knappett, Charlotte Mellington, Vy Nguyen","Adaptada a todo tipo de formatos en multitud de ocasiones, se trata de una trágica historia de pasiones encontradas en la Inglaterra rural más conservadora. Una historia de venganza y odio, de pasiones desatadas y amores desesperados que van más allá de la muerte ambientada en los brumosos y sombríos páramos de Yorkshire, al norte de Inglaterra."
CUMBRES BORRASCOSAS,Emerald Fennell,135,11,19:00,2026-02-23,Renoir Princesa,https://www.pillalas.com/pase/1055911/,https://www.cinesrenoir.com/pelicula/cumbres-borrascosas/,https://media.pillalas.com/imagenes/726afb526abffa83abe8577deb3c0674bd352fd2b0500497b1d5570f2dd570487210fc4e.jpg,Inglés,No recomendada para menores de 16 años,Viernes 13 Febrero 2026,"Margot Robbie, Jacob Elordi, Hong Chau, Alison Oliver, Owen Cooper, Shazad Latif, Martin Clunes, Ewan Mitchell, Amy Morgan, Jessica Knappett, Charlotte Mellington, Vy Nguyen","Adaptada a todo tipo de formatos en multitud de ocasiones, se trata de una trágica historia de pasiones encontradas en la Inglaterra rural más conservadora. Una historia de venganza y odio, de pasiones desatadas y amores desesperados que van más allá de la muerte ambientada en los brumosos y sombríos páramos de Yorkshire, al norte de Inglaterra."
CUMBRES BORRASCOSAS,Emerald Fennell,135,09,20:30,2026-02-23,Renoir Princesa,https://www.pillalas.com/pase/1055913/,https://www.cinesrenoir.com/pelicula/cumbres-borrascosas/,https://media.pillalas.com/imagenes/726afb526abffa83abe8577deb3c0674bd352fd2b0500497b1d5570f2dd570487210fc4e.jpg,Inglés,No recomendada para menores de 16 años,Viernes 13 Febrero 2026,"Margot Robbie, Jacob Elordi, Hong Chau, Alison Oliver, Owen Cooper, Shazad Latif, Martin Clunes, Ewan Mitchell, Amy Morgan, Jessica Knappett, Charlotte Mellington, Vy Nguyen","Adaptada a todo tipo de formatos en multitud de ocasiones, se trata de una trágica historia de pasiones encontradas en la Inglaterra rural más conservadora. Una historia de venganza y odio, de pasiones desatadas y amores desesperados que van más allá de la muerte ambientada en los brumosos y sombríos páramos de Yorkshire, al norte de Inglaterra."
CUMBRES BORRASCOSAS,Emerald Fennell,135,11,21:45,2026-02-23,Renoir Princesa,https://www.pillalas.com/pase/1055915/,https://www.cinesrenoir.com/pelicula/cumbres-borrascosas/,https://media.pillalas.com/imagenes/726afb526abffa83abe8577deb3c0674bd352fd2b0500497b1d5570f2dd570487210fc4e.jpg,Inglés,No recomendada para menores de 16 años,Viernes 13 Febrero 2026,"Margot Robbie, Jacob Elordi, Hong Chau, Alison Oliver, Owen Cooper, Shazad Latif, Martin Clunes, Ewan Mitchell, Amy Morgan, Jessica Knappett, Charlotte Mellington, Vy Nguyen","Adaptada a todo tipo de formatos en multitud de ocasiones, se trata de una trágica historia de pasiones encontradas en la Inglaterra rural más conservadora. Una historia de venganza y odio, de pasiones desatadas y amores desesperados que van más allá de la muerte ambientada en los brumosos y sombríos páramos de Yorkshire, al norte de Inglaterra."
EL AGENTE SECRETO,Kleber Mendonça Filho,160,04,16:00,2026-02-23,Renoir Princesa,https://www.pillalas.com/pase/1055793/,https://www.cinesrenoir.com/pelicula/el-agente-secreto/,https://media.pillalas.com/imagenes/726afb526abffa83bdba0b90e98cf11293bcd8b9c8be1af817aa6c045cd8f479730f7511.jpg,Portugués,No recomendada para menores de 16 años,Viernes 20 Febrero 2026,"Wagner Moura, Gabriel Leone, Udo Kier, Maria Fernanda Cândido","1977. En un Brasil atormentado por la dictadura militar, Marcelo, un cuarentón que huye de un pasado turbulento, llega a la ciudad de Recife, donde espera construir una nueva vida y reencontrarse con su hijo. Todo se complica cuando descubre que las fuerzas gubernamentales le persiguen y las amenazas de muerte se ciernen sobre su cabeza."
EL AGENTE SECRETO,Kleber Mendonça Filho,160,06,17:15,2026-02-23,Renoir Princesa,https://www.pillalas.com/pase/1055797/,https://www.cinesrenoir.com/pelicula/el-agente-secreto/,https://media.pillalas.com/imagenes/726afb526abffa83bdba0b90e98cf11293bcd8b9c8be1af817aa6c045cd8f479730f7511.jpg,Portugués,No recomendada para menores de 16 años,Viernes 20 Febrero 2026,"Wagner Moura, Gabriel Leone, Udo Kier, Maria Fernanda Cândido","1977. En un Brasil atormentado por la dictadura militar, Marcelo, un cuarentón que huye de un pasado turbulento, llega a la ciudad de Recife, donde espera construir una nueva vida y reencontrarse con su hijo. Todo se complica cuando descubre que las fuerzas gubernamentales le persiguen y las amenazas de muerte se ciernen sobre su cabeza."
EL AGENTE SECRETO,Kleber Mendonça Filho,160,04,18:55,2026-02-23,Renoir Princesa,https://www.pillalas.com/pase/1055800/,https://www.cinesrenoir.com/pelicula/el-agente-secreto/,https://media.pillalas.com/imagenes/726afb526abffa83bdba0b90e98cf11293bcd8b9c8be1af817aa6c045cd8f479730f7511.jpg,Portugués,No recomendada para menores de 16 años,Viernes 20 Febrero 2026,"Wagner Moura, Gabriel Leone, Udo Kier, Maria Fernanda Cândido","1977. En un Brasil atormentado por la dictadura militar, Marcelo, un cuarentón que huye de un pasado turbulento, llega a la ciudad de Recife, donde espera construir una nueva vida y reencontrarse con su hijo. Todo se complica cuando descubre que las fuerzas gubernamentales le persiguen y las amenazas de muerte se ciernen sobre su cabeza."
EL AGENTE SECRETO,Kleber Mendonça Filho,160,06,20:15,2026-02-23,Renoir Princesa,https://www.pillalas.com/pase/1055804/,https://www.cinesrenoir.com/pelicula/el-agente-secreto/,https://media.pillalas.com/imagenes/726afb526abffa83bdba0b90e98cf11293bcd8b9c8be1af817aa6c045cd8f479730f7511.jpg,Portugués,No recomendada para menores de 16 años,Viernes 20 Febrero 2026,"Wagner Moura, Gabriel Leone, Udo Kier, Maria Fernanda Cândido","1977. En un Brasil atormentado por la dictadura militar, Marcelo, un cuarentón que huye de un pasado turbulento, llega a la ciudad de Recife, donde espera construir una nueva vida y reencontrarse con su hijo. Todo se complica cuando descubre que las fuerzas gubernamentales le persiguen y las amenazas de muerte se ciernen sobre su cabeza."
EL AGENTE SECRETO,Kleber Mendonça Filho,160,04,21:50,2026-02-23,Renoir Princesa,https://www.pillalas.com/pase/1055807/,https://www.cinesrenoir.com/pelicula/el-agente-secreto/,https://media.pillalas.com/imagenes/726afb526abffa83bdba0b90e98cf11293bcd8b9c8be1af817aa6c045cd8f479730f7511.jpg,Portugués,No recomendada para menores de 16 años,Viernes 20 Febrero 2026,"Wagner Moura, Gabriel Leone, Udo Kier, Maria Fernanda Cândido","1977. En un Brasil atormentado por la dictadura militar, Marcelo, un cuarentón que huye de un pasado turbulento, llega a la ciudad de Recife, donde espera construir una nueva vida y reencontrarse con su hijo. Todo se complica cuando descubre que las fuerzas gubernamentales le persiguen y las amenazas de muerte se ciernen sobre su cabeza."
HAMNET,Chloé Zhao,125,02,16:00,2026-02-23,Renoir Princesa,https://www.pillalas.com/pase/1055716/,https://www.cinesrenoir.com/pelicula/hamnet/,https://www.cinesrenoir.com/media/Peliculas/Cartel/HAMNET_Cartel_Digital_8Nominaciones_Oscar_YaEnCines_v2_2.jpg,Inglés,No recomendada para menores de 12 años,Viernes 23 Enero 2026,"Jessie Buckley, Paul Mescal, Joe Alwyn, Emily Watson","Año 1596, Stratford-upon-Avon, Inglaterra. La vida de Agnes transcurre plácidamente junto a su marido y sus tres hijos. Ella cultiva plantas medicinales mientras William trabaja en Londres. El destino, sin embargo, les reservará un duro golpe cuando su hijo Hamnet, de once años, muera repentinamente tras contraer la peste. A raíz de esta tragedia, su padre creará uno de los grandes personajes de la literatura universal, de nombre casi idéntico al de su hijo.


Pero esta película no habla de famosos sucesos sino de algo íntimo y olvidado: La vida de esta familia, y especialmente la de la mujer que la sostenía y que tuvo que cargar con una insoportable pérdida."
HAMNET,Chloé Zhao,125,05,17:40,2026-02-23,Renoir Princesa,https://www.pillalas.com/pase/1055798/,https://www.cinesrenoir.com/pelicula/hamnet/,https://www.cinesrenoir.com/media/Peliculas/Cartel/HAMNET_Cartel_Digital_8Nominaciones_Oscar_YaEnCines_v2_2.jpg,Inglés,No recomendada para menores de 12 años,Viernes 23 Enero 2026,"Jessie Buckley, Paul Mescal, Joe Alwyn, Emily Watson","Año 1596, Stratford-upon-Avon, Inglaterra. La vida de Agnes transcurre plácidamente junto a su marido y sus tres hijos. Ella cultiva plantas medicinales mientras William trabaja en Londres. El destino, sin embargo, les reservará un duro golpe cuando su hijo Hamnet, de once años, muera repentinamente tras contraer la peste. A raíz de esta tragedia, su padre creará uno de los grandes personajes de la literatura universal, de nombre casi idéntico al de su hijo.


Pero esta película no habla de famosos sucesos sino de algo íntimo y olvidado: La vida de esta familia, y especialmente la de la mujer que la sostenía y que tuvo que cargar con una insoportable pérdida."
HAMNET,Chloé Zhao,125,05,20:00,2026-02-23,Renoir Princesa,https://www.pillalas.com/pase/1055803/,https://www.cinesrenoir.com/pelicula/hamnet/,https://www.cinesrenoir.com/media/Peliculas/Cartel/HAMNET_Cartel_Digital_8Nominaciones_Oscar_YaEnCines_v2_2.jpg,Inglés,No recomendada para menores de 12 años,Viernes 23 Enero 2026,"Jessie Buckley, Paul Mescal, Joe Alwyn, Emily Watson","Año 1596, Stratford-upon-Avon, Inglaterra. La vida de Agnes transcurre plácidamente junto a su marido y sus tres hijos. Ella cultiva plantas medicinales mientras William trabaja en Londres. El destino, sin embargo, les reservará un duro golpe cuando su hijo Hamnet, de once años, muera repentinamente tras contraer la peste. A raíz de esta tragedia, su padre creará uno de los grandes personajes de la literatura universal, de nombre casi idéntico al de su hijo.


Pero esta película no habla de famosos sucesos sino de algo íntimo y olvidado: La vida de esta familia, y especialmente la de la mujer que la sostenía y que tuvo que cargar con una insoportable pérdida."
HAMNET,Chloé Zhao,125,05,22:20,2026-02-23,Renoir Princesa,https://www.pillalas.com/pase/1055809/,https://www.cinesrenoir.com/pelicula/hamnet/,https://www.cinesrenoir.com/media/Peliculas/Cartel/HAMNET_Cartel_Digital_8Nominaciones_Oscar_YaEnCines_v2_2.jpg,Inglés,No recomendada para menores de 12 años,Viernes 23 Enero 2026,"Jessie Buckley, Paul Mescal, Joe Alwyn, Emily Watson","Año 1596, Stratford-upon-Avon, Inglaterra. La vida de Agnes transcurre plácidamente junto a su marido y sus tres hijos. Ella cultiva plantas medicinales mientras William trabaja en Londres. El destino, sin embargo, les reservará un duro golpe cuando su hijo Hamnet, de once años, muera repentinamente tras contraer la peste. A raíz de esta tragedia, su padre creará uno de los grandes personajes de la literatura universal, de nombre casi idéntico al de su hijo.


Pero esta película no habla de famosos sucesos sino de algo íntimo y olvidado: La vida de esta familia, y especialmente la de la mujer que la sostenía y que tuvo que cargar con una insoportable pérdida."
LA CENA,Manolo Gómez Pereira,106,01,16:00,2026-02-23,Renoir Princesa,https://www.pillalas.com/pase/1055715/,https://www.cinesrenoir.com/pelicula/la-cena/,https://media.pillalas.com/imagenes/726afb526abffa83bd9f9bd0a673888f9a4e8309cfbd282ee88c3ecfb89c16c49bdbf298.jpg,Castellano,No recomendada para menores de 12 años,Viernes 17 Octubre 2025,"Mario Casas, Alberto San Juan, Asier Etxeandia, Nora Hernández, Óscar Lasarte, Martín Páez, Elvira Mínguez, Carlos Serrano, Carmen Balagué, Eva Ugarte, Antonio Resines","15 de abril, 1939. Dos semanas después de acabar la Guerra Civil, Franco propone celebrar la victoria con una cena en el Hotel Palace junto a todos sus generales. Lo que no saben es que la cena la prepararán unos cocineros republicanos que están ante su última oportunidad de huir del país."
LA FIERA,Salvador Calvo,113,08,20:15,2026-02-23,Renoir Princesa,https://www.pillalas.com/pase/1055912/,https://www.cinesrenoir.com/pelicula/la-fiera/,https://media.pillalas.com/imagenes/726afb526abffa8343633e6b05b980b9f611ecb2408114b64c8947a46b46933a151a5185.jpg,Castellano,No recomendada para menores de 12 años,Viernes 6 Febrero 2026,"Carlos Cuevas, Miguel Bernardeau, Miguel Ángel Silvestre, Candela González, Stéphanie Magnin, David Marcé, José Manuel Poga","Carlos, Darío y Armando, aficionados a los deportes extremos, descubren la experiencia más cercana a volar: el salto B.A.S.E. con traje de alas. “La Fiera” es la historia de estos amantes del riesgo: un relato real contado desde sus miedos y anhelos; un viaje duro y fascinante, lleno de vértigo y peligro... que también nos conecta con la camaradería y la amistad.
Un viaje épico alimentado por la lucha contra uno mismo."
LITTLE AMELIE,"Mailys Vallade, Liane-Cho Han Jin Kuang",77,05,16:00,2026-02-23,Renoir Princesa,https://www.pillalas.com/pase/1055794/,https://www.cinesrenoir.com/pelicula/little-amelie/,https://media.pillalas.com/imagenes/726afb526abffa830cf602187f6a0774a2be2cd024be305aa13f298deb2bd3128a88c8e7.jpg,Francés,Pendiente de calificación,Viernes 20 Febrero 2026,Animación,"Amélie es una niña belga nacida en Japón. Gracias a su amiga y niñera Nishio-san, su vida es una sucesión de aventuras y descubrimientos. Pero el día de su tercer cumpleaños, todo cambia."
LITTLE AMELIE,"Mailys Vallade, Liane-Cho Han Jin Kuang",77,02,18:25,2026-02-23,Renoir Princesa,https://www.pillalas.com/pase/1055718/,https://www.cinesrenoir.com/pelicula/little-amelie/,https://media.pillalas.com/imagenes/726afb526abffa830cf602187f6a0774a2be2cd024be305aa13f298deb2bd3128a88c8e7.jpg,Francés,Pendiente de calificación,Viernes 20 Febrero 2026,Animación,"Amélie es una niña belga nacida en Japón. Gracias a su amiga y niñera Nishio-san, su vida es una sucesión de aventuras y descubrimientos. Pero el día de su tercer cumpleaños, todo cambia."
LOS DOMINGOS,Alauda Ruiz De Azúa,115,08,16:00,2026-02-23,Renoir Princesa,https://www.pillalas.com/pase/1055906/,https://www.cinesrenoir.com/pelicula/los-domingos/,https://media.pillalas.com/imagenes/726afb526abffa83eb13c84b6e843cdf406388aa12cc57b934b6e5ab1c8e2d84ce9ad1f4.jpg,Castellano,No recomendada para menores de 12 años,Viernes 24 Octubre 2025,"Patricia López Arnaiz, Blanca Soroa, Miguel Garcés, Juan Minujín, Mabel Rivera, Nagore Aramburu","'Los domingos' cuenta la historia de Ainara (Soroa), una joven idealista y brillante de 17 años que ha de decidir qué carrera universitaria estudiará. O, al menos, eso espera su familia que haga. Sin embargo, la joven manifiesta que se siente cada vez más cerca de Dios y que se plantea abrazar la vida de monja de clausura. La noticia pilla por sorpresa a toda la familia provocando un abismo y una prueba de fuego para todos."
LOS DOMINGOS,Alauda Ruiz De Azúa,115,01,18:00,2026-02-23,Renoir Princesa,https://www.pillalas.com/pase/1055717/,https://www.cinesrenoir.com/pelicula/los-domingos/,https://media.pillalas.com/imagenes/726afb526abffa83eb13c84b6e843cdf406388aa12cc57b934b6e5ab1c8e2d84ce9ad1f4.jpg,Castellano,No recomendada para menores de 12 años,Viernes 24 Octubre 2025,"Patricia López Arnaiz, Blanca Soroa, Miguel Garcés, Juan Minujín, Mabel Rivera, Nagore Aramburu","'Los domingos' cuenta la historia de Ainara (Soroa), una joven idealista y brillante de 17 años que ha de decidir qué carrera universitaria estudiará. O, al menos, eso espera su familia que haga. Sin embargo, la joven manifiesta que se siente cada vez más cerca de Dios y que se plantea abrazar la vida de monja de clausura. La noticia pilla por sorpresa a toda la familia provocando un abismo y una prueba de fuego para todos."
LOS DOMINGOS,Alauda Ruiz De Azúa,115,01,20:15,2026-02-23,Renoir Princesa,https://www.pillalas.com/pase/1055719/,https://www.cinesrenoir.com/pelicula/los-domingos/,https://media.pillalas.com/imagenes/726afb526abffa83eb13c84b6e843cdf406388aa12cc57b934b6e5ab1c8e2d84ce9ad1f4.jpg,Castellano,No recomendada para menores de 12 años,Viernes 24 Octubre 2025,"Patricia López Arnaiz, Blanca Soroa, Miguel Garcés, Juan Minujín, Mabel Rivera, Nagore Aramburu","'Los domingos' cuenta la historia de Ainara (Soroa), una joven idealista y brillante de 17 años que ha de decidir qué carrera universitaria estudiará. O, al menos, eso espera su familia que haga. Sin embargo, la joven manifiesta que se siente cada vez más cerca de Dios y que se plantea abrazar la vida de monja de clausura. La noticia pilla por sorpresa a toda la familia provocando un abismo y una prueba de fuego para todos."
LOS DOMINGOS,Alauda Ruiz De Azúa,115,01,22:30,2026-02-23,Renoir Princesa,https://www.pillalas.com/pase/1055720/,https://www.cinesrenoir.com/pelicula/los-domingos/,https://media.pillalas.com/imagenes/726afb526abffa83eb13c84b6e843cdf406388aa12cc57b934b6e5ab1c8e2d84ce9ad1f4.jpg,Castellano,No recomendada para menores de 12 años,Viernes 24 Octubre 2025,"Patricia López Arnaiz, Blanca Soroa, Miguel Garcés, Juan Minujín, Mabel Rivera, Nagore Aramburu","'Los domingos' cuenta la historia de Ainara (Soroa), una joven idealista y brillante de 17 años que ha de decidir qué carrera universitaria estudiará. O, al menos, eso espera su familia que haga. Sin embargo, la joven manifiesta que se siente cada vez más cerca de Dios y que se plantea abrazar la vida de monja de clausura. La noticia pilla por sorpresa a toda la familia provocando un abismo y una prueba de fuego para todos."
MARTY SUPREME,Josh Safdie,149,10,16:00,2026-02-23,Renoir Princesa,https://www.pillalas.com/pase/1055905/,https://www.cinesrenoir.com/pelicula/marty-supreme/,https://media.pillalas.com/imagenes/726afb526abffa83215ea8a89c8894fb1ac44e6c3b86faba19f84e195b42d541304dcb79.jpg,Inglés,No recomendada para menores de 16 años,Viernes 30 Enero 2026,"Timothee Chalamet, Gwyneth Paltrow, Odessa A Zion, Sandra Bernhard, Fran Drescher, Abel Ferrara, Spenser Granese, Tyler The Creator, Penn Jillette, Kevin O Leary","Marty Mauser (Timothée Chalamet), un joven con una ambición desmesurada, está dispuesto a todo para cumplir su sueño. Con ayuda, entre otros, de la estrella de cine Carol Dunne (Gwyneth Paltrow) demostrará al mundo entero su grandeza."
MARTY SUPREME,Josh Safdie,149,10,18:50,2026-02-23,Renoir Princesa,https://www.pillalas.com/pase/1055910/,https://www.cinesrenoir.com/pelicula/marty-supreme/,https://media.pillalas.com/imagenes/726afb526abffa83215ea8a89c8894fb1ac44e6c3b86faba19f84e195b42d541304dcb79.jpg,Inglés,No recomendada para menores de 16 años,Viernes 30 Enero 2026,"Timothee Chalamet, Gwyneth Paltrow, Odessa A Zion, Sandra Bernhard, Fran Drescher, Abel Ferrara, Spenser Granese, Tyler The Creator, Penn Jillette, Kevin O Leary","Marty Mauser (Timothée Chalamet), un joven con una ambición desmesurada, está dispuesto a todo para cumplir su sueño. Con ayuda, entre otros, de la estrella de cine Carol Dunne (Gwyneth Paltrow) demostrará al mundo entero su grandeza."
MARTY SUPREME,Josh Safdie,149,10,21:35,2026-02-23,Renoir Princesa,https://www.pillalas.com/pase/1055914/,https://www.cinesrenoir.com/pelicula/marty-supreme/,https://media.pillalas.com/imagenes/726afb526abffa83215ea8a89c8894fb1ac44e6c3b86faba19f84e195b42d541304dcb79.jpg,Inglés,No recomendada para menores de 16 años,Viernes 30 Enero 2026,"Timothee Chalamet, Gwyneth Paltrow, Odessa A Zion, Sandra Bernhard, Fran Drescher, Abel Ferrara, Spenser Granese, Tyler The Creator, Penn Jillette, Kevin O Leary","Marty Mauser (Timothée Chalamet), un joven con una ambición desmesurada, está dispuesto a todo para cumplir su sueño. Con ayuda, entre otros, de la estrella de cine Carol Dunne (Gwyneth Paltrow) demostrará al mundo entero su grandeza."
RENTAL FAMILY (FAMILIA DE ALQUILER),Mitsuyo Miyazaki,109,09,16:00,2026-02-23,Renoir Princesa,https://www.pillalas.com/pase/1055904/,https://www.cinesrenoir.com/pelicula/rental-family-familia-de-alquiler/,https://media.pillalas.com/imagenes/726afb526abffa8354fd8d551fddc8b6f2c37df750c002f9f65d59d1707b603c58f3211d.jpg,Inglés Y Japonés,No recomendada para menores de 12 años,Viernes 9 Enero 2026,"Brendan Fraser, Mari Yamamoto, Takehiro Hira, Akira Emoto, Shannon Gorman","Comedia dramática sobre un actor estadounidense (Brendan Fraser) que lucha por encontrar un propósito en la vida en el Tokio actual. Hasta que consigue un trabajo inusual, trabajar para una agencia japonesa de ""familias de alquiler"", interpretando papeles de suplente para desconocidos."
RENTAL FAMILY (FAMILIA DE ALQUILER),Mitsuyo Miyazaki,109,08,18:10,2026-02-23,Renoir Princesa,https://www.pillalas.com/pase/1055909/,https://www.cinesrenoir.com/pelicula/rental-family-familia-de-alquiler/,https://media.pillalas.com/imagenes/726afb526abffa8354fd8d551fddc8b6f2c37df750c002f9f65d59d1707b603c58f3211d.jpg,Inglés Y Japonés,No recomendada para menores de 12 años,Viernes 9 Enero 2026,"Brendan Fraser, Mari Yamamoto, Takehiro Hira, Akira Emoto, Shannon Gorman","Comedia dramática sobre un actor estadounidense (Brendan Fraser) que lucha por encontrar un propósito en la vida en el Tokio actual. Hasta que consigue un trabajo inusual, trabajar para una agencia japonesa de ""familias de alquiler"", interpretando papeles de suplente para desconocidos."
SIN CONEXIÓN,Bradley Cooper Cooper,120,03,16:10,2026-02-23,Renoir Princesa,https://www.pillalas.com/pase/1055796/,https://www.cinesrenoir.com/pelicula/sin-conexion/,https://media.pillalas.com/imagenes/726afb526abffa832172609433a0fdb98ea954f3904a127b5015f2f2335b6b1b2f7219c3.jpg,Inglés,No recomendada para menores de 12 años,Viernes 20 Febrero 2026,"Will Arnett, Laura Dern, Andra Day, Bradley Cooper, Amy Sedaris, Sean Hayes, Christine Ebersole, Ciarán Hinds, Scott Icenogle","Mientras su matrimonio se desmorona silenciosamente, Alex (Will Arnett) se enfrenta a la mediana edad y a un divorcio inminente, buscando un nuevo propósito en el mundo de la comedia neoyorquina, mientras que Tess (Laura Dern) se enfrenta a los sacrificios que ha hecho por su familia, lo que les obliga a lidiar con la crianza compartida, la identidad y si el amor puede adoptar una nueva forma."
SIN CONEXIÓN,Bradley Cooper Cooper,120,03,19:00,2026-02-23,Renoir Princesa,https://www.pillalas.com/pase/1055801/,https://www.cinesrenoir.com/pelicula/sin-conexion/,https://media.pillalas.com/imagenes/726afb526abffa832172609433a0fdb98ea954f3904a127b5015f2f2335b6b1b2f7219c3.jpg,Inglés,No recomendada para menores de 12 años,Viernes 20 Febrero 2026,"Will Arnett, Laura Dern, Andra Day, Bradley Cooper, Amy Sedaris, Sean Hayes, Christine Ebersole, Ciarán Hinds, Scott Icenogle","Mientras su matrimonio se desmorona silenciosamente, Alex (Will Arnett) se enfrenta a la mediana edad y a un divorcio inminente, buscando un nuevo propósito en el mundo de la comedia neoyorquina, mientras que Tess (Laura Dern) se enfrenta a los sacrificios que ha hecho por su familia, lo que les obliga a lidiar con la crianza compartida, la identidad y si el amor puede adoptar una nueva forma."
SIN CONEXIÓN,Bradley Cooper Cooper,120,03,21:30,2026-02-23,Renoir Princesa,https://www.pillalas.com/pase/1055806/,https://www.cinesrenoir.com/pelicula/sin-conexion/,https://media.pillalas.com/imagenes/726afb526abffa832172609433a0fdb98ea954f3904a127b5015f2f2335b6b1b2f7219c3.jpg,Inglés,No recomendada para menores de 12 años,Viernes 20 Febrero 2026,"Will Arnett, Laura Dern, Andra Day, Bradley Cooper, Amy Sedaris, Sean Hayes, Christine Ebersole, Ciarán Hinds, Scott Icenogle","Mientras su matrimonio se desmorona silenciosamente, Alex (Will Arnett) se enfrenta a la mediana edad y a un divorcio inminente, buscando un nuevo propósito en el mundo de la comedia neoyorquina, mientras que Tess (Laura Dern) se enfrenta a los sacrificios que ha hecho por su familia, lo que les obliga a lidiar con la crianza compartida, la identidad y si el amor puede adoptar una nueva forma."
SIRAT,Óliver Laxe,120,02,20:00,2026-02-23,Renoir Princesa,https://www.pillalas.com/pase/1055802/,https://www.cinesrenoir.com/pelicula/sirat/,https://www.cinesrenoir.com/media/Peliculas/Cartel/SIRAT_ONLINE_GOYAOSCARS.jpg,Castellano Y Otros,No recomendada para menores de 16 años,Viernes 6 Junio 2025,"Sergi López, Bruno Núñez, Stefania Gadda, Joshua Liam Herderson, Tonin Javier, Jade Ouki, Richard Bellamyun","Un hombre (López) y su hijo (Nuñez) llegan a una rave perdida en medio de las áridas y fantasmagóricas montañas del sur de Marruecos. Buscan allí a Mar, su hija y hermana, desaparecida hace meses en una de estas fiestas sin amanecer. Reparten una y otra vez su foto rodeados de música electrónica y de un tipo de libertad que desconocen. Empujados por el destino, y con la esperanza de encontrar ahí a Mar, deciden seguir a un grupo de raveros hacia la última fiesta que se celebrará en el desierto."
SIRAT,Óliver Laxe,120,02,22:20,2026-02-23,Renoir Princesa,https://www.pillalas.com/pase/1055808/,https://www.cinesrenoir.com/pelicula/sirat/,https://www.cinesrenoir.com/media/Peliculas/Cartel/SIRAT_ONLINE_GOYAOSCARS.jpg,Castellano Y Otros,No recomendada para menores de 16 años,Viernes 6 Junio 2025,"Sergi López, Bruno Núñez, Stefania Gadda, Joshua Liam Herderson, Tonin Javier, Jade Ouki, Richard Bellamyun","Un hombre (López) y su hijo (Nuñez) llegan a una rave perdida en medio de las áridas y fantasmagóricas montañas del sur de Marruecos. Buscan allí a Mar, su hija y hermana, desaparecida hace meses en una de estas fiestas sin amanecer. Reparten una y otra vez su foto rodeados de música electrónica y de un tipo de libertad que desconocen. Empujados por el destino, y con la esperanza de encontrar ahí a Mar, deciden seguir a un grupo de raveros hacia la última fiesta que se celebrará en el desierto."
TRES ADIOSES,Isabel Coixet,122,07,16:00,2026-02-23,Renoir Princesa,https://www.pillalas.com/pase/1055795/,https://www.cinesrenoir.com/pelicula/tres-adioses/,https://media.pillalas.com/imagenes/726afb526abffa832ea2a44a189894de905fc7e94534a8bf4ef6bf13e5ccdfe90922c22e.jpg,Italiano,No recomendada para menores de 12 años,Viernes 6 Febrero 2026,"Alba Rohrwacher, Elio Germano, Francesco Carril, Silvia D Amico, Galatea Bellugi, Sarita Choudhury","Tras lo que parecía una discusión sin importancia, Marta (Alba Rohrwacher) y Antonio (Elio Germano) se separan. Él, un chef prometedor, se refugia en sus fogones; ella, en su silencio, empieza a notar algo más que tristeza: ha perdido el apetito… y no solo por desamor. Cuando descubre que detrás hay un problema de salud, todo da un giro inesperado: la comida sabe mejor, la música le llega como nunca y el deseo despierta sus ganas de vivir sin miedo.
Una historia sobre el amor, la vida y esos momentos que lo cambian todo para siempre."
TRES ADIOSES,Isabel Coixet,122,07,18:15,2026-02-23,Renoir Princesa,https://www.pillalas.com/pase/1055799/,https://www.cinesrenoir.com/pelicula/tres-adioses/,https://media.pillalas.com/imagenes/726afb526abffa832ea2a44a189894de905fc7e94534a8bf4ef6bf13e5ccdfe90922c22e.jpg,Italiano,No recomendada para menores de 12 años,Viernes 6 Febrero 2026,"Alba Rohrwacher, Elio Germano, Francesco Carril, Silvia D Amico, Galatea Bellugi, Sarita Choudhury","Tras lo que parecía una discusión sin importancia, Marta (Alba Rohrwacher) y Antonio (Elio Germano) se separan. Él, un chef prometedor, se refugia en sus fogones; ella, en su silencio, empieza a notar algo más que tristeza: ha perdido el apetito… y no solo por desamor. Cuando descubre que detrás hay un problema de salud, todo da un giro inesperado: la comida sabe mejor, la música le llega como nunca y el deseo despierta sus ganas de vivir sin miedo.
Una historia sobre el amor, la vida y esos momentos que lo cambian todo para siempre."
TRES ADIOSES,Isabel Coixet,122,07,20:30,2026-02-23,Renoir Princesa,https://www.pillalas.com/pase/1055805/,https://www.cinesrenoir.com/pelicula/tres-adioses/,https://media.pillalas.com/imagenes/726afb526abffa832ea2a44a189894de905fc7e94534a8bf4ef6bf13e5ccdfe90922c22e.jpg,Italiano,No recomendada para menores de 12 años,Viernes 6 Febrero 2026,"Alba Rohrwacher, Elio Germano, Francesco Carril, Silvia D Amico, Galatea Bellugi, Sarita Choudhury","Tras lo que parecía una discusión sin importancia, Marta (Alba Rohrwacher) y Antonio (Elio Germano) se separan. Él, un chef prometedor, se refugia en sus fogones; ella, en su silencio, empieza a notar algo más que tristeza: ha perdido el apetito… y no solo por desamor. Cuando descubre que detrás hay un problema de salud, todo da un giro inesperado: la comida sabe mejor, la música le llega como nunca y el deseo despierta sus ganas de vivir sin miedo.
Una historia sobre el amor, la vida y esos momentos que lo cambian todo para siempre."
TRES ADIOSES,Isabel Coixet,122,08,22:25,2026-02-23,Renoir Princesa,https://www.pillalas.com/pase/1055916/,https://www.cinesrenoir.com/pelicula/tres-adioses/,https://media.pillalas.com/imagenes/726afb526abffa832ea2a44a189894de905fc7e94534a8bf4ef6bf13e5ccdfe90922c22e.jpg,Italiano,No recomendada para menores de 12 años,Viernes 6 Febrero 2026,"Alba Rohrwacher, Elio Germano, Francesco Carril, Silvia D Amico, Galatea Bellugi, Sarita Choudhury","Tras lo que parecía una discusión sin importancia, Marta (Alba Rohrwacher) y Antonio (Elio Germano) se separan. Él, un chef prometedor, se refugia en sus fogones; ella, en su silencio, empieza a notar algo más que tristeza: ha perdido el apetito… y no solo por desamor. Cuando descubre que detrás hay un problema de salud, todo da un giro inesperado: la comida sabe mejor, la música le llega como nunca y el deseo despierta sus ganas de vivir sin miedo.
Una historia sobre el amor, la vida y esos momentos que lo cambian todo para siempre."
CORTOS FICCIÓN NOMINADOS A LOS GOYA [RENOIR],Beatriz Martínez & José Luis Palacios,100,10,20:30,2026-02-24,Renoir Princesa,https://www.pillalas.com/pase/1055372/,https://www.cinesrenoir.com/pelicula/cortos-ficcion-nominados-a-los-goya-renoir/,https://media.pillalas.com/imagenes/726afb526abffa83f86d071bf47df7c80ad9a0a91c3e9560e4008f3e1c8d6ebd69d965b4.jpg,Castellano,Pendiente de calificación,Martes 24 Febrero 2026,Goya 2026,"LosCINES RENOIRPrincesa se suman al apoyo del cine español y al impulso del
    ámbito del cortometraje. Apostamos por el cortometraje como género propio y su exhibición
    en salas de cine. En esta ocasión, podremos disfrutarel martes 24 de febrerode una
    sesión con los cortometrajes nominados a los GOYA en la categoría de ficción. La sesión
    está organizada y conducida por Beatriz Martínez y José Luis Palacios, socios de la
    Coordinadora del Cortometraje Español, jurado de varios festivales nacionales de
    cortometrajes y comisarios de eventos cinematográficos."
CUMBRES BORRASCOSAS,Emerald Fennell,135,11,16:10,2026-02-24,Renoir Princesa,https://www.pillalas.com/pase/1055920/,https://www.cinesrenoir.com/pelicula/cumbres-borrascosas/,https://media.pillalas.com/imagenes/726afb526abffa83abe8577deb3c0674bd352fd2b0500497b1d5570f2dd570487210fc4e.jpg,Inglés,No recomendada para menores de 16 años,Viernes 13 Febrero 2026,"Margot Robbie, Jacob Elordi, Hong Chau, Alison Oliver, Owen Cooper, Shazad Latif, Martin Clunes, Ewan Mitchell, Amy Morgan, Jessica Knappett, Charlotte Mellington, Vy Nguyen","Adaptada a todo tipo de formatos en multitud de ocasiones, se trata de una trágica historia de pasiones encontradas en la Inglaterra rural más conservadora. Una historia de venganza y odio, de pasiones desatadas y amores desesperados que van más allá de la muerte ambientada en los brumosos y sombríos páramos de Yorkshire, al norte de Inglaterra."
CUMBRES BORRASCOSAS,Emerald Fennell,135,09,18:00,2026-02-24,Renoir Princesa,https://www.pillalas.com/pase/1055921/,https://www.cinesrenoir.com/pelicula/cumbres-borrascosas/,https://media.pillalas.com/imagenes/726afb526abffa83abe8577deb3c0674bd352fd2b0500497b1d5570f2dd570487210fc4e.jpg,Inglés,No recomendada para menores de 16 años,Viernes 13 Febrero 2026,"Margot Robbie, Jacob Elordi, Hong Chau, Alison Oliver, Owen Cooper, Shazad Latif, Martin Clunes, Ewan Mitchell, Amy Morgan, Jessica Knappett, Charlotte Mellington, Vy Nguyen","Adaptada a todo tipo de formatos en multitud de ocasiones, se trata de una trágica historia de pasiones encontradas en la Inglaterra rural más conservadora. Una historia de venganza y odio, de pasiones desatadas y amores desesperados que van más allá de la muerte ambientada en los brumosos y sombríos páramos de Yorkshire, al norte de Inglaterra."
CUMBRES BORRASCOSAS,Emerald Fennell,135,11,19:00,2026-02-24,Renoir Princesa,https://www.pillalas.com/pase/1055923/,https://www.cinesrenoir.com/pelicula/cumbres-borrascosas/,https://media.pillalas.com/imagenes/726afb526abffa83abe8577deb3c0674bd352fd2b0500497b1d5570f2dd570487210fc4e.jpg,Inglés,No recomendada para menores de 16 años,Viernes 13 Febrero 2026,"Margot Robbie, Jacob Elordi, Hong Chau, Alison Oliver, Owen Cooper, Shazad Latif, Martin Clunes, Ewan Mitchell, Amy Morgan, Jessica Knappett, Charlotte Mellington, Vy Nguyen","Adaptada a todo tipo de formatos en multitud de ocasiones, se trata de una trágica historia de pasiones encontradas en la Inglaterra rural más conservadora. Una historia de venganza y odio, de pasiones desatadas y amores desesperados que van más allá de la muerte ambientada en los brumosos y sombríos páramos de Yorkshire, al norte de Inglaterra."
CUMBRES BORRASCOSAS,Emerald Fennell,135,09,20:30,2026-02-24,Renoir Princesa,https://www.pillalas.com/pase/1055925/,https://www.cinesrenoir.com/pelicula/cumbres-borrascosas/,https://media.pillalas.com/imagenes/726afb526abffa83abe8577deb3c0674bd352fd2b0500497b1d5570f2dd570487210fc4e.jpg,Inglés,No recomendada para menores de 16 años,Viernes 13 Febrero 2026,"Margot Robbie, Jacob Elordi, Hong Chau, Alison Oliver, Owen Cooper, Shazad Latif, Martin Clunes, Ewan Mitchell, Amy Morgan, Jessica Knappett, Charlotte Mellington, Vy Nguyen","Adaptada a todo tipo de formatos en multitud de ocasiones, se trata de una trágica historia de pasiones encontradas en la Inglaterra rural más conservadora. Una historia de venganza y odio, de pasiones desatadas y amores desesperados que van más allá de la muerte ambientada en los brumosos y sombríos páramos de Yorkshire, al norte de Inglaterra."
CUMBRES BORRASCOSAS,Emerald Fennell,135,11,21:45,2026-02-24,Renoir Princesa,https://www.pillalas.com/pase/1055926/,https://www.cinesrenoir.com/pelicula/cumbres-borrascosas/,https://media.pillalas.com/imagenes/726afb526abffa83abe8577deb3c0674bd352fd2b0500497b1d5570f2dd570487210fc4e.jpg,Inglés,No recomendada para menores de 16 años,Viernes 13 Febrero 2026,"Margot Robbie, Jacob Elordi, Hong Chau, Alison Oliver, Owen Cooper, Shazad Latif, Martin Clunes, Ewan Mitchell, Amy Morgan, Jessica Knappett, Charlotte Mellington, Vy Nguyen","Adaptada a todo tipo de formatos en multitud de ocasiones, se trata de una trágica historia de pasiones encontradas en la Inglaterra rural más conservadora. Una historia de venganza y odio, de pasiones desatadas y amores desesperados que van más allá de la muerte ambientada en los brumosos y sombríos páramos de Yorkshire, al norte de Inglaterra."
EL AGENTE SECRETO,Kleber Mendonça Filho,160,04,16:00,2026-02-24,Renoir Princesa,https://www.pillalas.com/pase/1055812/,https://www.cinesrenoir.com/pelicula/el-agente-secreto/,https://media.pillalas.com/imagenes/726afb526abffa83bdba0b90e98cf11293bcd8b9c8be1af817aa6c045cd8f479730f7511.jpg,Portugués,No recomendada para menores de 16 años,Viernes 20 Febrero 2026,"Wagner Moura, Gabriel Leone, Udo Kier, Maria Fernanda Cândido","1977. En un Brasil atormentado por la dictadura militar, Marcelo, un cuarentón que huye de un pasado turbulento, llega a la ciudad de Recife, donde espera construir una nueva vida y reencontrarse con su hijo. Todo se complica cuando descubre que las fuerzas gubernamentales le persiguen y las amenazas de muerte se ciernen sobre su cabeza."
EL AGENTE SECRETO,Kleber Mendonça Filho,160,06,17:15,2026-02-24,Renoir Princesa,https://www.pillalas.com/pase/1055815/,https://www.cinesrenoir.com/pelicula/el-agente-secreto/,https://media.pillalas.com/imagenes/726afb526abffa83bdba0b90e98cf11293bcd8b9c8be1af817aa6c045cd8f479730f7511.jpg,Portugués,No recomendada para menores de 16 años,Viernes 20 Febrero 2026,"Wagner Moura, Gabriel Leone, Udo Kier, Maria Fernanda Cândido","1977. En un Brasil atormentado por la dictadura militar, Marcelo, un cuarentón que huye de un pasado turbulento, llega a la ciudad de Recife, donde espera construir una nueva vida y reencontrarse con su hijo. Todo se complica cuando descubre que las fuerzas gubernamentales le persiguen y las amenazas de muerte se ciernen sobre su cabeza."
EL AGENTE SECRETO,Kleber Mendonça Filho,160,06,20:15,2026-02-24,Renoir Princesa,https://www.pillalas.com/pase/1055822/,https://www.cinesrenoir.com/pelicula/el-agente-secreto/,https://media.pillalas.com/imagenes/726afb526abffa83bdba0b90e98cf11293bcd8b9c8be1af817aa6c045cd8f479730f7511.jpg,Portugués,No recomendada para menores de 16 años,Viernes 20 Febrero 2026,"Wagner Moura, Gabriel Leone, Udo Kier, Maria Fernanda Cândido","1977. En un Brasil atormentado por la dictadura militar, Marcelo, un cuarentón que huye de un pasado turbulento, llega a la ciudad de Recife, donde espera construir una nueva vida y reencontrarse con su hijo. Todo se complica cuando descubre que las fuerzas gubernamentales le persiguen y las amenazas de muerte se ciernen sobre su cabeza."
EL AGENTE SECRETO [PROYECTO VIRIDIANA],Kleber Mendonça Filho,160,04,19:00,2026-02-24,Renoir Princesa,https://www.pillalas.com/pase/1055964/,https://www.cinesrenoir.com/pelicula/el-agente-secreto-proyecto-viridiana/,https://media.pillalas.com/imagenes/726afb526abffa8377c1ce9c50867cc6e34a364eaefa84e69ecbb44cc6370e477b7f00d4.jpg,Portugués,No recomendada para menores de 16 años,Martes 24 Febrero 2026,"Wagner Moura, Gabriel Leone, Udo Kier, Maria Fernanda Cândido","1977. En un Brasil atormentado por la dictadura militar, Marcelo, un cuarentón que huye de un pasado turbulento, llega a la ciudad de Recife, donde espera construir una nueva vida y reencontrarse con su hijo. Todo se complica cuando descubre que las fuerzas gubernamentales le persiguen y las amenazas de muerte se ciernen sobre su cabeza."
"EL BUENO, EL FEO Y EL MALO [WILDER CINEMA]",Sergio Leone,161,07,20:30,2026-02-24,Renoir Princesa,https://www.pillalas.com/pase/1056423/,https://www.cinesrenoir.com/pelicula/el-bueno-el-feo-y-el-malo-wilder-cinema/,https://media.pillalas.com/imagenes/726afb526abffa83e66ad909568a5d65ec74c098df9a297c906886c2c988188f652c5ca6.jpg,Inglés,No recomendada para menores de 12 años,Martes 24 Febrero 2026,"Clint Eastwood, Lee Van Cleef, Eli Wallach, Aldo Giuffrè, Mario Brega,  Luigi Scarchilli, Rada Rassimov.","Cima absoluta del spaghetti western y una de las películas más influyentes jamás rodadas. Sergio Leone redefine el género con una puesta en escena monumental, duelos inolvidables y la música icónica de Ennio Morricone. El bueno, el feo y el malo es puro cine épico, irónico y estilizado, donde el tiempo parece detenerse para crear imágenes eternas. Un espectáculo cinematográfico que exige ser vivido en sala.“Una obra maestra del western.” — El País“Cine en estado puro.” — Fotogramas“Leone alcanzó aquí la perfección.” — Cinemanía“Un clásico eterno.” — Sight & Sound“Influencia incalculable.” — The Guardian"
HAMNET,Chloé Zhao,125,02,16:00,2026-02-24,Renoir Princesa,https://www.pillalas.com/pase/1055722/,https://www.cinesrenoir.com/pelicula/hamnet/,https://www.cinesrenoir.com/media/Peliculas/Cartel/HAMNET_Cartel_Digital_8Nominaciones_Oscar_YaEnCines_v2_2.jpg,Inglés,No recomendada para menores de 12 años,Viernes 23 Enero 2026,"Jessie Buckley, Paul Mescal, Joe Alwyn, Emily Watson","Año 1596, Stratford-upon-Avon, Inglaterra. La vida de Agnes transcurre plácidamente junto a su marido y sus tres hijos. Ella cultiva plantas medicinales mientras William trabaja en Londres. El destino, sin embargo, les reservará un duro golpe cuando su hijo Hamnet, de once años, muera repentinamente tras contraer la peste. A raíz de esta tragedia, su padre creará uno de los grandes personajes de la literatura universal, de nombre casi idéntico al de su hijo.


Pero esta película no habla de famosos sucesos sino de algo íntimo y olvidado: La vida de esta familia, y especialmente la de la mujer que la sostenía y que tuvo que cargar con una insoportable pérdida."
HAMNET,Chloé Zhao,125,05,17:40,2026-02-24,Renoir Princesa,https://www.pillalas.com/pase/1055816/,https://www.cinesrenoir.com/pelicula/hamnet/,https://www.cinesrenoir.com/media/Peliculas/Cartel/HAMNET_Cartel_Digital_8Nominaciones_Oscar_YaEnCines_v2_2.jpg,Inglés,No recomendada para menores de 12 años,Viernes 23 Enero 2026,"Jessie Buckley, Paul Mescal, Joe Alwyn, Emily Watson","Año 1596, Stratford-upon-Avon, Inglaterra. La vida de Agnes transcurre plácidamente junto a su marido y sus tres hijos. Ella cultiva plantas medicinales mientras William trabaja en Londres. El destino, sin embargo, les reservará un duro golpe cuando su hijo Hamnet, de once años, muera repentinamente tras contraer la peste. A raíz de esta tragedia, su padre creará uno de los grandes personajes de la literatura universal, de nombre casi idéntico al de su hijo.


Pero esta película no habla de famosos sucesos sino de algo íntimo y olvidado: La vida de esta familia, y especialmente la de la mujer que la sostenía y que tuvo que cargar con una insoportable pérdida."
HAMNET,Chloé Zhao,125,05,20:00,2026-02-24,Renoir Princesa,https://www.pillalas.com/pase/1055820/,https://www.cinesrenoir.com/pelicula/hamnet/,https://www.cinesrenoir.com/media/Peliculas/Cartel/HAMNET_Cartel_Digital_8Nominaciones_Oscar_YaEnCines_v2_2.jpg,Inglés,No recomendada para menores de 12 años,Viernes 23 Enero 2026,"Jessie Buckley, Paul Mescal, Joe Alwyn, Emily Watson","Año 1596, Stratford-upon-Avon, Inglaterra. La vida de Agnes transcurre plácidamente junto a su marido y sus tres hijos. Ella cultiva plantas medicinales mientras William trabaja en Londres. El destino, sin embargo, les reservará un duro golpe cuando su hijo Hamnet, de once años, muera repentinamente tras contraer la peste. A raíz de esta tragedia, su padre creará uno de los grandes personajes de la literatura universal, de nombre casi idéntico al de su hijo.


Pero esta película no habla de famosos sucesos sino de algo íntimo y olvidado: La vida de esta familia, y especialmente la de la mujer que la sostenía y que tuvo que cargar con una insoportable pérdida."
HAMNET,Chloé Zhao,125,05,22:20,2026-02-24,Renoir Princesa,https://www.pillalas.com/pase/1055826/,https://www.cinesrenoir.com/pelicula/hamnet/,https://www.cinesrenoir.com/media/Peliculas/Cartel/HAMNET_Cartel_Digital_8Nominaciones_Oscar_YaEnCines_v2_2.jpg,Inglés,No recomendada para menores de 12 años,Viernes 23 Enero 2026,"Jessie Buckley, Paul Mescal, Joe Alwyn, Emily Watson","Año 1596, Stratford-upon-Avon, Inglaterra. La vida de Agnes transcurre plácidamente junto a su marido y sus tres hijos. Ella cultiva plantas medicinales mientras William trabaja en Londres. El destino, sin embargo, les reservará un duro golpe cuando su hijo Hamnet, de once años, muera repentinamente tras contraer la peste. A raíz de esta tragedia, su padre creará uno de los grandes personajes de la literatura universal, de nombre casi idéntico al de su hijo.


Pero esta película no habla de famosos sucesos sino de algo íntimo y olvidado: La vida de esta familia, y especialmente la de la mujer que la sostenía y que tuvo que cargar con una insoportable pérdida."
LA CENA,Manolo Gómez Pereira,106,01,16:00,2026-02-24,Renoir Princesa,https://www.pillalas.com/pase/1055721/,https://www.cinesrenoir.com/pelicula/la-cena/,https://media.pillalas.com/imagenes/726afb526abffa83bd9f9bd0a673888f9a4e8309cfbd282ee88c3ecfb89c16c49bdbf298.jpg,Castellano,No recomendada para menores de 12 años,Viernes 17 Octubre 2025,"Mario Casas, Alberto San Juan, Asier Etxeandia, Nora Hernández, Óscar Lasarte, Martín Páez, Elvira Mínguez, Carlos Serrano, Carmen Balagué, Eva Ugarte, Antonio Resines","15 de abril, 1939. Dos semanas después de acabar la Guerra Civil, Franco propone celebrar la victoria con una cena en el Hotel Palace junto a todos sus generales. Lo que no saben es que la cena la prepararán unos cocineros republicanos que están ante su última oportunidad de huir del país."
LA FIERA,Salvador Calvo,113,08,20:15,2026-02-24,Renoir Princesa,https://www.pillalas.com/pase/1055924/,https://www.cinesrenoir.com/pelicula/la-fiera/,https://media.pillalas.com/imagenes/726afb526abffa8343633e6b05b980b9f611ecb2408114b64c8947a46b46933a151a5185.jpg,Castellano,No recomendada para menores de 12 años,Viernes 6 Febrero 2026,"Carlos Cuevas, Miguel Bernardeau, Miguel Ángel Silvestre, Candela González, Stéphanie Magnin, David Marcé, José Manuel Poga","Carlos, Darío y Armando, aficionados a los deportes extremos, descubren la experiencia más cercana a volar: el salto B.A.S.E. con traje de alas. “La Fiera” es la historia de estos amantes del riesgo: un relato real contado desde sus miedos y anhelos; un viaje duro y fascinante, lleno de vértigo y peligro... que también nos conecta con la camaradería y la amistad.
Un viaje épico alimentado por la lucha contra uno mismo."
LITTLE AMELIE,"Mailys Vallade, Liane-Cho Han Jin Kuang",77,05,16:00,2026-02-24,Renoir Princesa,https://www.pillalas.com/pase/1055813/,https://www.cinesrenoir.com/pelicula/little-amelie/,https://media.pillalas.com/imagenes/726afb526abffa830cf602187f6a0774a2be2cd024be305aa13f298deb2bd3128a88c8e7.jpg,Francés,Pendiente de calificación,Viernes 20 Febrero 2026,Animación,"Amélie es una niña belga nacida en Japón. Gracias a su amiga y niñera Nishio-san, su vida es una sucesión de aventuras y descubrimientos. Pero el día de su tercer cumpleaños, todo cambia."
LITTLE AMELIE,"Mailys Vallade, Liane-Cho Han Jin Kuang",77,02,18:25,2026-02-24,Renoir Princesa,https://www.pillalas.com/pase/1055724/,https://www.cinesrenoir.com/pelicula/little-amelie/,https://media.pillalas.com/imagenes/726afb526abffa830cf602187f6a0774a2be2cd024be305aa13f298deb2bd3128a88c8e7.jpg,Francés,Pendiente de calificación,Viernes 20 Febrero 2026,Animación,"Amélie es una niña belga nacida en Japón. Gracias a su amiga y niñera Nishio-san, su vida es una sucesión de aventuras y descubrimientos. Pero el día de su tercer cumpleaños, todo cambia."
LOS DOMINGOS,Alauda Ruiz De Azúa,115,08,16:00,2026-02-24,Renoir Princesa,https://www.pillalas.com/pase/1055918/,https://www.cinesrenoir.com/pelicula/los-domingos/,https://media.pillalas.com/imagenes/726afb526abffa83eb13c84b6e843cdf406388aa12cc57b934b6e5ab1c8e2d84ce9ad1f4.jpg,Castellano,No recomendada para menores de 12 años,Viernes 24 Octubre 2025,"Patricia López Arnaiz, Blanca Soroa, Miguel Garcés, Juan Minujín, Mabel Rivera, Nagore Aramburu","'Los domingos' cuenta la historia de Ainara (Soroa), una joven idealista y brillante de 17 años que ha de decidir qué carrera universitaria estudiará. O, al menos, eso espera su familia que haga. Sin embargo, la joven manifiesta que se siente cada vez más cerca de Dios y que se plantea abrazar la vida de monja de clausura. La noticia pilla por sorpresa a toda la familia provocando un abismo y una prueba de fuego para todos."
LOS DOMINGOS,Alauda Ruiz De Azúa,115,01,18:00,2026-02-24,Renoir Princesa,https://www.pillalas.com/pase/1055723/,https://www.cinesrenoir.com/pelicula/los-domingos/,https://media.pillalas.com/imagenes/726afb526abffa83eb13c84b6e843cdf406388aa12cc57b934b6e5ab1c8e2d84ce9ad1f4.jpg,Castellano,No recomendada para menores de 12 años,Viernes 24 Octubre 2025,"Patricia López Arnaiz, Blanca Soroa, Miguel Garcés, Juan Minujín, Mabel Rivera, Nagore Aramburu","'Los domingos' cuenta la historia de Ainara (Soroa), una joven idealista y brillante de 17 años que ha de decidir qué carrera universitaria estudiará. O, al menos, eso espera su familia que haga. Sin embargo, la joven manifiesta que se siente cada vez más cerca de Dios y que se plantea abrazar la vida de monja de clausura. La noticia pilla por sorpresa a toda la familia provocando un abismo y una prueba de fuego para todos."
LOS DOMINGOS,Alauda Ruiz De Azúa,115,01,20:15,2026-02-24,Renoir Princesa,https://www.pillalas.com/pase/1055725/,https://www.cinesrenoir.com/pelicula/los-domingos/,https://media.pillalas.com/imagenes/726afb526abffa83eb13c84b6e843cdf406388aa12cc57b934b6e5ab1c8e2d84ce9ad1f4.jpg,Castellano,No recomendada para menores de 12 años,Viernes 24 Octubre 2025,"Patricia López Arnaiz, Blanca Soroa, Miguel Garcés, Juan Minujín, Mabel Rivera, Nagore Aramburu","'Los domingos' cuenta la historia de Ainara (Soroa), una joven idealista y brillante de 17 años que ha de decidir qué carrera universitaria estudiará. O, al menos, eso espera su familia que haga. Sin embargo, la joven manifiesta que se siente cada vez más cerca de Dios y que se plantea abrazar la vida de monja de clausura. La noticia pilla por sorpresa a toda la familia provocando un abismo y una prueba de fuego para todos."
LOS DOMINGOS,Alauda Ruiz De Azúa,115,01,22:30,2026-02-24,Renoir Princesa,https://www.pillalas.com/pase/1055726/,https://www.cinesrenoir.com/pelicula/los-domingos/,https://media.pillalas.com/imagenes/726afb526abffa83eb13c84b6e843cdf406388aa12cc57b934b6e5ab1c8e2d84ce9ad1f4.jpg,Castellano,No recomendada para menores de 12 años,Viernes 24 Octubre 2025,"Patricia López Arnaiz, Blanca Soroa, Miguel Garcés, Juan Minujín, Mabel Rivera, Nagore Aramburu","'Los domingos' cuenta la historia de Ainara (Soroa), una joven idealista y brillante de 17 años que ha de decidir qué carrera universitaria estudiará. O, al menos, eso espera su familia que haga. Sin embargo, la joven manifiesta que se siente cada vez más cerca de Dios y que se plantea abrazar la vida de monja de clausura. La noticia pilla por sorpresa a toda la familia provocando un abismo y una prueba de fuego para todos."
MARTY SUPREME,Josh Safdie,149,10,16:00,2026-02-24,Renoir Princesa,https://www.pillalas.com/pase/1055917/,https://www.cinesrenoir.com/pelicula/marty-supreme/,https://media.pillalas.com/imagenes/726afb526abffa83215ea8a89c8894fb1ac44e6c3b86faba19f84e195b42d541304dcb79.jpg,Inglés,No recomendada para menores de 16 años,Viernes 30 Enero 2026,"Timothee Chalamet, Gwyneth Paltrow, Odessa A Zion, Sandra Bernhard, Fran Drescher, Abel Ferrara, Spenser Granese, Tyler The Creator, Penn Jillette, Kevin O Leary","Marty Mauser (Timothée Chalamet), un joven con una ambición desmesurada, está dispuesto a todo para cumplir su sueño. Con ayuda, entre otros, de la estrella de cine Carol Dunne (Gwyneth Paltrow) demostrará al mundo entero su grandeza."
RENTAL FAMILY (FAMILIA DE ALQUILER),Mitsuyo Miyazaki,109,09,16:00,2026-02-24,Renoir Princesa,https://www.pillalas.com/pase/1055919/,https://www.cinesrenoir.com/pelicula/rental-family-familia-de-alquiler/,https://media.pillalas.com/imagenes/726afb526abffa8354fd8d551fddc8b6f2c37df750c002f9f65d59d1707b603c58f3211d.jpg,Inglés Y Japonés,No recomendada para menores de 12 años,Viernes 9 Enero 2026,"Brendan Fraser, Mari Yamamoto, Takehiro Hira, Akira Emoto, Shannon Gorman","Comedia dramática sobre un actor estadounidense (Brendan Fraser) que lucha por encontrar un propósito en la vida en el Tokio actual. Hasta que consigue un trabajo inusual, trabajar para una agencia japonesa de ""familias de alquiler"", interpretando papeles de suplente para desconocidos."
RENTAL FAMILY (FAMILIA DE ALQUILER),Mitsuyo Miyazaki,109,08,18:10,2026-02-24,Renoir Princesa,https://www.pillalas.com/pase/1055922/,https://www.cinesrenoir.com/pelicula/rental-family-familia-de-alquiler/,https://media.pillalas.com/imagenes/726afb526abffa8354fd8d551fddc8b6f2c37df750c002f9f65d59d1707b603c58f3211d.jpg,Inglés Y Japonés,No recomendada para menores de 12 años,Viernes 9 Enero 2026,"Brendan Fraser, Mari Yamamoto, Takehiro Hira, Akira Emoto, Shannon Gorman","Comedia dramática sobre un actor estadounidense (Brendan Fraser) que lucha por encontrar un propósito en la vida en el Tokio actual. Hasta que consigue un trabajo inusual, trabajar para una agencia japonesa de ""familias de alquiler"", interpretando papeles de suplente para desconocidos."
SIN CONEXIÓN,Bradley Cooper Cooper,120,03,16:10,2026-02-24,Renoir Princesa,https://www.pillalas.com/pase/1055814/,https://www.cinesrenoir.com/pelicula/sin-conexion/,https://media.pillalas.com/imagenes/726afb526abffa832172609433a0fdb98ea954f3904a127b5015f2f2335b6b1b2f7219c3.jpg,Inglés,No recomendada para menores de 12 años,Viernes 20 Febrero 2026,"Will Arnett, Laura Dern, Andra Day, Bradley Cooper, Amy Sedaris, Sean Hayes, Christine Ebersole, Ciarán Hinds, Scott Icenogle","Mientras su matrimonio se desmorona silenciosamente, Alex (Will Arnett) se enfrenta a la mediana edad y a un divorcio inminente, buscando un nuevo propósito en el mundo de la comedia neoyorquina, mientras que Tess (Laura Dern) se enfrenta a los sacrificios que ha hecho por su familia, lo que les obliga a lidiar con la crianza compartida, la identidad y si el amor puede adoptar una nueva forma."
SIN CONEXIÓN,Bradley Cooper Cooper,120,03,19:00,2026-02-24,Renoir Princesa,https://www.pillalas.com/pase/1055819/,https://www.cinesrenoir.com/pelicula/sin-conexion/,https://media.pillalas.com/imagenes/726afb526abffa832172609433a0fdb98ea954f3904a127b5015f2f2335b6b1b2f7219c3.jpg,Inglés,No recomendada para menores de 12 años,Viernes 20 Febrero 2026,"Will Arnett, Laura Dern, Andra Day, Bradley Cooper, Amy Sedaris, Sean Hayes, Christine Ebersole, Ciarán Hinds, Scott Icenogle","Mientras su matrimonio se desmorona silenciosamente, Alex (Will Arnett) se enfrenta a la mediana edad y a un divorcio inminente, buscando un nuevo propósito en el mundo de la comedia neoyorquina, mientras que Tess (Laura Dern) se enfrenta a los sacrificios que ha hecho por su familia, lo que les obliga a lidiar con la crianza compartida, la identidad y si el amor puede adoptar una nueva forma."
SIN CONEXIÓN,Bradley Cooper Cooper,120,03,21:30,2026-02-24,Renoir Princesa,https://www.pillalas.com/pase/1055824/,https://www.cinesrenoir.com/pelicula/sin-conexion/,https://media.pillalas.com/imagenes/726afb526abffa832172609433a0fdb98ea954f3904a127b5015f2f2335b6b1b2f7219c3.jpg,Inglés,No recomendada para menores de 12 años,Viernes 20 Febrero 2026,"Will Arnett, Laura Dern, Andra Day, Bradley Cooper, Amy Sedaris, Sean Hayes, Christine Ebersole, Ciarán Hinds, Scott Icenogle","Mientras su matrimonio se desmorona silenciosamente, Alex (Will Arnett) se enfrenta a la mediana edad y a un divorcio inminente, buscando un nuevo propósito en el mundo de la comedia neoyorquina, mientras que Tess (Laura Dern) se enfrenta a los sacrificios que ha hecho por su familia, lo que les obliga a lidiar con la crianza compartida, la identidad y si el amor puede adoptar una nueva forma."
SIRAT,Óliver Laxe,120,02,20:00,2026-02-24,Renoir Princesa,https://www.pillalas.com/pase/1055821/,https://www.cinesrenoir.com/pelicula/sirat/,https://www.cinesrenoir.com/media/Peliculas/Cartel/SIRAT_ONLINE_GOYAOSCARS.jpg,Castellano Y Otros,No recomendada para menores de 16 años,Viernes 6 Junio 2025,"Sergi López, Bruno Núñez, Stefania Gadda, Joshua Liam Herderson, Tonin Javier, Jade Ouki, Richard Bellamyun","Un hombre (López) y su hijo (Nuñez) llegan a una rave perdida en medio de las áridas y fantasmagóricas montañas del sur de Marruecos. Buscan allí a Mar, su hija y hermana, desaparecida hace meses en una de estas fiestas sin amanecer. Reparten una y otra vez su foto rodeados de música electrónica y de un tipo de libertad que desconocen. Empujados por el destino, y con la esperanza de encontrar ahí a Mar, deciden seguir a un grupo de raveros hacia la última fiesta que se celebrará en el desierto."
SIRAT,Óliver Laxe,120,02,22:20,2026-02-24,Renoir Princesa,https://www.pillalas.com/pase/1055827/,https://www.cinesrenoir.com/pelicula/sirat/,https://www.cinesrenoir.com/media/Peliculas/Cartel/SIRAT_ONLINE_GOYAOSCARS.jpg,Castellano Y Otros,No recomendada para menores de 16 años,Viernes 6 Junio 2025,"Sergi López, Bruno Núñez, Stefania Gadda, Joshua Liam Herderson, Tonin Javier, Jade Ouki, Richard Bellamyun","Un hombre (López) y su hijo (Nuñez) llegan a una rave perdida en medio de las áridas y fantasmagóricas montañas del sur de Marruecos. Buscan allí a Mar, su hija y hermana, desaparecida hace meses en una de estas fiestas sin amanecer. Reparten una y otra vez su foto rodeados de música electrónica y de un tipo de libertad que desconocen. Empujados por el destino, y con la esperanza de encontrar ahí a Mar, deciden seguir a un grupo de raveros hacia la última fiesta que se celebrará en el desierto."
TRES ADIOSES,Isabel Coixet,122,07,16:00,2026-02-24,Renoir Princesa,https://www.pillalas.com/pase/1055811/,https://www.cinesrenoir.com/pelicula/tres-adioses/,https://media.pillalas.com/imagenes/726afb526abffa832ea2a44a189894de905fc7e94534a8bf4ef6bf13e5ccdfe90922c22e.jpg,Italiano,No recomendada para menores de 12 años,Viernes 6 Febrero 2026,"Alba Rohrwacher, Elio Germano, Francesco Carril, Silvia D Amico, Galatea Bellugi, Sarita Choudhury","Tras lo que parecía una discusión sin importancia, Marta (Alba Rohrwacher) y Antonio (Elio Germano) se separan. Él, un chef prometedor, se refugia en sus fogones; ella, en su silencio, empieza a notar algo más que tristeza: ha perdido el apetito… y no solo por desamor. Cuando descubre que detrás hay un problema de salud, todo da un giro inesperado: la comida sabe mejor, la música le llega como nunca y el deseo despierta sus ganas de vivir sin miedo.
Una historia sobre el amor, la vida y esos momentos que lo cambian todo para siempre."
TRES ADIOSES,Isabel Coixet,122,07,18:15,2026-02-24,Renoir Princesa,https://www.pillalas.com/pase/1055817/,https://www.cinesrenoir.com/pelicula/tres-adioses/,https://media.pillalas.com/imagenes/726afb526abffa832ea2a44a189894de905fc7e94534a8bf4ef6bf13e5ccdfe90922c22e.jpg,Italiano,No recomendada para menores de 12 años,Viernes 6 Febrero 2026,"Alba Rohrwacher, Elio Germano, Francesco Carril, Silvia D Amico, Galatea Bellugi, Sarita Choudhury","Tras lo que parecía una discusión sin importancia, Marta (Alba Rohrwacher) y Antonio (Elio Germano) se separan. Él, un chef prometedor, se refugia en sus fogones; ella, en su silencio, empieza a notar algo más que tristeza: ha perdido el apetito… y no solo por desamor. Cuando descubre que detrás hay un problema de salud, todo da un giro inesperado: la comida sabe mejor, la música le llega como nunca y el deseo despierta sus ganas de vivir sin miedo.
Una historia sobre el amor, la vida y esos momentos que lo cambian todo para siempre."
TRES ADIOSES,Isabel Coixet,122,08,22:25,2026-02-24,Renoir Princesa,https://www.pillalas.com/pase/1055927/,https://www.cinesrenoir.com/pelicula/tres-adioses/,https://media.pillalas.com/imagenes/726afb526abffa832ea2a44a189894de905fc7e94534a8bf4ef6bf13e5ccdfe90922c22e.jpg,Italiano,No recomendada para menores de 12 años,Viernes 6 Febrero 2026,"Alba Rohrwacher, Elio Germano, Francesco Carril, Silvia D Amico, Galatea Bellugi, Sarita Choudhury","Tras lo que parecía una discusión sin importancia, Marta (Alba Rohrwacher) y Antonio (Elio Germano) se separan. Él, un chef prometedor, se refugia en sus fogones; ella, en su silencio, empieza a notar algo más que tristeza: ha perdido el apetito… y no solo por desamor. Cuando descubre que detrás hay un problema de salud, todo da un giro inesperado: la comida sabe mejor, la música le llega como nunca y el deseo despierta sus ganas de vivir sin miedo.
Una historia sobre el amor, la vida y esos momentos que lo cambian todo para siempre."
AÍDA Y VUELTA,Paco León,90,07,22:45,2026-02-25,Renoir Princesa,https://www.pillalas.com/pase/1055846/,https://www.cinesrenoir.com/pelicula/aida-y-vuelta/,https://media.pillalas.com/imagenes/726afb526abffa8347d3f6e8043971b5b5a22f68100535465137cdcd8a815fa00441c58f.jpg,Castellano,No recomendada para menores de 12 años,Viernes 30 Enero 2026,"Carmen Machi, Paco León, Miren Ibarguren, Mariano Peña, Eduardo Casanova, Pepe Viyuela, Melani Olivares, Canco Rodríguez, Secun De La Rosa, David Castillo, Marisol Ayuso, Pepa Rus, Óscar Reyes, Adrián Gordillo","""Aída y vuelta"", el largometraje, aborda el rodaje de un capítulo de la serie con tramas que transcurren tanto dentro de la ficción con los personajes de ""Aída"", como fuera de ella con los propios actores y sus relaciones, yendo más allá y dando pie a reflexionar sobre temas como los límites del humor, del trabajo del cómico y la fama."
CUMBRES BORRASCOSAS,Emerald Fennell,135,11,16:10,2026-02-25,Renoir Princesa,https://www.pillalas.com/pase/1055931/,https://www.cinesrenoir.com/pelicula/cumbres-borrascosas/,https://media.pillalas.com/imagenes/726afb526abffa83abe8577deb3c0674bd352fd2b0500497b1d5570f2dd570487210fc4e.jpg,Inglés,No recomendada para menores de 16 años,Viernes 13 Febrero 2026,"Margot Robbie, Jacob Elordi, Hong Chau, Alison Oliver, Owen Cooper, Shazad Latif, Martin Clunes, Ewan Mitchell, Amy Morgan, Jessica Knappett, Charlotte Mellington, Vy Nguyen","Adaptada a todo tipo de formatos en multitud de ocasiones, se trata de una trágica historia de pasiones encontradas en la Inglaterra rural más conservadora. Una historia de venganza y odio, de pasiones desatadas y amores desesperados que van más allá de la muerte ambientada en los brumosos y sombríos páramos de Yorkshire, al norte de Inglaterra."
CUMBRES BORRASCOSAS,Emerald Fennell,135,09,18:00,2026-02-25,Renoir Princesa,https://www.pillalas.com/pase/1055932/,https://www.cinesrenoir.com/pelicula/cumbres-borrascosas/,https://media.pillalas.com/imagenes/726afb526abffa83abe8577deb3c0674bd352fd2b0500497b1d5570f2dd570487210fc4e.jpg,Inglés,No recomendada para menores de 16 años,Viernes 13 Febrero 2026,"Margot Robbie, Jacob Elordi, Hong Chau, Alison Oliver, Owen Cooper, Shazad Latif, Martin Clunes, Ewan Mitchell, Amy Morgan, Jessica Knappett, Charlotte Mellington, Vy Nguyen","Adaptada a todo tipo de formatos en multitud de ocasiones, se trata de una trágica historia de pasiones encontradas en la Inglaterra rural más conservadora. Una historia de venganza y odio, de pasiones desatadas y amores desesperados que van más allá de la muerte ambientada en los brumosos y sombríos páramos de Yorkshire, al norte de Inglaterra."
CUMBRES BORRASCOSAS,Emerald Fennell,135,11,19:00,2026-02-25,Renoir Princesa,https://www.pillalas.com/pase/1055935/,https://www.cinesrenoir.com/pelicula/cumbres-borrascosas/,https://media.pillalas.com/imagenes/726afb526abffa83abe8577deb3c0674bd352fd2b0500497b1d5570f2dd570487210fc4e.jpg,Inglés,No recomendada para menores de 16 años,Viernes 13 Febrero 2026,"Margot Robbie, Jacob Elordi, Hong Chau, Alison Oliver, Owen Cooper, Shazad Latif, Martin Clunes, Ewan Mitchell, Amy Morgan, Jessica Knappett, Charlotte Mellington, Vy Nguyen","Adaptada a todo tipo de formatos en multitud de ocasiones, se trata de una trágica historia de pasiones encontradas en la Inglaterra rural más conservadora. Una historia de venganza y odio, de pasiones desatadas y amores desesperados que van más allá de la muerte ambientada en los brumosos y sombríos páramos de Yorkshire, al norte de Inglaterra."
CUMBRES BORRASCOSAS,Emerald Fennell,135,09,20:30,2026-02-25,Renoir Princesa,https://www.pillalas.com/pase/1055937/,https://www.cinesrenoir.com/pelicula/cumbres-borrascosas/,https://media.pillalas.com/imagenes/726afb526abffa83abe8577deb3c0674bd352fd2b0500497b1d5570f2dd570487210fc4e.jpg,Inglés,No recomendada para menores de 16 años,Viernes 13 Febrero 2026,"Margot Robbie, Jacob Elordi, Hong Chau, Alison Oliver, Owen Cooper, Shazad Latif, Martin Clunes, Ewan Mitchell, Amy Morgan, Jessica Knappett, Charlotte Mellington, Vy Nguyen","Adaptada a todo tipo de formatos en multitud de ocasiones, se trata de una trágica historia de pasiones encontradas en la Inglaterra rural más conservadora. Una historia de venganza y odio, de pasiones desatadas y amores desesperados que van más allá de la muerte ambientada en los brumosos y sombríos páramos de Yorkshire, al norte de Inglaterra."
CUMBRES BORRASCOSAS,Emerald Fennell,135,11,21:45,2026-02-25,Renoir Princesa,https://www.pillalas.com/pase/1055939/,https://www.cinesrenoir.com/pelicula/cumbres-borrascosas/,https://media.pillalas.com/imagenes/726afb526abffa83abe8577deb3c0674bd352fd2b0500497b1d5570f2dd570487210fc4e.jpg,Inglés,No recomendada para menores de 16 años,Viernes 13 Febrero 2026,"Margot Robbie, Jacob Elordi, Hong Chau, Alison Oliver, Owen Cooper, Shazad Latif, Martin Clunes, Ewan Mitchell, Amy Morgan, Jessica Knappett, Charlotte Mellington, Vy Nguyen","Adaptada a todo tipo de formatos en multitud de ocasiones, se trata de una trágica historia de pasiones encontradas en la Inglaterra rural más conservadora. Una historia de venganza y odio, de pasiones desatadas y amores desesperados que van más allá de la muerte ambientada en los brumosos y sombríos páramos de Yorkshire, al norte de Inglaterra."
EL AGENTE SECRETO,Kleber Mendonça Filho,160,04,16:00,2026-02-25,Renoir Princesa,https://www.pillalas.com/pase/1055829/,https://www.cinesrenoir.com/pelicula/el-agente-secreto/,https://media.pillalas.com/imagenes/726afb526abffa83bdba0b90e98cf11293bcd8b9c8be1af817aa6c045cd8f479730f7511.jpg,Portugués,No recomendada para menores de 16 años,Viernes 20 Febrero 2026,"Wagner Moura, Gabriel Leone, Udo Kier, Maria Fernanda Cândido","1977. En un Brasil atormentado por la dictadura militar, Marcelo, un cuarentón que huye de un pasado turbulento, llega a la ciudad de Recife, donde espera construir una nueva vida y reencontrarse con su hijo. Todo se complica cuando descubre que las fuerzas gubernamentales le persiguen y las amenazas de muerte se ciernen sobre su cabeza."
EL AGENTE SECRETO,Kleber Mendonça Filho,160,06,17:15,2026-02-25,Renoir Princesa,https://www.pillalas.com/pase/1055833/,https://www.cinesrenoir.com/pelicula/el-agente-secreto/,https://media.pillalas.com/imagenes/726afb526abffa83bdba0b90e98cf11293bcd8b9c8be1af817aa6c045cd8f479730f7511.jpg,Portugués,No recomendada para menores de 16 años,Viernes 20 Febrero 2026,"Wagner Moura, Gabriel Leone, Udo Kier, Maria Fernanda Cândido","1977. En un Brasil atormentado por la dictadura militar, Marcelo, un cuarentón que huye de un pasado turbulento, llega a la ciudad de Recife, donde espera construir una nueva vida y reencontrarse con su hijo. Todo se complica cuando descubre que las fuerzas gubernamentales le persiguen y las amenazas de muerte se ciernen sobre su cabeza."
EL AGENTE SECRETO,Kleber Mendonça Filho,160,04,18:55,2026-02-25,Renoir Princesa,https://www.pillalas.com/pase/1055836/,https://www.cinesrenoir.com/pelicula/el-agente-secreto/,https://media.pillalas.com/imagenes/726afb526abffa83bdba0b90e98cf11293bcd8b9c8be1af817aa6c045cd8f479730f7511.jpg,Portugués,No recomendada para menores de 16 años,Viernes 20 Febrero 2026,"Wagner Moura, Gabriel Leone, Udo Kier, Maria Fernanda Cândido","1977. En un Brasil atormentado por la dictadura militar, Marcelo, un cuarentón que huye de un pasado turbulento, llega a la ciudad de Recife, donde espera construir una nueva vida y reencontrarse con su hijo. Todo se complica cuando descubre que las fuerzas gubernamentales le persiguen y las amenazas de muerte se ciernen sobre su cabeza."
EL AGENTE SECRETO,Kleber Mendonça Filho,160,06,20:15,2026-02-25,Renoir Princesa,https://www.pillalas.com/pase/1055840/,https://www.cinesrenoir.com/pelicula/el-agente-secreto/,https://media.pillalas.com/imagenes/726afb526abffa83bdba0b90e98cf11293bcd8b9c8be1af817aa6c045cd8f479730f7511.jpg,Portugués,No recomendada para menores de 16 años,Viernes 20 Febrero 2026,"Wagner Moura, Gabriel Leone, Udo Kier, Maria Fernanda Cândido","1977. En un Brasil atormentado por la dictadura militar, Marcelo, un cuarentón que huye de un pasado turbulento, llega a la ciudad de Recife, donde espera construir una nueva vida y reencontrarse con su hijo. Todo se complica cuando descubre que las fuerzas gubernamentales le persiguen y las amenazas de muerte se ciernen sobre su cabeza."
EL AGENTE SECRETO,Kleber Mendonça Filho,160,04,21:50,2026-02-25,Renoir Princesa,https://www.pillalas.com/pase/1055843/,https://www.cinesrenoir.com/pelicula/el-agente-secreto/,https://media.pillalas.com/imagenes/726afb526abffa83bdba0b90e98cf11293bcd8b9c8be1af817aa6c045cd8f479730f7511.jpg,Portugués,No recomendada para menores de 16 años,Viernes 20 Febrero 2026,"Wagner Moura, Gabriel Leone, Udo Kier, Maria Fernanda Cândido","1977. En un Brasil atormentado por la dictadura militar, Marcelo, un cuarentón que huye de un pasado turbulento, llega a la ciudad de Recife, donde espera construir una nueva vida y reencontrarse con su hijo. Todo se complica cuando descubre que las fuerzas gubernamentales le persiguen y las amenazas de muerte se ciernen sobre su cabeza."
HAMNET,Chloé Zhao,125,02,16:00,2026-02-25,Renoir Princesa,https://www.pillalas.com/pase/1055728/,https://www.cinesrenoir.com/pelicula/hamnet/,https://www.cinesrenoir.com/media/Peliculas/Cartel/HAMNET_Cartel_Digital_8Nominaciones_Oscar_YaEnCines_v2_2.jpg,Inglés,No recomendada para menores de 12 años,Viernes 23 Enero 2026,"Jessie Buckley, Paul Mescal, Joe Alwyn, Emily Watson","Año 1596, Stratford-upon-Avon, Inglaterra. La vida de Agnes transcurre plácidamente junto a su marido y sus tres hijos. Ella cultiva plantas medicinales mientras William trabaja en Londres. El destino, sin embargo, les reservará un duro golpe cuando su hijo Hamnet, de once años, muera repentinamente tras contraer la peste. A raíz de esta tragedia, su padre creará uno de los grandes personajes de la literatura universal, de nombre casi idéntico al de su hijo.


Pero esta película no habla de famosos sucesos sino de algo íntimo y olvidado: La vida de esta familia, y especialmente la de la mujer que la sostenía y que tuvo que cargar con una insoportable pérdida."
HAMNET,Chloé Zhao,125,05,17:40,2026-02-25,Renoir Princesa,https://www.pillalas.com/pase/1055834/,https://www.cinesrenoir.com/pelicula/hamnet/,https://www.cinesrenoir.com/media/Peliculas/Cartel/HAMNET_Cartel_Digital_8Nominaciones_Oscar_YaEnCines_v2_2.jpg,Inglés,No recomendada para menores de 12 años,Viernes 23 Enero 2026,"Jessie Buckley, Paul Mescal, Joe Alwyn, Emily Watson","Año 1596, Stratford-upon-Avon, Inglaterra. La vida de Agnes transcurre plácidamente junto a su marido y sus tres hijos. Ella cultiva plantas medicinales mientras William trabaja en Londres. El destino, sin embargo, les reservará un duro golpe cuando su hijo Hamnet, de once años, muera repentinamente tras contraer la peste. A raíz de esta tragedia, su padre creará uno de los grandes personajes de la literatura universal, de nombre casi idéntico al de su hijo.


Pero esta película no habla de famosos sucesos sino de algo íntimo y olvidado: La vida de esta familia, y especialmente la de la mujer que la sostenía y que tuvo que cargar con una insoportable pérdida."
HAMNET,Chloé Zhao,125,05,20:00,2026-02-25,Renoir Princesa,https://www.pillalas.com/pase/1055839/,https://www.cinesrenoir.com/pelicula/hamnet/,https://www.cinesrenoir.com/media/Peliculas/Cartel/HAMNET_Cartel_Digital_8Nominaciones_Oscar_YaEnCines_v2_2.jpg,Inglés,No recomendada para menores de 12 años,Viernes 23 Enero 2026,"Jessie Buckley, Paul Mescal, Joe Alwyn, Emily Watson","Año 1596, Stratford-upon-Avon, Inglaterra. La vida de Agnes transcurre plácidamente junto a su marido y sus tres hijos. Ella cultiva plantas medicinales mientras William trabaja en Londres. El destino, sin embargo, les reservará un duro golpe cuando su hijo Hamnet, de once años, muera repentinamente tras contraer la peste. A raíz de esta tragedia, su padre creará uno de los grandes personajes de la literatura universal, de nombre casi idéntico al de su hijo.


Pero esta película no habla de famosos sucesos sino de algo íntimo y olvidado: La vida de esta familia, y especialmente la de la mujer que la sostenía y que tuvo que cargar con una insoportable pérdida."
HAMNET,Chloé Zhao,125,05,22:20,2026-02-25,Renoir Princesa,https://www.pillalas.com/pase/1055845/,https://www.cinesrenoir.com/pelicula/hamnet/,https://www.cinesrenoir.com/media/Peliculas/Cartel/HAMNET_Cartel_Digital_8Nominaciones_Oscar_YaEnCines_v2_2.jpg,Inglés,No recomendada para menores de 12 años,Viernes 23 Enero 2026,"Jessie Buckley, Paul Mescal, Joe Alwyn, Emily Watson","Año 1596, Stratford-upon-Avon, Inglaterra. La vida de Agnes transcurre plácidamente junto a su marido y sus tres hijos. Ella cultiva plantas medicinales mientras William trabaja en Londres. El destino, sin embargo, les reservará un duro golpe cuando su hijo Hamnet, de once años, muera repentinamente tras contraer la peste. A raíz de esta tragedia, su padre creará uno de los grandes personajes de la literatura universal, de nombre casi idéntico al de su hijo.


Pero esta película no habla de famosos sucesos sino de algo íntimo y olvidado: La vida de esta familia, y especialmente la de la mujer que la sostenía y que tuvo que cargar con una insoportable pérdida."
LA CENA,Manolo Gómez Pereira,106,01,16:00,2026-02-25,Renoir Princesa,https://www.pillalas.com/pase/1055727/,https://www.cinesrenoir.com/pelicula/la-cena/,https://media.pillalas.com/imagenes/726afb526abffa83bd9f9bd0a673888f9a4e8309cfbd282ee88c3ecfb89c16c49bdbf298.jpg,Castellano,No recomendada para menores de 12 años,Viernes 17 Octubre 2025,"Mario Casas, Alberto San Juan, Asier Etxeandia, Nora Hernández, Óscar Lasarte, Martín Páez, Elvira Mínguez, Carlos Serrano, Carmen Balagué, Eva Ugarte, Antonio Resines","15 de abril, 1939. Dos semanas después de acabar la Guerra Civil, Franco propone celebrar la victoria con una cena en el Hotel Palace junto a todos sus generales. Lo que no saben es que la cena la prepararán unos cocineros republicanos que están ante su última oportunidad de huir del país."
LA FIERA,Salvador Calvo,113,08,20:15,2026-02-25,Renoir Princesa,https://www.pillalas.com/pase/1055936/,https://www.cinesrenoir.com/pelicula/la-fiera/,https://media.pillalas.com/imagenes/726afb526abffa8343633e6b05b980b9f611ecb2408114b64c8947a46b46933a151a5185.jpg,Castellano,No recomendada para menores de 12 años,Viernes 6 Febrero 2026,"Carlos Cuevas, Miguel Bernardeau, Miguel Ángel Silvestre, Candela González, Stéphanie Magnin, David Marcé, José Manuel Poga","Carlos, Darío y Armando, aficionados a los deportes extremos, descubren la experiencia más cercana a volar: el salto B.A.S.E. con traje de alas. “La Fiera” es la historia de estos amantes del riesgo: un relato real contado desde sus miedos y anhelos; un viaje duro y fascinante, lleno de vértigo y peligro... que también nos conecta con la camaradería y la amistad.
Un viaje épico alimentado por la lucha contra uno mismo."
LITTLE AMELIE,"Mailys Vallade, Liane-Cho Han Jin Kuang",77,05,16:00,2026-02-25,Renoir Princesa,https://www.pillalas.com/pase/1055830/,https://www.cinesrenoir.com/pelicula/little-amelie/,https://media.pillalas.com/imagenes/726afb526abffa830cf602187f6a0774a2be2cd024be305aa13f298deb2bd3128a88c8e7.jpg,Francés,Pendiente de calificación,Viernes 20 Febrero 2026,Animación,"Amélie es una niña belga nacida en Japón. Gracias a su amiga y niñera Nishio-san, su vida es una sucesión de aventuras y descubrimientos. Pero el día de su tercer cumpleaños, todo cambia."
LITTLE AMELIE,"Mailys Vallade, Liane-Cho Han Jin Kuang",77,02,18:25,2026-02-25,Renoir Princesa,https://www.pillalas.com/pase/1055730/,https://www.cinesrenoir.com/pelicula/little-amelie/,https://media.pillalas.com/imagenes/726afb526abffa830cf602187f6a0774a2be2cd024be305aa13f298deb2bd3128a88c8e7.jpg,Francés,Pendiente de calificación,Viernes 20 Febrero 2026,Animación,"Amélie es una niña belga nacida en Japón. Gracias a su amiga y niñera Nishio-san, su vida es una sucesión de aventuras y descubrimientos. Pero el día de su tercer cumpleaños, todo cambia."
LOS DOMINGOS,Alauda Ruiz De Azúa,115,08,16:00,2026-02-25,Renoir Princesa,https://www.pillalas.com/pase/1055929/,https://www.cinesrenoir.com/pelicula/los-domingos/,https://media.pillalas.com/imagenes/726afb526abffa83eb13c84b6e843cdf406388aa12cc57b934b6e5ab1c8e2d84ce9ad1f4.jpg,Castellano,No recomendada para menores de 12 años,Viernes 24 Octubre 2025,"Patricia López Arnaiz, Blanca Soroa, Miguel Garcés, Juan Minujín, Mabel Rivera, Nagore Aramburu","'Los domingos' cuenta la historia de Ainara (Soroa), una joven idealista y brillante de 17 años que ha de decidir qué carrera universitaria estudiará. O, al menos, eso espera su familia que haga. Sin embargo, la joven manifiesta que se siente cada vez más cerca de Dios y que se plantea abrazar la vida de monja de clausura. La noticia pilla por sorpresa a toda la familia provocando un abismo y una prueba de fuego para todos."
LOS DOMINGOS,Alauda Ruiz De Azúa,115,01,18:00,2026-02-25,Renoir Princesa,https://www.pillalas.com/pase/1055729/,https://www.cinesrenoir.com/pelicula/los-domingos/,https://media.pillalas.com/imagenes/726afb526abffa83eb13c84b6e843cdf406388aa12cc57b934b6e5ab1c8e2d84ce9ad1f4.jpg,Castellano,No recomendada para menores de 12 años,Viernes 24 Octubre 2025,"Patricia López Arnaiz, Blanca Soroa, Miguel Garcés, Juan Minujín, Mabel Rivera, Nagore Aramburu","'Los domingos' cuenta la historia de Ainara (Soroa), una joven idealista y brillante de 17 años que ha de decidir qué carrera universitaria estudiará. O, al menos, eso espera su familia que haga. Sin embargo, la joven manifiesta que se siente cada vez más cerca de Dios y que se plantea abrazar la vida de monja de clausura. La noticia pilla por sorpresa a toda la familia provocando un abismo y una prueba de fuego para todos."
LOS DOMINGOS,Alauda Ruiz De Azúa,115,01,20:15,2026-02-25,Renoir Princesa,https://www.pillalas.com/pase/1055731/,https://www.cinesrenoir.com/pelicula/los-domingos/,https://media.pillalas.com/imagenes/726afb526abffa83eb13c84b6e843cdf406388aa12cc57b934b6e5ab1c8e2d84ce9ad1f4.jpg,Castellano,No recomendada para menores de 12 años,Viernes 24 Octubre 2025,"Patricia López Arnaiz, Blanca Soroa, Miguel Garcés, Juan Minujín, Mabel Rivera, Nagore Aramburu","'Los domingos' cuenta la historia de Ainara (Soroa), una joven idealista y brillante de 17 años que ha de decidir qué carrera universitaria estudiará. O, al menos, eso espera su familia que haga. Sin embargo, la joven manifiesta que se siente cada vez más cerca de Dios y que se plantea abrazar la vida de monja de clausura. La noticia pilla por sorpresa a toda la familia provocando un abismo y una prueba de fuego para todos."
LOS DOMINGOS,Alauda Ruiz De Azúa,115,01,22:30,2026-02-25,Renoir Princesa,https://www.pillalas.com/pase/1055732/,https://www.cinesrenoir.com/pelicula/los-domingos/,https://media.pillalas.com/imagenes/726afb526abffa83eb13c84b6e843cdf406388aa12cc57b934b6e5ab1c8e2d84ce9ad1f4.jpg,Castellano,No recomendada para menores de 12 años,Viernes 24 Octubre 2025,"Patricia López Arnaiz, Blanca Soroa, Miguel Garcés, Juan Minujín, Mabel Rivera, Nagore Aramburu","'Los domingos' cuenta la historia de Ainara (Soroa), una joven idealista y brillante de 17 años que ha de decidir qué carrera universitaria estudiará. O, al menos, eso espera su familia que haga. Sin embargo, la joven manifiesta que se siente cada vez más cerca de Dios y que se plantea abrazar la vida de monja de clausura. La noticia pilla por sorpresa a toda la familia provocando un abismo y una prueba de fuego para todos."
MARTY SUPREME,Josh Safdie,149,10,16:00,2026-02-25,Renoir Princesa,https://www.pillalas.com/pase/1055930/,https://www.cinesrenoir.com/pelicula/marty-supreme/,https://media.pillalas.com/imagenes/726afb526abffa83215ea8a89c8894fb1ac44e6c3b86faba19f84e195b42d541304dcb79.jpg,Inglés,No recomendada para menores de 16 años,Viernes 30 Enero 2026,"Timothee Chalamet, Gwyneth Paltrow, Odessa A Zion, Sandra Bernhard, Fran Drescher, Abel Ferrara, Spenser Granese, Tyler The Creator, Penn Jillette, Kevin O Leary","Marty Mauser (Timothée Chalamet), un joven con una ambición desmesurada, está dispuesto a todo para cumplir su sueño. Con ayuda, entre otros, de la estrella de cine Carol Dunne (Gwyneth Paltrow) demostrará al mundo entero su grandeza."
MARTY SUPREME,Josh Safdie,149,10,18:50,2026-02-25,Renoir Princesa,https://www.pillalas.com/pase/1055934/,https://www.cinesrenoir.com/pelicula/marty-supreme/,https://media.pillalas.com/imagenes/726afb526abffa83215ea8a89c8894fb1ac44e6c3b86faba19f84e195b42d541304dcb79.jpg,Inglés,No recomendada para menores de 16 años,Viernes 30 Enero 2026,"Timothee Chalamet, Gwyneth Paltrow, Odessa A Zion, Sandra Bernhard, Fran Drescher, Abel Ferrara, Spenser Granese, Tyler The Creator, Penn Jillette, Kevin O Leary","Marty Mauser (Timothée Chalamet), un joven con una ambición desmesurada, está dispuesto a todo para cumplir su sueño. Con ayuda, entre otros, de la estrella de cine Carol Dunne (Gwyneth Paltrow) demostrará al mundo entero su grandeza."
MARTY SUPREME,Josh Safdie,149,10,21:35,2026-02-25,Renoir Princesa,https://www.pillalas.com/pase/1055938/,https://www.cinesrenoir.com/pelicula/marty-supreme/,https://media.pillalas.com/imagenes/726afb526abffa83215ea8a89c8894fb1ac44e6c3b86faba19f84e195b42d541304dcb79.jpg,Inglés,No recomendada para menores de 16 años,Viernes 30 Enero 2026,"Timothee Chalamet, Gwyneth Paltrow, Odessa A Zion, Sandra Bernhard, Fran Drescher, Abel Ferrara, Spenser Granese, Tyler The Creator, Penn Jillette, Kevin O Leary","Marty Mauser (Timothée Chalamet), un joven con una ambición desmesurada, está dispuesto a todo para cumplir su sueño. Con ayuda, entre otros, de la estrella de cine Carol Dunne (Gwyneth Paltrow) demostrará al mundo entero su grandeza."
RENTAL FAMILY (FAMILIA DE ALQUILER),Mitsuyo Miyazaki,109,09,16:00,2026-02-25,Renoir Princesa,https://www.pillalas.com/pase/1055928/,https://www.cinesrenoir.com/pelicula/rental-family-familia-de-alquiler/,https://media.pillalas.com/imagenes/726afb526abffa8354fd8d551fddc8b6f2c37df750c002f9f65d59d1707b603c58f3211d.jpg,Inglés Y Japonés,No recomendada para menores de 12 años,Viernes 9 Enero 2026,"Brendan Fraser, Mari Yamamoto, Takehiro Hira, Akira Emoto, Shannon Gorman","Comedia dramática sobre un actor estadounidense (Brendan Fraser) que lucha por encontrar un propósito en la vida en el Tokio actual. Hasta que consigue un trabajo inusual, trabajar para una agencia japonesa de ""familias de alquiler"", interpretando papeles de suplente para desconocidos."
RENTAL FAMILY (FAMILIA DE ALQUILER),Mitsuyo Miyazaki,109,08,18:10,2026-02-25,Renoir Princesa,https://www.pillalas.com/pase/1055933/,https://www.cinesrenoir.com/pelicula/rental-family-familia-de-alquiler/,https://media.pillalas.com/imagenes/726afb526abffa8354fd8d551fddc8b6f2c37df750c002f9f65d59d1707b603c58f3211d.jpg,Inglés Y Japonés,No recomendada para menores de 12 años,Viernes 9 Enero 2026,"Brendan Fraser, Mari Yamamoto, Takehiro Hira, Akira Emoto, Shannon Gorman","Comedia dramática sobre un actor estadounidense (Brendan Fraser) que lucha por encontrar un propósito en la vida en el Tokio actual. Hasta que consigue un trabajo inusual, trabajar para una agencia japonesa de ""familias de alquiler"", interpretando papeles de suplente para desconocidos."
SIN CONEXIÓN,Bradley Cooper Cooper,120,03,16:10,2026-02-25,Renoir Princesa,https://www.pillalas.com/pase/1055832/,https://www.cinesrenoir.com/pelicula/sin-conexion/,https://media.pillalas.com/imagenes/726afb526abffa832172609433a0fdb98ea954f3904a127b5015f2f2335b6b1b2f7219c3.jpg,Inglés,No recomendada para menores de 12 años,Viernes 20 Febrero 2026,"Will Arnett, Laura Dern, Andra Day, Bradley Cooper, Amy Sedaris, Sean Hayes, Christine Ebersole, Ciarán Hinds, Scott Icenogle","Mientras su matrimonio se desmorona silenciosamente, Alex (Will Arnett) se enfrenta a la mediana edad y a un divorcio inminente, buscando un nuevo propósito en el mundo de la comedia neoyorquina, mientras que Tess (Laura Dern) se enfrenta a los sacrificios que ha hecho por su familia, lo que les obliga a lidiar con la crianza compartida, la identidad y si el amor puede adoptar una nueva forma."
SIN CONEXIÓN,Bradley Cooper Cooper,120,03,19:00,2026-02-25,Renoir Princesa,https://www.pillalas.com/pase/1055837/,https://www.cinesrenoir.com/pelicula/sin-conexion/,https://media.pillalas.com/imagenes/726afb526abffa832172609433a0fdb98ea954f3904a127b5015f2f2335b6b1b2f7219c3.jpg,Inglés,No recomendada para menores de 12 años,Viernes 20 Febrero 2026,"Will Arnett, Laura Dern, Andra Day, Bradley Cooper, Amy Sedaris, Sean Hayes, Christine Ebersole, Ciarán Hinds, Scott Icenogle","Mientras su matrimonio se desmorona silenciosamente, Alex (Will Arnett) se enfrenta a la mediana edad y a un divorcio inminente, buscando un nuevo propósito en el mundo de la comedia neoyorquina, mientras que Tess (Laura Dern) se enfrenta a los sacrificios que ha hecho por su familia, lo que les obliga a lidiar con la crianza compartida, la identidad y si el amor puede adoptar una nueva forma."
SIN CONEXIÓN,Bradley Cooper Cooper,120,03,21:30,2026-02-25,Renoir Princesa,https://www.pillalas.com/pase/1055842/,https://www.cinesrenoir.com/pelicula/sin-conexion/,https://media.pillalas.com/imagenes/726afb526abffa832172609433a0fdb98ea954f3904a127b5015f2f2335b6b1b2f7219c3.jpg,Inglés,No recomendada para menores de 12 años,Viernes 20 Febrero 2026,"Will Arnett, Laura Dern, Andra Day, Bradley Cooper, Amy Sedaris, Sean Hayes, Christine Ebersole, Ciarán Hinds, Scott Icenogle","Mientras su matrimonio se desmorona silenciosamente, Alex (Will Arnett) se enfrenta a la mediana edad y a un divorcio inminente, buscando un nuevo propósito en el mundo de la comedia neoyorquina, mientras que Tess (Laura Dern) se enfrenta a los sacrificios que ha hecho por su familia, lo que les obliga a lidiar con la crianza compartida, la identidad y si el amor puede adoptar una nueva forma."
SIRAT,Óliver Laxe,120,02,20:00,2026-02-25,Renoir Princesa,https://www.pillalas.com/pase/1055838/,https://www.cinesrenoir.com/pelicula/sirat/,https://www.cinesrenoir.com/media/Peliculas/Cartel/SIRAT_ONLINE_GOYAOSCARS.jpg,Castellano Y Otros,No recomendada para menores de 16 años,Viernes 6 Junio 2025,"Sergi López, Bruno Núñez, Stefania Gadda, Joshua Liam Herderson, Tonin Javier, Jade Ouki, Richard Bellamyun","Un hombre (López) y su hijo (Nuñez) llegan a una rave perdida en medio de las áridas y fantasmagóricas montañas del sur de Marruecos. Buscan allí a Mar, su hija y hermana, desaparecida hace meses en una de estas fiestas sin amanecer. Reparten una y otra vez su foto rodeados de música electrónica y de un tipo de libertad que desconocen. Empujados por el destino, y con la esperanza de encontrar ahí a Mar, deciden seguir a un grupo de raveros hacia la última fiesta que se celebrará en el desierto."
SIRAT,Óliver Laxe,120,02,22:20,2026-02-25,Renoir Princesa,https://www.pillalas.com/pase/1055844/,https://www.cinesrenoir.com/pelicula/sirat/,https://www.cinesrenoir.com/media/Peliculas/Cartel/SIRAT_ONLINE_GOYAOSCARS.jpg,Castellano Y Otros,No recomendada para menores de 16 años,Viernes 6 Junio 2025,"Sergi López, Bruno Núñez, Stefania Gadda, Joshua Liam Herderson, Tonin Javier, Jade Ouki, Richard Bellamyun","Un hombre (López) y su hijo (Nuñez) llegan a una rave perdida en medio de las áridas y fantasmagóricas montañas del sur de Marruecos. Buscan allí a Mar, su hija y hermana, desaparecida hace meses en una de estas fiestas sin amanecer. Reparten una y otra vez su foto rodeados de música electrónica y de un tipo de libertad que desconocen. Empujados por el destino, y con la esperanza de encontrar ahí a Mar, deciden seguir a un grupo de raveros hacia la última fiesta que se celebrará en el desierto."
TRES ADIOSES,Isabel Coixet,122,07,16:00,2026-02-25,Renoir Princesa,https://www.pillalas.com/pase/1055831/,https://www.cinesrenoir.com/pelicula/tres-adioses/,https://media.pillalas.com/imagenes/726afb526abffa832ea2a44a189894de905fc7e94534a8bf4ef6bf13e5ccdfe90922c22e.jpg,Italiano,No recomendada para menores de 12 años,Viernes 6 Febrero 2026,"Alba Rohrwacher, Elio Germano, Francesco Carril, Silvia D Amico, Galatea Bellugi, Sarita Choudhury","Tras lo que parecía una discusión sin importancia, Marta (Alba Rohrwacher) y Antonio (Elio Germano) se separan. Él, un chef prometedor, se refugia en sus fogones; ella, en su silencio, empieza a notar algo más que tristeza: ha perdido el apetito… y no solo por desamor. Cuando descubre que detrás hay un problema de salud, todo da un giro inesperado: la comida sabe mejor, la música le llega como nunca y el deseo despierta sus ganas de vivir sin miedo.
Una historia sobre el amor, la vida y esos momentos que lo cambian todo para siempre."
TRES ADIOSES,Isabel Coixet,122,07,18:15,2026-02-25,Renoir Princesa,https://www.pillalas.com/pase/1055835/,https://www.cinesrenoir.com/pelicula/tres-adioses/,https://media.pillalas.com/imagenes/726afb526abffa832ea2a44a189894de905fc7e94534a8bf4ef6bf13e5ccdfe90922c22e.jpg,Italiano,No recomendada para menores de 12 años,Viernes 6 Febrero 2026,"Alba Rohrwacher, Elio Germano, Francesco Carril, Silvia D Amico, Galatea Bellugi, Sarita Choudhury","Tras lo que parecía una discusión sin importancia, Marta (Alba Rohrwacher) y Antonio (Elio Germano) se separan. Él, un chef prometedor, se refugia en sus fogones; ella, en su silencio, empieza a notar algo más que tristeza: ha perdido el apetito… y no solo por desamor. Cuando descubre que detrás hay un problema de salud, todo da un giro inesperado: la comida sabe mejor, la música le llega como nunca y el deseo despierta sus ganas de vivir sin miedo.
Una historia sobre el amor, la vida y esos momentos que lo cambian todo para siempre."
TRES ADIOSES,Isabel Coixet,122,07,20:30,2026-02-25,Renoir Princesa,https://www.pillalas.com/pase/1055841/,https://www.cinesrenoir.com/pelicula/tres-adioses/,https://media.pillalas.com/imagenes/726afb526abffa832ea2a44a189894de905fc7e94534a8bf4ef6bf13e5ccdfe90922c22e.jpg,Italiano,No recomendada para menores de 12 años,Viernes 6 Febrero 2026,"Alba Rohrwacher, Elio Germano, Francesco Carril, Silvia D Amico, Galatea Bellugi, Sarita Choudhury","Tras lo que parecía una discusión sin importancia, Marta (Alba Rohrwacher) y Antonio (Elio Germano) se separan. Él, un chef prometedor, se refugia en sus fogones; ella, en su silencio, empieza a notar algo más que tristeza: ha perdido el apetito… y no solo por desamor. Cuando descubre que detrás hay un problema de salud, todo da un giro inesperado: la comida sabe mejor, la música le llega como nunca y el deseo despierta sus ganas de vivir sin miedo.
Una historia sobre el amor, la vida y esos momentos que lo cambian todo para siempre."
TRES ADIOSES,Isabel Coixet,122,08,22:25,2026-02-25,Renoir Princesa,https://www.pillalas.com/pase/1055940/,https://www.cinesrenoir.com/pelicula/tres-adioses/,https://media.pillalas.com/imagenes/726afb526abffa832ea2a44a189894de905fc7e94534a8bf4ef6bf13e5ccdfe90922c22e.jpg,Italiano,No recomendada para menores de 12 años,Viernes 6 Febrero 2026,"Alba Rohrwacher, Elio Germano, Francesco Carril, Silvia D Amico, Galatea Bellugi, Sarita Choudhury","Tras lo que parecía una discusión sin importancia, Marta (Alba Rohrwacher) y Antonio (Elio Germano) se separan. Él, un chef prometedor, se refugia en sus fogones; ella, en su silencio, empieza a notar algo más que tristeza: ha perdido el apetito… y no solo por desamor. Cuando descubre que detrás hay un problema de salud, todo da un giro inesperado: la comida sabe mejor, la música le llega como nunca y el deseo despierta sus ganas de vivir sin miedo.
Una historia sobre el amor, la vida y esos momentos que lo cambian todo para siempre."
AÍDA Y VUELTA,Paco León,90,07,22:45,2026-02-26,Renoir Princesa,https://www.pillalas.com/pase/1055864/,https://www.cinesrenoir.com/pelicula/aida-y-vuelta/,https://media.pillalas.com/imagenes/726afb526abffa8347d3f6e8043971b5b5a22f68100535465137cdcd8a815fa00441c58f.jpg,Castellano,No recomendada para menores de 12 años,Viernes 30 Enero 2026,"Carmen Machi, Paco León, Miren Ibarguren, Mariano Peña, Eduardo Casanova, Pepe Viyuela, Melani Olivares, Canco Rodríguez, Secun De La Rosa, David Castillo, Marisol Ayuso, Pepa Rus, Óscar Reyes, Adrián Gordillo","""Aída y vuelta"", el largometraje, aborda el rodaje de un capítulo de la serie con tramas que transcurren tanto dentro de la ficción con los personajes de ""Aída"", como fuera de ella con los propios actores y sus relaciones, yendo más allá y dando pie a reflexionar sobre temas como los límites del humor, del trabajo del cómico y la fama."
CUMBRES BORRASCOSAS,Emerald Fennell,135,11,16:10,2026-02-26,Renoir Princesa,https://www.pillalas.com/pase/1055944/,https://www.cinesrenoir.com/pelicula/cumbres-borrascosas/,https://media.pillalas.com/imagenes/726afb526abffa83abe8577deb3c0674bd352fd2b0500497b1d5570f2dd570487210fc4e.jpg,Inglés,No recomendada para menores de 16 años,Viernes 13 Febrero 2026,"Margot Robbie, Jacob Elordi, Hong Chau, Alison Oliver, Owen Cooper, Shazad Latif, Martin Clunes, Ewan Mitchell, Amy Morgan, Jessica Knappett, Charlotte Mellington, Vy Nguyen","Adaptada a todo tipo de formatos en multitud de ocasiones, se trata de una trágica historia de pasiones encontradas en la Inglaterra rural más conservadora. Una historia de venganza y odio, de pasiones desatadas y amores desesperados que van más allá de la muerte ambientada en los brumosos y sombríos páramos de Yorkshire, al norte de Inglaterra."
CUMBRES BORRASCOSAS,Emerald Fennell,135,09,18:00,2026-02-26,Renoir Princesa,https://www.pillalas.com/pase/1055945/,https://www.cinesrenoir.com/pelicula/cumbres-borrascosas/,https://media.pillalas.com/imagenes/726afb526abffa83abe8577deb3c0674bd352fd2b0500497b1d5570f2dd570487210fc4e.jpg,Inglés,No recomendada para menores de 16 años,Viernes 13 Febrero 2026,"Margot Robbie, Jacob Elordi, Hong Chau, Alison Oliver, Owen Cooper, Shazad Latif, Martin Clunes, Ewan Mitchell, Amy Morgan, Jessica Knappett, Charlotte Mellington, Vy Nguyen","Adaptada a todo tipo de formatos en multitud de ocasiones, se trata de una trágica historia de pasiones encontradas en la Inglaterra rural más conservadora. Una historia de venganza y odio, de pasiones desatadas y amores desesperados que van más allá de la muerte ambientada en los brumosos y sombríos páramos de Yorkshire, al norte de Inglaterra."
CUMBRES BORRASCOSAS,Emerald Fennell,135,11,19:00,2026-02-26,Renoir Princesa,https://www.pillalas.com/pase/1055948/,https://www.cinesrenoir.com/pelicula/cumbres-borrascosas/,https://media.pillalas.com/imagenes/726afb526abffa83abe8577deb3c0674bd352fd2b0500497b1d5570f2dd570487210fc4e.jpg,Inglés,No recomendada para menores de 16 años,Viernes 13 Febrero 2026,"Margot Robbie, Jacob Elordi, Hong Chau, Alison Oliver, Owen Cooper, Shazad Latif, Martin Clunes, Ewan Mitchell, Amy Morgan, Jessica Knappett, Charlotte Mellington, Vy Nguyen","Adaptada a todo tipo de formatos en multitud de ocasiones, se trata de una trágica historia de pasiones encontradas en la Inglaterra rural más conservadora. Una historia de venganza y odio, de pasiones desatadas y amores desesperados que van más allá de la muerte ambientada en los brumosos y sombríos páramos de Yorkshire, al norte de Inglaterra."
CUMBRES BORRASCOSAS,Emerald Fennell,135,09,20:30,2026-02-26,Renoir Princesa,https://www.pillalas.com/pase/1055950/,https://www.cinesrenoir.com/pelicula/cumbres-borrascosas/,https://media.pillalas.com/imagenes/726afb526abffa83abe8577deb3c0674bd352fd2b0500497b1d5570f2dd570487210fc4e.jpg,Inglés,No recomendada para menores de 16 años,Viernes 13 Febrero 2026,"Margot Robbie, Jacob Elordi, Hong Chau, Alison Oliver, Owen Cooper, Shazad Latif, Martin Clunes, Ewan Mitchell, Amy Morgan, Jessica Knappett, Charlotte Mellington, Vy Nguyen","Adaptada a todo tipo de formatos en multitud de ocasiones, se trata de una trágica historia de pasiones encontradas en la Inglaterra rural más conservadora. Una historia de venganza y odio, de pasiones desatadas y amores desesperados que van más allá de la muerte ambientada en los brumosos y sombríos páramos de Yorkshire, al norte de Inglaterra."
CUMBRES BORRASCOSAS,Emerald Fennell,135,11,21:45,2026-02-26,Renoir Princesa,https://www.pillalas.com/pase/1055952/,https://www.cinesrenoir.com/pelicula/cumbres-borrascosas/,https://media.pillalas.com/imagenes/726afb526abffa83abe8577deb3c0674bd352fd2b0500497b1d5570f2dd570487210fc4e.jpg,Inglés,No recomendada para menores de 16 años,Viernes 13 Febrero 2026,"Margot Robbie, Jacob Elordi, Hong Chau, Alison Oliver, Owen Cooper, Shazad Latif, Martin Clunes, Ewan Mitchell, Amy Morgan, Jessica Knappett, Charlotte Mellington, Vy Nguyen","Adaptada a todo tipo de formatos en multitud de ocasiones, se trata de una trágica historia de pasiones encontradas en la Inglaterra rural más conservadora. Una historia de venganza y odio, de pasiones desatadas y amores desesperados que van más allá de la muerte ambientada en los brumosos y sombríos páramos de Yorkshire, al norte de Inglaterra."
EL AGENTE SECRETO,Kleber Mendonça Filho,160,04,16:00,2026-02-26,Renoir Princesa,https://www.pillalas.com/pase/1055848/,https://www.cinesrenoir.com/pelicula/el-agente-secreto/,https://media.pillalas.com/imagenes/726afb526abffa83bdba0b90e98cf11293bcd8b9c8be1af817aa6c045cd8f479730f7511.jpg,Portugués,No recomendada para menores de 16 años,Viernes 20 Febrero 2026,"Wagner Moura, Gabriel Leone, Udo Kier, Maria Fernanda Cândido","1977. En un Brasil atormentado por la dictadura militar, Marcelo, un cuarentón que huye de un pasado turbulento, llega a la ciudad de Recife, donde espera construir una nueva vida y reencontrarse con su hijo. Todo se complica cuando descubre que las fuerzas gubernamentales le persiguen y las amenazas de muerte se ciernen sobre su cabeza."
EL AGENTE SECRETO,Kleber Mendonça Filho,160,06,17:15,2026-02-26,Renoir Princesa,https://www.pillalas.com/pase/1055851/,https://www.cinesrenoir.com/pelicula/el-agente-secreto/,https://media.pillalas.com/imagenes/726afb526abffa83bdba0b90e98cf11293bcd8b9c8be1af817aa6c045cd8f479730f7511.jpg,Portugués,No recomendada para menores de 16 años,Viernes 20 Febrero 2026,"Wagner Moura, Gabriel Leone, Udo Kier, Maria Fernanda Cândido","1977. En un Brasil atormentado por la dictadura militar, Marcelo, un cuarentón que huye de un pasado turbulento, llega a la ciudad de Recife, donde espera construir una nueva vida y reencontrarse con su hijo. Todo se complica cuando descubre que las fuerzas gubernamentales le persiguen y las amenazas de muerte se ciernen sobre su cabeza."
EL AGENTE SECRETO,Kleber Mendonça Filho,160,04,18:55,2026-02-26,Renoir Princesa,https://www.pillalas.com/pase/1055854/,https://www.cinesrenoir.com/pelicula/el-agente-secreto/,https://media.pillalas.com/imagenes/726afb526abffa83bdba0b90e98cf11293bcd8b9c8be1af817aa6c045cd8f479730f7511.jpg,Portugués,No recomendada para menores de 16 años,Viernes 20 Febrero 2026,"Wagner Moura, Gabriel Leone, Udo Kier, Maria Fernanda Cândido","1977. En un Brasil atormentado por la dictadura militar, Marcelo, un cuarentón que huye de un pasado turbulento, llega a la ciudad de Recife, donde espera construir una nueva vida y reencontrarse con su hijo. Todo se complica cuando descubre que las fuerzas gubernamentales le persiguen y las amenazas de muerte se ciernen sobre su cabeza."
EL AGENTE SECRETO,Kleber Mendonça Filho,160,06,20:15,2026-02-26,Renoir Princesa,https://www.pillalas.com/pase/1055858/,https://www.cinesrenoir.com/pelicula/el-agente-secreto/,https://media.pillalas.com/imagenes/726afb526abffa83bdba0b90e98cf11293bcd8b9c8be1af817aa6c045cd8f479730f7511.jpg,Portugués,No recomendada para menores de 16 años,Viernes 20 Febrero 2026,"Wagner Moura, Gabriel Leone, Udo Kier, Maria Fernanda Cândido","1977. En un Brasil atormentado por la dictadura militar, Marcelo, un cuarentón que huye de un pasado turbulento, llega a la ciudad de Recife, donde espera construir una nueva vida y reencontrarse con su hijo. Todo se complica cuando descubre que las fuerzas gubernamentales le persiguen y las amenazas de muerte se ciernen sobre su cabeza."
EL AGENTE SECRETO,Kleber Mendonça Filho,160,04,21:50,2026-02-26,Renoir Princesa,https://www.pillalas.com/pase/1055861/,https://www.cinesrenoir.com/pelicula/el-agente-secreto/,https://media.pillalas.com/imagenes/726afb526abffa83bdba0b90e98cf11293bcd8b9c8be1af817aa6c045cd8f479730f7511.jpg,Portugués,No recomendada para menores de 16 años,Viernes 20 Febrero 2026,"Wagner Moura, Gabriel Leone, Udo Kier, Maria Fernanda Cândido","1977. En un Brasil atormentado por la dictadura militar, Marcelo, un cuarentón que huye de un pasado turbulento, llega a la ciudad de Recife, donde espera construir una nueva vida y reencontrarse con su hijo. Todo se complica cuando descubre que las fuerzas gubernamentales le persiguen y las amenazas de muerte se ciernen sobre su cabeza."
HAMNET,Chloé Zhao,125,02,16:00,2026-02-26,Renoir Princesa,https://www.pillalas.com/pase/1055734/,https://www.cinesrenoir.com/pelicula/hamnet/,https://www.cinesrenoir.com/media/Peliculas/Cartel/HAMNET_Cartel_Digital_8Nominaciones_Oscar_YaEnCines_v2_2.jpg,Inglés,No recomendada para menores de 12 años,Viernes 23 Enero 2026,"Jessie Buckley, Paul Mescal, Joe Alwyn, Emily Watson","Año 1596, Stratford-upon-Avon, Inglaterra. La vida de Agnes transcurre plácidamente junto a su marido y sus tres hijos. Ella cultiva plantas medicinales mientras William trabaja en Londres. El destino, sin embargo, les reservará un duro golpe cuando su hijo Hamnet, de once años, muera repentinamente tras contraer la peste. A raíz de esta tragedia, su padre creará uno de los grandes personajes de la literatura universal, de nombre casi idéntico al de su hijo.


Pero esta película no habla de famosos sucesos sino de algo íntimo y olvidado: La vida de esta familia, y especialmente la de la mujer que la sostenía y que tuvo que cargar con una insoportable pérdida."
HAMNET,Chloé Zhao,125,05,17:40,2026-02-26,Renoir Princesa,https://www.pillalas.com/pase/1055852/,https://www.cinesrenoir.com/pelicula/hamnet/,https://www.cinesrenoir.com/media/Peliculas/Cartel/HAMNET_Cartel_Digital_8Nominaciones_Oscar_YaEnCines_v2_2.jpg,Inglés,No recomendada para menores de 12 años,Viernes 23 Enero 2026,"Jessie Buckley, Paul Mescal, Joe Alwyn, Emily Watson","Año 1596, Stratford-upon-Avon, Inglaterra. La vida de Agnes transcurre plácidamente junto a su marido y sus tres hijos. Ella cultiva plantas medicinales mientras William trabaja en Londres. El destino, sin embargo, les reservará un duro golpe cuando su hijo Hamnet, de once años, muera repentinamente tras contraer la peste. A raíz de esta tragedia, su padre creará uno de los grandes personajes de la literatura universal, de nombre casi idéntico al de su hijo.


Pero esta película no habla de famosos sucesos sino de algo íntimo y olvidado: La vida de esta familia, y especialmente la de la mujer que la sostenía y que tuvo que cargar con una insoportable pérdida."
HAMNET,Chloé Zhao,125,05,20:00,2026-02-26,Renoir Princesa,https://www.pillalas.com/pase/1055856/,https://www.cinesrenoir.com/pelicula/hamnet/,https://www.cinesrenoir.com/media/Peliculas/Cartel/HAMNET_Cartel_Digital_8Nominaciones_Oscar_YaEnCines_v2_2.jpg,Inglés,No recomendada para menores de 12 años,Viernes 23 Enero 2026,"Jessie Buckley, Paul Mescal, Joe Alwyn, Emily Watson","Año 1596, Stratford-upon-Avon, Inglaterra. La vida de Agnes transcurre plácidamente junto a su marido y sus tres hijos. Ella cultiva plantas medicinales mientras William trabaja en Londres. El destino, sin embargo, les reservará un duro golpe cuando su hijo Hamnet, de once años, muera repentinamente tras contraer la peste. A raíz de esta tragedia, su padre creará uno de los grandes personajes de la literatura universal, de nombre casi idéntico al de su hijo.


Pero esta película no habla de famosos sucesos sino de algo íntimo y olvidado: La vida de esta familia, y especialmente la de la mujer que la sostenía y que tuvo que cargar con una insoportable pérdida."
HAMNET,Chloé Zhao,125,05,22:20,2026-02-26,Renoir Princesa,https://www.pillalas.com/pase/1055862/,https://www.cinesrenoir.com/pelicula/hamnet/,https://www.cinesrenoir.com/media/Peliculas/Cartel/HAMNET_Cartel_Digital_8Nominaciones_Oscar_YaEnCines_v2_2.jpg,Inglés,No recomendada para menores de 12 años,Viernes 23 Enero 2026,"Jessie Buckley, Paul Mescal, Joe Alwyn, Emily Watson","Año 1596, Stratford-upon-Avon, Inglaterra. La vida de Agnes transcurre plácidamente junto a su marido y sus tres hijos. Ella cultiva plantas medicinales mientras William trabaja en Londres. El destino, sin embargo, les reservará un duro golpe cuando su hijo Hamnet, de once años, muera repentinamente tras contraer la peste. A raíz de esta tragedia, su padre creará uno de los grandes personajes de la literatura universal, de nombre casi idéntico al de su hijo.


Pero esta película no habla de famosos sucesos sino de algo íntimo y olvidado: La vida de esta familia, y especialmente la de la mujer que la sostenía y que tuvo que cargar con una insoportable pérdida."
LA CENA,Manolo Gómez Pereira,106,01,16:00,2026-02-26,Renoir Princesa,https://www.pillalas.com/pase/1055733/,https://www.cinesrenoir.com/pelicula/la-cena/,https://media.pillalas.com/imagenes/726afb526abffa83bd9f9bd0a673888f9a4e8309cfbd282ee88c3ecfb89c16c49bdbf298.jpg,Castellano,No recomendada para menores de 12 años,Viernes 17 Octubre 2025,"Mario Casas, Alberto San Juan, Asier Etxeandia, Nora Hernández, Óscar Lasarte, Martín Páez, Elvira Mínguez, Carlos Serrano, Carmen Balagué, Eva Ugarte, Antonio Resines","15 de abril, 1939. Dos semanas después de acabar la Guerra Civil, Franco propone celebrar la victoria con una cena en el Hotel Palace junto a todos sus generales. Lo que no saben es que la cena la prepararán unos cocineros republicanos que están ante su última oportunidad de huir del país."
LA FIERA,Salvador Calvo,113,08,20:15,2026-02-26,Renoir Princesa,https://www.pillalas.com/pase/1055949/,https://www.cinesrenoir.com/pelicula/la-fiera/,https://media.pillalas.com/imagenes/726afb526abffa8343633e6b05b980b9f611ecb2408114b64c8947a46b46933a151a5185.jpg,Castellano,No recomendada para menores de 12 años,Viernes 6 Febrero 2026,"Carlos Cuevas, Miguel Bernardeau, Miguel Ángel Silvestre, Candela González, Stéphanie Magnin, David Marcé, José Manuel Poga","Carlos, Darío y Armando, aficionados a los deportes extremos, descubren la experiencia más cercana a volar: el salto B.A.S.E. con traje de alas. “La Fiera” es la historia de estos amantes del riesgo: un relato real contado desde sus miedos y anhelos; un viaje duro y fascinante, lleno de vértigo y peligro... que también nos conecta con la camaradería y la amistad.
Un viaje épico alimentado por la lucha contra uno mismo."
LA MATANZA DE TEXAS [WILDER CINEMA],Tobe Hooper,83,07,20:30,2026-02-26,Renoir Princesa,https://www.pillalas.com/pase/1056424/,https://www.cinesrenoir.com/pelicula/la-matanza-de-texas-wilder-cinema/,https://media.pillalas.com/imagenes/726afb526abffa831e05295bd6c08b54142784c53700b5c75c33859982bf18396823948d.jpg,Inglés,No recomendada para menores de 18 años,Jueves 26 Febrero 2026,Marilyn Burns - Allen Dazinger - Paul A. Partain - William Vail - Teri Mcminn - Edwin Neal - Gunnar Hansen,"Cruda, incómoda y brutalmente eficaz, La matanza de Texas redefinió el cine de terror moderno con una propuesta radicalmente realista. Tobe Hooper construye una pesadilla seca y sofocante que impacta más por su atmósfera que por lo explícito. Convertida en película de culto e influencia clave para generaciones de cineastas, sigue siendo una experiencia extrema que demuestra el poder del cine independiente llevado al límite.“Una de las películas más influyentes del terror.” — Fotogramas“Sucia, incómoda y magistral.” — El País“Una experiencia extrema.” — Cinemanía“Terror puro y primitivo.” — The Guardian“Un clásico incuestionable.” — Empire"
LITTLE AMELIE,"Mailys Vallade, Liane-Cho Han Jin Kuang",77,05,16:00,2026-02-26,Renoir Princesa,https://www.pillalas.com/pase/1055847/,https://www.cinesrenoir.com/pelicula/little-amelie/,https://media.pillalas.com/imagenes/726afb526abffa830cf602187f6a0774a2be2cd024be305aa13f298deb2bd3128a88c8e7.jpg,Francés,Pendiente de calificación,Viernes 20 Febrero 2026,Animación,"Amélie es una niña belga nacida en Japón. Gracias a su amiga y niñera Nishio-san, su vida es una sucesión de aventuras y descubrimientos. Pero el día de su tercer cumpleaños, todo cambia."
LITTLE AMELIE,"Mailys Vallade, Liane-Cho Han Jin Kuang",77,02,18:25,2026-02-26,Renoir Princesa,https://www.pillalas.com/pase/1055736/,https://www.cinesrenoir.com/pelicula/little-amelie/,https://media.pillalas.com/imagenes/726afb526abffa830cf602187f6a0774a2be2cd024be305aa13f298deb2bd3128a88c8e7.jpg,Francés,Pendiente de calificación,Viernes 20 Febrero 2026,Animación,"Amélie es una niña belga nacida en Japón. Gracias a su amiga y niñera Nishio-san, su vida es una sucesión de aventuras y descubrimientos. Pero el día de su tercer cumpleaños, todo cambia."
LOS DOMINGOS,Alauda Ruiz De Azúa,115,08,16:00,2026-02-26,Renoir Princesa,https://www.pillalas.com/pase/1055942/,https://www.cinesrenoir.com/pelicula/los-domingos/,https://media.pillalas.com/imagenes/726afb526abffa83eb13c84b6e843cdf406388aa12cc57b934b6e5ab1c8e2d84ce9ad1f4.jpg,Castellano,No recomendada para menores de 12 años,Viernes 24 Octubre 2025,"Patricia López Arnaiz, Blanca Soroa, Miguel Garcés, Juan Minujín, Mabel Rivera, Nagore Aramburu","'Los domingos' cuenta la historia de Ainara (Soroa), una joven idealista y brillante de 17 años que ha de decidir qué carrera universitaria estudiará. O, al menos, eso espera su familia que haga. Sin embargo, la joven manifiesta que se siente cada vez más cerca de Dios y que se plantea abrazar la vida de monja de clausura. La noticia pilla por sorpresa a toda la familia provocando un abismo y una prueba de fuego para todos."
LOS DOMINGOS,Alauda Ruiz De Azúa,115,01,18:00,2026-02-26,Renoir Princesa,https://www.pillalas.com/pase/1055735/,https://www.cinesrenoir.com/pelicula/los-domingos/,https://media.pillalas.com/imagenes/726afb526abffa83eb13c84b6e843cdf406388aa12cc57b934b6e5ab1c8e2d84ce9ad1f4.jpg,Castellano,No recomendada para menores de 12 años,Viernes 24 Octubre 2025,"Patricia López Arnaiz, Blanca Soroa, Miguel Garcés, Juan Minujín, Mabel Rivera, Nagore Aramburu","'Los domingos' cuenta la historia de Ainara (Soroa), una joven idealista y brillante de 17 años que ha de decidir qué carrera universitaria estudiará. O, al menos, eso espera su familia que haga. Sin embargo, la joven manifiesta que se siente cada vez más cerca de Dios y que se plantea abrazar la vida de monja de clausura. La noticia pilla por sorpresa a toda la familia provocando un abismo y una prueba de fuego para todos."
LOS DOMINGOS,Alauda Ruiz De Azúa,115,01,20:15,2026-02-26,Renoir Princesa,https://www.pillalas.com/pase/1055737/,https://www.cinesrenoir.com/pelicula/los-domingos/,https://media.pillalas.com/imagenes/726afb526abffa83eb13c84b6e843cdf406388aa12cc57b934b6e5ab1c8e2d84ce9ad1f4.jpg,Castellano,No recomendada para menores de 12 años,Viernes 24 Octubre 2025,"Patricia López Arnaiz, Blanca Soroa, Miguel Garcés, Juan Minujín, Mabel Rivera, Nagore Aramburu","'Los domingos' cuenta la historia de Ainara (Soroa), una joven idealista y brillante de 17 años que ha de decidir qué carrera universitaria estudiará. O, al menos, eso espera su familia que haga. Sin embargo, la joven manifiesta que se siente cada vez más cerca de Dios y que se plantea abrazar la vida de monja de clausura. La noticia pilla por sorpresa a toda la familia provocando un abismo y una prueba de fuego para todos."
LOS DOMINGOS,Alauda Ruiz De Azúa,115,01,22:30,2026-02-26,Renoir Princesa,https://www.pillalas.com/pase/1055738/,https://www.cinesrenoir.com/pelicula/los-domingos/,https://media.pillalas.com/imagenes/726afb526abffa83eb13c84b6e843cdf406388aa12cc57b934b6e5ab1c8e2d84ce9ad1f4.jpg,Castellano,No recomendada para menores de 12 años,Viernes 24 Octubre 2025,"Patricia López Arnaiz, Blanca Soroa, Miguel Garcés, Juan Minujín, Mabel Rivera, Nagore Aramburu","'Los domingos' cuenta la historia de Ainara (Soroa), una joven idealista y brillante de 17 años que ha de decidir qué carrera universitaria estudiará. O, al menos, eso espera su familia que haga. Sin embargo, la joven manifiesta que se siente cada vez más cerca de Dios y que se plantea abrazar la vida de monja de clausura. La noticia pilla por sorpresa a toda la familia provocando un abismo y una prueba de fuego para todos."
MARTY SUPREME,Josh Safdie,149,10,16:00,2026-02-26,Renoir Princesa,https://www.pillalas.com/pase/1055943/,https://www.cinesrenoir.com/pelicula/marty-supreme/,https://media.pillalas.com/imagenes/726afb526abffa83215ea8a89c8894fb1ac44e6c3b86faba19f84e195b42d541304dcb79.jpg,Inglés,No recomendada para menores de 16 años,Viernes 30 Enero 2026,"Timothee Chalamet, Gwyneth Paltrow, Odessa A Zion, Sandra Bernhard, Fran Drescher, Abel Ferrara, Spenser Granese, Tyler The Creator, Penn Jillette, Kevin O Leary","Marty Mauser (Timothée Chalamet), un joven con una ambición desmesurada, está dispuesto a todo para cumplir su sueño. Con ayuda, entre otros, de la estrella de cine Carol Dunne (Gwyneth Paltrow) demostrará al mundo entero su grandeza."
MARTY SUPREME,Josh Safdie,149,10,18:50,2026-02-26,Renoir Princesa,https://www.pillalas.com/pase/1055947/,https://www.cinesrenoir.com/pelicula/marty-supreme/,https://media.pillalas.com/imagenes/726afb526abffa83215ea8a89c8894fb1ac44e6c3b86faba19f84e195b42d541304dcb79.jpg,Inglés,No recomendada para menores de 16 años,Viernes 30 Enero 2026,"Timothee Chalamet, Gwyneth Paltrow, Odessa A Zion, Sandra Bernhard, Fran Drescher, Abel Ferrara, Spenser Granese, Tyler The Creator, Penn Jillette, Kevin O Leary","Marty Mauser (Timothée Chalamet), un joven con una ambición desmesurada, está dispuesto a todo para cumplir su sueño. Con ayuda, entre otros, de la estrella de cine Carol Dunne (Gwyneth Paltrow) demostrará al mundo entero su grandeza."
MARTY SUPREME,Josh Safdie,149,10,21:35,2026-02-26,Renoir Princesa,https://www.pillalas.com/pase/1055951/,https://www.cinesrenoir.com/pelicula/marty-supreme/,https://media.pillalas.com/imagenes/726afb526abffa83215ea8a89c8894fb1ac44e6c3b86faba19f84e195b42d541304dcb79.jpg,Inglés,No recomendada para menores de 16 años,Viernes 30 Enero 2026,"Timothee Chalamet, Gwyneth Paltrow, Odessa A Zion, Sandra Bernhard, Fran Drescher, Abel Ferrara, Spenser Granese, Tyler The Creator, Penn Jillette, Kevin O Leary","Marty Mauser (Timothée Chalamet), un joven con una ambición desmesurada, está dispuesto a todo para cumplir su sueño. Con ayuda, entre otros, de la estrella de cine Carol Dunne (Gwyneth Paltrow) demostrará al mundo entero su grandeza."
RENTAL FAMILY (FAMILIA DE ALQUILER),Mitsuyo Miyazaki,109,09,16:00,2026-02-26,Renoir Princesa,https://www.pillalas.com/pase/1055941/,https://www.cinesrenoir.com/pelicula/rental-family-familia-de-alquiler/,https://media.pillalas.com/imagenes/726afb526abffa8354fd8d551fddc8b6f2c37df750c002f9f65d59d1707b603c58f3211d.jpg,Inglés Y Japonés,No recomendada para menores de 12 años,Viernes 9 Enero 2026,"Brendan Fraser, Mari Yamamoto, Takehiro Hira, Akira Emoto, Shannon Gorman","Comedia dramática sobre un actor estadounidense (Brendan Fraser) que lucha por encontrar un propósito en la vida en el Tokio actual. Hasta que consigue un trabajo inusual, trabajar para una agencia japonesa de ""familias de alquiler"", interpretando papeles de suplente para desconocidos."
RENTAL FAMILY (FAMILIA DE ALQUILER),Mitsuyo Miyazaki,109,08,18:10,2026-02-26,Renoir Princesa,https://www.pillalas.com/pase/1055946/,https://www.cinesrenoir.com/pelicula/rental-family-familia-de-alquiler/,https://media.pillalas.com/imagenes/726afb526abffa8354fd8d551fddc8b6f2c37df750c002f9f65d59d1707b603c58f3211d.jpg,Inglés Y Japonés,No recomendada para menores de 12 años,Viernes 9 Enero 2026,"Brendan Fraser, Mari Yamamoto, Takehiro Hira, Akira Emoto, Shannon Gorman","Comedia dramática sobre un actor estadounidense (Brendan Fraser) que lucha por encontrar un propósito en la vida en el Tokio actual. Hasta que consigue un trabajo inusual, trabajar para una agencia japonesa de ""familias de alquiler"", interpretando papeles de suplente para desconocidos."
SIN CONEXIÓN,Bradley Cooper Cooper,120,03,16:10,2026-02-26,Renoir Princesa,https://www.pillalas.com/pase/1055850/,https://www.cinesrenoir.com/pelicula/sin-conexion/,https://media.pillalas.com/imagenes/726afb526abffa832172609433a0fdb98ea954f3904a127b5015f2f2335b6b1b2f7219c3.jpg,Inglés,No recomendada para menores de 12 años,Viernes 20 Febrero 2026,"Will Arnett, Laura Dern, Andra Day, Bradley Cooper, Amy Sedaris, Sean Hayes, Christine Ebersole, Ciarán Hinds, Scott Icenogle","Mientras su matrimonio se desmorona silenciosamente, Alex (Will Arnett) se enfrenta a la mediana edad y a un divorcio inminente, buscando un nuevo propósito en el mundo de la comedia neoyorquina, mientras que Tess (Laura Dern) se enfrenta a los sacrificios que ha hecho por su familia, lo que les obliga a lidiar con la crianza compartida, la identidad y si el amor puede adoptar una nueva forma."
SIN CONEXIÓN,Bradley Cooper Cooper,120,03,19:00,2026-02-26,Renoir Princesa,https://www.pillalas.com/pase/1055855/,https://www.cinesrenoir.com/pelicula/sin-conexion/,https://media.pillalas.com/imagenes/726afb526abffa832172609433a0fdb98ea954f3904a127b5015f2f2335b6b1b2f7219c3.jpg,Inglés,No recomendada para menores de 12 años,Viernes 20 Febrero 2026,"Will Arnett, Laura Dern, Andra Day, Bradley Cooper, Amy Sedaris, Sean Hayes, Christine Ebersole, Ciarán Hinds, Scott Icenogle","Mientras su matrimonio se desmorona silenciosamente, Alex (Will Arnett) se enfrenta a la mediana edad y a un divorcio inminente, buscando un nuevo propósito en el mundo de la comedia neoyorquina, mientras que Tess (Laura Dern) se enfrenta a los sacrificios que ha hecho por su familia, lo que les obliga a lidiar con la crianza compartida, la identidad y si el amor puede adoptar una nueva forma."
SIN CONEXIÓN,Bradley Cooper Cooper,120,03,21:30,2026-02-26,Renoir Princesa,https://www.pillalas.com/pase/1055860/,https://www.cinesrenoir.com/pelicula/sin-conexion/,https://media.pillalas.com/imagenes/726afb526abffa832172609433a0fdb98ea954f3904a127b5015f2f2335b6b1b2f7219c3.jpg,Inglés,No recomendada para menores de 12 años,Viernes 20 Febrero 2026,"Will Arnett, Laura Dern, Andra Day, Bradley Cooper, Amy Sedaris, Sean Hayes, Christine Ebersole, Ciarán Hinds, Scott Icenogle","Mientras su matrimonio se desmorona silenciosamente, Alex (Will Arnett) se enfrenta a la mediana edad y a un divorcio inminente, buscando un nuevo propósito en el mundo de la comedia neoyorquina, mientras que Tess (Laura Dern) se enfrenta a los sacrificios que ha hecho por su familia, lo que les obliga a lidiar con la crianza compartida, la identidad y si el amor puede adoptar una nueva forma."
SIRAT,Óliver Laxe,120,02,20:00,2026-02-26,Renoir Princesa,https://www.pillalas.com/pase/1055857/,https://www.cinesrenoir.com/pelicula/sirat/,https://www.cinesrenoir.com/media/Peliculas/Cartel/SIRAT_ONLINE_GOYAOSCARS.jpg,Castellano Y Otros,No recomendada para menores de 16 años,Viernes 6 Junio 2025,"Sergi López, Bruno Núñez, Stefania Gadda, Joshua Liam Herderson, Tonin Javier, Jade Ouki, Richard Bellamyun","Un hombre (López) y su hijo (Nuñez) llegan a una rave perdida en medio de las áridas y fantasmagóricas montañas del sur de Marruecos. Buscan allí a Mar, su hija y hermana, desaparecida hace meses en una de estas fiestas sin amanecer. Reparten una y otra vez su foto rodeados de música electrónica y de un tipo de libertad que desconocen. Empujados por el destino, y con la esperanza de encontrar ahí a Mar, deciden seguir a un grupo de raveros hacia la última fiesta que se celebrará en el desierto."
SIRAT,Óliver Laxe,120,02,22:20,2026-02-26,Renoir Princesa,https://www.pillalas.com/pase/1055863/,https://www.cinesrenoir.com/pelicula/sirat/,https://www.cinesrenoir.com/media/Peliculas/Cartel/SIRAT_ONLINE_GOYAOSCARS.jpg,Castellano Y Otros,No recomendada para menores de 16 años,Viernes 6 Junio 2025,"Sergi López, Bruno Núñez, Stefania Gadda, Joshua Liam Herderson, Tonin Javier, Jade Ouki, Richard Bellamyun","Un hombre (López) y su hijo (Nuñez) llegan a una rave perdida en medio de las áridas y fantasmagóricas montañas del sur de Marruecos. Buscan allí a Mar, su hija y hermana, desaparecida hace meses en una de estas fiestas sin amanecer. Reparten una y otra vez su foto rodeados de música electrónica y de un tipo de libertad que desconocen. Empujados por el destino, y con la esperanza de encontrar ahí a Mar, deciden seguir a un grupo de raveros hacia la última fiesta que se celebrará en el desierto."
TRES ADIOSES,Isabel Coixet,122,07,16:00,2026-02-26,Renoir Princesa,https://www.pillalas.com/pase/1055849/,https://www.cinesrenoir.com/pelicula/tres-adioses/,https://media.pillalas.com/imagenes/726afb526abffa832ea2a44a189894de905fc7e94534a8bf4ef6bf13e5ccdfe90922c22e.jpg,Italiano,No recomendada para menores de 12 años,Viernes 6 Febrero 2026,"Alba Rohrwacher, Elio Germano, Francesco Carril, Silvia D Amico, Galatea Bellugi, Sarita Choudhury","Tras lo que parecía una discusión sin importancia, Marta (Alba Rohrwacher) y Antonio (Elio Germano) se separan. Él, un chef prometedor, se refugia en sus fogones; ella, en su silencio, empieza a notar algo más que tristeza: ha perdido el apetito… y no solo por desamor. Cuando descubre que detrás hay un problema de salud, todo da un giro inesperado: la comida sabe mejor, la música le llega como nunca y el deseo despierta sus ganas de vivir sin miedo.
Una historia sobre el amor, la vida y esos momentos que lo cambian todo para siempre."
TRES ADIOSES,Isabel Coixet,122,07,18:15,2026-02-26,Renoir Princesa,https://www.pillalas.com/pase/1055853/,https://www.cinesrenoir.com/pelicula/tres-adioses/,https://media.pillalas.com/imagenes/726afb526abffa832ea2a44a189894de905fc7e94534a8bf4ef6bf13e5ccdfe90922c22e.jpg,Italiano,No recomendada para menores de 12 años,Viernes 6 Febrero 2026,"Alba Rohrwacher, Elio Germano, Francesco Carril, Silvia D Amico, Galatea Bellugi, Sarita Choudhury","Tras lo que parecía una discusión sin importancia, Marta (Alba Rohrwacher) y Antonio (Elio Germano) se separan. Él, un chef prometedor, se refugia en sus fogones; ella, en su silencio, empieza a notar algo más que tristeza: ha perdido el apetito… y no solo por desamor. Cuando descubre que detrás hay un problema de salud, todo da un giro inesperado: la comida sabe mejor, la música le llega como nunca y el deseo despierta sus ganas de vivir sin miedo.
Una historia sobre el amor, la vida y esos momentos que lo cambian todo para siempre."
TRES ADIOSES,Isabel Coixet,122,08,22:25,2026-02-26,Renoir Princesa,https://www.pillalas.com/pase/1055953/,https://www.cinesrenoir.com/pelicula/tres-adioses/,https://media.pillalas.com/imagenes/726afb526abffa832ea2a44a189894de905fc7e94534a8bf4ef6bf13e5ccdfe90922c22e.jpg,Italiano,No recomendada para menores de 12 años,Viernes 6 Febrero 2026,"Alba Rohrwacher, Elio Germano, Francesco Carril, Silvia D Amico, Galatea Bellugi, Sarita Choudhury","Tras lo que parecía una discusión sin importancia, Marta (Alba Rohrwacher) y Antonio (Elio Germano) se separan. Él, un chef prometedor, se refugia en sus fogones; ella, en su silencio, empieza a notar algo más que tristeza: ha perdido el apetito… y no solo por desamor. Cuando descubre que detrás hay un problema de salud, todo da un giro inesperado: la comida sabe mejor, la música le llega como nunca y el deseo despierta sus ganas de vivir sin miedo.
Una historia sobre el amor, la vida y esos momentos que lo cambian todo para siempre."
HISTORIAS DEL BUEN VALLE,José Luis Guerin,122,05,16:00,2026-02-19,Renoir Plaza de España,https://www.pillalas.com/pase/1054542/,https://www.cinesrenoir.com/pelicula/historias-del-buen-valle/,https://media.pillalas.com/imagenes/726afb526abffa838aaf07790a37e874c7509f5af4e227ab1664533c196269093a9c8841.jpg,Castellano,Pendiente de calificación,Viernes 13 Febrero 2026,Documental,"En el paisaje indefinido de un barrio periférico, entre el mundo rural y el urbano, coexisten las casas levantadas por los primeros migrantes, quienes llegaron de toda España tras la posguerra…, y los nuevos bloques y viviendas de la ciudad dormitorio, donde se concentra la nueva migración, convirtiendo este humilde rincón en una auténtica aldea global. Historias del buen valle es una suma de imaginarios, de conflictos sociales, generacionales e identitarios, urbanísticos y ecológicos; pero es también una mirada reposada y humanista sobre el mundo actual."
HISTORIAS DEL BUEN VALLE,José Luis Guerin,122,02,18:05,2026-02-19,Renoir Plaza de España,https://www.pillalas.com/pase/1054462/,https://www.cinesrenoir.com/pelicula/historias-del-buen-valle/,https://media.pillalas.com/imagenes/726afb526abffa838aaf07790a37e874c7509f5af4e227ab1664533c196269093a9c8841.jpg,Castellano,Pendiente de calificación,Viernes 13 Febrero 2026,Documental,"En el paisaje indefinido de un barrio periférico, entre el mundo rural y el urbano, coexisten las casas levantadas por los primeros migrantes, quienes llegaron de toda España tras la posguerra…, y los nuevos bloques y viviendas de la ciudad dormitorio, donde se concentra la nueva migración, convirtiendo este humilde rincón en una auténtica aldea global. Historias del buen valle es una suma de imaginarios, de conflictos sociales, generacionales e identitarios, urbanísticos y ecológicos; pero es también una mirada reposada y humanista sobre el mundo actual."
HISTORIAS DEL BUEN VALLE,José Luis Guerin,122,05,20:25,2026-02-19,Renoir Plaza de España,https://www.pillalas.com/pase/1054546/,https://www.cinesrenoir.com/pelicula/historias-del-buen-valle/,https://media.pillalas.com/imagenes/726afb526abffa838aaf07790a37e874c7509f5af4e227ab1664533c196269093a9c8841.jpg,Castellano,Pendiente de calificación,Viernes 13 Febrero 2026,Documental,"En el paisaje indefinido de un barrio periférico, entre el mundo rural y el urbano, coexisten las casas levantadas por los primeros migrantes, quienes llegaron de toda España tras la posguerra…, y los nuevos bloques y viviendas de la ciudad dormitorio, donde se concentra la nueva migración, convirtiendo este humilde rincón en una auténtica aldea global. Historias del buen valle es una suma de imaginarios, de conflictos sociales, generacionales e identitarios, urbanísticos y ecológicos; pero es también una mirada reposada y humanista sobre el mundo actual."
HISTORIAS DEL BUEN VALLE,José Luis Guerin,122,02,22:30,2026-02-19,Renoir Plaza de España,https://www.pillalas.com/pase/1054466/,https://www.cinesrenoir.com/pelicula/historias-del-buen-valle/,https://media.pillalas.com/imagenes/726afb526abffa838aaf07790a37e874c7509f5af4e227ab1664533c196269093a9c8841.jpg,Castellano,Pendiente de calificación,Viernes 13 Febrero 2026,Documental,"En el paisaje indefinido de un barrio periférico, entre el mundo rural y el urbano, coexisten las casas levantadas por los primeros migrantes, quienes llegaron de toda España tras la posguerra…, y los nuevos bloques y viviendas de la ciudad dormitorio, donde se concentra la nueva migración, convirtiendo este humilde rincón en una auténtica aldea global. Historias del buen valle es una suma de imaginarios, de conflictos sociales, generacionales e identitarios, urbanísticos y ecológicos; pero es también una mirada reposada y humanista sobre el mundo actual."
LA CHICA ZURDA,Shih-Ching Tsou,108,02,16:00,2026-02-19,Renoir Plaza de España,https://www.pillalas.com/pase/1054461/,https://www.cinesrenoir.com/pelicula/la-chica-zurda/,https://media.pillalas.com/imagenes/726afb526abffa83e5ee5674d1ac0b73f39c1d9ebacca7f6a4c573d6423a82f140c7a520.jpg,Mandarín,No recomendada para menores de 12 años,Viernes 30 Enero 2026,"Shi-Yuan Ma, Janel Tsai, Nina Ye, Teng-Hui Huang, Akio Chen, Blaire Chang, Xin-Yan Chao","La pequeña I-Jing corretea con curiosidad por las calles de un mercado nocturno de Taipei, entre neones, motocicletas y toda clase de puestos de comida como el que regenta su madre, que trata de sacar adelante a la niña y a su hermana mayor."
LA CHICA ZURDA,Shih-Ching Tsou,108,05,18:20,2026-02-19,Renoir Plaza de España,https://www.pillalas.com/pase/1054544/,https://www.cinesrenoir.com/pelicula/la-chica-zurda/,https://media.pillalas.com/imagenes/726afb526abffa83e5ee5674d1ac0b73f39c1d9ebacca7f6a4c573d6423a82f140c7a520.jpg,Mandarín,No recomendada para menores de 12 años,Viernes 30 Enero 2026,"Shi-Yuan Ma, Janel Tsai, Nina Ye, Teng-Hui Huang, Akio Chen, Blaire Chang, Xin-Yan Chao","La pequeña I-Jing corretea con curiosidad por las calles de un mercado nocturno de Taipei, entre neones, motocicletas y toda clase de puestos de comida como el que regenta su madre, que trata de sacar adelante a la niña y a su hermana mayor."
LA CHICA ZURDA,Shih-Ching Tsou,108,02,20:25,2026-02-19,Renoir Plaza de España,https://www.pillalas.com/pase/1054465/,https://www.cinesrenoir.com/pelicula/la-chica-zurda/,https://media.pillalas.com/imagenes/726afb526abffa83e5ee5674d1ac0b73f39c1d9ebacca7f6a4c573d6423a82f140c7a520.jpg,Mandarín,No recomendada para menores de 12 años,Viernes 30 Enero 2026,"Shi-Yuan Ma, Janel Tsai, Nina Ye, Teng-Hui Huang, Akio Chen, Blaire Chang, Xin-Yan Chao","La pequeña I-Jing corretea con curiosidad por las calles de un mercado nocturno de Taipei, entre neones, motocicletas y toda clase de puestos de comida como el que regenta su madre, que trata de sacar adelante a la niña y a su hermana mayor."
LA CHICA ZURDA,Shih-Ching Tsou,108,05,22:45,2026-02-19,Renoir Plaza de España,https://www.pillalas.com/pase/1054551/,https://www.cinesrenoir.com/pelicula/la-chica-zurda/,https://media.pillalas.com/imagenes/726afb526abffa83e5ee5674d1ac0b73f39c1d9ebacca7f6a4c573d6423a82f140c7a520.jpg,Mandarín,No recomendada para menores de 12 años,Viernes 30 Enero 2026,"Shi-Yuan Ma, Janel Tsai, Nina Ye, Teng-Hui Huang, Akio Chen, Blaire Chang, Xin-Yan Chao","La pequeña I-Jing corretea con curiosidad por las calles de un mercado nocturno de Taipei, entre neones, motocicletas y toda clase de puestos de comida como el que regenta su madre, que trata de sacar adelante a la niña y a su hermana mayor."
LA TARTA DEL PRESIDENTE,Hasan Hadi,105,03,16:00,2026-02-19,Renoir Plaza de España,https://www.pillalas.com/pase/1054540/,https://www.cinesrenoir.com/pelicula/20260219050511-la-tarta-del-presidente/,https://media.pillalas.com/imagenes/726afb526abffa83eda64f8b418bec544f18146f6ca2869a88655e1df49985337de64299.jpg,Iraquí,No recomendada para menores de 12 años,Viernes 6 Febrero 2026,"Baneen Ahmad Nayyef, Waheed Thabet Khreibat, Sajad Mohamad Qasem, Muthanna Malaghi, Ahmad Qasem Saywan, Maytham Mreidi, Rahim Alhaj, Thaer Salem, Fatima Abouharoon","Irak, años noventa. La pequeña Lamia recibe la misión de preparar una tarta con motivo del cumpleaños del presidente Sadam Huseín. Acompañada por su amigo Saeed y con su gallo Hindi a cuestas, recorre Bagdad en busca de los ingredientes, viviendo una serie de peripecias que alterarán por completo su vida cotidiana."
LA TARTA DEL PRESIDENTE,Hasan Hadi,105,01,18:10,2026-02-19,Renoir Plaza de España,https://www.pillalas.com/pase/1054463/,https://www.cinesrenoir.com/pelicula/20260219050511-la-tarta-del-presidente/,https://media.pillalas.com/imagenes/726afb526abffa83eda64f8b418bec544f18146f6ca2869a88655e1df49985337de64299.jpg,Iraquí,No recomendada para menores de 12 años,Viernes 6 Febrero 2026,"Baneen Ahmad Nayyef, Waheed Thabet Khreibat, Sajad Mohamad Qasem, Muthanna Malaghi, Ahmad Qasem Saywan, Maytham Mreidi, Rahim Alhaj, Thaer Salem, Fatima Abouharoon","Irak, años noventa. La pequeña Lamia recibe la misión de preparar una tarta con motivo del cumpleaños del presidente Sadam Huseín. Acompañada por su amigo Saeed y con su gallo Hindi a cuestas, recorre Bagdad en busca de los ingredientes, viviendo una serie de peripecias que alterarán por completo su vida cotidiana."
LA TARTA DEL PRESIDENTE,Hasan Hadi,105,03,20:35,2026-02-19,Renoir Plaza de España,https://www.pillalas.com/pase/1054547/,https://www.cinesrenoir.com/pelicula/20260219050511-la-tarta-del-presidente/,https://media.pillalas.com/imagenes/726afb526abffa83eda64f8b418bec544f18146f6ca2869a88655e1df49985337de64299.jpg,Iraquí,No recomendada para menores de 12 años,Viernes 6 Febrero 2026,"Baneen Ahmad Nayyef, Waheed Thabet Khreibat, Sajad Mohamad Qasem, Muthanna Malaghi, Ahmad Qasem Saywan, Maytham Mreidi, Rahim Alhaj, Thaer Salem, Fatima Abouharoon","Irak, años noventa. La pequeña Lamia recibe la misión de preparar una tarta con motivo del cumpleaños del presidente Sadam Huseín. Acompañada por su amigo Saeed y con su gallo Hindi a cuestas, recorre Bagdad en busca de los ingredientes, viviendo una serie de peripecias que alterarán por completo su vida cotidiana."
LA TARTA DEL PRESIDENTE,Hasan Hadi,105,01,22:45,2026-02-19,Renoir Plaza de España,https://www.pillalas.com/pase/1054467/,https://www.cinesrenoir.com/pelicula/20260219050511-la-tarta-del-presidente/,https://media.pillalas.com/imagenes/726afb526abffa83eda64f8b418bec544f18146f6ca2869a88655e1df49985337de64299.jpg,Iraquí,No recomendada para menores de 12 años,Viernes 6 Febrero 2026,"Baneen Ahmad Nayyef, Waheed Thabet Khreibat, Sajad Mohamad Qasem, Muthanna Malaghi, Ahmad Qasem Saywan, Maytham Mreidi, Rahim Alhaj, Thaer Salem, Fatima Abouharoon","Irak, años noventa. La pequeña Lamia recibe la misión de preparar una tarta con motivo del cumpleaños del presidente Sadam Huseín. Acompañada por su amigo Saeed y con su gallo Hindi a cuestas, recorre Bagdad en busca de los ingredientes, viviendo una serie de peripecias que alterarán por completo su vida cotidiana."
NO HAY OTRA OPCIÓN,Park Chan-Wook,139,04,16:00,2026-02-19,Renoir Plaza de España,https://www.pillalas.com/pase/1054541/,https://www.cinesrenoir.com/pelicula/no-hay-otra-opcion/,https://media.pillalas.com/imagenes/726afb526abffa83e98cada230d2630d116aedb31df5c86003a13faa95ff7aebd1eaf59a.jpg,Coreano,Pendiente de calificación,Viernes 13 Febrero 2026,"Lee Byung-Hun, Son Ye-Jin, Lee Sung-Min, Yeom Hye-Ran, Park Hee-Soon, Cha Seung-Won, Yoo Yeon-Seok","La historia sigue a un hombre de mediana edad llamado Man-su que se embarca decidido en una búsqueda de trabajo tras ser despedido inesperadamente de la compañía de papel en la que trabajó durante 25 años. ""Si no hay una vacante para mí, tendré que crear una para que me contraten. No hay otra opción"". Adaptación de la novela ""The Ax"" de Donald E. Westlake, que ya fue llevada al cine en la película ""Arcadia"", dirigida por Costa-Gavras en 2005."
NO HAY OTRA OPCIÓN,Park Chan-Wook,139,03,18:00,2026-02-19,Renoir Plaza de España,https://www.pillalas.com/pase/1054543/,https://www.cinesrenoir.com/pelicula/no-hay-otra-opcion/,https://media.pillalas.com/imagenes/726afb526abffa83e98cada230d2630d116aedb31df5c86003a13faa95ff7aebd1eaf59a.jpg,Coreano,Pendiente de calificación,Viernes 13 Febrero 2026,"Lee Byung-Hun, Son Ye-Jin, Lee Sung-Min, Yeom Hye-Ran, Park Hee-Soon, Cha Seung-Won, Yoo Yeon-Seok","La historia sigue a un hombre de mediana edad llamado Man-su que se embarca decidido en una búsqueda de trabajo tras ser despedido inesperadamente de la compañía de papel en la que trabajó durante 25 años. ""Si no hay una vacante para mí, tendré que crear una para que me contraten. No hay otra opción"". Adaptación de la novela ""The Ax"" de Donald E. Westlake, que ya fue llevada al cine en la película ""Arcadia"", dirigida por Costa-Gavras en 2005."
NO HAY OTRA OPCIÓN,Park Chan-Wook,139,01,20:10,2026-02-19,Renoir Plaza de España,https://www.pillalas.com/pase/1054464/,https://www.cinesrenoir.com/pelicula/no-hay-otra-opcion/,https://media.pillalas.com/imagenes/726afb526abffa83e98cada230d2630d116aedb31df5c86003a13faa95ff7aebd1eaf59a.jpg,Coreano,Pendiente de calificación,Viernes 13 Febrero 2026,"Lee Byung-Hun, Son Ye-Jin, Lee Sung-Min, Yeom Hye-Ran, Park Hee-Soon, Cha Seung-Won, Yoo Yeon-Seok","La historia sigue a un hombre de mediana edad llamado Man-su que se embarca decidido en una búsqueda de trabajo tras ser despedido inesperadamente de la compañía de papel en la que trabajó durante 25 años. ""Si no hay una vacante para mí, tendré que crear una para que me contraten. No hay otra opción"". Adaptación de la novela ""The Ax"" de Donald E. Westlake, que ya fue llevada al cine en la película ""Arcadia"", dirigida por Costa-Gavras en 2005."
NO HAY OTRA OPCIÓN,Park Chan-Wook,139,03,22:40,2026-02-19,Renoir Plaza de España,https://www.pillalas.com/pase/1054549/,https://www.cinesrenoir.com/pelicula/no-hay-otra-opcion/,https://media.pillalas.com/imagenes/726afb526abffa83e98cada230d2630d116aedb31df5c86003a13faa95ff7aebd1eaf59a.jpg,Coreano,Pendiente de calificación,Viernes 13 Febrero 2026,"Lee Byung-Hun, Son Ye-Jin, Lee Sung-Min, Yeom Hye-Ran, Park Hee-Soon, Cha Seung-Won, Yoo Yeon-Seok","La historia sigue a un hombre de mediana edad llamado Man-su que se embarca decidido en una búsqueda de trabajo tras ser despedido inesperadamente de la compañía de papel en la que trabajó durante 25 años. ""Si no hay una vacante para mí, tendré que crear una para que me contraten. No hay otra opción"". Adaptación de la novela ""The Ax"" de Donald E. Westlake, que ya fue llevada al cine en la película ""Arcadia"", dirigida por Costa-Gavras en 2005."
RONDALLAS,Daniel Sánchez Arévalo,112,01,16:00,2026-02-19,Renoir Plaza de España,https://www.pillalas.com/pase/1054460/,https://www.cinesrenoir.com/pelicula/rondallas/,https://media.pillalas.com/imagenes/726afb526abffa837e9904cf9605e92b548ae9aee41492f9aff2d6b9abb046215ab8ce23.jpg,Castellano,No recomendada para menores de 12 años,Jueves 1 Enero 2026,"Javier Gutiérrez, María Vázquez, Judith Fernández, Tamar Novas, Carlos Blanco, Fer Fraga, Xosé A. Touriñán, Marta Larralde, Lola López Rodríguez","Dos años después del trágico naufragio de un barco pesquero que sacudió a un pequeño pueblo marinero gallego, algunos miembros de la rondalla, una agrupación de música tradicional en la que participan desde niños hasta ancianos, deciden que ya es hora de recuperar la ilusión y dejar el luto atrás. Por ello vuelven a unirse para ponerla en marcha con la intención de competir en un concurso contra los pueblos vecinos, pero sobre todo de empezar a mirar hacia delante de nuevo."
RONDALLAS,Daniel Sánchez Arévalo,112,04,18:35,2026-02-19,Renoir Plaza de España,https://www.pillalas.com/pase/1054545/,https://www.cinesrenoir.com/pelicula/rondallas/,https://media.pillalas.com/imagenes/726afb526abffa837e9904cf9605e92b548ae9aee41492f9aff2d6b9abb046215ab8ce23.jpg,Castellano,No recomendada para menores de 12 años,Jueves 1 Enero 2026,"Javier Gutiérrez, María Vázquez, Judith Fernández, Tamar Novas, Carlos Blanco, Fer Fraga, Xosé A. Touriñán, Marta Larralde, Lola López Rodríguez","Dos años después del trágico naufragio de un barco pesquero que sacudió a un pequeño pueblo marinero gallego, algunos miembros de la rondalla, una agrupación de música tradicional en la que participan desde niños hasta ancianos, deciden que ya es hora de recuperar la ilusión y dejar el luto atrás. Por ello vuelven a unirse para ponerla en marcha con la intención de competir en un concurso contra los pueblos vecinos, pero sobre todo de empezar a mirar hacia delante de nuevo."
RONDALLAS,Daniel Sánchez Arévalo,112,04,20:40,2026-02-19,Renoir Plaza de España,https://www.pillalas.com/pase/1054548/,https://www.cinesrenoir.com/pelicula/rondallas/,https://media.pillalas.com/imagenes/726afb526abffa837e9904cf9605e92b548ae9aee41492f9aff2d6b9abb046215ab8ce23.jpg,Castellano,No recomendada para menores de 12 años,Jueves 1 Enero 2026,"Javier Gutiérrez, María Vázquez, Judith Fernández, Tamar Novas, Carlos Blanco, Fer Fraga, Xosé A. Touriñán, Marta Larralde, Lola López Rodríguez","Dos años después del trágico naufragio de un barco pesquero que sacudió a un pequeño pueblo marinero gallego, algunos miembros de la rondalla, una agrupación de música tradicional en la que participan desde niños hasta ancianos, deciden que ya es hora de recuperar la ilusión y dejar el luto atrás. Por ello vuelven a unirse para ponerla en marcha con la intención de competir en un concurso contra los pueblos vecinos, pero sobre todo de empezar a mirar hacia delante de nuevo."
RONDALLAS,Daniel Sánchez Arévalo,112,04,22:45,2026-02-19,Renoir Plaza de España,https://www.pillalas.com/pase/1054550/,https://www.cinesrenoir.com/pelicula/rondallas/,https://media.pillalas.com/imagenes/726afb526abffa837e9904cf9605e92b548ae9aee41492f9aff2d6b9abb046215ab8ce23.jpg,Castellano,No recomendada para menores de 12 años,Jueves 1 Enero 2026,"Javier Gutiérrez, María Vázquez, Judith Fernández, Tamar Novas, Carlos Blanco, Fer Fraga, Xosé A. Touriñán, Marta Larralde, Lola López Rodríguez","Dos años después del trágico naufragio de un barco pesquero que sacudió a un pequeño pueblo marinero gallego, algunos miembros de la rondalla, una agrupación de música tradicional en la que participan desde niños hasta ancianos, deciden que ya es hora de recuperar la ilusión y dejar el luto atrás. Por ello vuelven a unirse para ponerla en marcha con la intención de competir en un concurso contra los pueblos vecinos, pero sobre todo de empezar a mirar hacia delante de nuevo."
HISTORIAS DEL BUEN VALLE,José Luis Guerin,122,05,18:10,2026-02-20,Renoir Plaza de España,https://www.pillalas.com/pase/1055643/,https://www.cinesrenoir.com/pelicula/historias-del-buen-valle/,https://media.pillalas.com/imagenes/726afb526abffa838aaf07790a37e874c7509f5af4e227ab1664533c196269093a9c8841.jpg,Castellano,Pendiente de calificación,Viernes 13 Febrero 2026,Documental,"En el paisaje indefinido de un barrio periférico, entre el mundo rural y el urbano, coexisten las casas levantadas por los primeros migrantes, quienes llegaron de toda España tras la posguerra…, y los nuevos bloques y viviendas de la ciudad dormitorio, donde se concentra la nueva migración, convirtiendo este humilde rincón en una auténtica aldea global. Historias del buen valle es una suma de imaginarios, de conflictos sociales, generacionales e identitarios, urbanísticos y ecológicos; pero es también una mirada reposada y humanista sobre el mundo actual."
HISTORIAS DEL BUEN VALLE,José Luis Guerin,122,05,22:45,2026-02-20,Renoir Plaza de España,https://www.pillalas.com/pase/1055648/,https://www.cinesrenoir.com/pelicula/historias-del-buen-valle/,https://media.pillalas.com/imagenes/726afb526abffa838aaf07790a37e874c7509f5af4e227ab1664533c196269093a9c8841.jpg,Castellano,Pendiente de calificación,Viernes 13 Febrero 2026,Documental,"En el paisaje indefinido de un barrio periférico, entre el mundo rural y el urbano, coexisten las casas levantadas por los primeros migrantes, quienes llegaron de toda España tras la posguerra…, y los nuevos bloques y viviendas de la ciudad dormitorio, donde se concentra la nueva migración, convirtiendo este humilde rincón en una auténtica aldea global. Historias del buen valle es una suma de imaginarios, de conflictos sociales, generacionales e identitarios, urbanísticos y ecológicos; pero es también una mirada reposada y humanista sobre el mundo actual."
LA CHICA ZURDA,Shih-Ching Tsou,108,03,16:00,2026-02-20,Renoir Plaza de España,https://www.pillalas.com/pase/1055600/,https://www.cinesrenoir.com/pelicula/la-chica-zurda/,https://media.pillalas.com/imagenes/726afb526abffa83e5ee5674d1ac0b73f39c1d9ebacca7f6a4c573d6423a82f140c7a520.jpg,Mandarín,No recomendada para menores de 12 años,Viernes 30 Enero 2026,"Shi-Yuan Ma, Janel Tsai, Nina Ye, Teng-Hui Huang, Akio Chen, Blaire Chang, Xin-Yan Chao","La pequeña I-Jing corretea con curiosidad por las calles de un mercado nocturno de Taipei, entre neones, motocicletas y toda clase de puestos de comida como el que regenta su madre, que trata de sacar adelante a la niña y a su hermana mayor."
LA CHICA ZURDA,Shih-Ching Tsou,108,04,18:25,2026-02-20,Renoir Plaza de España,https://www.pillalas.com/pase/1055644/,https://www.cinesrenoir.com/pelicula/la-chica-zurda/,https://media.pillalas.com/imagenes/726afb526abffa83e5ee5674d1ac0b73f39c1d9ebacca7f6a4c573d6423a82f140c7a520.jpg,Mandarín,No recomendada para menores de 12 años,Viernes 30 Enero 2026,"Shi-Yuan Ma, Janel Tsai, Nina Ye, Teng-Hui Huang, Akio Chen, Blaire Chang, Xin-Yan Chao","La pequeña I-Jing corretea con curiosidad por las calles de un mercado nocturno de Taipei, entre neones, motocicletas y toda clase de puestos de comida como el que regenta su madre, que trata de sacar adelante a la niña y a su hermana mayor."
LA CHICA ZURDA,Shih-Ching Tsou,108,04,20:30,2026-02-20,Renoir Plaza de España,https://www.pillalas.com/pase/1055646/,https://www.cinesrenoir.com/pelicula/la-chica-zurda/,https://media.pillalas.com/imagenes/726afb526abffa83e5ee5674d1ac0b73f39c1d9ebacca7f6a4c573d6423a82f140c7a520.jpg,Mandarín,No recomendada para menores de 12 años,Viernes 30 Enero 2026,"Shi-Yuan Ma, Janel Tsai, Nina Ye, Teng-Hui Huang, Akio Chen, Blaire Chang, Xin-Yan Chao","La pequeña I-Jing corretea con curiosidad por las calles de un mercado nocturno de Taipei, entre neones, motocicletas y toda clase de puestos de comida como el que regenta su madre, que trata de sacar adelante a la niña y a su hermana mayor."
LA TARTA DEL PRESIDENTE,Hasan Hadi,105,02,16:00,2026-02-20,Renoir Plaza de España,https://www.pillalas.com/pase/1055599/,https://www.cinesrenoir.com/pelicula/20260219050511-la-tarta-del-presidente/,https://media.pillalas.com/imagenes/726afb526abffa83eda64f8b418bec544f18146f6ca2869a88655e1df49985337de64299.jpg,Iraquí,No recomendada para menores de 12 años,Viernes 6 Febrero 2026,"Baneen Ahmad Nayyef, Waheed Thabet Khreibat, Sajad Mohamad Qasem, Muthanna Malaghi, Ahmad Qasem Saywan, Maytham Mreidi, Rahim Alhaj, Thaer Salem, Fatima Abouharoon","Irak, años noventa. La pequeña Lamia recibe la misión de preparar una tarta con motivo del cumpleaños del presidente Sadam Huseín. Acompañada por su amigo Saeed y con su gallo Hindi a cuestas, recorre Bagdad en busca de los ingredientes, viviendo una serie de peripecias que alterarán por completo su vida cotidiana."
LA TARTA DEL PRESIDENTE,Hasan Hadi,105,01,18:35,2026-02-20,Renoir Plaza de España,https://www.pillalas.com/pase/1055572/,https://www.cinesrenoir.com/pelicula/20260219050511-la-tarta-del-presidente/,https://media.pillalas.com/imagenes/726afb526abffa83eda64f8b418bec544f18146f6ca2869a88655e1df49985337de64299.jpg,Iraquí,No recomendada para menores de 12 años,Viernes 6 Febrero 2026,"Baneen Ahmad Nayyef, Waheed Thabet Khreibat, Sajad Mohamad Qasem, Muthanna Malaghi, Ahmad Qasem Saywan, Maytham Mreidi, Rahim Alhaj, Thaer Salem, Fatima Abouharoon","Irak, años noventa. La pequeña Lamia recibe la misión de preparar una tarta con motivo del cumpleaños del presidente Sadam Huseín. Acompañada por su amigo Saeed y con su gallo Hindi a cuestas, recorre Bagdad en busca de los ingredientes, viviendo una serie de peripecias que alterarán por completo su vida cotidiana."
LA TARTA DEL PRESIDENTE,Hasan Hadi,105,01,20:35,2026-02-20,Renoir Plaza de España,https://www.pillalas.com/pase/1055573/,https://www.cinesrenoir.com/pelicula/20260219050511-la-tarta-del-presidente/,https://media.pillalas.com/imagenes/726afb526abffa83eda64f8b418bec544f18146f6ca2869a88655e1df49985337de64299.jpg,Iraquí,No recomendada para menores de 12 años,Viernes 6 Febrero 2026,"Baneen Ahmad Nayyef, Waheed Thabet Khreibat, Sajad Mohamad Qasem, Muthanna Malaghi, Ahmad Qasem Saywan, Maytham Mreidi, Rahim Alhaj, Thaer Salem, Fatima Abouharoon","Irak, años noventa. La pequeña Lamia recibe la misión de preparar una tarta con motivo del cumpleaños del presidente Sadam Huseín. Acompañada por su amigo Saeed y con su gallo Hindi a cuestas, recorre Bagdad en busca de los ingredientes, viviendo una serie de peripecias que alterarán por completo su vida cotidiana."
NO HAY OTRA OPCIÓN,Park Chan-Wook,139,01,16:00,2026-02-20,Renoir Plaza de España,https://www.pillalas.com/pase/1055571/,https://www.cinesrenoir.com/pelicula/no-hay-otra-opcion/,https://media.pillalas.com/imagenes/726afb526abffa83e98cada230d2630d116aedb31df5c86003a13faa95ff7aebd1eaf59a.jpg,Coreano,Pendiente de calificación,Viernes 13 Febrero 2026,"Lee Byung-Hun, Son Ye-Jin, Lee Sung-Min, Yeom Hye-Ran, Park Hee-Soon, Cha Seung-Won, Yoo Yeon-Seok","La historia sigue a un hombre de mediana edad llamado Man-su que se embarca decidido en una búsqueda de trabajo tras ser despedido inesperadamente de la compañía de papel en la que trabajó durante 25 años. ""Si no hay una vacante para mí, tendré que crear una para que me contraten. No hay otra opción"". Adaptación de la novela ""The Ax"" de Donald E. Westlake, que ya fue llevada al cine en la película ""Arcadia"", dirigida por Costa-Gavras en 2005."
NO HAY OTRA OPCIÓN,Park Chan-Wook,139,02,18:00,2026-02-20,Renoir Plaza de España,https://www.pillalas.com/pase/1055601/,https://www.cinesrenoir.com/pelicula/no-hay-otra-opcion/,https://media.pillalas.com/imagenes/726afb526abffa83e98cada230d2630d116aedb31df5c86003a13faa95ff7aebd1eaf59a.jpg,Coreano,Pendiente de calificación,Viernes 13 Febrero 2026,"Lee Byung-Hun, Son Ye-Jin, Lee Sung-Min, Yeom Hye-Ran, Park Hee-Soon, Cha Seung-Won, Yoo Yeon-Seok","La historia sigue a un hombre de mediana edad llamado Man-su que se embarca decidido en una búsqueda de trabajo tras ser despedido inesperadamente de la compañía de papel en la que trabajó durante 25 años. ""Si no hay una vacante para mí, tendré que crear una para que me contraten. No hay otra opción"". Adaptación de la novela ""The Ax"" de Donald E. Westlake, que ya fue llevada al cine en la película ""Arcadia"", dirigida por Costa-Gavras en 2005."
NO HAY OTRA OPCIÓN,Park Chan-Wook,139,02,20:35,2026-02-20,Renoir Plaza de España,https://www.pillalas.com/pase/1055604/,https://www.cinesrenoir.com/pelicula/no-hay-otra-opcion/,https://media.pillalas.com/imagenes/726afb526abffa83e98cada230d2630d116aedb31df5c86003a13faa95ff7aebd1eaf59a.jpg,Coreano,Pendiente de calificación,Viernes 13 Febrero 2026,"Lee Byung-Hun, Son Ye-Jin, Lee Sung-Min, Yeom Hye-Ran, Park Hee-Soon, Cha Seung-Won, Yoo Yeon-Seok","La historia sigue a un hombre de mediana edad llamado Man-su que se embarca decidido en una búsqueda de trabajo tras ser despedido inesperadamente de la compañía de papel en la que trabajó durante 25 años. ""Si no hay una vacante para mí, tendré que crear una para que me contraten. No hay otra opción"". Adaptación de la novela ""The Ax"" de Donald E. Westlake, que ya fue llevada al cine en la película ""Arcadia"", dirigida por Costa-Gavras en 2005."
NO HAY OTRA OPCIÓN,Park Chan-Wook,139,01,22:35,2026-02-20,Renoir Plaza de España,https://www.pillalas.com/pase/1055574/,https://www.cinesrenoir.com/pelicula/no-hay-otra-opcion/,https://media.pillalas.com/imagenes/726afb526abffa83e98cada230d2630d116aedb31df5c86003a13faa95ff7aebd1eaf59a.jpg,Coreano,Pendiente de calificación,Viernes 13 Febrero 2026,"Lee Byung-Hun, Son Ye-Jin, Lee Sung-Min, Yeom Hye-Ran, Park Hee-Soon, Cha Seung-Won, Yoo Yeon-Seok","La historia sigue a un hombre de mediana edad llamado Man-su que se embarca decidido en una búsqueda de trabajo tras ser despedido inesperadamente de la compañía de papel en la que trabajó durante 25 años. ""Si no hay una vacante para mí, tendré que crear una para que me contraten. No hay otra opción"". Adaptación de la novela ""The Ax"" de Donald E. Westlake, que ya fue llevada al cine en la película ""Arcadia"", dirigida por Costa-Gavras en 2005."
RONDALLAS,Daniel Sánchez Arévalo,112,05,16:00,2026-02-20,Renoir Plaza de España,https://www.pillalas.com/pase/1055641/,https://www.cinesrenoir.com/pelicula/rondallas/,https://media.pillalas.com/imagenes/726afb526abffa837e9904cf9605e92b548ae9aee41492f9aff2d6b9abb046215ab8ce23.jpg,Castellano,No recomendada para menores de 12 años,Jueves 1 Enero 2026,"Javier Gutiérrez, María Vázquez, Judith Fernández, Tamar Novas, Carlos Blanco, Fer Fraga, Xosé A. Touriñán, Marta Larralde, Lola López Rodríguez","Dos años después del trágico naufragio de un barco pesquero que sacudió a un pequeño pueblo marinero gallego, algunos miembros de la rondalla, una agrupación de música tradicional en la que participan desde niños hasta ancianos, deciden que ya es hora de recuperar la ilusión y dejar el luto atrás. Por ello vuelven a unirse para ponerla en marcha con la intención de competir en un concurso contra los pueblos vecinos, pero sobre todo de empezar a mirar hacia delante de nuevo."
RONDALLAS,Daniel Sánchez Arévalo,112,05,20:30,2026-02-20,Renoir Plaza de España,https://www.pillalas.com/pase/1055645/,https://www.cinesrenoir.com/pelicula/rondallas/,https://media.pillalas.com/imagenes/726afb526abffa837e9904cf9605e92b548ae9aee41492f9aff2d6b9abb046215ab8ce23.jpg,Castellano,No recomendada para menores de 12 años,Jueves 1 Enero 2026,"Javier Gutiérrez, María Vázquez, Judith Fernández, Tamar Novas, Carlos Blanco, Fer Fraga, Xosé A. Touriñán, Marta Larralde, Lola López Rodríguez","Dos años después del trágico naufragio de un barco pesquero que sacudió a un pequeño pueblo marinero gallego, algunos miembros de la rondalla, una agrupación de música tradicional en la que participan desde niños hasta ancianos, deciden que ya es hora de recuperar la ilusión y dejar el luto atrás. Por ello vuelven a unirse para ponerla en marcha con la intención de competir en un concurso contra los pueblos vecinos, pero sobre todo de empezar a mirar hacia delante de nuevo."
VALOR SENTIMENTAL,Joachim Trier,133,04,16:00,2026-02-20,Renoir Plaza de España,https://www.pillalas.com/pase/1055642/,https://www.cinesrenoir.com/pelicula/valor-sentimental/,https://media.pillalas.com/imagenes/726afb526abffa83fe1b3adc6f8909539f80c9a958e909b641f78d7648edf8e1f62ca547.jpg,Noruego E Inglés,No recomendada para menores de 12 años,Viernes 5 Diciembre 2025,"Renate Reinsve, Stellan Skarsgård, Inga Ibsdotter Lilleaas, Elle Fanning, Anders Danielsen Lie, Jesper Christensen, Lena Endre, Cory Michael Smith, Catherine Cohen, Andreas Stoltenberg Granerud, Øyvind Hesjedal Loven, Lars Väringer, Ida Marianne Vassbotn Klasson, Vilde Søyland","Las hermanas Nora y Agnes se reencuentran con su padre ausente, un director de cine muy reconocido en el pasado que ha vuelto para ofrecer a Nora el papel principal de su próxima película. Aunque ella lo rechaza, Gustav decide seguir adelante y utilizar la casa familiar como escenario de su nuevo rodaje, lo que reaviva las tensiones entre ellos, especialmente tras la llegada de una joven actriz de Hollywood que acepta el papel en su lugar. El vínculo entre las hermanas se convertirá en su mayor refugio frente a las heridas del pasado."
VALOR SENTIMENTAL,Joachim Trier,133,03,18:05,2026-02-20,Renoir Plaza de España,https://www.pillalas.com/pase/1055602/,https://www.cinesrenoir.com/pelicula/valor-sentimental/,https://media.pillalas.com/imagenes/726afb526abffa83fe1b3adc6f8909539f80c9a958e909b641f78d7648edf8e1f62ca547.jpg,Noruego E Inglés,No recomendada para menores de 12 años,Viernes 5 Diciembre 2025,"Renate Reinsve, Stellan Skarsgård, Inga Ibsdotter Lilleaas, Elle Fanning, Anders Danielsen Lie, Jesper Christensen, Lena Endre, Cory Michael Smith, Catherine Cohen, Andreas Stoltenberg Granerud, Øyvind Hesjedal Loven, Lars Väringer, Ida Marianne Vassbotn Klasson, Vilde Søyland","Las hermanas Nora y Agnes se reencuentran con su padre ausente, un director de cine muy reconocido en el pasado que ha vuelto para ofrecer a Nora el papel principal de su próxima película. Aunque ella lo rechaza, Gustav decide seguir adelante y utilizar la casa familiar como escenario de su nuevo rodaje, lo que reaviva las tensiones entre ellos, especialmente tras la llegada de una joven actriz de Hollywood que acepta el papel en su lugar. El vínculo entre las hermanas se convertirá en su mayor refugio frente a las heridas del pasado."
VALOR SENTIMENTAL,Joachim Trier,133,03,20:45,2026-02-20,Renoir Plaza de España,https://www.pillalas.com/pase/1055957/,https://www.cinesrenoir.com/pelicula/valor-sentimental/,https://media.pillalas.com/imagenes/726afb526abffa83fe1b3adc6f8909539f80c9a958e909b641f78d7648edf8e1f62ca547.jpg,Noruego E Inglés,No recomendada para menores de 12 años,Viernes 5 Diciembre 2025,"Renate Reinsve, Stellan Skarsgård, Inga Ibsdotter Lilleaas, Elle Fanning, Anders Danielsen Lie, Jesper Christensen, Lena Endre, Cory Michael Smith, Catherine Cohen, Andreas Stoltenberg Granerud, Øyvind Hesjedal Loven, Lars Väringer, Ida Marianne Vassbotn Klasson, Vilde Søyland","Las hermanas Nora y Agnes se reencuentran con su padre ausente, un director de cine muy reconocido en el pasado que ha vuelto para ofrecer a Nora el papel principal de su próxima película. Aunque ella lo rechaza, Gustav decide seguir adelante y utilizar la casa familiar como escenario de su nuevo rodaje, lo que reaviva las tensiones entre ellos, especialmente tras la llegada de una joven actriz de Hollywood que acepta el papel en su lugar. El vínculo entre las hermanas se convertirá en su mayor refugio frente a las heridas del pasado."
VALOR SENTIMENTAL,Joachim Trier,133,04,22:35,2026-02-20,Renoir Plaza de España,https://www.pillalas.com/pase/1055647/,https://www.cinesrenoir.com/pelicula/valor-sentimental/,https://media.pillalas.com/imagenes/726afb526abffa83fe1b3adc6f8909539f80c9a958e909b641f78d7648edf8e1f62ca547.jpg,Noruego E Inglés,No recomendada para menores de 12 años,Viernes 5 Diciembre 2025,"Renate Reinsve, Stellan Skarsgård, Inga Ibsdotter Lilleaas, Elle Fanning, Anders Danielsen Lie, Jesper Christensen, Lena Endre, Cory Michael Smith, Catherine Cohen, Andreas Stoltenberg Granerud, Øyvind Hesjedal Loven, Lars Väringer, Ida Marianne Vassbotn Klasson, Vilde Søyland","Las hermanas Nora y Agnes se reencuentran con su padre ausente, un director de cine muy reconocido en el pasado que ha vuelto para ofrecer a Nora el papel principal de su próxima película. Aunque ella lo rechaza, Gustav decide seguir adelante y utilizar la casa familiar como escenario de su nuevo rodaje, lo que reaviva las tensiones entre ellos, especialmente tras la llegada de una joven actriz de Hollywood que acepta el papel en su lugar. El vínculo entre las hermanas se convertirá en su mayor refugio frente a las heridas del pasado."
HISTORIAS DEL BUEN VALLE,José Luis Guerin,122,05,18:10,2026-02-21,Renoir Plaza de España,https://www.pillalas.com/pase/1055651/,https://www.cinesrenoir.com/pelicula/historias-del-buen-valle/,https://media.pillalas.com/imagenes/726afb526abffa838aaf07790a37e874c7509f5af4e227ab1664533c196269093a9c8841.jpg,Castellano,Pendiente de calificación,Viernes 13 Febrero 2026,Documental,"En el paisaje indefinido de un barrio periférico, entre el mundo rural y el urbano, coexisten las casas levantadas por los primeros migrantes, quienes llegaron de toda España tras la posguerra…, y los nuevos bloques y viviendas de la ciudad dormitorio, donde se concentra la nueva migración, convirtiendo este humilde rincón en una auténtica aldea global. Historias del buen valle es una suma de imaginarios, de conflictos sociales, generacionales e identitarios, urbanísticos y ecológicos; pero es también una mirada reposada y humanista sobre el mundo actual."
HISTORIAS DEL BUEN VALLE,José Luis Guerin,122,05,22:45,2026-02-21,Renoir Plaza de España,https://www.pillalas.com/pase/1055656/,https://www.cinesrenoir.com/pelicula/historias-del-buen-valle/,https://media.pillalas.com/imagenes/726afb526abffa838aaf07790a37e874c7509f5af4e227ab1664533c196269093a9c8841.jpg,Castellano,Pendiente de calificación,Viernes 13 Febrero 2026,Documental,"En el paisaje indefinido de un barrio periférico, entre el mundo rural y el urbano, coexisten las casas levantadas por los primeros migrantes, quienes llegaron de toda España tras la posguerra…, y los nuevos bloques y viviendas de la ciudad dormitorio, donde se concentra la nueva migración, convirtiendo este humilde rincón en una auténtica aldea global. Historias del buen valle es una suma de imaginarios, de conflictos sociales, generacionales e identitarios, urbanísticos y ecológicos; pero es también una mirada reposada y humanista sobre el mundo actual."
LA CHICA ZURDA,Shih-Ching Tsou,108,03,16:00,2026-02-21,Renoir Plaza de España,https://www.pillalas.com/pase/1055605/,https://www.cinesrenoir.com/pelicula/la-chica-zurda/,https://media.pillalas.com/imagenes/726afb526abffa83e5ee5674d1ac0b73f39c1d9ebacca7f6a4c573d6423a82f140c7a520.jpg,Mandarín,No recomendada para menores de 12 años,Viernes 30 Enero 2026,"Shi-Yuan Ma, Janel Tsai, Nina Ye, Teng-Hui Huang, Akio Chen, Blaire Chang, Xin-Yan Chao","La pequeña I-Jing corretea con curiosidad por las calles de un mercado nocturno de Taipei, entre neones, motocicletas y toda clase de puestos de comida como el que regenta su madre, que trata de sacar adelante a la niña y a su hermana mayor."
LA CHICA ZURDA,Shih-Ching Tsou,108,04,18:25,2026-02-21,Renoir Plaza de España,https://www.pillalas.com/pase/1055652/,https://www.cinesrenoir.com/pelicula/la-chica-zurda/,https://media.pillalas.com/imagenes/726afb526abffa83e5ee5674d1ac0b73f39c1d9ebacca7f6a4c573d6423a82f140c7a520.jpg,Mandarín,No recomendada para menores de 12 años,Viernes 30 Enero 2026,"Shi-Yuan Ma, Janel Tsai, Nina Ye, Teng-Hui Huang, Akio Chen, Blaire Chang, Xin-Yan Chao","La pequeña I-Jing corretea con curiosidad por las calles de un mercado nocturno de Taipei, entre neones, motocicletas y toda clase de puestos de comida como el que regenta su madre, que trata de sacar adelante a la niña y a su hermana mayor."
LA CHICA ZURDA,Shih-Ching Tsou,108,04,20:30,2026-02-21,Renoir Plaza de España,https://www.pillalas.com/pase/1055654/,https://www.cinesrenoir.com/pelicula/la-chica-zurda/,https://media.pillalas.com/imagenes/726afb526abffa83e5ee5674d1ac0b73f39c1d9ebacca7f6a4c573d6423a82f140c7a520.jpg,Mandarín,No recomendada para menores de 12 años,Viernes 30 Enero 2026,"Shi-Yuan Ma, Janel Tsai, Nina Ye, Teng-Hui Huang, Akio Chen, Blaire Chang, Xin-Yan Chao","La pequeña I-Jing corretea con curiosidad por las calles de un mercado nocturno de Taipei, entre neones, motocicletas y toda clase de puestos de comida como el que regenta su madre, que trata de sacar adelante a la niña y a su hermana mayor."
LA TARTA DEL PRESIDENTE,Hasan Hadi,105,02,16:00,2026-02-21,Renoir Plaza de España,https://www.pillalas.com/pase/1055606/,https://www.cinesrenoir.com/pelicula/20260219050511-la-tarta-del-presidente/,https://media.pillalas.com/imagenes/726afb526abffa83eda64f8b418bec544f18146f6ca2869a88655e1df49985337de64299.jpg,Iraquí,No recomendada para menores de 12 años,Viernes 6 Febrero 2026,"Baneen Ahmad Nayyef, Waheed Thabet Khreibat, Sajad Mohamad Qasem, Muthanna Malaghi, Ahmad Qasem Saywan, Maytham Mreidi, Rahim Alhaj, Thaer Salem, Fatima Abouharoon","Irak, años noventa. La pequeña Lamia recibe la misión de preparar una tarta con motivo del cumpleaños del presidente Sadam Huseín. Acompañada por su amigo Saeed y con su gallo Hindi a cuestas, recorre Bagdad en busca de los ingredientes, viviendo una serie de peripecias que alterarán por completo su vida cotidiana."
LA TARTA DEL PRESIDENTE,Hasan Hadi,105,01,18:35,2026-02-21,Renoir Plaza de España,https://www.pillalas.com/pase/1055576/,https://www.cinesrenoir.com/pelicula/20260219050511-la-tarta-del-presidente/,https://media.pillalas.com/imagenes/726afb526abffa83eda64f8b418bec544f18146f6ca2869a88655e1df49985337de64299.jpg,Iraquí,No recomendada para menores de 12 años,Viernes 6 Febrero 2026,"Baneen Ahmad Nayyef, Waheed Thabet Khreibat, Sajad Mohamad Qasem, Muthanna Malaghi, Ahmad Qasem Saywan, Maytham Mreidi, Rahim Alhaj, Thaer Salem, Fatima Abouharoon","Irak, años noventa. La pequeña Lamia recibe la misión de preparar una tarta con motivo del cumpleaños del presidente Sadam Huseín. Acompañada por su amigo Saeed y con su gallo Hindi a cuestas, recorre Bagdad en busca de los ingredientes, viviendo una serie de peripecias que alterarán por completo su vida cotidiana."
LA TARTA DEL PRESIDENTE,Hasan Hadi,105,01,20:35,2026-02-21,Renoir Plaza de España,https://www.pillalas.com/pase/1055577/,https://www.cinesrenoir.com/pelicula/20260219050511-la-tarta-del-presidente/,https://media.pillalas.com/imagenes/726afb526abffa83eda64f8b418bec544f18146f6ca2869a88655e1df49985337de64299.jpg,Iraquí,No recomendada para menores de 12 años,Viernes 6 Febrero 2026,"Baneen Ahmad Nayyef, Waheed Thabet Khreibat, Sajad Mohamad Qasem, Muthanna Malaghi, Ahmad Qasem Saywan, Maytham Mreidi, Rahim Alhaj, Thaer Salem, Fatima Abouharoon","Irak, años noventa. La pequeña Lamia recibe la misión de preparar una tarta con motivo del cumpleaños del presidente Sadam Huseín. Acompañada por su amigo Saeed y con su gallo Hindi a cuestas, recorre Bagdad en busca de los ingredientes, viviendo una serie de peripecias que alterarán por completo su vida cotidiana."
NO HAY OTRA OPCIÓN,Park Chan-Wook,139,01,16:00,2026-02-21,Renoir Plaza de España,https://www.pillalas.com/pase/1055575/,https://www.cinesrenoir.com/pelicula/no-hay-otra-opcion/,https://media.pillalas.com/imagenes/726afb526abffa83e98cada230d2630d116aedb31df5c86003a13faa95ff7aebd1eaf59a.jpg,Coreano,Pendiente de calificación,Viernes 13 Febrero 2026,"Lee Byung-Hun, Son Ye-Jin, Lee Sung-Min, Yeom Hye-Ran, Park Hee-Soon, Cha Seung-Won, Yoo Yeon-Seok","La historia sigue a un hombre de mediana edad llamado Man-su que se embarca decidido en una búsqueda de trabajo tras ser despedido inesperadamente de la compañía de papel en la que trabajó durante 25 años. ""Si no hay una vacante para mí, tendré que crear una para que me contraten. No hay otra opción"". Adaptación de la novela ""The Ax"" de Donald E. Westlake, que ya fue llevada al cine en la película ""Arcadia"", dirigida por Costa-Gavras en 2005."
NO HAY OTRA OPCIÓN,Park Chan-Wook,139,02,18:00,2026-02-21,Renoir Plaza de España,https://www.pillalas.com/pase/1055607/,https://www.cinesrenoir.com/pelicula/no-hay-otra-opcion/,https://media.pillalas.com/imagenes/726afb526abffa83e98cada230d2630d116aedb31df5c86003a13faa95ff7aebd1eaf59a.jpg,Coreano,Pendiente de calificación,Viernes 13 Febrero 2026,"Lee Byung-Hun, Son Ye-Jin, Lee Sung-Min, Yeom Hye-Ran, Park Hee-Soon, Cha Seung-Won, Yoo Yeon-Seok","La historia sigue a un hombre de mediana edad llamado Man-su que se embarca decidido en una búsqueda de trabajo tras ser despedido inesperadamente de la compañía de papel en la que trabajó durante 25 años. ""Si no hay una vacante para mí, tendré que crear una para que me contraten. No hay otra opción"". Adaptación de la novela ""The Ax"" de Donald E. Westlake, que ya fue llevada al cine en la película ""Arcadia"", dirigida por Costa-Gavras en 2005."
NO HAY OTRA OPCIÓN,Park Chan-Wook,139,02,20:35,2026-02-21,Renoir Plaza de España,https://www.pillalas.com/pase/1055610/,https://www.cinesrenoir.com/pelicula/no-hay-otra-opcion/,https://media.pillalas.com/imagenes/726afb526abffa83e98cada230d2630d116aedb31df5c86003a13faa95ff7aebd1eaf59a.jpg,Coreano,Pendiente de calificación,Viernes 13 Febrero 2026,"Lee Byung-Hun, Son Ye-Jin, Lee Sung-Min, Yeom Hye-Ran, Park Hee-Soon, Cha Seung-Won, Yoo Yeon-Seok","La historia sigue a un hombre de mediana edad llamado Man-su que se embarca decidido en una búsqueda de trabajo tras ser despedido inesperadamente de la compañía de papel en la que trabajó durante 25 años. ""Si no hay una vacante para mí, tendré que crear una para que me contraten. No hay otra opción"". Adaptación de la novela ""The Ax"" de Donald E. Westlake, que ya fue llevada al cine en la película ""Arcadia"", dirigida por Costa-Gavras en 2005."
NO HAY OTRA OPCIÓN,Park Chan-Wook,139,01,22:35,2026-02-21,Renoir Plaza de España,https://www.pillalas.com/pase/1055578/,https://www.cinesrenoir.com/pelicula/no-hay-otra-opcion/,https://media.pillalas.com/imagenes/726afb526abffa83e98cada230d2630d116aedb31df5c86003a13faa95ff7aebd1eaf59a.jpg,Coreano,Pendiente de calificación,Viernes 13 Febrero 2026,"Lee Byung-Hun, Son Ye-Jin, Lee Sung-Min, Yeom Hye-Ran, Park Hee-Soon, Cha Seung-Won, Yoo Yeon-Seok","La historia sigue a un hombre de mediana edad llamado Man-su que se embarca decidido en una búsqueda de trabajo tras ser despedido inesperadamente de la compañía de papel en la que trabajó durante 25 años. ""Si no hay una vacante para mí, tendré que crear una para que me contraten. No hay otra opción"". Adaptación de la novela ""The Ax"" de Donald E. Westlake, que ya fue llevada al cine en la película ""Arcadia"", dirigida por Costa-Gavras en 2005."
RONDALLAS,Daniel Sánchez Arévalo,112,05,16:00,2026-02-21,Renoir Plaza de España,https://www.pillalas.com/pase/1055650/,https://www.cinesrenoir.com/pelicula/rondallas/,https://media.pillalas.com/imagenes/726afb526abffa837e9904cf9605e92b548ae9aee41492f9aff2d6b9abb046215ab8ce23.jpg,Castellano,No recomendada para menores de 12 años,Jueves 1 Enero 2026,"Javier Gutiérrez, María Vázquez, Judith Fernández, Tamar Novas, Carlos Blanco, Fer Fraga, Xosé A. Touriñán, Marta Larralde, Lola López Rodríguez","Dos años después del trágico naufragio de un barco pesquero que sacudió a un pequeño pueblo marinero gallego, algunos miembros de la rondalla, una agrupación de música tradicional en la que participan desde niños hasta ancianos, deciden que ya es hora de recuperar la ilusión y dejar el luto atrás. Por ello vuelven a unirse para ponerla en marcha con la intención de competir en un concurso contra los pueblos vecinos, pero sobre todo de empezar a mirar hacia delante de nuevo."
RONDALLAS,Daniel Sánchez Arévalo,112,05,20:30,2026-02-21,Renoir Plaza de España,https://www.pillalas.com/pase/1055653/,https://www.cinesrenoir.com/pelicula/rondallas/,https://media.pillalas.com/imagenes/726afb526abffa837e9904cf9605e92b548ae9aee41492f9aff2d6b9abb046215ab8ce23.jpg,Castellano,No recomendada para menores de 12 años,Jueves 1 Enero 2026,"Javier Gutiérrez, María Vázquez, Judith Fernández, Tamar Novas, Carlos Blanco, Fer Fraga, Xosé A. Touriñán, Marta Larralde, Lola López Rodríguez","Dos años después del trágico naufragio de un barco pesquero que sacudió a un pequeño pueblo marinero gallego, algunos miembros de la rondalla, una agrupación de música tradicional en la que participan desde niños hasta ancianos, deciden que ya es hora de recuperar la ilusión y dejar el luto atrás. Por ello vuelven a unirse para ponerla en marcha con la intención de competir en un concurso contra los pueblos vecinos, pero sobre todo de empezar a mirar hacia delante de nuevo."
VALOR SENTIMENTAL,Joachim Trier,133,04,16:00,2026-02-21,Renoir Plaza de España,https://www.pillalas.com/pase/1055649/,https://www.cinesrenoir.com/pelicula/valor-sentimental/,https://media.pillalas.com/imagenes/726afb526abffa83fe1b3adc6f8909539f80c9a958e909b641f78d7648edf8e1f62ca547.jpg,Noruego E Inglés,No recomendada para menores de 12 años,Viernes 5 Diciembre 2025,"Renate Reinsve, Stellan Skarsgård, Inga Ibsdotter Lilleaas, Elle Fanning, Anders Danielsen Lie, Jesper Christensen, Lena Endre, Cory Michael Smith, Catherine Cohen, Andreas Stoltenberg Granerud, Øyvind Hesjedal Loven, Lars Väringer, Ida Marianne Vassbotn Klasson, Vilde Søyland","Las hermanas Nora y Agnes se reencuentran con su padre ausente, un director de cine muy reconocido en el pasado que ha vuelto para ofrecer a Nora el papel principal de su próxima película. Aunque ella lo rechaza, Gustav decide seguir adelante y utilizar la casa familiar como escenario de su nuevo rodaje, lo que reaviva las tensiones entre ellos, especialmente tras la llegada de una joven actriz de Hollywood que acepta el papel en su lugar. El vínculo entre las hermanas se convertirá en su mayor refugio frente a las heridas del pasado."
VALOR SENTIMENTAL,Joachim Trier,133,03,18:05,2026-02-21,Renoir Plaza de España,https://www.pillalas.com/pase/1055608/,https://www.cinesrenoir.com/pelicula/valor-sentimental/,https://media.pillalas.com/imagenes/726afb526abffa83fe1b3adc6f8909539f80c9a958e909b641f78d7648edf8e1f62ca547.jpg,Noruego E Inglés,No recomendada para menores de 12 años,Viernes 5 Diciembre 2025,"Renate Reinsve, Stellan Skarsgård, Inga Ibsdotter Lilleaas, Elle Fanning, Anders Danielsen Lie, Jesper Christensen, Lena Endre, Cory Michael Smith, Catherine Cohen, Andreas Stoltenberg Granerud, Øyvind Hesjedal Loven, Lars Väringer, Ida Marianne Vassbotn Klasson, Vilde Søyland","Las hermanas Nora y Agnes se reencuentran con su padre ausente, un director de cine muy reconocido en el pasado que ha vuelto para ofrecer a Nora el papel principal de su próxima película. Aunque ella lo rechaza, Gustav decide seguir adelante y utilizar la casa familiar como escenario de su nuevo rodaje, lo que reaviva las tensiones entre ellos, especialmente tras la llegada de una joven actriz de Hollywood que acepta el papel en su lugar. El vínculo entre las hermanas se convertirá en su mayor refugio frente a las heridas del pasado."
VALOR SENTIMENTAL,Joachim Trier,133,03,20:45,2026-02-21,Renoir Plaza de España,https://www.pillalas.com/pase/1055958/,https://www.cinesrenoir.com/pelicula/valor-sentimental/,https://media.pillalas.com/imagenes/726afb526abffa83fe1b3adc6f8909539f80c9a958e909b641f78d7648edf8e1f62ca547.jpg,Noruego E Inglés,No recomendada para menores de 12 años,Viernes 5 Diciembre 2025,"Renate Reinsve, Stellan Skarsgård, Inga Ibsdotter Lilleaas, Elle Fanning, Anders Danielsen Lie, Jesper Christensen, Lena Endre, Cory Michael Smith, Catherine Cohen, Andreas Stoltenberg Granerud, Øyvind Hesjedal Loven, Lars Väringer, Ida Marianne Vassbotn Klasson, Vilde Søyland","Las hermanas Nora y Agnes se reencuentran con su padre ausente, un director de cine muy reconocido en el pasado que ha vuelto para ofrecer a Nora el papel principal de su próxima película. Aunque ella lo rechaza, Gustav decide seguir adelante y utilizar la casa familiar como escenario de su nuevo rodaje, lo que reaviva las tensiones entre ellos, especialmente tras la llegada de una joven actriz de Hollywood que acepta el papel en su lugar. El vínculo entre las hermanas se convertirá en su mayor refugio frente a las heridas del pasado."
VALOR SENTIMENTAL,Joachim Trier,133,04,22:35,2026-02-21,Renoir Plaza de España,https://www.pillalas.com/pase/1055655/,https://www.cinesrenoir.com/pelicula/valor-sentimental/,https://media.pillalas.com/imagenes/726afb526abffa83fe1b3adc6f8909539f80c9a958e909b641f78d7648edf8e1f62ca547.jpg,Noruego E Inglés,No recomendada para menores de 12 años,Viernes 5 Diciembre 2025,"Renate Reinsve, Stellan Skarsgård, Inga Ibsdotter Lilleaas, Elle Fanning, Anders Danielsen Lie, Jesper Christensen, Lena Endre, Cory Michael Smith, Catherine Cohen, Andreas Stoltenberg Granerud, Øyvind Hesjedal Loven, Lars Väringer, Ida Marianne Vassbotn Klasson, Vilde Søyland","Las hermanas Nora y Agnes se reencuentran con su padre ausente, un director de cine muy reconocido en el pasado que ha vuelto para ofrecer a Nora el papel principal de su próxima película. Aunque ella lo rechaza, Gustav decide seguir adelante y utilizar la casa familiar como escenario de su nuevo rodaje, lo que reaviva las tensiones entre ellos, especialmente tras la llegada de una joven actriz de Hollywood que acepta el papel en su lugar. El vínculo entre las hermanas se convertirá en su mayor refugio frente a las heridas del pasado."
HISTORIAS DEL BUEN VALLE,José Luis Guerin,122,05,18:10,2026-02-22,Renoir Plaza de España,https://www.pillalas.com/pase/1055659/,https://www.cinesrenoir.com/pelicula/historias-del-buen-valle/,https://media.pillalas.com/imagenes/726afb526abffa838aaf07790a37e874c7509f5af4e227ab1664533c196269093a9c8841.jpg,Castellano,Pendiente de calificación,Viernes 13 Febrero 2026,Documental,"En el paisaje indefinido de un barrio periférico, entre el mundo rural y el urbano, coexisten las casas levantadas por los primeros migrantes, quienes llegaron de toda España tras la posguerra…, y los nuevos bloques y viviendas de la ciudad dormitorio, donde se concentra la nueva migración, convirtiendo este humilde rincón en una auténtica aldea global. Historias del buen valle es una suma de imaginarios, de conflictos sociales, generacionales e identitarios, urbanísticos y ecológicos; pero es también una mirada reposada y humanista sobre el mundo actual."
HISTORIAS DEL BUEN VALLE,José Luis Guerin,122,05,22:45,2026-02-22,Renoir Plaza de España,https://www.pillalas.com/pase/1055664/,https://www.cinesrenoir.com/pelicula/historias-del-buen-valle/,https://media.pillalas.com/imagenes/726afb526abffa838aaf07790a37e874c7509f5af4e227ab1664533c196269093a9c8841.jpg,Castellano,Pendiente de calificación,Viernes 13 Febrero 2026,Documental,"En el paisaje indefinido de un barrio periférico, entre el mundo rural y el urbano, coexisten las casas levantadas por los primeros migrantes, quienes llegaron de toda España tras la posguerra…, y los nuevos bloques y viviendas de la ciudad dormitorio, donde se concentra la nueva migración, convirtiendo este humilde rincón en una auténtica aldea global. Historias del buen valle es una suma de imaginarios, de conflictos sociales, generacionales e identitarios, urbanísticos y ecológicos; pero es también una mirada reposada y humanista sobre el mundo actual."
LA CHICA ZURDA,Shih-Ching Tsou,108,03,16:00,2026-02-22,Renoir Plaza de España,https://www.pillalas.com/pase/1055611/,https://www.cinesrenoir.com/pelicula/la-chica-zurda/,https://media.pillalas.com/imagenes/726afb526abffa83e5ee5674d1ac0b73f39c1d9ebacca7f6a4c573d6423a82f140c7a520.jpg,Mandarín,No recomendada para menores de 12 años,Viernes 30 Enero 2026,"Shi-Yuan Ma, Janel Tsai, Nina Ye, Teng-Hui Huang, Akio Chen, Blaire Chang, Xin-Yan Chao","La pequeña I-Jing corretea con curiosidad por las calles de un mercado nocturno de Taipei, entre neones, motocicletas y toda clase de puestos de comida como el que regenta su madre, que trata de sacar adelante a la niña y a su hermana mayor."
LA CHICA ZURDA,Shih-Ching Tsou,108,04,18:25,2026-02-22,Renoir Plaza de España,https://www.pillalas.com/pase/1055660/,https://www.cinesrenoir.com/pelicula/la-chica-zurda/,https://media.pillalas.com/imagenes/726afb526abffa83e5ee5674d1ac0b73f39c1d9ebacca7f6a4c573d6423a82f140c7a520.jpg,Mandarín,No recomendada para menores de 12 años,Viernes 30 Enero 2026,"Shi-Yuan Ma, Janel Tsai, Nina Ye, Teng-Hui Huang, Akio Chen, Blaire Chang, Xin-Yan Chao","La pequeña I-Jing corretea con curiosidad por las calles de un mercado nocturno de Taipei, entre neones, motocicletas y toda clase de puestos de comida como el que regenta su madre, que trata de sacar adelante a la niña y a su hermana mayor."
LA CHICA ZURDA,Shih-Ching Tsou,108,04,20:30,2026-02-22,Renoir Plaza de España,https://www.pillalas.com/pase/1055662/,https://www.cinesrenoir.com/pelicula/la-chica-zurda/,https://media.pillalas.com/imagenes/726afb526abffa83e5ee5674d1ac0b73f39c1d9ebacca7f6a4c573d6423a82f140c7a520.jpg,Mandarín,No recomendada para menores de 12 años,Viernes 30 Enero 2026,"Shi-Yuan Ma, Janel Tsai, Nina Ye, Teng-Hui Huang, Akio Chen, Blaire Chang, Xin-Yan Chao","La pequeña I-Jing corretea con curiosidad por las calles de un mercado nocturno de Taipei, entre neones, motocicletas y toda clase de puestos de comida como el que regenta su madre, que trata de sacar adelante a la niña y a su hermana mayor."
LA TARTA DEL PRESIDENTE,Hasan Hadi,105,02,16:00,2026-02-22,Renoir Plaza de España,https://www.pillalas.com/pase/1055612/,https://www.cinesrenoir.com/pelicula/20260219050511-la-tarta-del-presidente/,https://media.pillalas.com/imagenes/726afb526abffa83eda64f8b418bec544f18146f6ca2869a88655e1df49985337de64299.jpg,Iraquí,No recomendada para menores de 12 años,Viernes 6 Febrero 2026,"Baneen Ahmad Nayyef, Waheed Thabet Khreibat, Sajad Mohamad Qasem, Muthanna Malaghi, Ahmad Qasem Saywan, Maytham Mreidi, Rahim Alhaj, Thaer Salem, Fatima Abouharoon","Irak, años noventa. La pequeña Lamia recibe la misión de preparar una tarta con motivo del cumpleaños del presidente Sadam Huseín. Acompañada por su amigo Saeed y con su gallo Hindi a cuestas, recorre Bagdad en busca de los ingredientes, viviendo una serie de peripecias que alterarán por completo su vida cotidiana."
LA TARTA DEL PRESIDENTE,Hasan Hadi,105,01,18:35,2026-02-22,Renoir Plaza de España,https://www.pillalas.com/pase/1055580/,https://www.cinesrenoir.com/pelicula/20260219050511-la-tarta-del-presidente/,https://media.pillalas.com/imagenes/726afb526abffa83eda64f8b418bec544f18146f6ca2869a88655e1df49985337de64299.jpg,Iraquí,No recomendada para menores de 12 años,Viernes 6 Febrero 2026,"Baneen Ahmad Nayyef, Waheed Thabet Khreibat, Sajad Mohamad Qasem, Muthanna Malaghi, Ahmad Qasem Saywan, Maytham Mreidi, Rahim Alhaj, Thaer Salem, Fatima Abouharoon","Irak, años noventa. La pequeña Lamia recibe la misión de preparar una tarta con motivo del cumpleaños del presidente Sadam Huseín. Acompañada por su amigo Saeed y con su gallo Hindi a cuestas, recorre Bagdad en busca de los ingredientes, viviendo una serie de peripecias que alterarán por completo su vida cotidiana."
LA TARTA DEL PRESIDENTE,Hasan Hadi,105,01,20:35,2026-02-22,Renoir Plaza de España,https://www.pillalas.com/pase/1055581/,https://www.cinesrenoir.com/pelicula/20260219050511-la-tarta-del-presidente/,https://media.pillalas.com/imagenes/726afb526abffa83eda64f8b418bec544f18146f6ca2869a88655e1df49985337de64299.jpg,Iraquí,No recomendada para menores de 12 años,Viernes 6 Febrero 2026,"Baneen Ahmad Nayyef, Waheed Thabet Khreibat, Sajad Mohamad Qasem, Muthanna Malaghi, Ahmad Qasem Saywan, Maytham Mreidi, Rahim Alhaj, Thaer Salem, Fatima Abouharoon","Irak, años noventa. La pequeña Lamia recibe la misión de preparar una tarta con motivo del cumpleaños del presidente Sadam Huseín. Acompañada por su amigo Saeed y con su gallo Hindi a cuestas, recorre Bagdad en busca de los ingredientes, viviendo una serie de peripecias que alterarán por completo su vida cotidiana."
NO HAY OTRA OPCIÓN,Park Chan-Wook,139,01,16:00,2026-02-22,Renoir Plaza de España,https://www.pillalas.com/pase/1055579/,https://www.cinesrenoir.com/pelicula/no-hay-otra-opcion/,https://media.pillalas.com/imagenes/726afb526abffa83e98cada230d2630d116aedb31df5c86003a13faa95ff7aebd1eaf59a.jpg,Coreano,Pendiente de calificación,Viernes 13 Febrero 2026,"Lee Byung-Hun, Son Ye-Jin, Lee Sung-Min, Yeom Hye-Ran, Park Hee-Soon, Cha Seung-Won, Yoo Yeon-Seok","La historia sigue a un hombre de mediana edad llamado Man-su que se embarca decidido en una búsqueda de trabajo tras ser despedido inesperadamente de la compañía de papel en la que trabajó durante 25 años. ""Si no hay una vacante para mí, tendré que crear una para que me contraten. No hay otra opción"". Adaptación de la novela ""The Ax"" de Donald E. Westlake, que ya fue llevada al cine en la película ""Arcadia"", dirigida por Costa-Gavras en 2005."
NO HAY OTRA OPCIÓN,Park Chan-Wook,139,02,18:00,2026-02-22,Renoir Plaza de España,https://www.pillalas.com/pase/1055613/,https://www.cinesrenoir.com/pelicula/no-hay-otra-opcion/,https://media.pillalas.com/imagenes/726afb526abffa83e98cada230d2630d116aedb31df5c86003a13faa95ff7aebd1eaf59a.jpg,Coreano,Pendiente de calificación,Viernes 13 Febrero 2026,"Lee Byung-Hun, Son Ye-Jin, Lee Sung-Min, Yeom Hye-Ran, Park Hee-Soon, Cha Seung-Won, Yoo Yeon-Seok","La historia sigue a un hombre de mediana edad llamado Man-su que se embarca decidido en una búsqueda de trabajo tras ser despedido inesperadamente de la compañía de papel en la que trabajó durante 25 años. ""Si no hay una vacante para mí, tendré que crear una para que me contraten. No hay otra opción"". Adaptación de la novela ""The Ax"" de Donald E. Westlake, que ya fue llevada al cine en la película ""Arcadia"", dirigida por Costa-Gavras en 2005."
NO HAY OTRA OPCIÓN,Park Chan-Wook,139,02,20:35,2026-02-22,Renoir Plaza de España,https://www.pillalas.com/pase/1055616/,https://www.cinesrenoir.com/pelicula/no-hay-otra-opcion/,https://media.pillalas.com/imagenes/726afb526abffa83e98cada230d2630d116aedb31df5c86003a13faa95ff7aebd1eaf59a.jpg,Coreano,Pendiente de calificación,Viernes 13 Febrero 2026,"Lee Byung-Hun, Son Ye-Jin, Lee Sung-Min, Yeom Hye-Ran, Park Hee-Soon, Cha Seung-Won, Yoo Yeon-Seok","La historia sigue a un hombre de mediana edad llamado Man-su que se embarca decidido en una búsqueda de trabajo tras ser despedido inesperadamente de la compañía de papel en la que trabajó durante 25 años. ""Si no hay una vacante para mí, tendré que crear una para que me contraten. No hay otra opción"". Adaptación de la novela ""The Ax"" de Donald E. Westlake, que ya fue llevada al cine en la película ""Arcadia"", dirigida por Costa-Gavras en 2005."
NO HAY OTRA OPCIÓN,Park Chan-Wook,139,01,22:35,2026-02-22,Renoir Plaza de España,https://www.pillalas.com/pase/1055582/,https://www.cinesrenoir.com/pelicula/no-hay-otra-opcion/,https://media.pillalas.com/imagenes/726afb526abffa83e98cada230d2630d116aedb31df5c86003a13faa95ff7aebd1eaf59a.jpg,Coreano,Pendiente de calificación,Viernes 13 Febrero 2026,"Lee Byung-Hun, Son Ye-Jin, Lee Sung-Min, Yeom Hye-Ran, Park Hee-Soon, Cha Seung-Won, Yoo Yeon-Seok","La historia sigue a un hombre de mediana edad llamado Man-su que se embarca decidido en una búsqueda de trabajo tras ser despedido inesperadamente de la compañía de papel en la que trabajó durante 25 años. ""Si no hay una vacante para mí, tendré que crear una para que me contraten. No hay otra opción"". Adaptación de la novela ""The Ax"" de Donald E. Westlake, que ya fue llevada al cine en la película ""Arcadia"", dirigida por Costa-Gavras en 2005."
RONDALLAS,Daniel Sánchez Arévalo,112,05,16:00,2026-02-22,Renoir Plaza de España,https://www.pillalas.com/pase/1055657/,https://www.cinesrenoir.com/pelicula/rondallas/,https://media.pillalas.com/imagenes/726afb526abffa837e9904cf9605e92b548ae9aee41492f9aff2d6b9abb046215ab8ce23.jpg,Castellano,No recomendada para menores de 12 años,Jueves 1 Enero 2026,"Javier Gutiérrez, María Vázquez, Judith Fernández, Tamar Novas, Carlos Blanco, Fer Fraga, Xosé A. Touriñán, Marta Larralde, Lola López Rodríguez","Dos años después del trágico naufragio de un barco pesquero que sacudió a un pequeño pueblo marinero gallego, algunos miembros de la rondalla, una agrupación de música tradicional en la que participan desde niños hasta ancianos, deciden que ya es hora de recuperar la ilusión y dejar el luto atrás. Por ello vuelven a unirse para ponerla en marcha con la intención de competir en un concurso contra los pueblos vecinos, pero sobre todo de empezar a mirar hacia delante de nuevo."
RONDALLAS,Daniel Sánchez Arévalo,112,05,20:30,2026-02-22,Renoir Plaza de España,https://www.pillalas.com/pase/1055661/,https://www.cinesrenoir.com/pelicula/rondallas/,https://media.pillalas.com/imagenes/726afb526abffa837e9904cf9605e92b548ae9aee41492f9aff2d6b9abb046215ab8ce23.jpg,Castellano,No recomendada para menores de 12 años,Jueves 1 Enero 2026,"Javier Gutiérrez, María Vázquez, Judith Fernández, Tamar Novas, Carlos Blanco, Fer Fraga, Xosé A. Touriñán, Marta Larralde, Lola López Rodríguez","Dos años después del trágico naufragio de un barco pesquero que sacudió a un pequeño pueblo marinero gallego, algunos miembros de la rondalla, una agrupación de música tradicional en la que participan desde niños hasta ancianos, deciden que ya es hora de recuperar la ilusión y dejar el luto atrás. Por ello vuelven a unirse para ponerla en marcha con la intención de competir en un concurso contra los pueblos vecinos, pero sobre todo de empezar a mirar hacia delante de nuevo."
VALOR SENTIMENTAL,Joachim Trier,133,04,16:00,2026-02-22,Renoir Plaza de España,https://www.pillalas.com/pase/1055658/,https://www.cinesrenoir.com/pelicula/valor-sentimental/,https://media.pillalas.com/imagenes/726afb526abffa83fe1b3adc6f8909539f80c9a958e909b641f78d7648edf8e1f62ca547.jpg,Noruego E Inglés,No recomendada para menores de 12 años,Viernes 5 Diciembre 2025,"Renate Reinsve, Stellan Skarsgård, Inga Ibsdotter Lilleaas, Elle Fanning, Anders Danielsen Lie, Jesper Christensen, Lena Endre, Cory Michael Smith, Catherine Cohen, Andreas Stoltenberg Granerud, Øyvind Hesjedal Loven, Lars Väringer, Ida Marianne Vassbotn Klasson, Vilde Søyland","Las hermanas Nora y Agnes se reencuentran con su padre ausente, un director de cine muy reconocido en el pasado que ha vuelto para ofrecer a Nora el papel principal de su próxima película. Aunque ella lo rechaza, Gustav decide seguir adelante y utilizar la casa familiar como escenario de su nuevo rodaje, lo que reaviva las tensiones entre ellos, especialmente tras la llegada de una joven actriz de Hollywood que acepta el papel en su lugar. El vínculo entre las hermanas se convertirá en su mayor refugio frente a las heridas del pasado."
VALOR SENTIMENTAL,Joachim Trier,133,03,18:05,2026-02-22,Renoir Plaza de España,https://www.pillalas.com/pase/1055614/,https://www.cinesrenoir.com/pelicula/valor-sentimental/,https://media.pillalas.com/imagenes/726afb526abffa83fe1b3adc6f8909539f80c9a958e909b641f78d7648edf8e1f62ca547.jpg,Noruego E Inglés,No recomendada para menores de 12 años,Viernes 5 Diciembre 2025,"Renate Reinsve, Stellan Skarsgård, Inga Ibsdotter Lilleaas, Elle Fanning, Anders Danielsen Lie, Jesper Christensen, Lena Endre, Cory Michael Smith, Catherine Cohen, Andreas Stoltenberg Granerud, Øyvind Hesjedal Loven, Lars Väringer, Ida Marianne Vassbotn Klasson, Vilde Søyland","Las hermanas Nora y Agnes se reencuentran con su padre ausente, un director de cine muy reconocido en el pasado que ha vuelto para ofrecer a Nora el papel principal de su próxima película. Aunque ella lo rechaza, Gustav decide seguir adelante y utilizar la casa familiar como escenario de su nuevo rodaje, lo que reaviva las tensiones entre ellos, especialmente tras la llegada de una joven actriz de Hollywood que acepta el papel en su lugar. El vínculo entre las hermanas se convertirá en su mayor refugio frente a las heridas del pasado."
VALOR SENTIMENTAL,Joachim Trier,133,03,20:45,2026-02-22,Renoir Plaza de España,https://www.pillalas.com/pase/1055959/,https://www.cinesrenoir.com/pelicula/valor-sentimental/,https://media.pillalas.com/imagenes/726afb526abffa83fe1b3adc6f8909539f80c9a958e909b641f78d7648edf8e1f62ca547.jpg,Noruego E Inglés,No recomendada para menores de 12 años,Viernes 5 Diciembre 2025,"Renate Reinsve, Stellan Skarsgård, Inga Ibsdotter Lilleaas, Elle Fanning, Anders Danielsen Lie, Jesper Christensen, Lena Endre, Cory Michael Smith, Catherine Cohen, Andreas Stoltenberg Granerud, Øyvind Hesjedal Loven, Lars Väringer, Ida Marianne Vassbotn Klasson, Vilde Søyland","Las hermanas Nora y Agnes se reencuentran con su padre ausente, un director de cine muy reconocido en el pasado que ha vuelto para ofrecer a Nora el papel principal de su próxima película. Aunque ella lo rechaza, Gustav decide seguir adelante y utilizar la casa familiar como escenario de su nuevo rodaje, lo que reaviva las tensiones entre ellos, especialmente tras la llegada de una joven actriz de Hollywood que acepta el papel en su lugar. El vínculo entre las hermanas se convertirá en su mayor refugio frente a las heridas del pasado."
VALOR SENTIMENTAL,Joachim Trier,133,04,22:35,2026-02-22,Renoir Plaza de España,https://www.pillalas.com/pase/1055663/,https://www.cinesrenoir.com/pelicula/valor-sentimental/,https://media.pillalas.com/imagenes/726afb526abffa83fe1b3adc6f8909539f80c9a958e909b641f78d7648edf8e1f62ca547.jpg,Noruego E Inglés,No recomendada para menores de 12 años,Viernes 5 Diciembre 2025,"Renate Reinsve, Stellan Skarsgård, Inga Ibsdotter Lilleaas, Elle Fanning, Anders Danielsen Lie, Jesper Christensen, Lena Endre, Cory Michael Smith, Catherine Cohen, Andreas Stoltenberg Granerud, Øyvind Hesjedal Loven, Lars Väringer, Ida Marianne Vassbotn Klasson, Vilde Søyland","Las hermanas Nora y Agnes se reencuentran con su padre ausente, un director de cine muy reconocido en el pasado que ha vuelto para ofrecer a Nora el papel principal de su próxima película. Aunque ella lo rechaza, Gustav decide seguir adelante y utilizar la casa familiar como escenario de su nuevo rodaje, lo que reaviva las tensiones entre ellos, especialmente tras la llegada de una joven actriz de Hollywood que acepta el papel en su lugar. El vínculo entre las hermanas se convertirá en su mayor refugio frente a las heridas del pasado."
HISTORIAS DEL BUEN VALLE,José Luis Guerin,122,05,18:10,2026-02-23,Renoir Plaza de España,https://www.pillalas.com/pase/1055667/,https://www.cinesrenoir.com/pelicula/historias-del-buen-valle/,https://media.pillalas.com/imagenes/726afb526abffa838aaf07790a37e874c7509f5af4e227ab1664533c196269093a9c8841.jpg,Castellano,Pendiente de calificación,Viernes 13 Febrero 2026,Documental,"En el paisaje indefinido de un barrio periférico, entre el mundo rural y el urbano, coexisten las casas levantadas por los primeros migrantes, quienes llegaron de toda España tras la posguerra…, y los nuevos bloques y viviendas de la ciudad dormitorio, donde se concentra la nueva migración, convirtiendo este humilde rincón en una auténtica aldea global. Historias del buen valle es una suma de imaginarios, de conflictos sociales, generacionales e identitarios, urbanísticos y ecológicos; pero es también una mirada reposada y humanista sobre el mundo actual."
HISTORIAS DEL BUEN VALLE,José Luis Guerin,122,05,22:45,2026-02-23,Renoir Plaza de España,https://www.pillalas.com/pase/1055672/,https://www.cinesrenoir.com/pelicula/historias-del-buen-valle/,https://media.pillalas.com/imagenes/726afb526abffa838aaf07790a37e874c7509f5af4e227ab1664533c196269093a9c8841.jpg,Castellano,Pendiente de calificación,Viernes 13 Febrero 2026,Documental,"En el paisaje indefinido de un barrio periférico, entre el mundo rural y el urbano, coexisten las casas levantadas por los primeros migrantes, quienes llegaron de toda España tras la posguerra…, y los nuevos bloques y viviendas de la ciudad dormitorio, donde se concentra la nueva migración, convirtiendo este humilde rincón en una auténtica aldea global. Historias del buen valle es una suma de imaginarios, de conflictos sociales, generacionales e identitarios, urbanísticos y ecológicos; pero es también una mirada reposada y humanista sobre el mundo actual."
LA CHICA ZURDA,Shih-Ching Tsou,108,03,16:00,2026-02-23,Renoir Plaza de España,https://www.pillalas.com/pase/1055617/,https://www.cinesrenoir.com/pelicula/la-chica-zurda/,https://media.pillalas.com/imagenes/726afb526abffa83e5ee5674d1ac0b73f39c1d9ebacca7f6a4c573d6423a82f140c7a520.jpg,Mandarín,No recomendada para menores de 12 años,Viernes 30 Enero 2026,"Shi-Yuan Ma, Janel Tsai, Nina Ye, Teng-Hui Huang, Akio Chen, Blaire Chang, Xin-Yan Chao","La pequeña I-Jing corretea con curiosidad por las calles de un mercado nocturno de Taipei, entre neones, motocicletas y toda clase de puestos de comida como el que regenta su madre, que trata de sacar adelante a la niña y a su hermana mayor."
LA CHICA ZURDA,Shih-Ching Tsou,108,04,18:25,2026-02-23,Renoir Plaza de España,https://www.pillalas.com/pase/1055668/,https://www.cinesrenoir.com/pelicula/la-chica-zurda/,https://media.pillalas.com/imagenes/726afb526abffa83e5ee5674d1ac0b73f39c1d9ebacca7f6a4c573d6423a82f140c7a520.jpg,Mandarín,No recomendada para menores de 12 años,Viernes 30 Enero 2026,"Shi-Yuan Ma, Janel Tsai, Nina Ye, Teng-Hui Huang, Akio Chen, Blaire Chang, Xin-Yan Chao","La pequeña I-Jing corretea con curiosidad por las calles de un mercado nocturno de Taipei, entre neones, motocicletas y toda clase de puestos de comida como el que regenta su madre, que trata de sacar adelante a la niña y a su hermana mayor."
LA CHICA ZURDA,Shih-Ching Tsou,108,04,20:30,2026-02-23,Renoir Plaza de España,https://www.pillalas.com/pase/1055670/,https://www.cinesrenoir.com/pelicula/la-chica-zurda/,https://media.pillalas.com/imagenes/726afb526abffa83e5ee5674d1ac0b73f39c1d9ebacca7f6a4c573d6423a82f140c7a520.jpg,Mandarín,No recomendada para menores de 12 años,Viernes 30 Enero 2026,"Shi-Yuan Ma, Janel Tsai, Nina Ye, Teng-Hui Huang, Akio Chen, Blaire Chang, Xin-Yan Chao","La pequeña I-Jing corretea con curiosidad por las calles de un mercado nocturno de Taipei, entre neones, motocicletas y toda clase de puestos de comida como el que regenta su madre, que trata de sacar adelante a la niña y a su hermana mayor."
LA TARTA DEL PRESIDENTE,Hasan Hadi,105,02,16:00,2026-02-23,Renoir Plaza de España,https://www.pillalas.com/pase/1055618/,https://www.cinesrenoir.com/pelicula/20260219050511-la-tarta-del-presidente/,https://media.pillalas.com/imagenes/726afb526abffa83eda64f8b418bec544f18146f6ca2869a88655e1df49985337de64299.jpg,Iraquí,No recomendada para menores de 12 años,Viernes 6 Febrero 2026,"Baneen Ahmad Nayyef, Waheed Thabet Khreibat, Sajad Mohamad Qasem, Muthanna Malaghi, Ahmad Qasem Saywan, Maytham Mreidi, Rahim Alhaj, Thaer Salem, Fatima Abouharoon","Irak, años noventa. La pequeña Lamia recibe la misión de preparar una tarta con motivo del cumpleaños del presidente Sadam Huseín. Acompañada por su amigo Saeed y con su gallo Hindi a cuestas, recorre Bagdad en busca de los ingredientes, viviendo una serie de peripecias que alterarán por completo su vida cotidiana."
LA TARTA DEL PRESIDENTE,Hasan Hadi,105,01,18:35,2026-02-23,Renoir Plaza de España,https://www.pillalas.com/pase/1055584/,https://www.cinesrenoir.com/pelicula/20260219050511-la-tarta-del-presidente/,https://media.pillalas.com/imagenes/726afb526abffa83eda64f8b418bec544f18146f6ca2869a88655e1df49985337de64299.jpg,Iraquí,No recomendada para menores de 12 años,Viernes 6 Febrero 2026,"Baneen Ahmad Nayyef, Waheed Thabet Khreibat, Sajad Mohamad Qasem, Muthanna Malaghi, Ahmad Qasem Saywan, Maytham Mreidi, Rahim Alhaj, Thaer Salem, Fatima Abouharoon","Irak, años noventa. La pequeña Lamia recibe la misión de preparar una tarta con motivo del cumpleaños del presidente Sadam Huseín. Acompañada por su amigo Saeed y con su gallo Hindi a cuestas, recorre Bagdad en busca de los ingredientes, viviendo una serie de peripecias que alterarán por completo su vida cotidiana."
LA TARTA DEL PRESIDENTE,Hasan Hadi,105,01,20:35,2026-02-23,Renoir Plaza de España,https://www.pillalas.com/pase/1055585/,https://www.cinesrenoir.com/pelicula/20260219050511-la-tarta-del-presidente/,https://media.pillalas.com/imagenes/726afb526abffa83eda64f8b418bec544f18146f6ca2869a88655e1df49985337de64299.jpg,Iraquí,No recomendada para menores de 12 años,Viernes 6 Febrero 2026,"Baneen Ahmad Nayyef, Waheed Thabet Khreibat, Sajad Mohamad Qasem, Muthanna Malaghi, Ahmad Qasem Saywan, Maytham Mreidi, Rahim Alhaj, Thaer Salem, Fatima Abouharoon","Irak, años noventa. La pequeña Lamia recibe la misión de preparar una tarta con motivo del cumpleaños del presidente Sadam Huseín. Acompañada por su amigo Saeed y con su gallo Hindi a cuestas, recorre Bagdad en busca de los ingredientes, viviendo una serie de peripecias que alterarán por completo su vida cotidiana."
NO HAY OTRA OPCIÓN,Park Chan-Wook,139,01,16:00,2026-02-23,Renoir Plaza de España,https://www.pillalas.com/pase/1055583/,https://www.cinesrenoir.com/pelicula/no-hay-otra-opcion/,https://media.pillalas.com/imagenes/726afb526abffa83e98cada230d2630d116aedb31df5c86003a13faa95ff7aebd1eaf59a.jpg,Coreano,Pendiente de calificación,Viernes 13 Febrero 2026,"Lee Byung-Hun, Son Ye-Jin, Lee Sung-Min, Yeom Hye-Ran, Park Hee-Soon, Cha Seung-Won, Yoo Yeon-Seok","La historia sigue a un hombre de mediana edad llamado Man-su que se embarca decidido en una búsqueda de trabajo tras ser despedido inesperadamente de la compañía de papel en la que trabajó durante 25 años. ""Si no hay una vacante para mí, tendré que crear una para que me contraten. No hay otra opción"". Adaptación de la novela ""The Ax"" de Donald E. Westlake, que ya fue llevada al cine en la película ""Arcadia"", dirigida por Costa-Gavras en 2005."
NO HAY OTRA OPCIÓN,Park Chan-Wook,139,02,18:00,2026-02-23,Renoir Plaza de España,https://www.pillalas.com/pase/1055619/,https://www.cinesrenoir.com/pelicula/no-hay-otra-opcion/,https://media.pillalas.com/imagenes/726afb526abffa83e98cada230d2630d116aedb31df5c86003a13faa95ff7aebd1eaf59a.jpg,Coreano,Pendiente de calificación,Viernes 13 Febrero 2026,"Lee Byung-Hun, Son Ye-Jin, Lee Sung-Min, Yeom Hye-Ran, Park Hee-Soon, Cha Seung-Won, Yoo Yeon-Seok","La historia sigue a un hombre de mediana edad llamado Man-su que se embarca decidido en una búsqueda de trabajo tras ser despedido inesperadamente de la compañía de papel en la que trabajó durante 25 años. ""Si no hay una vacante para mí, tendré que crear una para que me contraten. No hay otra opción"". Adaptación de la novela ""The Ax"" de Donald E. Westlake, que ya fue llevada al cine en la película ""Arcadia"", dirigida por Costa-Gavras en 2005."
NO HAY OTRA OPCIÓN,Park Chan-Wook,139,02,20:35,2026-02-23,Renoir Plaza de España,https://www.pillalas.com/pase/1055622/,https://www.cinesrenoir.com/pelicula/no-hay-otra-opcion/,https://media.pillalas.com/imagenes/726afb526abffa83e98cada230d2630d116aedb31df5c86003a13faa95ff7aebd1eaf59a.jpg,Coreano,Pendiente de calificación,Viernes 13 Febrero 2026,"Lee Byung-Hun, Son Ye-Jin, Lee Sung-Min, Yeom Hye-Ran, Park Hee-Soon, Cha Seung-Won, Yoo Yeon-Seok","La historia sigue a un hombre de mediana edad llamado Man-su que se embarca decidido en una búsqueda de trabajo tras ser despedido inesperadamente de la compañía de papel en la que trabajó durante 25 años. ""Si no hay una vacante para mí, tendré que crear una para que me contraten. No hay otra opción"". Adaptación de la novela ""The Ax"" de Donald E. Westlake, que ya fue llevada al cine en la película ""Arcadia"", dirigida por Costa-Gavras en 2005."
NO HAY OTRA OPCIÓN,Park Chan-Wook,139,01,22:35,2026-02-23,Renoir Plaza de España,https://www.pillalas.com/pase/1055586/,https://www.cinesrenoir.com/pelicula/no-hay-otra-opcion/,https://media.pillalas.com/imagenes/726afb526abffa83e98cada230d2630d116aedb31df5c86003a13faa95ff7aebd1eaf59a.jpg,Coreano,Pendiente de calificación,Viernes 13 Febrero 2026,"Lee Byung-Hun, Son Ye-Jin, Lee Sung-Min, Yeom Hye-Ran, Park Hee-Soon, Cha Seung-Won, Yoo Yeon-Seok","La historia sigue a un hombre de mediana edad llamado Man-su que se embarca decidido en una búsqueda de trabajo tras ser despedido inesperadamente de la compañía de papel en la que trabajó durante 25 años. ""Si no hay una vacante para mí, tendré que crear una para que me contraten. No hay otra opción"". Adaptación de la novela ""The Ax"" de Donald E. Westlake, que ya fue llevada al cine en la película ""Arcadia"", dirigida por Costa-Gavras en 2005."
RONDALLAS,Daniel Sánchez Arévalo,112,05,16:00,2026-02-23,Renoir Plaza de España,https://www.pillalas.com/pase/1055665/,https://www.cinesrenoir.com/pelicula/rondallas/,https://media.pillalas.com/imagenes/726afb526abffa837e9904cf9605e92b548ae9aee41492f9aff2d6b9abb046215ab8ce23.jpg,Castellano,No recomendada para menores de 12 años,Jueves 1 Enero 2026,"Javier Gutiérrez, María Vázquez, Judith Fernández, Tamar Novas, Carlos Blanco, Fer Fraga, Xosé A. Touriñán, Marta Larralde, Lola López Rodríguez","Dos años después del trágico naufragio de un barco pesquero que sacudió a un pequeño pueblo marinero gallego, algunos miembros de la rondalla, una agrupación de música tradicional en la que participan desde niños hasta ancianos, deciden que ya es hora de recuperar la ilusión y dejar el luto atrás. Por ello vuelven a unirse para ponerla en marcha con la intención de competir en un concurso contra los pueblos vecinos, pero sobre todo de empezar a mirar hacia delante de nuevo."
RONDALLAS,Daniel Sánchez Arévalo,112,05,20:30,2026-02-23,Renoir Plaza de España,https://www.pillalas.com/pase/1055669/,https://www.cinesrenoir.com/pelicula/rondallas/,https://media.pillalas.com/imagenes/726afb526abffa837e9904cf9605e92b548ae9aee41492f9aff2d6b9abb046215ab8ce23.jpg,Castellano,No recomendada para menores de 12 años,Jueves 1 Enero 2026,"Javier Gutiérrez, María Vázquez, Judith Fernández, Tamar Novas, Carlos Blanco, Fer Fraga, Xosé A. Touriñán, Marta Larralde, Lola López Rodríguez","Dos años después del trágico naufragio de un barco pesquero que sacudió a un pequeño pueblo marinero gallego, algunos miembros de la rondalla, una agrupación de música tradicional en la que participan desde niños hasta ancianos, deciden que ya es hora de recuperar la ilusión y dejar el luto atrás. Por ello vuelven a unirse para ponerla en marcha con la intención de competir en un concurso contra los pueblos vecinos, pero sobre todo de empezar a mirar hacia delante de nuevo."
VALOR SENTIMENTAL,Joachim Trier,133,04,16:00,2026-02-23,Renoir Plaza de España,https://www.pillalas.com/pase/1055666/,https://www.cinesrenoir.com/pelicula/valor-sentimental/,https://media.pillalas.com/imagenes/726afb526abffa83fe1b3adc6f8909539f80c9a958e909b641f78d7648edf8e1f62ca547.jpg,Noruego E Inglés,No recomendada para menores de 12 años,Viernes 5 Diciembre 2025,"Renate Reinsve, Stellan Skarsgård, Inga Ibsdotter Lilleaas, Elle Fanning, Anders Danielsen Lie, Jesper Christensen, Lena Endre, Cory Michael Smith, Catherine Cohen, Andreas Stoltenberg Granerud, Øyvind Hesjedal Loven, Lars Väringer, Ida Marianne Vassbotn Klasson, Vilde Søyland","Las hermanas Nora y Agnes se reencuentran con su padre ausente, un director de cine muy reconocido en el pasado que ha vuelto para ofrecer a Nora el papel principal de su próxima película. Aunque ella lo rechaza, Gustav decide seguir adelante y utilizar la casa familiar como escenario de su nuevo rodaje, lo que reaviva las tensiones entre ellos, especialmente tras la llegada de una joven actriz de Hollywood que acepta el papel en su lugar. El vínculo entre las hermanas se convertirá en su mayor refugio frente a las heridas del pasado."
VALOR SENTIMENTAL,Joachim Trier,133,03,18:05,2026-02-23,Renoir Plaza de España,https://www.pillalas.com/pase/1055620/,https://www.cinesrenoir.com/pelicula/valor-sentimental/,https://media.pillalas.com/imagenes/726afb526abffa83fe1b3adc6f8909539f80c9a958e909b641f78d7648edf8e1f62ca547.jpg,Noruego E Inglés,No recomendada para menores de 12 años,Viernes 5 Diciembre 2025,"Renate Reinsve, Stellan Skarsgård, Inga Ibsdotter Lilleaas, Elle Fanning, Anders Danielsen Lie, Jesper Christensen, Lena Endre, Cory Michael Smith, Catherine Cohen, Andreas Stoltenberg Granerud, Øyvind Hesjedal Loven, Lars Väringer, Ida Marianne Vassbotn Klasson, Vilde Søyland","Las hermanas Nora y Agnes se reencuentran con su padre ausente, un director de cine muy reconocido en el pasado que ha vuelto para ofrecer a Nora el papel principal de su próxima película. Aunque ella lo rechaza, Gustav decide seguir adelante y utilizar la casa familiar como escenario de su nuevo rodaje, lo que reaviva las tensiones entre ellos, especialmente tras la llegada de una joven actriz de Hollywood que acepta el papel en su lugar. El vínculo entre las hermanas se convertirá en su mayor refugio frente a las heridas del pasado."
VALOR SENTIMENTAL,Joachim Trier,133,03,20:45,2026-02-23,Renoir Plaza de España,https://www.pillalas.com/pase/1055960/,https://www.cinesrenoir.com/pelicula/valor-sentimental/,https://media.pillalas.com/imagenes/726afb526abffa83fe1b3adc6f8909539f80c9a958e909b641f78d7648edf8e1f62ca547.jpg,Noruego E Inglés,No recomendada para menores de 12 años,Viernes 5 Diciembre 2025,"Renate Reinsve, Stellan Skarsgård, Inga Ibsdotter Lilleaas, Elle Fanning, Anders Danielsen Lie, Jesper Christensen, Lena Endre, Cory Michael Smith, Catherine Cohen, Andreas Stoltenberg Granerud, Øyvind Hesjedal Loven, Lars Väringer, Ida Marianne Vassbotn Klasson, Vilde Søyland","Las hermanas Nora y Agnes se reencuentran con su padre ausente, un director de cine muy reconocido en el pasado que ha vuelto para ofrecer a Nora el papel principal de su próxima película. Aunque ella lo rechaza, Gustav decide seguir adelante y utilizar la casa familiar como escenario de su nuevo rodaje, lo que reaviva las tensiones entre ellos, especialmente tras la llegada de una joven actriz de Hollywood que acepta el papel en su lugar. El vínculo entre las hermanas se convertirá en su mayor refugio frente a las heridas del pasado."
VALOR SENTIMENTAL,Joachim Trier,133,04,22:35,2026-02-23,Renoir Plaza de España,https://www.pillalas.com/pase/1055671/,https://www.cinesrenoir.com/pelicula/valor-sentimental/,https://media.pillalas.com/imagenes/726afb526abffa83fe1b3adc6f8909539f80c9a958e909b641f78d7648edf8e1f62ca547.jpg,Noruego E Inglés,No recomendada para menores de 12 años,Viernes 5 Diciembre 2025,"Renate Reinsve, Stellan Skarsgård, Inga Ibsdotter Lilleaas, Elle Fanning, Anders Danielsen Lie, Jesper Christensen, Lena Endre, Cory Michael Smith, Catherine Cohen, Andreas Stoltenberg Granerud, Øyvind Hesjedal Loven, Lars Väringer, Ida Marianne Vassbotn Klasson, Vilde Søyland","Las hermanas Nora y Agnes se reencuentran con su padre ausente, un director de cine muy reconocido en el pasado que ha vuelto para ofrecer a Nora el papel principal de su próxima película. Aunque ella lo rechaza, Gustav decide seguir adelante y utilizar la casa familiar como escenario de su nuevo rodaje, lo que reaviva las tensiones entre ellos, especialmente tras la llegada de una joven actriz de Hollywood que acepta el papel en su lugar. El vínculo entre las hermanas se convertirá en su mayor refugio frente a las heridas del pasado."
HISTORIAS DEL BUEN VALLE,José Luis Guerin,122,05,18:10,2026-02-24,Renoir Plaza de España,https://www.pillalas.com/pase/1055675/,https://www.cinesrenoir.com/pelicula/historias-del-buen-valle/,https://media.pillalas.com/imagenes/726afb526abffa838aaf07790a37e874c7509f5af4e227ab1664533c196269093a9c8841.jpg,Castellano,Pendiente de calificación,Viernes 13 Febrero 2026,Documental,"En el paisaje indefinido de un barrio periférico, entre el mundo rural y el urbano, coexisten las casas levantadas por los primeros migrantes, quienes llegaron de toda España tras la posguerra…, y los nuevos bloques y viviendas de la ciudad dormitorio, donde se concentra la nueva migración, convirtiendo este humilde rincón en una auténtica aldea global. Historias del buen valle es una suma de imaginarios, de conflictos sociales, generacionales e identitarios, urbanísticos y ecológicos; pero es también una mirada reposada y humanista sobre el mundo actual."
HISTORIAS DEL BUEN VALLE,José Luis Guerin,122,05,22:45,2026-02-24,Renoir Plaza de España,https://www.pillalas.com/pase/1055680/,https://www.cinesrenoir.com/pelicula/historias-del-buen-valle/,https://media.pillalas.com/imagenes/726afb526abffa838aaf07790a37e874c7509f5af4e227ab1664533c196269093a9c8841.jpg,Castellano,Pendiente de calificación,Viernes 13 Febrero 2026,Documental,"En el paisaje indefinido de un barrio periférico, entre el mundo rural y el urbano, coexisten las casas levantadas por los primeros migrantes, quienes llegaron de toda España tras la posguerra…, y los nuevos bloques y viviendas de la ciudad dormitorio, donde se concentra la nueva migración, convirtiendo este humilde rincón en una auténtica aldea global. Historias del buen valle es una suma de imaginarios, de conflictos sociales, generacionales e identitarios, urbanísticos y ecológicos; pero es también una mirada reposada y humanista sobre el mundo actual."
LA CHICA ZURDA,Shih-Ching Tsou,108,03,16:00,2026-02-24,Renoir Plaza de España,https://www.pillalas.com/pase/1055624/,https://www.cinesrenoir.com/pelicula/la-chica-zurda/,https://media.pillalas.com/imagenes/726afb526abffa83e5ee5674d1ac0b73f39c1d9ebacca7f6a4c573d6423a82f140c7a520.jpg,Mandarín,No recomendada para menores de 12 años,Viernes 30 Enero 2026,"Shi-Yuan Ma, Janel Tsai, Nina Ye, Teng-Hui Huang, Akio Chen, Blaire Chang, Xin-Yan Chao","La pequeña I-Jing corretea con curiosidad por las calles de un mercado nocturno de Taipei, entre neones, motocicletas y toda clase de puestos de comida como el que regenta su madre, que trata de sacar adelante a la niña y a su hermana mayor."
LA CHICA ZURDA,Shih-Ching Tsou,108,04,18:25,2026-02-24,Renoir Plaza de España,https://www.pillalas.com/pase/1055676/,https://www.cinesrenoir.com/pelicula/la-chica-zurda/,https://media.pillalas.com/imagenes/726afb526abffa83e5ee5674d1ac0b73f39c1d9ebacca7f6a4c573d6423a82f140c7a520.jpg,Mandarín,No recomendada para menores de 12 años,Viernes 30 Enero 2026,"Shi-Yuan Ma, Janel Tsai, Nina Ye, Teng-Hui Huang, Akio Chen, Blaire Chang, Xin-Yan Chao","La pequeña I-Jing corretea con curiosidad por las calles de un mercado nocturno de Taipei, entre neones, motocicletas y toda clase de puestos de comida como el que regenta su madre, que trata de sacar adelante a la niña y a su hermana mayor."
LA CHICA ZURDA,Shih-Ching Tsou,108,04,20:30,2026-02-24,Renoir Plaza de España,https://www.pillalas.com/pase/1055678/,https://www.cinesrenoir.com/pelicula/la-chica-zurda/,https://media.pillalas.com/imagenes/726afb526abffa83e5ee5674d1ac0b73f39c1d9ebacca7f6a4c573d6423a82f140c7a520.jpg,Mandarín,No recomendada para menores de 12 años,Viernes 30 Enero 2026,"Shi-Yuan Ma, Janel Tsai, Nina Ye, Teng-Hui Huang, Akio Chen, Blaire Chang, Xin-Yan Chao","La pequeña I-Jing corretea con curiosidad por las calles de un mercado nocturno de Taipei, entre neones, motocicletas y toda clase de puestos de comida como el que regenta su madre, que trata de sacar adelante a la niña y a su hermana mayor."
LA TARTA DEL PRESIDENTE,Hasan Hadi,105,02,16:00,2026-02-24,Renoir Plaza de España,https://www.pillalas.com/pase/1055623/,https://www.cinesrenoir.com/pelicula/20260219050511-la-tarta-del-presidente/,https://media.pillalas.com/imagenes/726afb526abffa83eda64f8b418bec544f18146f6ca2869a88655e1df49985337de64299.jpg,Iraquí,No recomendada para menores de 12 años,Viernes 6 Febrero 2026,"Baneen Ahmad Nayyef, Waheed Thabet Khreibat, Sajad Mohamad Qasem, Muthanna Malaghi, Ahmad Qasem Saywan, Maytham Mreidi, Rahim Alhaj, Thaer Salem, Fatima Abouharoon","Irak, años noventa. La pequeña Lamia recibe la misión de preparar una tarta con motivo del cumpleaños del presidente Sadam Huseín. Acompañada por su amigo Saeed y con su gallo Hindi a cuestas, recorre Bagdad en busca de los ingredientes, viviendo una serie de peripecias que alterarán por completo su vida cotidiana."
LA TARTA DEL PRESIDENTE,Hasan Hadi,105,01,18:35,2026-02-24,Renoir Plaza de España,https://www.pillalas.com/pase/1055588/,https://www.cinesrenoir.com/pelicula/20260219050511-la-tarta-del-presidente/,https://media.pillalas.com/imagenes/726afb526abffa83eda64f8b418bec544f18146f6ca2869a88655e1df49985337de64299.jpg,Iraquí,No recomendada para menores de 12 años,Viernes 6 Febrero 2026,"Baneen Ahmad Nayyef, Waheed Thabet Khreibat, Sajad Mohamad Qasem, Muthanna Malaghi, Ahmad Qasem Saywan, Maytham Mreidi, Rahim Alhaj, Thaer Salem, Fatima Abouharoon","Irak, años noventa. La pequeña Lamia recibe la misión de preparar una tarta con motivo del cumpleaños del presidente Sadam Huseín. Acompañada por su amigo Saeed y con su gallo Hindi a cuestas, recorre Bagdad en busca de los ingredientes, viviendo una serie de peripecias que alterarán por completo su vida cotidiana."
LA TARTA DEL PRESIDENTE,Hasan Hadi,105,01,20:35,2026-02-24,Renoir Plaza de España,https://www.pillalas.com/pase/1055589/,https://www.cinesrenoir.com/pelicula/20260219050511-la-tarta-del-presidente/,https://media.pillalas.com/imagenes/726afb526abffa83eda64f8b418bec544f18146f6ca2869a88655e1df49985337de64299.jpg,Iraquí,No recomendada para menores de 12 años,Viernes 6 Febrero 2026,"Baneen Ahmad Nayyef, Waheed Thabet Khreibat, Sajad Mohamad Qasem, Muthanna Malaghi, Ahmad Qasem Saywan, Maytham Mreidi, Rahim Alhaj, Thaer Salem, Fatima Abouharoon","Irak, años noventa. La pequeña Lamia recibe la misión de preparar una tarta con motivo del cumpleaños del presidente Sadam Huseín. Acompañada por su amigo Saeed y con su gallo Hindi a cuestas, recorre Bagdad en busca de los ingredientes, viviendo una serie de peripecias que alterarán por completo su vida cotidiana."
NO HAY OTRA OPCIÓN,Park Chan-Wook,139,01,16:00,2026-02-24,Renoir Plaza de España,https://www.pillalas.com/pase/1055587/,https://www.cinesrenoir.com/pelicula/no-hay-otra-opcion/,https://media.pillalas.com/imagenes/726afb526abffa83e98cada230d2630d116aedb31df5c86003a13faa95ff7aebd1eaf59a.jpg,Coreano,Pendiente de calificación,Viernes 13 Febrero 2026,"Lee Byung-Hun, Son Ye-Jin, Lee Sung-Min, Yeom Hye-Ran, Park Hee-Soon, Cha Seung-Won, Yoo Yeon-Seok","La historia sigue a un hombre de mediana edad llamado Man-su que se embarca decidido en una búsqueda de trabajo tras ser despedido inesperadamente de la compañía de papel en la que trabajó durante 25 años. ""Si no hay una vacante para mí, tendré que crear una para que me contraten. No hay otra opción"". Adaptación de la novela ""The Ax"" de Donald E. Westlake, que ya fue llevada al cine en la película ""Arcadia"", dirigida por Costa-Gavras en 2005."
NO HAY OTRA OPCIÓN,Park Chan-Wook,139,02,18:00,2026-02-24,Renoir Plaza de España,https://www.pillalas.com/pase/1055625/,https://www.cinesrenoir.com/pelicula/no-hay-otra-opcion/,https://media.pillalas.com/imagenes/726afb526abffa83e98cada230d2630d116aedb31df5c86003a13faa95ff7aebd1eaf59a.jpg,Coreano,Pendiente de calificación,Viernes 13 Febrero 2026,"Lee Byung-Hun, Son Ye-Jin, Lee Sung-Min, Yeom Hye-Ran, Park Hee-Soon, Cha Seung-Won, Yoo Yeon-Seok","La historia sigue a un hombre de mediana edad llamado Man-su que se embarca decidido en una búsqueda de trabajo tras ser despedido inesperadamente de la compañía de papel en la que trabajó durante 25 años. ""Si no hay una vacante para mí, tendré que crear una para que me contraten. No hay otra opción"". Adaptación de la novela ""The Ax"" de Donald E. Westlake, que ya fue llevada al cine en la película ""Arcadia"", dirigida por Costa-Gavras en 2005."
NO HAY OTRA OPCIÓN,Park Chan-Wook,139,02,20:35,2026-02-24,Renoir Plaza de España,https://www.pillalas.com/pase/1055627/,https://www.cinesrenoir.com/pelicula/no-hay-otra-opcion/,https://media.pillalas.com/imagenes/726afb526abffa83e98cada230d2630d116aedb31df5c86003a13faa95ff7aebd1eaf59a.jpg,Coreano,Pendiente de calificación,Viernes 13 Febrero 2026,"Lee Byung-Hun, Son Ye-Jin, Lee Sung-Min, Yeom Hye-Ran, Park Hee-Soon, Cha Seung-Won, Yoo Yeon-Seok","La historia sigue a un hombre de mediana edad llamado Man-su que se embarca decidido en una búsqueda de trabajo tras ser despedido inesperadamente de la compañía de papel en la que trabajó durante 25 años. ""Si no hay una vacante para mí, tendré que crear una para que me contraten. No hay otra opción"". Adaptación de la novela ""The Ax"" de Donald E. Westlake, que ya fue llevada al cine en la película ""Arcadia"", dirigida por Costa-Gavras en 2005."
NO HAY OTRA OPCIÓN,Park Chan-Wook,139,01,22:35,2026-02-24,Renoir Plaza de España,https://www.pillalas.com/pase/1055590/,https://www.cinesrenoir.com/pelicula/no-hay-otra-opcion/,https://media.pillalas.com/imagenes/726afb526abffa83e98cada230d2630d116aedb31df5c86003a13faa95ff7aebd1eaf59a.jpg,Coreano,Pendiente de calificación,Viernes 13 Febrero 2026,"Lee Byung-Hun, Son Ye-Jin, Lee Sung-Min, Yeom Hye-Ran, Park Hee-Soon, Cha Seung-Won, Yoo Yeon-Seok","La historia sigue a un hombre de mediana edad llamado Man-su que se embarca decidido en una búsqueda de trabajo tras ser despedido inesperadamente de la compañía de papel en la que trabajó durante 25 años. ""Si no hay una vacante para mí, tendré que crear una para que me contraten. No hay otra opción"". Adaptación de la novela ""The Ax"" de Donald E. Westlake, que ya fue llevada al cine en la película ""Arcadia"", dirigida por Costa-Gavras en 2005."
RONDALLAS,Daniel Sánchez Arévalo,112,05,16:00,2026-02-24,Renoir Plaza de España,https://www.pillalas.com/pase/1055674/,https://www.cinesrenoir.com/pelicula/rondallas/,https://media.pillalas.com/imagenes/726afb526abffa837e9904cf9605e92b548ae9aee41492f9aff2d6b9abb046215ab8ce23.jpg,Castellano,No recomendada para menores de 12 años,Jueves 1 Enero 2026,"Javier Gutiérrez, María Vázquez, Judith Fernández, Tamar Novas, Carlos Blanco, Fer Fraga, Xosé A. Touriñán, Marta Larralde, Lola López Rodríguez","Dos años después del trágico naufragio de un barco pesquero que sacudió a un pequeño pueblo marinero gallego, algunos miembros de la rondalla, una agrupación de música tradicional en la que participan desde niños hasta ancianos, deciden que ya es hora de recuperar la ilusión y dejar el luto atrás. Por ello vuelven a unirse para ponerla en marcha con la intención de competir en un concurso contra los pueblos vecinos, pero sobre todo de empezar a mirar hacia delante de nuevo."
RONDALLAS,Daniel Sánchez Arévalo,112,05,20:30,2026-02-24,Renoir Plaza de España,https://www.pillalas.com/pase/1055677/,https://www.cinesrenoir.com/pelicula/rondallas/,https://media.pillalas.com/imagenes/726afb526abffa837e9904cf9605e92b548ae9aee41492f9aff2d6b9abb046215ab8ce23.jpg,Castellano,No recomendada para menores de 12 años,Jueves 1 Enero 2026,"Javier Gutiérrez, María Vázquez, Judith Fernández, Tamar Novas, Carlos Blanco, Fer Fraga, Xosé A. Touriñán, Marta Larralde, Lola López Rodríguez","Dos años después del trágico naufragio de un barco pesquero que sacudió a un pequeño pueblo marinero gallego, algunos miembros de la rondalla, una agrupación de música tradicional en la que participan desde niños hasta ancianos, deciden que ya es hora de recuperar la ilusión y dejar el luto atrás. Por ello vuelven a unirse para ponerla en marcha con la intención de competir en un concurso contra los pueblos vecinos, pero sobre todo de empezar a mirar hacia delante de nuevo."
VALOR SENTIMENTAL,Joachim Trier,133,04,16:00,2026-02-24,Renoir Plaza de España,https://www.pillalas.com/pase/1055673/,https://www.cinesrenoir.com/pelicula/valor-sentimental/,https://media.pillalas.com/imagenes/726afb526abffa83fe1b3adc6f8909539f80c9a958e909b641f78d7648edf8e1f62ca547.jpg,Noruego E Inglés,No recomendada para menores de 12 años,Viernes 5 Diciembre 2025,"Renate Reinsve, Stellan Skarsgård, Inga Ibsdotter Lilleaas, Elle Fanning, Anders Danielsen Lie, Jesper Christensen, Lena Endre, Cory Michael Smith, Catherine Cohen, Andreas Stoltenberg Granerud, Øyvind Hesjedal Loven, Lars Väringer, Ida Marianne Vassbotn Klasson, Vilde Søyland","Las hermanas Nora y Agnes se reencuentran con su padre ausente, un director de cine muy reconocido en el pasado que ha vuelto para ofrecer a Nora el papel principal de su próxima película. Aunque ella lo rechaza, Gustav decide seguir adelante y utilizar la casa familiar como escenario de su nuevo rodaje, lo que reaviva las tensiones entre ellos, especialmente tras la llegada de una joven actriz de Hollywood que acepta el papel en su lugar. El vínculo entre las hermanas se convertirá en su mayor refugio frente a las heridas del pasado."
VALOR SENTIMENTAL,Joachim Trier,133,03,18:05,2026-02-24,Renoir Plaza de España,https://www.pillalas.com/pase/1055626/,https://www.cinesrenoir.com/pelicula/valor-sentimental/,https://media.pillalas.com/imagenes/726afb526abffa83fe1b3adc6f8909539f80c9a958e909b641f78d7648edf8e1f62ca547.jpg,Noruego E Inglés,No recomendada para menores de 12 años,Viernes 5 Diciembre 2025,"Renate Reinsve, Stellan Skarsgård, Inga Ibsdotter Lilleaas, Elle Fanning, Anders Danielsen Lie, Jesper Christensen, Lena Endre, Cory Michael Smith, Catherine Cohen, Andreas Stoltenberg Granerud, Øyvind Hesjedal Loven, Lars Väringer, Ida Marianne Vassbotn Klasson, Vilde Søyland","Las hermanas Nora y Agnes se reencuentran con su padre ausente, un director de cine muy reconocido en el pasado que ha vuelto para ofrecer a Nora el papel principal de su próxima película. Aunque ella lo rechaza, Gustav decide seguir adelante y utilizar la casa familiar como escenario de su nuevo rodaje, lo que reaviva las tensiones entre ellos, especialmente tras la llegada de una joven actriz de Hollywood que acepta el papel en su lugar. El vínculo entre las hermanas se convertirá en su mayor refugio frente a las heridas del pasado."
VALOR SENTIMENTAL,Joachim Trier,133,03,20:45,2026-02-24,Renoir Plaza de España,https://www.pillalas.com/pase/1055961/,https://www.cinesrenoir.com/pelicula/valor-sentimental/,https://media.pillalas.com/imagenes/726afb526abffa83fe1b3adc6f8909539f80c9a958e909b641f78d7648edf8e1f62ca547.jpg,Noruego E Inglés,No recomendada para menores de 12 años,Viernes 5 Diciembre 2025,"Renate Reinsve, Stellan Skarsgård, Inga Ibsdotter Lilleaas, Elle Fanning, Anders Danielsen Lie, Jesper Christensen, Lena Endre, Cory Michael Smith, Catherine Cohen, Andreas Stoltenberg Granerud, Øyvind Hesjedal Loven, Lars Väringer, Ida Marianne Vassbotn Klasson, Vilde Søyland","Las hermanas Nora y Agnes se reencuentran con su padre ausente, un director de cine muy reconocido en el pasado que ha vuelto para ofrecer a Nora el papel principal de su próxima película. Aunque ella lo rechaza, Gustav decide seguir adelante y utilizar la casa familiar como escenario de su nuevo rodaje, lo que reaviva las tensiones entre ellos, especialmente tras la llegada de una joven actriz de Hollywood que acepta el papel en su lugar. El vínculo entre las hermanas se convertirá en su mayor refugio frente a las heridas del pasado."
VALOR SENTIMENTAL,Joachim Trier,133,04,22:35,2026-02-24,Renoir Plaza de España,https://www.pillalas.com/pase/1055679/,https://www.cinesrenoir.com/pelicula/valor-sentimental/,https://media.pillalas.com/imagenes/726afb526abffa83fe1b3adc6f8909539f80c9a958e909b641f78d7648edf8e1f62ca547.jpg,Noruego E Inglés,No recomendada para menores de 12 años,Viernes 5 Diciembre 2025,"Renate Reinsve, Stellan Skarsgård, Inga Ibsdotter Lilleaas, Elle Fanning, Anders Danielsen Lie, Jesper Christensen, Lena Endre, Cory Michael Smith, Catherine Cohen, Andreas Stoltenberg Granerud, Øyvind Hesjedal Loven, Lars Väringer, Ida Marianne Vassbotn Klasson, Vilde Søyland","Las hermanas Nora y Agnes se reencuentran con su padre ausente, un director de cine muy reconocido en el pasado que ha vuelto para ofrecer a Nora el papel principal de su próxima película. Aunque ella lo rechaza, Gustav decide seguir adelante y utilizar la casa familiar como escenario de su nuevo rodaje, lo que reaviva las tensiones entre ellos, especialmente tras la llegada de una joven actriz de Hollywood que acepta el papel en su lugar. El vínculo entre las hermanas se convertirá en su mayor refugio frente a las heridas del pasado."
HISTORIAS DEL BUEN VALLE,José Luis Guerin,122,05,18:10,2026-02-25,Renoir Plaza de España,https://www.pillalas.com/pase/1055683/,https://www.cinesrenoir.com/pelicula/historias-del-buen-valle/,https://media.pillalas.com/imagenes/726afb526abffa838aaf07790a37e874c7509f5af4e227ab1664533c196269093a9c8841.jpg,Castellano,Pendiente de calificación,Viernes 13 Febrero 2026,Documental,"En el paisaje indefinido de un barrio periférico, entre el mundo rural y el urbano, coexisten las casas levantadas por los primeros migrantes, quienes llegaron de toda España tras la posguerra…, y los nuevos bloques y viviendas de la ciudad dormitorio, donde se concentra la nueva migración, convirtiendo este humilde rincón en una auténtica aldea global. Historias del buen valle es una suma de imaginarios, de conflictos sociales, generacionales e identitarios, urbanísticos y ecológicos; pero es también una mirada reposada y humanista sobre el mundo actual."
HISTORIAS DEL BUEN VALLE,José Luis Guerin,122,05,22:45,2026-02-25,Renoir Plaza de España,https://www.pillalas.com/pase/1055688/,https://www.cinesrenoir.com/pelicula/historias-del-buen-valle/,https://media.pillalas.com/imagenes/726afb526abffa838aaf07790a37e874c7509f5af4e227ab1664533c196269093a9c8841.jpg,Castellano,Pendiente de calificación,Viernes 13 Febrero 2026,Documental,"En el paisaje indefinido de un barrio periférico, entre el mundo rural y el urbano, coexisten las casas levantadas por los primeros migrantes, quienes llegaron de toda España tras la posguerra…, y los nuevos bloques y viviendas de la ciudad dormitorio, donde se concentra la nueva migración, convirtiendo este humilde rincón en una auténtica aldea global. Historias del buen valle es una suma de imaginarios, de conflictos sociales, generacionales e identitarios, urbanísticos y ecológicos; pero es también una mirada reposada y humanista sobre el mundo actual."
LA CHICA ZURDA,Shih-Ching Tsou,108,03,16:00,2026-02-25,Renoir Plaza de España,https://www.pillalas.com/pase/1055630/,https://www.cinesrenoir.com/pelicula/la-chica-zurda/,https://media.pillalas.com/imagenes/726afb526abffa83e5ee5674d1ac0b73f39c1d9ebacca7f6a4c573d6423a82f140c7a520.jpg,Mandarín,No recomendada para menores de 12 años,Viernes 30 Enero 2026,"Shi-Yuan Ma, Janel Tsai, Nina Ye, Teng-Hui Huang, Akio Chen, Blaire Chang, Xin-Yan Chao","La pequeña I-Jing corretea con curiosidad por las calles de un mercado nocturno de Taipei, entre neones, motocicletas y toda clase de puestos de comida como el que regenta su madre, que trata de sacar adelante a la niña y a su hermana mayor."
LA CHICA ZURDA,Shih-Ching Tsou,108,04,18:25,2026-02-25,Renoir Plaza de España,https://www.pillalas.com/pase/1055684/,https://www.cinesrenoir.com/pelicula/la-chica-zurda/,https://media.pillalas.com/imagenes/726afb526abffa83e5ee5674d1ac0b73f39c1d9ebacca7f6a4c573d6423a82f140c7a520.jpg,Mandarín,No recomendada para menores de 12 años,Viernes 30 Enero 2026,"Shi-Yuan Ma, Janel Tsai, Nina Ye, Teng-Hui Huang, Akio Chen, Blaire Chang, Xin-Yan Chao","La pequeña I-Jing corretea con curiosidad por las calles de un mercado nocturno de Taipei, entre neones, motocicletas y toda clase de puestos de comida como el que regenta su madre, que trata de sacar adelante a la niña y a su hermana mayor."
LA CHICA ZURDA,Shih-Ching Tsou,108,04,20:30,2026-02-25,Renoir Plaza de España,https://www.pillalas.com/pase/1055685/,https://www.cinesrenoir.com/pelicula/la-chica-zurda/,https://media.pillalas.com/imagenes/726afb526abffa83e5ee5674d1ac0b73f39c1d9ebacca7f6a4c573d6423a82f140c7a520.jpg,Mandarín,No recomendada para menores de 12 años,Viernes 30 Enero 2026,"Shi-Yuan Ma, Janel Tsai, Nina Ye, Teng-Hui Huang, Akio Chen, Blaire Chang, Xin-Yan Chao","La pequeña I-Jing corretea con curiosidad por las calles de un mercado nocturno de Taipei, entre neones, motocicletas y toda clase de puestos de comida como el que regenta su madre, que trata de sacar adelante a la niña y a su hermana mayor."
LA TARTA DEL PRESIDENTE,Hasan Hadi,105,02,16:00,2026-02-25,Renoir Plaza de España,https://www.pillalas.com/pase/1055629/,https://www.cinesrenoir.com/pelicula/20260219050511-la-tarta-del-presidente/,https://media.pillalas.com/imagenes/726afb526abffa83eda64f8b418bec544f18146f6ca2869a88655e1df49985337de64299.jpg,Iraquí,No recomendada para menores de 12 años,Viernes 6 Febrero 2026,"Baneen Ahmad Nayyef, Waheed Thabet Khreibat, Sajad Mohamad Qasem, Muthanna Malaghi, Ahmad Qasem Saywan, Maytham Mreidi, Rahim Alhaj, Thaer Salem, Fatima Abouharoon","Irak, años noventa. La pequeña Lamia recibe la misión de preparar una tarta con motivo del cumpleaños del presidente Sadam Huseín. Acompañada por su amigo Saeed y con su gallo Hindi a cuestas, recorre Bagdad en busca de los ingredientes, viviendo una serie de peripecias que alterarán por completo su vida cotidiana."
LA TARTA DEL PRESIDENTE,Hasan Hadi,105,01,18:35,2026-02-25,Renoir Plaza de España,https://www.pillalas.com/pase/1055592/,https://www.cinesrenoir.com/pelicula/20260219050511-la-tarta-del-presidente/,https://media.pillalas.com/imagenes/726afb526abffa83eda64f8b418bec544f18146f6ca2869a88655e1df49985337de64299.jpg,Iraquí,No recomendada para menores de 12 años,Viernes 6 Febrero 2026,"Baneen Ahmad Nayyef, Waheed Thabet Khreibat, Sajad Mohamad Qasem, Muthanna Malaghi, Ahmad Qasem Saywan, Maytham Mreidi, Rahim Alhaj, Thaer Salem, Fatima Abouharoon","Irak, años noventa. La pequeña Lamia recibe la misión de preparar una tarta con motivo del cumpleaños del presidente Sadam Huseín. Acompañada por su amigo Saeed y con su gallo Hindi a cuestas, recorre Bagdad en busca de los ingredientes, viviendo una serie de peripecias que alterarán por completo su vida cotidiana."
LA TARTA DEL PRESIDENTE,Hasan Hadi,105,01,20:35,2026-02-25,Renoir Plaza de España,https://www.pillalas.com/pase/1055593/,https://www.cinesrenoir.com/pelicula/20260219050511-la-tarta-del-presidente/,https://media.pillalas.com/imagenes/726afb526abffa83eda64f8b418bec544f18146f6ca2869a88655e1df49985337de64299.jpg,Iraquí,No recomendada para menores de 12 años,Viernes 6 Febrero 2026,"Baneen Ahmad Nayyef, Waheed Thabet Khreibat, Sajad Mohamad Qasem, Muthanna Malaghi, Ahmad Qasem Saywan, Maytham Mreidi, Rahim Alhaj, Thaer Salem, Fatima Abouharoon","Irak, años noventa. La pequeña Lamia recibe la misión de preparar una tarta con motivo del cumpleaños del presidente Sadam Huseín. Acompañada por su amigo Saeed y con su gallo Hindi a cuestas, recorre Bagdad en busca de los ingredientes, viviendo una serie de peripecias que alterarán por completo su vida cotidiana."
NO HAY OTRA OPCIÓN,Park Chan-Wook,139,01,16:00,2026-02-25,Renoir Plaza de España,https://www.pillalas.com/pase/1055591/,https://www.cinesrenoir.com/pelicula/no-hay-otra-opcion/,https://media.pillalas.com/imagenes/726afb526abffa83e98cada230d2630d116aedb31df5c86003a13faa95ff7aebd1eaf59a.jpg,Coreano,Pendiente de calificación,Viernes 13 Febrero 2026,"Lee Byung-Hun, Son Ye-Jin, Lee Sung-Min, Yeom Hye-Ran, Park Hee-Soon, Cha Seung-Won, Yoo Yeon-Seok","La historia sigue a un hombre de mediana edad llamado Man-su que se embarca decidido en una búsqueda de trabajo tras ser despedido inesperadamente de la compañía de papel en la que trabajó durante 25 años. ""Si no hay una vacante para mí, tendré que crear una para que me contraten. No hay otra opción"". Adaptación de la novela ""The Ax"" de Donald E. Westlake, que ya fue llevada al cine en la película ""Arcadia"", dirigida por Costa-Gavras en 2005."
NO HAY OTRA OPCIÓN,Park Chan-Wook,139,02,18:00,2026-02-25,Renoir Plaza de España,https://www.pillalas.com/pase/1055631/,https://www.cinesrenoir.com/pelicula/no-hay-otra-opcion/,https://media.pillalas.com/imagenes/726afb526abffa83e98cada230d2630d116aedb31df5c86003a13faa95ff7aebd1eaf59a.jpg,Coreano,Pendiente de calificación,Viernes 13 Febrero 2026,"Lee Byung-Hun, Son Ye-Jin, Lee Sung-Min, Yeom Hye-Ran, Park Hee-Soon, Cha Seung-Won, Yoo Yeon-Seok","La historia sigue a un hombre de mediana edad llamado Man-su que se embarca decidido en una búsqueda de trabajo tras ser despedido inesperadamente de la compañía de papel en la que trabajó durante 25 años. ""Si no hay una vacante para mí, tendré que crear una para que me contraten. No hay otra opción"". Adaptación de la novela ""The Ax"" de Donald E. Westlake, que ya fue llevada al cine en la película ""Arcadia"", dirigida por Costa-Gavras en 2005."
NO HAY OTRA OPCIÓN,Park Chan-Wook,139,02,20:35,2026-02-25,Renoir Plaza de España,https://www.pillalas.com/pase/1055633/,https://www.cinesrenoir.com/pelicula/no-hay-otra-opcion/,https://media.pillalas.com/imagenes/726afb526abffa83e98cada230d2630d116aedb31df5c86003a13faa95ff7aebd1eaf59a.jpg,Coreano,Pendiente de calificación,Viernes 13 Febrero 2026,"Lee Byung-Hun, Son Ye-Jin, Lee Sung-Min, Yeom Hye-Ran, Park Hee-Soon, Cha Seung-Won, Yoo Yeon-Seok","La historia sigue a un hombre de mediana edad llamado Man-su que se embarca decidido en una búsqueda de trabajo tras ser despedido inesperadamente de la compañía de papel en la que trabajó durante 25 años. ""Si no hay una vacante para mí, tendré que crear una para que me contraten. No hay otra opción"". Adaptación de la novela ""The Ax"" de Donald E. Westlake, que ya fue llevada al cine en la película ""Arcadia"", dirigida por Costa-Gavras en 2005."
NO HAY OTRA OPCIÓN,Park Chan-Wook,139,01,22:35,2026-02-25,Renoir Plaza de España,https://www.pillalas.com/pase/1055594/,https://www.cinesrenoir.com/pelicula/no-hay-otra-opcion/,https://media.pillalas.com/imagenes/726afb526abffa83e98cada230d2630d116aedb31df5c86003a13faa95ff7aebd1eaf59a.jpg,Coreano,Pendiente de calificación,Viernes 13 Febrero 2026,"Lee Byung-Hun, Son Ye-Jin, Lee Sung-Min, Yeom Hye-Ran, Park Hee-Soon, Cha Seung-Won, Yoo Yeon-Seok","La historia sigue a un hombre de mediana edad llamado Man-su que se embarca decidido en una búsqueda de trabajo tras ser despedido inesperadamente de la compañía de papel en la que trabajó durante 25 años. ""Si no hay una vacante para mí, tendré que crear una para que me contraten. No hay otra opción"". Adaptación de la novela ""The Ax"" de Donald E. Westlake, que ya fue llevada al cine en la película ""Arcadia"", dirigida por Costa-Gavras en 2005."
RONDALLAS,Daniel Sánchez Arévalo,112,05,16:00,2026-02-25,Renoir Plaza de España,https://www.pillalas.com/pase/1055682/,https://www.cinesrenoir.com/pelicula/rondallas/,https://media.pillalas.com/imagenes/726afb526abffa837e9904cf9605e92b548ae9aee41492f9aff2d6b9abb046215ab8ce23.jpg,Castellano,No recomendada para menores de 12 años,Jueves 1 Enero 2026,"Javier Gutiérrez, María Vázquez, Judith Fernández, Tamar Novas, Carlos Blanco, Fer Fraga, Xosé A. Touriñán, Marta Larralde, Lola López Rodríguez","Dos años después del trágico naufragio de un barco pesquero que sacudió a un pequeño pueblo marinero gallego, algunos miembros de la rondalla, una agrupación de música tradicional en la que participan desde niños hasta ancianos, deciden que ya es hora de recuperar la ilusión y dejar el luto atrás. Por ello vuelven a unirse para ponerla en marcha con la intención de competir en un concurso contra los pueblos vecinos, pero sobre todo de empezar a mirar hacia delante de nuevo."
RONDALLAS,Daniel Sánchez Arévalo,112,05,20:30,2026-02-25,Renoir Plaza de España,https://www.pillalas.com/pase/1055686/,https://www.cinesrenoir.com/pelicula/rondallas/,https://media.pillalas.com/imagenes/726afb526abffa837e9904cf9605e92b548ae9aee41492f9aff2d6b9abb046215ab8ce23.jpg,Castellano,No recomendada para menores de 12 años,Jueves 1 Enero 2026,"Javier Gutiérrez, María Vázquez, Judith Fernández, Tamar Novas, Carlos Blanco, Fer Fraga, Xosé A. Touriñán, Marta Larralde, Lola López Rodríguez","Dos años después del trágico naufragio de un barco pesquero que sacudió a un pequeño pueblo marinero gallego, algunos miembros de la rondalla, una agrupación de música tradicional en la que participan desde niños hasta ancianos, deciden que ya es hora de recuperar la ilusión y dejar el luto atrás. Por ello vuelven a unirse para ponerla en marcha con la intención de competir en un concurso contra los pueblos vecinos, pero sobre todo de empezar a mirar hacia delante de nuevo."
VALOR SENTIMENTAL,Joachim Trier,133,04,16:00,2026-02-25,Renoir Plaza de España,https://www.pillalas.com/pase/1055681/,https://www.cinesrenoir.com/pelicula/valor-sentimental/,https://media.pillalas.com/imagenes/726afb526abffa83fe1b3adc6f8909539f80c9a958e909b641f78d7648edf8e1f62ca547.jpg,Noruego E Inglés,No recomendada para menores de 12 años,Viernes 5 Diciembre 2025,"Renate Reinsve, Stellan Skarsgård, Inga Ibsdotter Lilleaas, Elle Fanning, Anders Danielsen Lie, Jesper Christensen, Lena Endre, Cory Michael Smith, Catherine Cohen, Andreas Stoltenberg Granerud, Øyvind Hesjedal Loven, Lars Väringer, Ida Marianne Vassbotn Klasson, Vilde Søyland","Las hermanas Nora y Agnes se reencuentran con su padre ausente, un director de cine muy reconocido en el pasado que ha vuelto para ofrecer a Nora el papel principal de su próxima película. Aunque ella lo rechaza, Gustav decide seguir adelante y utilizar la casa familiar como escenario de su nuevo rodaje, lo que reaviva las tensiones entre ellos, especialmente tras la llegada de una joven actriz de Hollywood que acepta el papel en su lugar. El vínculo entre las hermanas se convertirá en su mayor refugio frente a las heridas del pasado."
VALOR SENTIMENTAL,Joachim Trier,133,03,18:05,2026-02-25,Renoir Plaza de España,https://www.pillalas.com/pase/1055632/,https://www.cinesrenoir.com/pelicula/valor-sentimental/,https://media.pillalas.com/imagenes/726afb526abffa83fe1b3adc6f8909539f80c9a958e909b641f78d7648edf8e1f62ca547.jpg,Noruego E Inglés,No recomendada para menores de 12 años,Viernes 5 Diciembre 2025,"Renate Reinsve, Stellan Skarsgård, Inga Ibsdotter Lilleaas, Elle Fanning, Anders Danielsen Lie, Jesper Christensen, Lena Endre, Cory Michael Smith, Catherine Cohen, Andreas Stoltenberg Granerud, Øyvind Hesjedal Loven, Lars Väringer, Ida Marianne Vassbotn Klasson, Vilde Søyland","Las hermanas Nora y Agnes se reencuentran con su padre ausente, un director de cine muy reconocido en el pasado que ha vuelto para ofrecer a Nora el papel principal de su próxima película. Aunque ella lo rechaza, Gustav decide seguir adelante y utilizar la casa familiar como escenario de su nuevo rodaje, lo que reaviva las tensiones entre ellos, especialmente tras la llegada de una joven actriz de Hollywood que acepta el papel en su lugar. El vínculo entre las hermanas se convertirá en su mayor refugio frente a las heridas del pasado."
VALOR SENTIMENTAL,Joachim Trier,133,03,20:45,2026-02-25,Renoir Plaza de España,https://www.pillalas.com/pase/1055962/,https://www.cinesrenoir.com/pelicula/valor-sentimental/,https://media.pillalas.com/imagenes/726afb526abffa83fe1b3adc6f8909539f80c9a958e909b641f78d7648edf8e1f62ca547.jpg,Noruego E Inglés,No recomendada para menores de 12 años,Viernes 5 Diciembre 2025,"Renate Reinsve, Stellan Skarsgård, Inga Ibsdotter Lilleaas, Elle Fanning, Anders Danielsen Lie, Jesper Christensen, Lena Endre, Cory Michael Smith, Catherine Cohen, Andreas Stoltenberg Granerud, Øyvind Hesjedal Loven, Lars Väringer, Ida Marianne Vassbotn Klasson, Vilde Søyland","Las hermanas Nora y Agnes se reencuentran con su padre ausente, un director de cine muy reconocido en el pasado que ha vuelto para ofrecer a Nora el papel principal de su próxima película. Aunque ella lo rechaza, Gustav decide seguir adelante y utilizar la casa familiar como escenario de su nuevo rodaje, lo que reaviva las tensiones entre ellos, especialmente tras la llegada de una joven actriz de Hollywood que acepta el papel en su lugar. El vínculo entre las hermanas se convertirá en su mayor refugio frente a las heridas del pasado."
VALOR SENTIMENTAL,Joachim Trier,133,04,22:35,2026-02-25,Renoir Plaza de España,https://www.pillalas.com/pase/1055687/,https://www.cinesrenoir.com/pelicula/valor-sentimental/,https://media.pillalas.com/imagenes/726afb526abffa83fe1b3adc6f8909539f80c9a958e909b641f78d7648edf8e1f62ca547.jpg,Noruego E Inglés,No recomendada para menores de 12 años,Viernes 5 Diciembre 2025,"Renate Reinsve, Stellan Skarsgård, Inga Ibsdotter Lilleaas, Elle Fanning, Anders Danielsen Lie, Jesper Christensen, Lena Endre, Cory Michael Smith, Catherine Cohen, Andreas Stoltenberg Granerud, Øyvind Hesjedal Loven, Lars Väringer, Ida Marianne Vassbotn Klasson, Vilde Søyland","Las hermanas Nora y Agnes se reencuentran con su padre ausente, un director de cine muy reconocido en el pasado que ha vuelto para ofrecer a Nora el papel principal de su próxima película. Aunque ella lo rechaza, Gustav decide seguir adelante y utilizar la casa familiar como escenario de su nuevo rodaje, lo que reaviva las tensiones entre ellos, especialmente tras la llegada de una joven actriz de Hollywood que acepta el papel en su lugar. El vínculo entre las hermanas se convertirá en su mayor refugio frente a las heridas del pasado."
HISTORIAS DEL BUEN VALLE,José Luis Guerin,122,05,18:10,2026-02-26,Renoir Plaza de España,https://www.pillalas.com/pase/1055691/,https://www.cinesrenoir.com/pelicula/historias-del-buen-valle/,https://media.pillalas.com/imagenes/726afb526abffa838aaf07790a37e874c7509f5af4e227ab1664533c196269093a9c8841.jpg,Castellano,Pendiente de calificación,Viernes 13 Febrero 2026,Documental,"En el paisaje indefinido de un barrio periférico, entre el mundo rural y el urbano, coexisten las casas levantadas por los primeros migrantes, quienes llegaron de toda España tras la posguerra…, y los nuevos bloques y viviendas de la ciudad dormitorio, donde se concentra la nueva migración, convirtiendo este humilde rincón en una auténtica aldea global. Historias del buen valle es una suma de imaginarios, de conflictos sociales, generacionales e identitarios, urbanísticos y ecológicos; pero es también una mirada reposada y humanista sobre el mundo actual."
HISTORIAS DEL BUEN VALLE,José Luis Guerin,122,05,22:45,2026-02-26,Renoir Plaza de España,https://www.pillalas.com/pase/1055696/,https://www.cinesrenoir.com/pelicula/historias-del-buen-valle/,https://media.pillalas.com/imagenes/726afb526abffa838aaf07790a37e874c7509f5af4e227ab1664533c196269093a9c8841.jpg,Castellano,Pendiente de calificación,Viernes 13 Febrero 2026,Documental,"En el paisaje indefinido de un barrio periférico, entre el mundo rural y el urbano, coexisten las casas levantadas por los primeros migrantes, quienes llegaron de toda España tras la posguerra…, y los nuevos bloques y viviendas de la ciudad dormitorio, donde se concentra la nueva migración, convirtiendo este humilde rincón en una auténtica aldea global. Historias del buen valle es una suma de imaginarios, de conflictos sociales, generacionales e identitarios, urbanísticos y ecológicos; pero es también una mirada reposada y humanista sobre el mundo actual."
LA CHICA ZURDA,Shih-Ching Tsou,108,03,16:00,2026-02-26,Renoir Plaza de España,https://www.pillalas.com/pase/1055635/,https://www.cinesrenoir.com/pelicula/la-chica-zurda/,https://media.pillalas.com/imagenes/726afb526abffa83e5ee5674d1ac0b73f39c1d9ebacca7f6a4c573d6423a82f140c7a520.jpg,Mandarín,No recomendada para menores de 12 años,Viernes 30 Enero 2026,"Shi-Yuan Ma, Janel Tsai, Nina Ye, Teng-Hui Huang, Akio Chen, Blaire Chang, Xin-Yan Chao","La pequeña I-Jing corretea con curiosidad por las calles de un mercado nocturno de Taipei, entre neones, motocicletas y toda clase de puestos de comida como el que regenta su madre, que trata de sacar adelante a la niña y a su hermana mayor."
LA CHICA ZURDA,Shih-Ching Tsou,108,04,18:25,2026-02-26,Renoir Plaza de España,https://www.pillalas.com/pase/1055692/,https://www.cinesrenoir.com/pelicula/la-chica-zurda/,https://media.pillalas.com/imagenes/726afb526abffa83e5ee5674d1ac0b73f39c1d9ebacca7f6a4c573d6423a82f140c7a520.jpg,Mandarín,No recomendada para menores de 12 años,Viernes 30 Enero 2026,"Shi-Yuan Ma, Janel Tsai, Nina Ye, Teng-Hui Huang, Akio Chen, Blaire Chang, Xin-Yan Chao","La pequeña I-Jing corretea con curiosidad por las calles de un mercado nocturno de Taipei, entre neones, motocicletas y toda clase de puestos de comida como el que regenta su madre, que trata de sacar adelante a la niña y a su hermana mayor."
LA CHICA ZURDA,Shih-Ching Tsou,108,04,20:30,2026-02-26,Renoir Plaza de España,https://www.pillalas.com/pase/1055694/,https://www.cinesrenoir.com/pelicula/la-chica-zurda/,https://media.pillalas.com/imagenes/726afb526abffa83e5ee5674d1ac0b73f39c1d9ebacca7f6a4c573d6423a82f140c7a520.jpg,Mandarín,No recomendada para menores de 12 años,Viernes 30 Enero 2026,"Shi-Yuan Ma, Janel Tsai, Nina Ye, Teng-Hui Huang, Akio Chen, Blaire Chang, Xin-Yan Chao","La pequeña I-Jing corretea con curiosidad por las calles de un mercado nocturno de Taipei, entre neones, motocicletas y toda clase de puestos de comida como el que regenta su madre, que trata de sacar adelante a la niña y a su hermana mayor."
LA TARTA DEL PRESIDENTE,Hasan Hadi,105,02,16:00,2026-02-26,Renoir Plaza de España,https://www.pillalas.com/pase/1055636/,https://www.cinesrenoir.com/pelicula/20260219050511-la-tarta-del-presidente/,https://media.pillalas.com/imagenes/726afb526abffa83eda64f8b418bec544f18146f6ca2869a88655e1df49985337de64299.jpg,Iraquí,No recomendada para menores de 12 años,Viernes 6 Febrero 2026,"Baneen Ahmad Nayyef, Waheed Thabet Khreibat, Sajad Mohamad Qasem, Muthanna Malaghi, Ahmad Qasem Saywan, Maytham Mreidi, Rahim Alhaj, Thaer Salem, Fatima Abouharoon","Irak, años noventa. La pequeña Lamia recibe la misión de preparar una tarta con motivo del cumpleaños del presidente Sadam Huseín. Acompañada por su amigo Saeed y con su gallo Hindi a cuestas, recorre Bagdad en busca de los ingredientes, viviendo una serie de peripecias que alterarán por completo su vida cotidiana."
LA TARTA DEL PRESIDENTE,Hasan Hadi,105,01,18:35,2026-02-26,Renoir Plaza de España,https://www.pillalas.com/pase/1055596/,https://www.cinesrenoir.com/pelicula/20260219050511-la-tarta-del-presidente/,https://media.pillalas.com/imagenes/726afb526abffa83eda64f8b418bec544f18146f6ca2869a88655e1df49985337de64299.jpg,Iraquí,No recomendada para menores de 12 años,Viernes 6 Febrero 2026,"Baneen Ahmad Nayyef, Waheed Thabet Khreibat, Sajad Mohamad Qasem, Muthanna Malaghi, Ahmad Qasem Saywan, Maytham Mreidi, Rahim Alhaj, Thaer Salem, Fatima Abouharoon","Irak, años noventa. La pequeña Lamia recibe la misión de preparar una tarta con motivo del cumpleaños del presidente Sadam Huseín. Acompañada por su amigo Saeed y con su gallo Hindi a cuestas, recorre Bagdad en busca de los ingredientes, viviendo una serie de peripecias que alterarán por completo su vida cotidiana."
LA TARTA DEL PRESIDENTE,Hasan Hadi,105,01,20:35,2026-02-26,Renoir Plaza de España,https://www.pillalas.com/pase/1055597/,https://www.cinesrenoir.com/pelicula/20260219050511-la-tarta-del-presidente/,https://media.pillalas.com/imagenes/726afb526abffa83eda64f8b418bec544f18146f6ca2869a88655e1df49985337de64299.jpg,Iraquí,No recomendada para menores de 12 años,Viernes 6 Febrero 2026,"Baneen Ahmad Nayyef, Waheed Thabet Khreibat, Sajad Mohamad Qasem, Muthanna Malaghi, Ahmad Qasem Saywan, Maytham Mreidi, Rahim Alhaj, Thaer Salem, Fatima Abouharoon","Irak, años noventa. La pequeña Lamia recibe la misión de preparar una tarta con motivo del cumpleaños del presidente Sadam Huseín. Acompañada por su amigo Saeed y con su gallo Hindi a cuestas, recorre Bagdad en busca de los ingredientes, viviendo una serie de peripecias que alterarán por completo su vida cotidiana."
NO HAY OTRA OPCIÓN,Park Chan-Wook,139,01,16:00,2026-02-26,Renoir Plaza de España,https://www.pillalas.com/pase/1055595/,https://www.cinesrenoir.com/pelicula/no-hay-otra-opcion/,https://media.pillalas.com/imagenes/726afb526abffa83e98cada230d2630d116aedb31df5c86003a13faa95ff7aebd1eaf59a.jpg,Coreano,Pendiente de calificación,Viernes 13 Febrero 2026,"Lee Byung-Hun, Son Ye-Jin, Lee Sung-Min, Yeom Hye-Ran, Park Hee-Soon, Cha Seung-Won, Yoo Yeon-Seok","La historia sigue a un hombre de mediana edad llamado Man-su que se embarca decidido en una búsqueda de trabajo tras ser despedido inesperadamente de la compañía de papel en la que trabajó durante 25 años. ""Si no hay una vacante para mí, tendré que crear una para que me contraten. No hay otra opción"". Adaptación de la novela ""The Ax"" de Donald E. Westlake, que ya fue llevada al cine en la película ""Arcadia"", dirigida por Costa-Gavras en 2005."
NO HAY OTRA OPCIÓN,Park Chan-Wook,139,02,18:00,2026-02-26,Renoir Plaza de España,https://www.pillalas.com/pase/1055637/,https://www.cinesrenoir.com/pelicula/no-hay-otra-opcion/,https://media.pillalas.com/imagenes/726afb526abffa83e98cada230d2630d116aedb31df5c86003a13faa95ff7aebd1eaf59a.jpg,Coreano,Pendiente de calificación,Viernes 13 Febrero 2026,"Lee Byung-Hun, Son Ye-Jin, Lee Sung-Min, Yeom Hye-Ran, Park Hee-Soon, Cha Seung-Won, Yoo Yeon-Seok","La historia sigue a un hombre de mediana edad llamado Man-su que se embarca decidido en una búsqueda de trabajo tras ser despedido inesperadamente de la compañía de papel en la que trabajó durante 25 años. ""Si no hay una vacante para mí, tendré que crear una para que me contraten. No hay otra opción"". Adaptación de la novela ""The Ax"" de Donald E. Westlake, que ya fue llevada al cine en la película ""Arcadia"", dirigida por Costa-Gavras en 2005."
NO HAY OTRA OPCIÓN,Park Chan-Wook,139,02,20:35,2026-02-26,Renoir Plaza de España,https://www.pillalas.com/pase/1055639/,https://www.cinesrenoir.com/pelicula/no-hay-otra-opcion/,https://media.pillalas.com/imagenes/726afb526abffa83e98cada230d2630d116aedb31df5c86003a13faa95ff7aebd1eaf59a.jpg,Coreano,Pendiente de calificación,Viernes 13 Febrero 2026,"Lee Byung-Hun, Son Ye-Jin, Lee Sung-Min, Yeom Hye-Ran, Park Hee-Soon, Cha Seung-Won, Yoo Yeon-Seok","La historia sigue a un hombre de mediana edad llamado Man-su que se embarca decidido en una búsqueda de trabajo tras ser despedido inesperadamente de la compañía de papel en la que trabajó durante 25 años. ""Si no hay una vacante para mí, tendré que crear una para que me contraten. No hay otra opción"". Adaptación de la novela ""The Ax"" de Donald E. Westlake, que ya fue llevada al cine en la película ""Arcadia"", dirigida por Costa-Gavras en 2005."
NO HAY OTRA OPCIÓN,Park Chan-Wook,139,01,22:35,2026-02-26,Renoir Plaza de España,https://www.pillalas.com/pase/1055598/,https://www.cinesrenoir.com/pelicula/no-hay-otra-opcion/,https://media.pillalas.com/imagenes/726afb526abffa83e98cada230d2630d116aedb31df5c86003a13faa95ff7aebd1eaf59a.jpg,Coreano,Pendiente de calificación,Viernes 13 Febrero 2026,"Lee Byung-Hun, Son Ye-Jin, Lee Sung-Min, Yeom Hye-Ran, Park Hee-Soon, Cha Seung-Won, Yoo Yeon-Seok","La historia sigue a un hombre de mediana edad llamado Man-su que se embarca decidido en una búsqueda de trabajo tras ser despedido inesperadamente de la compañía de papel en la que trabajó durante 25 años. ""Si no hay una vacante para mí, tendré que crear una para que me contraten. No hay otra opción"". Adaptación de la novela ""The Ax"" de Donald E. Westlake, que ya fue llevada al cine en la película ""Arcadia"", dirigida por Costa-Gavras en 2005."
RONDALLAS,Daniel Sánchez Arévalo,112,05,16:00,2026-02-26,Renoir Plaza de España,https://www.pillalas.com/pase/1055689/,https://www.cinesrenoir.com/pelicula/rondallas/,https://media.pillalas.com/imagenes/726afb526abffa837e9904cf9605e92b548ae9aee41492f9aff2d6b9abb046215ab8ce23.jpg,Castellano,No recomendada para menores de 12 años,Jueves 1 Enero 2026,"Javier Gutiérrez, María Vázquez, Judith Fernández, Tamar Novas, Carlos Blanco, Fer Fraga, Xosé A. Touriñán, Marta Larralde, Lola López Rodríguez","Dos años después del trágico naufragio de un barco pesquero que sacudió a un pequeño pueblo marinero gallego, algunos miembros de la rondalla, una agrupación de música tradicional en la que participan desde niños hasta ancianos, deciden que ya es hora de recuperar la ilusión y dejar el luto atrás. Por ello vuelven a unirse para ponerla en marcha con la intención de competir en un concurso contra los pueblos vecinos, pero sobre todo de empezar a mirar hacia delante de nuevo."
RONDALLAS,Daniel Sánchez Arévalo,112,05,20:30,2026-02-26,Renoir Plaza de España,https://www.pillalas.com/pase/1055693/,https://www.cinesrenoir.com/pelicula/rondallas/,https://media.pillalas.com/imagenes/726afb526abffa837e9904cf9605e92b548ae9aee41492f9aff2d6b9abb046215ab8ce23.jpg,Castellano,No recomendada para menores de 12 años,Jueves 1 Enero 2026,"Javier Gutiérrez, María Vázquez, Judith Fernández, Tamar Novas, Carlos Blanco, Fer Fraga, Xosé A. Touriñán, Marta Larralde, Lola López Rodríguez","Dos años después del trágico naufragio de un barco pesquero que sacudió a un pequeño pueblo marinero gallego, algunos miembros de la rondalla, una agrupación de música tradicional en la que participan desde niños hasta ancianos, deciden que ya es hora de recuperar la ilusión y dejar el luto atrás. Por ello vuelven a unirse para ponerla en marcha con la intención de competir en un concurso contra los pueblos vecinos, pero sobre todo de empezar a mirar hacia delante de nuevo."
VALOR SENTIMENTAL,Joachim Trier,133,04,16:00,2026-02-26,Renoir Plaza de España,https://www.pillalas.com/pase/1055690/,https://www.cinesrenoir.com/pelicula/valor-sentimental/,https://media.pillalas.com/imagenes/726afb526abffa83fe1b3adc6f8909539f80c9a958e909b641f78d7648edf8e1f62ca547.jpg,Noruego E Inglés,No recomendada para menores de 12 años,Viernes 5 Diciembre 2025,"Renate Reinsve, Stellan Skarsgård, Inga Ibsdotter Lilleaas, Elle Fanning, Anders Danielsen Lie, Jesper Christensen, Lena Endre, Cory Michael Smith, Catherine Cohen, Andreas Stoltenberg Granerud, Øyvind Hesjedal Loven, Lars Väringer, Ida Marianne Vassbotn Klasson, Vilde Søyland","Las hermanas Nora y Agnes se reencuentran con su padre ausente, un director de cine muy reconocido en el pasado que ha vuelto para ofrecer a Nora el papel principal de su próxima película. Aunque ella lo rechaza, Gustav decide seguir adelante y utilizar la casa familiar como escenario de su nuevo rodaje, lo que reaviva las tensiones entre ellos, especialmente tras la llegada de una joven actriz de Hollywood que acepta el papel en su lugar. El vínculo entre las hermanas se convertirá en su mayor refugio frente a las heridas del pasado."
VALOR SENTIMENTAL,Joachim Trier,133,03,18:05,2026-02-26,Renoir Plaza de España,https://www.pillalas.com/pase/1055638/,https://www.cinesrenoir.com/pelicula/valor-sentimental/,https://media.pillalas.com/imagenes/726afb526abffa83fe1b3adc6f8909539f80c9a958e909b641f78d7648edf8e1f62ca547.jpg,Noruego E Inglés,No recomendada para menores de 12 años,Viernes 5 Diciembre 2025,"Renate Reinsve, Stellan Skarsgård, Inga Ibsdotter Lilleaas, Elle Fanning, Anders Danielsen Lie, Jesper Christensen, Lena Endre, Cory Michael Smith, Catherine Cohen, Andreas Stoltenberg Granerud, Øyvind Hesjedal Loven, Lars Väringer, Ida Marianne Vassbotn Klasson, Vilde Søyland","Las hermanas Nora y Agnes se reencuentran con su padre ausente, un director de cine muy reconocido en el pasado que ha vuelto para ofrecer a Nora el papel principal de su próxima película. Aunque ella lo rechaza, Gustav decide seguir adelante y utilizar la casa familiar como escenario de su nuevo rodaje, lo que reaviva las tensiones entre ellos, especialmente tras la llegada de una joven actriz de Hollywood que acepta el papel en su lugar. El vínculo entre las hermanas se convertirá en su mayor refugio frente a las heridas del pasado."
VALOR SENTIMENTAL,Joachim Trier,133,03,20:45,2026-02-26,Renoir Plaza de España,https://www.pillalas.com/pase/1055963/,https://www.cinesrenoir.com/pelicula/valor-sentimental/,https://media.pillalas.com/imagenes/726afb526abffa83fe1b3adc6f8909539f80c9a958e909b641f78d7648edf8e1f62ca547.jpg,Noruego E Inglés,No recomendada para menores de 12 años,Viernes 5 Diciembre 2025,"Renate Reinsve, Stellan Skarsgård, Inga Ibsdotter Lilleaas, Elle Fanning, Anders Danielsen Lie, Jesper Christensen, Lena Endre, Cory Michael Smith, Catherine Cohen, Andreas Stoltenberg Granerud, Øyvind Hesjedal Loven, Lars Väringer, Ida Marianne Vassbotn Klasson, Vilde Søyland","Las hermanas Nora y Agnes se reencuentran con su padre ausente, un director de cine muy reconocido en el pasado que ha vuelto para ofrecer a Nora el papel principal de su próxima película. Aunque ella lo rechaza, Gustav decide seguir adelante y utilizar la casa familiar como escenario de su nuevo rodaje, lo que reaviva las tensiones entre ellos, especialmente tras la llegada de una joven actriz de Hollywood que acepta el papel en su lugar. El vínculo entre las hermanas se convertirá en su mayor refugio frente a las heridas del pasado."
VALOR SENTIMENTAL,Joachim Trier,133,04,22:35,2026-02-26,Renoir Plaza de España,https://www.pillalas.com/pase/1055695/,https://www.cinesrenoir.com/pelicula/valor-sentimental/,https://media.pillalas.com/imagenes/726afb526abffa83fe1b3adc6f8909539f80c9a958e909b641f78d7648edf8e1f62ca547.jpg,Noruego E Inglés,No recomendada para menores de 12 años,Viernes 5 Diciembre 2025,"Renate Reinsve, Stellan Skarsgård, Inga Ibsdotter Lilleaas, Elle Fanning, Anders Danielsen Lie, Jesper Christensen, Lena Endre, Cory Michael Smith, Catherine Cohen, Andreas Stoltenberg Granerud, Øyvind Hesjedal Loven, Lars Väringer, Ida Marianne Vassbotn Klasson, Vilde Søyland","Las hermanas Nora y Agnes se reencuentran con su padre ausente, un director de cine muy reconocido en el pasado que ha vuelto para ofrecer a Nora el papel principal de su próxima película. Aunque ella lo rechaza, Gustav decide seguir adelante y utilizar la casa familiar como escenario de su nuevo rodaje, lo que reaviva las tensiones entre ellos, especialmente tras la llegada de una joven actriz de Hollywood que acepta el papel en su lugar. El vínculo entre las hermanas se convertirá en su mayor refugio frente a las heridas del pasado."
